keyword,timestamp,file,line,column,arquivo_origem,repositorio,timestamp_dt,data,hora
parseInt,2026-02-27 20:11:28,domingos.js,1,11,domingos.json,Raqueli-S,2026-02-27 20:11:28,2026-02-27,20
E,2026-02-27 20:13:59,domingos.js,1,44,domingos.json,Raqueli-S,2026-02-27 20:13:59,2026-02-27,20
parseInt,2026-02-27 20:44:57,domingos.js,2,25,domingos.json,Raqueli-S,2026-02-27 20:44:57,2026-02-27,20
prompt,2026-02-27 20:45:11,domingos.js,2,34,domingos.json,Raqueli-S,2026-02-27 20:45:11,2026-02-27,20
var,2026-02-27 20:45:41,domingos.js,3,1,domingos.json,Raqueli-S,2026-02-27 20:45:41,2026-02-27,20
for,2026-02-27 22:23:15,domingos.js,12,1,domingos.json,Raqueli-S,2026-02-27 22:23:15,2026-02-27,22
alert,2026-02-27 22:25:42,domingos.js,15,1,domingos.json,Raqueli-S,2026-02-27 22:25:42,2026-02-27,22
parseInt,2026-03-12 19:47:52,vaquinha.js,3,20,vaquinha.json,Raqueli-S,2026-03-12 19:47:52,2026-03-12,19
prompt,2026-03-12 19:48:00,vaquinha.js,3,29,vaquinha.json,Raqueli-S,2026-03-12 19:48:00,2026-03-12,19
for,2026-03-12 19:49:18,vaquinha.js,4,5,vaquinha.json,Raqueli-S,2026-03-12 19:49:18,2026-03-12,19
parseFloat,2026-03-12 19:54:25,vaquinha.js,5,18,vaquinha.json,Raqueli-S,2026-03-12 19:54:25,2026-03-12,19
prompt,2026-03-12 19:54:31,vaquinha.js,5,29,vaquinha.json,Raqueli-S,2026-03-12 19:54:31,2026-03-12,19
alert,2026-03-12 19:56:13,vaquinha.js,8,5,vaquinha.json,Raqueli-S,2026-03-12 19:56:13,2026-03-12,19
for,2026-03-12 20:08:07,vaquinha.js,9,5,vaquinha.json,Raqueli-S,2026-03-12 20:08:07,2026-03-12,20
for,2026-02-26 20:04:05,jogos.js,3,1,jogos.json,Raqueli-S,2026-02-26 20:04:05,2026-02-26,20
let,2026-02-26 20:04:05,jogos.js,3,6,jogos.json,Raqueli-S,2026-02-26 20:04:05,2026-02-26,20
for,2026-02-26 20:04:23,jogos.js,12,5,jogos.json,Raqueli-S,2026-02-26 20:04:23,2026-02-26,20
let,2026-02-26 20:04:23,jogos.js,12,10,jogos.json,Raqueli-S,2026-02-26 20:04:23,2026-02-26,20
for,2026-02-26 20:13:38,jogos.js,16,1,jogos.json,Raqueli-S,2026-02-26 20:13:38,2026-02-26,20
alert,2026-02-26 20:28:34,jogos.js,16,1,jogos.json,Raqueli-S,2026-02-26 20:28:34,2026-02-26,20
alert,2026-02-20 20:35:53,main.js,1,1,main.json,Raqueli-S,2026-02-20 20:35:53,2026-02-20,20
parseInt,2026-02-26 22:14:29,par_impar.js,1,14,par_impar.json,Raqueli-S,2026-02-26 22:14:29,2026-02-26,22
parseInt,2026-02-26 22:20:00,par_impar.js,2,12,par_impar.json,Raqueli-S,2026-02-26 22:20:00,2026-02-26,22
prompt,2026-02-26 22:20:19,par_impar.js,2,22,par_impar.json,Raqueli-S,2026-02-26 22:20:19,2026-02-26,22
parseInt,2026-02-26 22:22:19,par_impar.js,4,13,par_impar.json,Raqueli-S,2026-02-26 22:22:19,2026-02-26,22
else,2026-02-26 22:24:30,par_impar.js,8,1,par_impar.json,Raqueli-S,2026-02-26 22:24:30,2026-02-26,22
alert,2026-02-26 22:24:57,par_impar.js,10,1,par_impar.json,Raqueli-S,2026-02-26 22:24:57,2026-02-26,22
function,2026-03-25 21:17:02,funcao_soma.js,1,1,funcao_soma.json,Raqueli-S,2026-03-25 21:17:02,2026-03-25,21
return,2026-03-25 21:17:54,funcao_soma.js,2,5,funcao_soma.json,Raqueli-S,2026-03-25 21:17:54,2026-03-25,21
parseInt,2026-03-25 21:18:40,funcao_soma.js,4,7,funcao_soma.json,Raqueli-S,2026-03-25 21:18:40,2026-03-25,21
prompt,2026-03-25 21:18:47,funcao_soma.js,4,16,funcao_soma.json,Raqueli-S,2026-03-25 21:18:47,2026-03-25,21
parseInt,2026-03-25 21:19:51,funcao_soma.js,5,7,funcao_soma.json,Raqueli-S,2026-03-25 21:19:51,2026-03-25,21
prompt,2026-03-25 21:20:01,funcao_soma.js,5,16,funcao_soma.json,Raqueli-S,2026-03-25 21:20:01,2026-03-25,21
alert,2026-03-25 21:21:13,funcao_soma.js,6,1,funcao_soma.json,Raqueli-S,2026-03-25 21:21:13,2026-03-25,21
parseInt,2026-03-25 21:33:37,funcao_soma.js,7,19,funcao_soma.json,Raqueli-S,2026-03-25 21:33:37,2026-03-25,21
function,2026-03-25 21:34:18,funcao_soma.js,7,10,funcao_soma.json,Raqueli-S,2026-03-25 21:34:18,2026-03-25,21
prompt,2026-03-25 21:35:23,funcao_soma.js,7,28,funcao_soma.json,Raqueli-S,2026-03-25 21:35:23,2026-03-25,21
alert,2026-03-25 21:39:10,funcao_soma.js,8,1,funcao_soma.json,Raqueli-S,2026-03-25 21:39:10,2026-03-25,21
function,2026-03-25 21:41:02,funcao_soma.js,7,1,funcao_soma.json,Raqueli-S,2026-03-25 21:41:02,2026-03-25,21
return,2026-03-25 21:41:47,funcao_soma.js,8,5,funcao_soma.json,Raqueli-S,2026-03-25 21:41:47,2026-03-25,21
function,2026-03-25 21:43:11,funcao_soma.js,10,1,funcao_soma.json,Raqueli-S,2026-03-25 21:43:11,2026-03-25,21
return,2026-03-25 21:44:04,funcao_soma.js,11,5,funcao_soma.json,Raqueli-S,2026-03-25 21:44:04,2026-03-25,21
function,2026-03-25 21:44:41,funcao_soma.js,13,1,funcao_soma.json,Raqueli-S,2026-03-25 21:44:41,2026-03-25,21
return,2026-03-25 21:45:30,funcao_soma.js,14,5,funcao_soma.json,Raqueli-S,2026-03-25 21:45:30,2026-03-25,21
prompt,2026-03-25 21:48:25,funcao_soma.js,16,11,funcao_soma.json,Raqueli-S,2026-03-25 21:48:25,2026-03-25,21
parseInt,2026-03-25 21:52:33,funcao_soma.js,17,7,funcao_soma.json,Raqueli-S,2026-03-25 21:52:33,2026-03-25,21
prompt,2026-03-25 21:52:45,funcao_soma.js,17,16,funcao_soma.json,Raqueli-S,2026-03-25 21:52:45,2026-03-25,21
parseInt,2026-03-25 21:53:15,funcao_soma.js,18,7,funcao_soma.json,Raqueli-S,2026-03-25 21:53:15,2026-03-25,21
prompt,2026-03-25 21:53:20,funcao_soma.js,18,16,funcao_soma.json,Raqueli-S,2026-03-25 21:53:20,2026-03-25,21
switch,2026-03-25 21:54:31,funcao_soma.js,19,1,funcao_soma.json,Raqueli-S,2026-03-25 21:54:31,2026-03-25,21
alert,2026-03-25 21:55:29,funcao_soma.js,21,9,funcao_soma.json,Raqueli-S,2026-03-25 21:55:29,2026-03-25,21
break,2026-03-25 21:56:00,funcao_soma.js,21,26,funcao_soma.json,Raqueli-S,2026-03-25 21:56:00,2026-03-25,21
alert,2026-03-25 21:56:31,funcao_soma.js,23,9,funcao_soma.json,Raqueli-S,2026-03-25 21:56:31,2026-03-25,21
break,2026-03-25 21:56:59,funcao_soma.js,23,26,funcao_soma.json,Raqueli-S,2026-03-25 21:56:59,2026-03-25,21
alert,2026-03-25 21:57:26,funcao_soma.js,25,13,funcao_soma.json,Raqueli-S,2026-03-25 21:57:26,2026-03-25,21
break,2026-03-25 21:57:53,funcao_soma.js,25,39,funcao_soma.json,Raqueli-S,2026-03-25 21:57:53,2026-03-25,21
alert,2026-03-25 21:58:17,funcao_soma.js,27,13,funcao_soma.json,Raqueli-S,2026-03-25 21:58:17,2026-03-25,21
toFixed,2026-03-25 21:58:47,funcao_soma.js,27,32,funcao_soma.json,Raqueli-S,2026-03-25 21:58:47,2026-03-25,21
alert,2026-03-25 21:59:44,funcao_soma.js,29,17,funcao_soma.json,Raqueli-S,2026-03-25 21:59:44,2026-03-25,21
do,2026-03-25 22:02:44,funcao_soma.js,30,2,funcao_soma.json,Raqueli-S,2026-03-25 22:02:44,2026-03-25,22
prompt,2026-03-26 19:38:04,revisao_vetor.js,1,13,revisao_vetor.json,Raqueli-S,2026-03-26 19:38:04,2026-03-26,19
parseInt,2026-03-26 19:38:24,revisao_vetor.js,1,20,revisao_vetor.json,Raqueli-S,2026-03-26 19:38:24,2026-03-26,19
prompt,2026-03-26 19:40:51,revisao_vetor.js,2,10,revisao_vetor.json,Raqueli-S,2026-03-26 19:40:51,2026-03-26,19
alert,2026-03-26 19:43:58,revisao_vetor.js,3,1,revisao_vetor.json,Raqueli-S,2026-03-26 19:43:58,2026-03-26,19
parseInt,2026-03-26 19:54:04,revisao_vetor.js,2,13,revisao_vetor.json,Raqueli-S,2026-03-26 19:54:04,2026-03-26,19
prompt,2026-03-26 19:54:14,revisao_vetor.js,2,22,revisao_vetor.json,Raqueli-S,2026-03-26 19:54:14,2026-03-26,19
for,2026-03-26 19:54:35,revisao_vetor.js,3,1,revisao_vetor.json,Raqueli-S,2026-03-26 19:54:35,2026-03-26,19
parseInt,2026-03-26 19:56:27,revisao_vetor.js,4,16,revisao_vetor.json,Raqueli-S,2026-03-26 19:56:27,2026-03-26,19
prompt,2026-03-26 19:56:36,revisao_vetor.js,4,25,revisao_vetor.json,Raqueli-S,2026-03-26 19:56:36,2026-03-26,19
for,2026-03-26 19:57:06,revisao_vetor.js,6,1,revisao_vetor.json,Raqueli-S,2026-03-26 19:57:06,2026-03-26,19
parseInt,2026-03-13 19:37:18,vetor_tabuada.js,2,13,vetor_tabuada.json,Raqueli-S,2026-03-13 19:37:18,2026-03-13,19
prompt,2026-03-13 19:37:34,vetor_tabuada.js,2,22,vetor_tabuada.json,Raqueli-S,2026-03-13 19:37:34,2026-03-13,19
if,2026-03-13 19:43:12,vetor_tabuada.js,5,5,vetor_tabuada.json,Raqueli-S,2026-03-13 19:43:12,2026-03-13,19
for,2026-03-13 19:49:32,vetor_tabuada.js,15,1,vetor_tabuada.json,Raqueli-S,2026-03-13 19:49:32,2026-03-13,19
for,2026-03-13 20:03:20,vetor_tabuada.js,4,1,vetor_tabuada.json,Raqueli-S,2026-03-13 20:03:20,2026-03-13,20
let,2026-03-13 20:03:20,vetor_tabuada.js,4,5,vetor_tabuada.json,Raqueli-S,2026-03-13 20:03:20,2026-03-13,20
for,2026-03-13 20:04:26,vetor_tabuada.js,7,1,vetor_tabuada.json,Raqueli-S,2026-03-13 20:04:26,2026-03-13,20
let,2026-03-13 20:04:26,vetor_tabuada.js,7,5,vetor_tabuada.json,Raqueli-S,2026-03-13 20:04:26,2026-03-13,20
parseInt,2026-03-05 19:44:25,aprovacao.js,1,12,aprovacao.json,Raqueli-S,2026-03-05 19:44:25,2026-03-05,19
parseInt,2026-03-05 19:48:07,aprovacao.js,1,12,aprovacao.json,Raqueli-S,2026-03-05 19:48:07,2026-03-05,19
parseInt,2026-03-05 19:50:08,aprovacao.js,2,11,aprovacao.json,Raqueli-S,2026-03-05 19:50:08,2026-03-05,19
if,2026-03-05 19:56:28,aprovacao.js,3,1,aprovacao.json,Raqueli-S,2026-03-05 19:56:28,2026-03-05,19
let,2026-03-05 19:59:05,aprovacao.js,4,5,aprovacao.json,Raqueli-S,2026-03-05 19:59:05,2026-03-05,19
parseFloat,2026-03-05 20:03:27,aprovacao.js,1,12,aprovacao.json,Raqueli-S,2026-03-05 20:03:27,2026-03-05,20
parseFloat,2026-03-05 20:03:39,aprovacao.js,2,11,aprovacao.json,Raqueli-S,2026-03-05 20:03:39,2026-03-05,20
prompt,2026-03-05 20:04:32,aprovacao.js,2,22,aprovacao.json,Raqueli-S,2026-03-05 20:04:32,2026-03-05,20
let,2026-03-05 20:08:35,aprovacao.js,1,44,aprovacao.json,Raqueli-S,2026-03-05 20:08:35,2026-03-05,20
parseFloat,2026-03-05 20:08:35,aprovacao.js,2,7,aprovacao.json,Raqueli-S,2026-03-05 20:08:35,2026-03-05,20
prompt,2026-03-05 20:08:35,aprovacao.js,2,18,aprovacao.json,Raqueli-S,2026-03-05 20:08:35,2026-03-05,20
let,2026-03-05 20:09:16,aprovacao.js,1,1,aprovacao.json,Raqueli-S,2026-03-05 20:09:16,2026-03-05,20
parseFloat,2026-03-05 20:09:16,aprovacao.js,1,13,aprovacao.json,Raqueli-S,2026-03-05 20:09:16,2026-03-05,20
prompt,2026-03-05 20:09:16,aprovacao.js,1,24,aprovacao.json,Raqueli-S,2026-03-05 20:09:16,2026-03-05,20
let,2026-03-05 20:09:31,aprovacao.js,1,47,aprovacao.json,Raqueli-S,2026-03-05 20:09:31,2026-03-05,20
parseFloat,2026-03-05 20:09:31,aprovacao.js,1,59,aprovacao.json,Raqueli-S,2026-03-05 20:09:31,2026-03-05,20
prompt,2026-03-05 20:09:31,aprovacao.js,1,70,aprovacao.json,Raqueli-S,2026-03-05 20:09:31,2026-03-05,20
let,2026-03-05 20:09:46,aprovacao.js,2,1,aprovacao.json,Raqueli-S,2026-03-05 20:09:46,2026-03-05,20
parseFloat,2026-03-05 20:09:46,aprovacao.js,2,13,aprovacao.json,Raqueli-S,2026-03-05 20:09:46,2026-03-05,20
prompt,2026-03-05 20:09:46,aprovacao.js,2,24,aprovacao.json,Raqueli-S,2026-03-05 20:09:46,2026-03-05,20
alert,2026-03-05 20:12:33,aprovacao.js,4,1,aprovacao.json,Raqueli-S,2026-03-05 20:12:33,2026-03-05,20
if,2026-03-05 20:12:47,aprovacao.js,5,1,aprovacao.json,Raqueli-S,2026-03-05 20:12:47,2026-03-05,20
alert,2026-03-05 20:16:42,aprovacao.js,6,5,aprovacao.json,Raqueli-S,2026-03-05 20:16:42,2026-03-05,20
if,2026-03-05 20:19:03,aprovacao.js,7,7,aprovacao.json,Raqueli-S,2026-03-05 20:19:03,2026-03-05,20
alert,2026-03-05 20:35:52,aprovacao.js,9,1,aprovacao.json,Raqueli-S,2026-03-05 20:35:52,2026-03-05,20
alert,2026-03-05 20:39:22,aprovacao.js,11,1,aprovacao.json,Raqueli-S,2026-03-05 20:39:22,2026-03-05,20
parseFloat,2026-03-05 21:26:05,aprovacao.js,10,16,aprovacao.json,Raqueli-S,2026-03-05 21:26:05,2026-03-05,21
if,2026-03-05 21:28:04,aprovacao.js,12,1,aprovacao.json,Raqueli-S,2026-03-05 21:28:04,2026-03-05,21
alert,2026-03-05 21:28:31,aprovacao.js,13,5,aprovacao.json,Raqueli-S,2026-03-05 21:28:31,2026-03-05,21
alert,2026-03-05 21:29:24,aprovacao.js,15,2,aprovacao.json,Raqueli-S,2026-03-05 21:29:24,2026-03-05,21
else,2026-03-05 21:30:33,aprovacao.js,17,2,aprovacao.json,Raqueli-S,2026-03-05 21:30:33,2026-03-05,21
alert,2026-03-05 21:30:50,aprovacao.js,18,5,aprovacao.json,Raqueli-S,2026-03-05 21:30:50,2026-03-05,21
E,2026-03-05 21:35:12,aprovacao.js,1,24,aprovacao.json,Raqueli-S,2026-03-05 21:35:12,2026-03-05,21
toUpperCase,2026-03-05 22:30:02,aprovacao.js,20,39,aprovacao.json,Raqueli-S,2026-03-05 22:30:02,2026-03-05,22
while,2026-03-05 22:30:45,aprovacao.js,22,2,aprovacao.json,Raqueli-S,2026-03-05 22:30:45,2026-03-05,22
prompt,2026-03-06 19:46:26,aprovacao.js,20,23,aprovacao.json,Raqueli-S,2026-03-06 19:46:26,2026-03-06,19
do,2026-03-06 19:57:49,aprovacao.js,19,2,aprovacao.json,Raqueli-S,2026-03-06 19:57:49,2026-03-06,19
while,2026-03-06 20:02:05,aprovacao.js,8,2,aprovacao.json,Raqueli-S,2026-03-06 20:02:05,2026-03-06,20
while,2026-03-06 20:05:33,aprovacao.js,8,6,aprovacao.json,Raqueli-S,2026-03-06 20:05:33,2026-03-06,20
while,2026-03-06 20:09:58,aprovacao.js,11,2,aprovacao.json,Raqueli-S,2026-03-06 20:09:58,2026-03-06,20
while,2026-03-06 20:12:21,aprovacao.js,11,4,aprovacao.json,Raqueli-S,2026-03-06 20:12:21,2026-03-06,20
while,2026-03-06 20:18:20,aprovacao.js,15,2,aprovacao.json,Raqueli-S,2026-03-06 20:18:20,2026-03-06,20
while,2026-03-06 20:23:02,aprovacao.js,11,5,aprovacao.json,Raqueli-S,2026-03-06 20:23:02,2026-03-06,20
parseFloat,2026-03-06 20:28:53,aprovacao.js,21,12,aprovacao.json,Raqueli-S,2026-03-06 20:28:53,2026-03-06,20
prompt,2026-03-06 20:29:02,aprovacao.js,21,23,aprovacao.json,Raqueli-S,2026-03-06 20:29:02,2026-03-06,20
parseFloat,2026-03-06 20:29:58,aprovacao.js,22,13,aprovacao.json,Raqueli-S,2026-03-06 20:29:58,2026-03-06,20
do,2026-03-06 21:18:22,aprovacao.js,1,1,aprovacao.json,Raqueli-S,2026-03-06 21:18:22,2026-03-06,21
var,2026-03-06 21:18:22,aprovacao.js,2,5,aprovacao.json,Raqueli-S,2026-03-06 21:18:22,2026-03-06,21
var,2026-03-06 21:18:22,aprovacao.js,2,5,aprovacao.json,Raqueli-S,2026-03-06 21:18:22,2026-03-06,21
parseFloat,2026-03-06 21:18:22,aprovacao.js,3,16,aprovacao.json,Raqueli-S,2026-03-06 21:18:22,2026-03-06,21
prompt,2026-03-06 21:18:22,aprovacao.js,3,27,aprovacao.json,Raqueli-S,2026-03-06 21:18:22,2026-03-06,21
var,2026-03-06 21:18:22,aprovacao.js,2,5,aprovacao.json,Raqueli-S,2026-03-06 21:18:22,2026-03-06,21
parseFloat,2026-03-06 21:18:22,aprovacao.js,3,16,aprovacao.json,Raqueli-S,2026-03-06 21:18:22,2026-03-06,21
prompt,2026-03-06 21:18:22,aprovacao.js,3,27,aprovacao.json,Raqueli-S,2026-03-06 21:18:22,2026-03-06,21
var,2026-03-06 21:18:22,aprovacao.js,2,5,aprovacao.json,Raqueli-S,2026-03-06 21:18:22,2026-03-06,21
alert,2026-03-06 21:18:22,aprovacao.js,6,3,aprovacao.json,Raqueli-S,2026-03-06 21:18:22,2026-03-06,21
if,2026-03-06 21:18:22,aprovacao.js,7,1,aprovacao.json,Raqueli-S,2026-03-06 21:18:22,2026-03-06,21
alert,2026-03-06 21:18:22,aprovacao.js,6,3,aprovacao.json,Raqueli-S,2026-03-06 21:18:22,2026-03-06,21
else,2026-03-06 21:18:22,aprovacao.js,11,1,aprovacao.json,Raqueli-S,2026-03-06 21:18:22,2026-03-06,21
if,2026-03-06 21:18:22,aprovacao.js,7,1,aprovacao.json,Raqueli-S,2026-03-06 21:18:22,2026-03-06,21
alert,2026-03-06 21:18:22,aprovacao.js,6,3,aprovacao.json,Raqueli-S,2026-03-06 21:18:22,2026-03-06,21
parseFloat,2026-03-06 21:18:22,aprovacao.js,3,16,aprovacao.json,Raqueli-S,2026-03-06 21:18:22,2026-03-06,21
prompt,2026-03-06 21:18:22,aprovacao.js,3,27,aprovacao.json,Raqueli-S,2026-03-06 21:18:22,2026-03-06,21
if,2026-03-06 21:18:22,aprovacao.js,7,1,aprovacao.json,Raqueli-S,2026-03-06 21:18:22,2026-03-06,21
alert,2026-03-06 21:18:22,aprovacao.js,6,3,aprovacao.json,Raqueli-S,2026-03-06 21:18:22,2026-03-06,21
else,2026-03-06 21:18:22,aprovacao.js,11,1,aprovacao.json,Raqueli-S,2026-03-06 21:18:22,2026-03-06,21
alert,2026-03-06 21:18:22,aprovacao.js,6,3,aprovacao.json,Raqueli-S,2026-03-06 21:18:22,2026-03-06,21
else,2026-03-06 21:18:22,aprovacao.js,11,1,aprovacao.json,Raqueli-S,2026-03-06 21:18:22,2026-03-06,21
alert,2026-03-06 21:18:22,aprovacao.js,6,3,aprovacao.json,Raqueli-S,2026-03-06 21:18:22,2026-03-06,21
while,2026-03-06 21:18:22,aprovacao.js,29,2,aprovacao.json,Raqueli-S,2026-03-06 21:18:22,2026-03-06,21
alert,2026-03-06 21:18:22,aprovacao.js,6,3,aprovacao.json,Raqueli-S,2026-03-06 21:18:22,2026-03-06,21
var,2026-03-06 21:33:16,aprovacao.js,1,1,aprovacao.json,Raqueli-S,2026-03-06 21:33:16,2026-03-06,21
var,2026-03-06 21:33:20,aprovacao.js,2,1,aprovacao.json,Raqueli-S,2026-03-06 21:33:20,2026-03-06,21
parseFloat,2026-03-06 21:33:20,aprovacao.js,2,12,aprovacao.json,Raqueli-S,2026-03-06 21:33:20,2026-03-06,21
prompt,2026-03-06 21:33:20,aprovacao.js,2,23,aprovacao.json,Raqueli-S,2026-03-06 21:33:20,2026-03-06,21
var,2026-03-06 21:33:21,aprovacao.js,3,1,aprovacao.json,Raqueli-S,2026-03-06 21:33:21,2026-03-06,21
parseFloat,2026-03-06 21:33:21,aprovacao.js,3,12,aprovacao.json,Raqueli-S,2026-03-06 21:33:21,2026-03-06,21
prompt,2026-03-06 21:33:21,aprovacao.js,3,23,aprovacao.json,Raqueli-S,2026-03-06 21:33:21,2026-03-06,21
var,2026-03-06 21:33:21,aprovacao.js,4,5,aprovacao.json,Raqueli-S,2026-03-06 21:33:21,2026-03-06,21
alert,2026-03-06 21:33:21,aprovacao.js,5,7,aprovacao.json,Raqueli-S,2026-03-06 21:33:21,2026-03-06,21
if,2026-03-06 21:33:21,aprovacao.js,6,5,aprovacao.json,Raqueli-S,2026-03-06 21:33:21,2026-03-06,21
alert,2026-03-06 21:33:21,aprovacao.js,7,9,aprovacao.json,Raqueli-S,2026-03-06 21:33:21,2026-03-06,21
else,2026-03-06 21:33:21,aprovacao.js,10,5,aprovacao.json,Raqueli-S,2026-03-06 21:33:21,2026-03-06,21
if,2026-03-06 21:33:21,aprovacao.js,10,10,aprovacao.json,Raqueli-S,2026-03-06 21:33:21,2026-03-06,21
alert,2026-03-06 21:33:21,aprovacao.js,12,9,aprovacao.json,Raqueli-S,2026-03-06 21:33:21,2026-03-06,21
parseFloat,2026-03-06 21:33:21,aprovacao.js,13,24,aprovacao.json,Raqueli-S,2026-03-06 21:33:21,2026-03-06,21
prompt,2026-03-06 21:33:21,aprovacao.js,13,35,aprovacao.json,Raqueli-S,2026-03-06 21:33:21,2026-03-06,21
if,2026-03-06 21:33:21,aprovacao.js,15,9,aprovacao.json,Raqueli-S,2026-03-06 21:33:21,2026-03-06,21
alert,2026-03-06 21:33:21,aprovacao.js,16,13,aprovacao.json,Raqueli-S,2026-03-06 21:33:21,2026-03-06,21
alert,2026-03-06 21:33:23,aprovacao.js,18,13,aprovacao.json,Raqueli-S,2026-03-06 21:33:23,2026-03-06,21
if,2026-03-06 21:33:23,aprovacao.js,17,13,aprovacao.json,Raqueli-S,2026-03-06 21:33:23,2026-03-06,21
parseFloat,2026-03-06 21:33:23,aprovacao.js,15,24,aprovacao.json,Raqueli-S,2026-03-06 21:33:23,2026-03-06,21
prompt,2026-03-06 21:33:23,aprovacao.js,15,35,aprovacao.json,Raqueli-S,2026-03-06 21:33:23,2026-03-06,21
alert,2026-03-06 21:33:23,aprovacao.js,14,9,aprovacao.json,Raqueli-S,2026-03-06 21:33:23,2026-03-06,21
else,2026-03-06 21:33:23,aprovacao.js,12,9,aprovacao.json,Raqueli-S,2026-03-06 21:33:23,2026-03-06,21
if,2026-03-06 21:33:23,aprovacao.js,12,14,aprovacao.json,Raqueli-S,2026-03-06 21:33:23,2026-03-06,21
alert,2026-03-06 21:33:24,aprovacao.js,9,9,aprovacao.json,Raqueli-S,2026-03-06 21:33:24,2026-03-06,21
if,2026-03-06 21:33:24,aprovacao.js,8,9,aprovacao.json,Raqueli-S,2026-03-06 21:33:24,2026-03-06,21
alert,2026-03-06 21:33:24,aprovacao.js,7,7,aprovacao.json,Raqueli-S,2026-03-06 21:33:24,2026-03-06,21
var,2026-03-06 21:33:24,aprovacao.js,6,9,aprovacao.json,Raqueli-S,2026-03-06 21:33:24,2026-03-06,21
var,2026-03-06 21:33:24,aprovacao.js,5,1,aprovacao.json,Raqueli-S,2026-03-06 21:33:24,2026-03-06,21
parseFloat,2026-03-06 21:33:24,aprovacao.js,5,12,aprovacao.json,Raqueli-S,2026-03-06 21:33:24,2026-03-06,21
prompt,2026-03-06 21:33:24,aprovacao.js,5,23,aprovacao.json,Raqueli-S,2026-03-06 21:33:24,2026-03-06,21
var,2026-03-06 21:33:24,aprovacao.js,4,1,aprovacao.json,Raqueli-S,2026-03-06 21:33:24,2026-03-06,21
parseFloat,2026-03-06 21:33:24,aprovacao.js,4,12,aprovacao.json,Raqueli-S,2026-03-06 21:33:24,2026-03-06,21
prompt,2026-03-06 21:33:24,aprovacao.js,4,23,aprovacao.json,Raqueli-S,2026-03-06 21:33:24,2026-03-06,21
var,2026-03-06 21:33:24,aprovacao.js,3,1,aprovacao.json,Raqueli-S,2026-03-06 21:33:24,2026-03-06,21
var,2026-03-06 21:33:37,aprovacao.js,1,1,aprovacao.json,Raqueli-S,2026-03-06 21:33:37,2026-03-06,21
while,2026-03-06 22:21:37,jogo2.js,2,1,jogo2.json,Raqueli-S,2026-03-06 22:21:37,2026-03-06,22
alert,2026-03-06 22:27:27,jogo2.js,8,1,jogo2.json,Raqueli-S,2026-03-06 22:27:27,2026-03-06,22
for,2026-02-26 21:31:01,copa.js,2,1,copa.json,Raqueli-S,2026-02-26 21:31:01,2026-02-26,21
for,2026-02-26 21:32:01,copa.js,1,1,copa.json,Raqueli-S,2026-02-26 21:32:01,2026-02-26,21
let,2026-02-26 21:32:01,copa.js,1,5,copa.json,Raqueli-S,2026-02-26 21:32:01,2026-02-26,21
for,2026-02-26 21:32:05,copa.js,2,18,copa.json,Raqueli-S,2026-02-26 21:32:05,2026-02-26,21
let,2026-02-26 21:32:05,copa.js,2,18,copa.json,Raqueli-S,2026-02-26 21:32:05,2026-02-26,21
for,2026-02-26 21:35:19,copa.js,2,1,copa.json,Raqueli-S,2026-02-26 21:35:19,2026-02-26,21
parseInt,2026-03-19 21:50:08,maior-de-tres.js,2,9,maior-de-tres.json,Raqueli-S,2026-03-19 21:50:08,2026-03-19,21
alert,2026-03-19 21:58:18,maior-de-tres.js,3,5,maior-de-tres.json,Raqueli-S,2026-03-19 21:58:18,2026-03-19,21
if,2026-03-19 21:58:56,maior-de-tres.js,4,6,maior-de-tres.json,Raqueli-S,2026-03-19 21:58:56,2026-03-19,21
alert,2026-03-19 22:00:03,maior-de-tres.js,5,5,maior-de-tres.json,Raqueli-S,2026-03-19 22:00:03,2026-03-19,22
if,2026-03-19 22:00:25,maior-de-tres.js,6,6,maior-de-tres.json,Raqueli-S,2026-03-19 22:00:25,2026-03-19,22
alert,2026-03-19 22:01:19,maior-de-tres.js,7,5,maior-de-tres.json,Raqueli-S,2026-03-19 22:01:19,2026-03-19,22
else,2026-03-19 22:01:33,maior-de-tres.js,8,1,maior-de-tres.json,Raqueli-S,2026-03-19 22:01:33,2026-03-19,22
alert,2026-03-19 22:01:41,maior-de-tres.js,9,5,maior-de-tres.json,Raqueli-S,2026-03-19 22:01:41,2026-03-19,22
for,2026-02-20 21:21:14,for.js,1,1,for.json,Raqueli-S,2026-02-20 21:21:14,2026-02-20,21
for,2026-02-20 21:28:16,for.js,5,1,for.json,Raqueli-S,2026-02-20 21:28:16,2026-02-20,21
for,2026-02-20 21:31:54,for.js,9,1,for.json,Raqueli-S,2026-02-20 21:31:54,2026-02-20,21
const,2026-03-20 19:45:03,espalhamento-minimo.js,1,1,espalhamento-minimo.json,Raqueli-S,2026-03-20 19:45:03,2026-03-20,19
Math,2026-03-20 19:47:33,espalhamento-minimo.js,2,7,espalhamento-minimo.json,Raqueli-S,2026-03-20 19:47:33,2026-03-20,19
max,2026-03-20 19:47:37,espalhamento-minimo.js,2,12,espalhamento-minimo.json,Raqueli-S,2026-03-20 19:47:37,2026-03-20,19
min,2026-03-20 19:48:20,espalhamento-minimo.js,2,12,espalhamento-minimo.json,Raqueli-S,2026-03-20 19:48:20,2026-03-20,19
while,2026-03-06 21:55:24,decremento.js,2,1,decremento.json,Raqueli-S,2026-03-06 21:55:24,2026-03-06,21
alert,2026-03-06 21:59:55,decremento.js,3,5,decremento.json,Raqueli-S,2026-03-06 21:59:55,2026-03-06,21
alert,2026-03-19 22:29:24,espalhamento.js,2,1,espalhamento.json,Raqueli-S,2026-03-19 22:29:24,2026-03-19,22
Math,2026-03-19 22:29:33,espalhamento.js,2,7,espalhamento.json,Raqueli-S,2026-03-19 22:29:33,2026-03-19,22
parseInt,2026-03-12 21:31:28,vetor_par_impar.js,3,15,vetor_par_impar.json,Raqueli-S,2026-03-12 21:31:28,2026-03-12,21
prompt,2026-03-12 21:31:42,vetor_par_impar.js,3,24,vetor_par_impar.json,Raqueli-S,2026-03-12 21:31:42,2026-03-12,21
for,2026-03-12 21:35:14,vetor_par_impar.js,4,1,vetor_par_impar.json,Raqueli-S,2026-03-12 21:35:14,2026-03-12,21
parseFloat,2026-03-12 21:36:37,vetor_par_impar.js,5,14,vetor_par_impar.json,Raqueli-S,2026-03-12 21:36:37,2026-03-12,21
prompt,2026-03-12 21:36:45,vetor_par_impar.js,5,25,vetor_par_impar.json,Raqueli-S,2026-03-12 21:36:45,2026-03-12,21
parseInt,2026-03-12 21:51:02,vetor_par_impar.js,3,13,vetor_par_impar.json,Raqueli-S,2026-03-12 21:51:02,2026-03-12,21
prompt,2026-03-12 21:51:53,vetor_par_impar.js,3,22,vetor_par_impar.json,Raqueli-S,2026-03-12 21:51:53,2026-03-12,21
parseInt,2026-03-12 21:54:15,vetor_par_impar.js,2,16,vetor_par_impar.json,Raqueli-S,2026-03-12 21:54:15,2026-03-12,21
prompt,2026-03-12 21:54:23,vetor_par_impar.js,2,25,vetor_par_impar.json,Raqueli-S,2026-03-12 21:54:23,2026-03-12,21
for,2026-03-12 21:55:11,vetor_par_impar.js,4,1,vetor_par_impar.json,Raqueli-S,2026-03-12 21:55:11,2026-03-12,21
parseInt,2026-03-12 21:56:27,vetor_par_impar.js,5,16,vetor_par_impar.json,Raqueli-S,2026-03-12 21:56:27,2026-03-12,21
if,2026-03-12 21:56:55,vetor_par_impar.js,6,5,vetor_par_impar.json,Raqueli-S,2026-03-12 21:56:55,2026-03-12,21
else,2026-03-12 21:58:00,vetor_par_impar.js,8,5,vetor_par_impar.json,Raqueli-S,2026-03-12 21:58:00,2026-03-12,21
else,2026-03-12 22:00:48,vetor_par_impar.js,10,1,vetor_par_impar.json,Raqueli-S,2026-03-12 22:00:48,2026-03-12,22
alert,2026-03-19 22:14:31,maior-de-tresMath.js,2,1,maior-de-tresMath.json,Raqueli-S,2026-03-19 22:14:31,2026-03-19,22
Math,2026-03-19 22:14:42,maior-de-tresMath.js,2,7,maior-de-tresMath.json,Raqueli-S,2026-03-19 22:14:42,2026-03-19,22
max,2026-03-19 22:15:12,maior-de-tresMath.js,2,12,maior-de-tresMath.json,Raqueli-S,2026-03-19 22:15:12,2026-03-19,22
function,2026-03-25 22:16:27,funcao_vetor.js,1,1,funcao_vetor.json,Raqueli-S,2026-03-25 22:16:27,2026-03-25,22
function,2026-03-25 22:18:15,funcao_vetor.js,1,1,funcao_vetor.json,Raqueli-S,2026-03-25 22:18:15,2026-03-25,22
return,2026-03-25 22:20:58,funcao_vetor.js,2,1,funcao_vetor.json,Raqueli-S,2026-03-25 22:20:58,2026-03-25,22
return,2026-03-26 20:22:51,funcao_vetor.js,2,1,funcao_vetor.json,Raqueli-S,2026-03-26 20:22:51,2026-03-26,20
parseInt,2026-03-26 20:25:05,funcao_vetor.js,2,15,funcao_vetor.json,Raqueli-S,2026-03-26 20:25:05,2026-03-26,20
prompt,2026-03-26 20:25:18,funcao_vetor.js,2,24,funcao_vetor.json,Raqueli-S,2026-03-26 20:25:18,2026-03-26,20
return,2026-03-26 20:26:01,funcao_vetor.js,3,1,funcao_vetor.json,Raqueli-S,2026-03-26 20:26:01,2026-03-26,20
const,2026-03-26 20:27:56,funcao_vetor.js,5,1,funcao_vetor.json,Raqueli-S,2026-03-26 20:27:56,2026-03-26,20
parseInt,2026-03-26 20:27:56,funcao_vetor.js,5,15,funcao_vetor.json,Raqueli-S,2026-03-26 20:27:56,2026-03-26,20
prompt,2026-03-26 20:27:56,funcao_vetor.js,5,24,funcao_vetor.json,Raqueli-S,2026-03-26 20:27:56,2026-03-26,20
return,2026-03-26 20:28:37,funcao_vetor.js,2,5,funcao_vetor.json,Raqueli-S,2026-03-26 20:28:37,2026-03-26,20
parseInt,2026-03-26 20:45:25,funcao_vetor.js,2,13,funcao_vetor.json,Raqueli-S,2026-03-26 20:45:25,2026-03-26,20
prompt,2026-03-26 20:45:36,funcao_vetor.js,2,22,funcao_vetor.json,Raqueli-S,2026-03-26 20:45:36,2026-03-26,20
function,2026-03-26 20:47:36,funcao_vetor.js,3,1,funcao_vetor.json,Raqueli-S,2026-03-26 20:47:36,2026-03-26,20
for,2026-03-26 20:48:07,funcao_vetor.js,4,5,funcao_vetor.json,Raqueli-S,2026-03-26 20:48:07,2026-03-26,20
parseInt,2026-03-26 20:49:49,funcao_vetor.js,5,20,funcao_vetor.json,Raqueli-S,2026-03-26 20:49:49,2026-03-26,20
prompt,2026-03-26 20:49:56,funcao_vetor.js,5,29,funcao_vetor.json,Raqueli-S,2026-03-26 20:49:56,2026-03-26,20
function,2026-03-26 20:50:13,funcao_vetor.js,7,5,funcao_vetor.json,Raqueli-S,2026-03-26 20:50:13,2026-03-26,20
for,2026-03-26 20:50:52,funcao_vetor.js,8,9,funcao_vetor.json,Raqueli-S,2026-03-26 20:50:52,2026-03-26,20
prompt,2026-03-05 21:53:22,time.js,1,13,time.json,Raqueli-S,2026-03-05 21:53:22,2026-03-05,21
parseFloat,2026-03-05 21:56:49,time.js,2,12,time.json,Raqueli-S,2026-03-05 21:56:49,2026-03-05,21
prompt,2026-03-05 21:57:03,time.js,2,12,time.json,Raqueli-S,2026-03-05 21:57:03,2026-03-05,21
alert,2026-03-05 21:58:04,time.js,3,1,time.json,Raqueli-S,2026-03-05 21:58:04,2026-03-05,21
while,2026-03-05 22:07:36,time.js,3,1,time.json,Raqueli-S,2026-03-05 22:07:36,2026-03-05,22
E,2026-03-05 22:09:21,time.js,4,19,time.json,Raqueli-S,2026-03-05 22:09:21,2026-03-05,22
toUpperCase,2026-03-05 22:10:37,time.js,2,41,time.json,Raqueli-S,2026-03-05 22:10:37,2026-03-05,22
function,2026-03-25 20:24:59,quick_sort.js,1,1,quick_sort.json,Raqueli-S,2026-03-25 20:24:59,2026-03-25,20
if,2026-03-25 20:25:41,quick_sort.js,2,5,quick_sort.json,Raqueli-S,2026-03-25 20:25:41,2026-03-25,20
return,2026-03-25 20:26:16,quick_sort.js,2,22,quick_sort.json,Raqueli-S,2026-03-25 20:26:16,2026-03-25,20
Math,2026-03-25 20:27:01,quick_sort.js,3,19,quick_sort.json,Raqueli-S,2026-03-25 20:27:01,2026-03-25,20
floor,2026-03-25 20:27:09,quick_sort.js,3,24,quick_sort.json,Raqueli-S,2026-03-25 20:27:09,2026-03-25,20
length,2026-03-25 20:27:22,quick_sort.js,3,34,quick_sort.json,Raqueli-S,2026-03-25 20:27:22,2026-03-25,20
for,2026-03-25 20:29:46,quick_sort.js,6,1,quick_sort.json,Raqueli-S,2026-03-25 20:29:46,2026-03-25,20
if,2026-03-25 20:31:28,quick_sort.js,7,5,quick_sort.json,Raqueli-S,2026-03-25 20:31:28,2026-03-25,20
push,2026-03-25 20:32:28,quick_sort.js,7,26,quick_sort.json,Raqueli-S,2026-03-25 20:32:28,2026-03-25,20
else,2026-03-25 20:33:10,quick_sort.js,8,5,quick_sort.json,Raqueli-S,2026-03-25 20:33:10,2026-03-25,20
if,2026-03-25 20:33:19,quick_sort.js,8,10,quick_sort.json,Raqueli-S,2026-03-25 20:33:19,2026-03-25,20
push,2026-03-25 20:34:09,quick_sort.js,8,32,quick_sort.json,Raqueli-S,2026-03-25 20:34:09,2026-03-25,20
return,2026-03-25 20:34:50,quick_sort.js,10,1,quick_sort.json,Raqueli-S,2026-03-25 20:34:50,2026-03-25,20
alert,2026-03-25 20:38:56,quick_sort.js,13,1,quick_sort.json,Raqueli-S,2026-03-25 20:38:56,2026-03-25,20
alert,2026-03-25 20:45:33,quick_sort.js,13,1,quick_sort.json,Raqueli-S,2026-03-25 20:45:33,2026-03-25,20
alert,2026-03-20 20:16:49,troca.js,2,1,troca.json,Raqueli-S,2026-03-20 20:16:49,2026-03-20,20
Math,2026-03-20 20:17:03,troca.js,2,7,troca.json,Raqueli-S,2026-03-20 20:17:03,2026-03-20,20
trunc,2026-03-20 20:17:21,troca.js,2,12,troca.json,Raqueli-S,2026-03-20 20:17:21,2026-03-20,20
trunc,2026-03-20 20:17:50,troca.js,2,12,troca.json,Raqueli-S,2026-03-20 20:17:50,2026-03-20,20
for,2026-03-20 20:18:36,troca.js,2,1,troca.json,Raqueli-S,2026-03-20 20:18:36,2026-03-20,20
alert,2026-03-20 20:20:11,troca.js,2,1,troca.json,Raqueli-S,2026-03-20 20:20:11,2026-03-20,20
for,2026-03-20 20:23:34,troca.js,2,1,troca.json,Raqueli-S,2026-03-20 20:23:34,2026-03-20,20
alert,2026-03-20 20:31:16,troca.js,2,1,troca.json,Raqueli-S,2026-03-20 20:31:16,2026-03-20,20
parseInt,2026-03-12 20:19:43,vetor_jogos.js,3,10,vetor_jogos.json,Raqueli-S,2026-03-12 20:19:43,2026-03-12,20
prompt,2026-03-12 20:20:39,vetor_jogos.js,3,18,vetor_jogos.json,Raqueli-S,2026-03-12 20:20:39,2026-03-12,20
for,2026-03-12 20:21:28,vetor_jogos.js,4,1,vetor_jogos.json,Raqueli-S,2026-03-12 20:21:28,2026-03-12,20
parseInt,2026-03-12 20:22:57,vetor_jogos.js,5,14,vetor_jogos.json,Raqueli-S,2026-03-12 20:22:57,2026-03-12,20
parseFloat,2026-03-12 20:23:04,vetor_jogos.js,5,14,vetor_jogos.json,Raqueli-S,2026-03-12 20:23:04,2026-03-12,20
prompt,2026-03-12 20:23:13,vetor_jogos.js,5,25,vetor_jogos.json,Raqueli-S,2026-03-12 20:23:13,2026-03-12,20
alert,2026-03-12 20:24:50,vetor_jogos.js,8,1,vetor_jogos.json,Raqueli-S,2026-03-12 20:24:50,2026-03-12,20
for,2026-03-12 20:26:01,vetor_jogos.js,9,1,vetor_jogos.json,Raqueli-S,2026-03-12 20:26:01,2026-03-12,20
while,2026-03-03 22:16:07,execicio_04_prato.js,3,2,execicio_04_prato.json,thammyressouza123-spec,2026-03-03 22:16:07,2026-03-03,22
parseInt,2026-02-27 20:11:43,domingos.js,2,13,domingos.json,thammyressouza123-spec,2026-02-27 20:11:43,2026-02-27,20
parseFloat,2026-02-27 20:22:33,domingos.js,3,19,domingos.json,thammyressouza123-spec,2026-02-27 20:22:33,2026-02-27,20
parseInt,2026-02-27 20:22:40,domingos.js,3,19,domingos.json,thammyressouza123-spec,2026-02-27 20:22:40,2026-02-27,20
for,2026-02-27 20:25:23,domingos.js,9,1,domingos.json,thammyressouza123-spec,2026-02-27 20:25:23,2026-02-27,20
alert,2026-02-27 22:28:43,domingos.js,15,1,domingos.json,thammyressouza123-spec,2026-02-27 22:28:43,2026-02-27,22
for,2026-03-12 19:53:06,vaquinha.js,4,1,vaquinha.json,thammyressouza123-spec,2026-03-12 19:53:06,2026-03-12,19
parseFloat,2026-03-12 19:54:44,vaquinha.js,5,15,vaquinha.json,thammyressouza123-spec,2026-03-12 19:54:44,2026-03-12,19
for,2026-03-12 20:07:31,vaquinha.js,9,1,vaquinha.json,thammyressouza123-spec,2026-03-12 20:07:31,2026-03-12,20
function,2026-03-25 19:58:21,bubble_2.js,3,1,bubble_2.json,thammyressouza123-spec,2026-03-25 19:58:21,2026-03-25,19
return,2026-03-25 19:58:21,bubble_2.js,4,5,bubble_2.json,thammyressouza123-spec,2026-03-25 19:58:21,2026-03-25,19
return,2026-03-25 19:58:21,bubble_2.js,4,5,bubble_2.json,thammyressouza123-spec,2026-03-25 19:58:21,2026-03-25,19
console,2026-03-25 19:58:21,bubble_2.js,8,5,bubble_2.json,thammyressouza123-spec,2026-03-25 19:58:21,2026-03-25,19
log,2026-03-25 19:58:21,bubble_2.js,8,13,bubble_2.json,thammyressouza123-spec,2026-03-25 19:58:21,2026-03-25,19
parseInt,2026-03-24 21:37:26,atividade_3.js,1,12,atividade_3.json,thammyressouza123-spec,2026-03-24 21:37:26,2026-03-24,21
parseFloat,2026-03-24 21:41:15,atividade_3.js,2,13,atividade_3.json,thammyressouza123-spec,2026-03-24 21:41:15,2026-03-24,21
while,2026-03-24 21:42:53,atividade_3.js,3,1,atividade_3.json,thammyressouza123-spec,2026-03-24 21:42:53,2026-03-24,21
parseFloat,2026-03-24 21:46:32,atividade_3.js,4,16,atividade_3.json,thammyressouza123-spec,2026-03-24 21:46:32,2026-03-24,21
alert,2026-03-24 21:48:05,atividade_3.js,7,1,atividade_3.json,thammyressouza123-spec,2026-03-24 21:48:05,2026-03-24,21
return,2026-03-25 21:18:07,funcaosoma.js,2,5,funcaosoma.json,thammyressouza123-spec,2026-03-25 21:18:07,2026-03-25,21
alert,2026-03-25 21:20:43,funcaosoma.js,6,1,funcaosoma.json,thammyressouza123-spec,2026-03-25 21:20:43,2026-03-25,21
return,2026-03-25 21:35:56,funcaosoma.js,4,1,funcaosoma.json,thammyressouza123-spec,2026-03-25 21:35:56,2026-03-25,21
switch,2026-03-25 21:54:58,funcaosoma.js,16,1,funcaosoma.json,thammyressouza123-spec,2026-03-25 21:54:58,2026-03-25,21
alert,2026-03-25 21:55:53,funcaosoma.js,18,9,funcaosoma.json,thammyressouza123-spec,2026-03-25 21:55:53,2026-03-25,21
break,2026-03-25 21:56:12,funcaosoma.js,18,26,funcaosoma.json,thammyressouza123-spec,2026-03-25 21:56:12,2026-03-25,21
alert,2026-03-25 21:56:55,funcaosoma.js,20,9,funcaosoma.json,thammyressouza123-spec,2026-03-25 21:56:55,2026-03-25,21
break,2026-03-25 21:57:24,funcaosoma.js,20,31,funcaosoma.json,thammyressouza123-spec,2026-03-25 21:57:24,2026-03-25,21
alert,2026-03-25 21:57:58,funcaosoma.js,22,13,funcaosoma.json,thammyressouza123-spec,2026-03-25 21:57:58,2026-03-25,21
break,2026-03-25 21:58:19,funcaosoma.js,22,38,funcaosoma.json,thammyressouza123-spec,2026-03-25 21:58:19,2026-03-25,21
alert,2026-03-25 21:59:15,funcaosoma.js,24,9,funcaosoma.json,thammyressouza123-spec,2026-03-25 21:59:15,2026-03-25,21
break,2026-03-25 21:59:35,funcaosoma.js,24,29,funcaosoma.json,thammyressouza123-spec,2026-03-25 21:59:35,2026-03-25,21
toFixed,2026-03-25 22:00:21,funcaosoma.js,24,28,funcaosoma.json,thammyressouza123-spec,2026-03-25 22:00:21,2026-03-25,22
alert,2026-03-25 22:00:55,funcaosoma.js,26,13,funcaosoma.json,thammyressouza123-spec,2026-03-25 22:00:55,2026-03-25,22
alert,2026-02-26 20:29:29,jogos.js,12,1,jogos.json,thammyressouza123-spec,2026-02-26 20:29:29,2026-02-26,20
alert,2026-02-26 20:36:42,jogos.js,6,1,jogos.json,thammyressouza123-spec,2026-02-26 20:36:42,2026-02-26,20
alert,2026-02-26 20:43:52,jogos.js,13,1,jogos.json,thammyressouza123-spec,2026-02-26 20:43:52,2026-02-26,20
if,2026-03-03 20:29:50,execicio_01_festa.js,2,1,execicio_01_festa.json,thammyressouza123-spec,2026-03-03 20:29:50,2026-03-03,20
console,2026-03-03 20:30:33,execicio_01_festa.js,3,5,execicio_01_festa.json,thammyressouza123-spec,2026-03-03 20:30:33,2026-03-03,20
log,2026-03-03 20:30:37,execicio_01_festa.js,3,13,execicio_01_festa.json,thammyressouza123-spec,2026-03-03 20:30:37,2026-03-03,20
console,2026-03-03 20:31:30,execicio_01_festa.js,5,5,execicio_01_festa.json,thammyressouza123-spec,2026-03-03 20:31:30,2026-03-03,20
log,2026-03-03 20:31:33,execicio_01_festa.js,5,13,execicio_01_festa.json,thammyressouza123-spec,2026-03-03 20:31:33,2026-03-03,20
if,2026-03-03 20:39:25,execicio_01_festa.js,2,1,execicio_01_festa.json,thammyressouza123-spec,2026-03-03 20:39:25,2026-03-03,20
console,2026-03-03 20:40:21,execicio_01_festa.js,3,5,execicio_01_festa.json,thammyressouza123-spec,2026-03-03 20:40:21,2026-03-03,20
log,2026-03-03 20:40:28,execicio_01_festa.js,3,13,execicio_01_festa.json,thammyressouza123-spec,2026-03-03 20:40:28,2026-03-03,20
console,2026-03-03 20:47:37,execicio_01_festa.js,3,5,execicio_01_festa.json,thammyressouza123-spec,2026-03-03 20:47:37,2026-03-03,20
log,2026-03-03 20:47:46,execicio_01_festa.js,3,13,execicio_01_festa.json,thammyressouza123-spec,2026-03-03 20:47:46,2026-03-03,20
console,2026-03-03 20:48:30,execicio_01_festa.js,5,5,execicio_01_festa.json,thammyressouza123-spec,2026-03-03 20:48:30,2026-03-03,20
log,2026-03-03 20:48:35,execicio_01_festa.js,5,13,execicio_01_festa.json,thammyressouza123-spec,2026-03-03 20:48:35,2026-03-03,20
let,2026-03-03 21:11:45,execicio_01_festa.js,1,1,execicio_01_festa.json,thammyressouza123-spec,2026-03-03 21:11:45,2026-03-03,21
prompt,2026-03-03 21:11:45,execicio_01_festa.js,1,13,execicio_01_festa.json,thammyressouza123-spec,2026-03-03 21:11:45,2026-03-03,21
alert,2026-02-20 20:47:31,main.js,2,1,main.json,thammyressouza123-spec,2026-02-20 20:47:31,2026-02-20,20
if,2026-03-24 22:07:46,atividade_4.js,3,1,atividade_4.json,thammyressouza123-spec,2026-03-24 22:07:46,2026-03-24,22
while,2026-03-24 22:10:05,atividade_4.js,3,2,atividade_4.json,thammyressouza123-spec,2026-03-24 22:10:05,2026-03-24,22
parseInt,2026-03-24 22:12:19,atividade_4.js,1,13,atividade_4.json,thammyressouza123-spec,2026-03-24 22:12:19,2026-03-24,22
alert,2026-03-24 22:13:38,atividade_4.js,3,5,atividade_4.json,thammyressouza123-spec,2026-03-24 22:13:38,2026-03-24,22
alert,2026-03-24 22:14:54,atividade_4.js,6,1,atividade_4.json,thammyressouza123-spec,2026-03-24 22:14:54,2026-03-24,22
while,2026-03-06 22:13:32,olimpiadas.js,2,1,olimpiadas.json,thammyressouza123-spec,2026-03-06 22:13:32,2026-03-06,22
while,2026-03-06 22:23:11,olimpiadas.js,2,1,olimpiadas.json,thammyressouza123-spec,2026-03-06 22:23:11,2026-03-06,22
prompt,2026-02-24 21:20:49,exercicio_01.js,1,14,exercicio_01.json,thammyressouza123-spec,2026-02-24 21:20:49,2026-02-24,21
parseInt,2026-02-24 21:22:17,exercicio_01.js,1,14,exercicio_01.json,thammyressouza123-spec,2026-02-24 21:22:17,2026-02-24,21
parseInt,2026-02-24 21:29:35,exercicio_01.js,2,12,exercicio_01.json,thammyressouza123-spec,2026-02-24 21:29:35,2026-02-24,21
parseFloat,2026-03-03 22:03:31,execicio_03_caixa.js,2,13,execicio_03_caixa.json,thammyressouza123-spec,2026-03-03 22:03:31,2026-03-03,22
prompt,2026-03-03 22:03:39,execicio_03_caixa.js,2,24,execicio_03_caixa.json,thammyressouza123-spec,2026-03-03 22:03:39,2026-03-03,22
while,2026-03-03 22:04:01,execicio_03_caixa.js,3,1,execicio_03_caixa.json,thammyressouza123-spec,2026-03-03 22:04:01,2026-03-03,22
while,2026-03-03 22:05:26,execicio_03_caixa.js,4,1,execicio_03_caixa.json,thammyressouza123-spec,2026-03-03 22:05:26,2026-03-03,22
alert,2026-03-03 22:05:37,execicio_03_caixa.js,5,5,execicio_03_caixa.json,thammyressouza123-spec,2026-03-03 22:05:37,2026-03-03,22
while,2026-03-10 21:32:35,execicio_03_caixa.js,3,1,execicio_03_caixa.json,thammyressouza123-spec,2026-03-10 21:32:35,2026-03-10,21
for,2026-03-26 19:46:30,revisaovetor.js,3,1,revisaovetor.json,thammyressouza123-spec,2026-03-26 19:46:30,2026-03-26,19
const,2026-03-26 19:52:20,revisaovetor.js,1,1,revisaovetor.json,thammyressouza123-spec,2026-03-26 19:52:20,2026-03-26,19
prompt,2026-03-26 19:53:26,revisaovetor.js,2,23,revisaovetor.json,thammyressouza123-spec,2026-03-26 19:53:26,2026-03-26,19
for,2026-03-26 19:55:52,revisaovetor.js,6,1,revisaovetor.json,thammyressouza123-spec,2026-03-26 19:55:52,2026-03-26,19
let,2026-03-24 20:48:42,atividade_2.js,1,1,atividade_2.json,thammyressouza123-spec,2026-03-24 20:48:42,2026-03-24,20
parseInt,2026-03-24 20:49:22,atividade_2.js,1,16,atividade_2.json,thammyressouza123-spec,2026-03-24 20:49:22,2026-03-24,20
parseInt,2026-03-24 21:18:18,atividade_2.js,1,12,atividade_2.json,thammyressouza123-spec,2026-03-24 21:18:18,2026-03-24,21
true,2026-03-24 21:19:36,atividade_2.js,2,19,atividade_2.json,thammyressouza123-spec,2026-03-24 21:19:36,2026-03-24,21
alert,2026-03-24 21:20:37,atividade_2.js,4,5,atividade_2.json,thammyressouza123-spec,2026-03-24 21:20:37,2026-03-24,21
alert,2026-03-24 21:21:13,atividade_2.js,6,5,atividade_2.json,thammyressouza123-spec,2026-03-24 21:21:13,2026-03-24,21
alert,2026-03-19 22:14:27,maiorde3Math.js,2,1,maiorde3Math.json,thammyressouza123-spec,2026-03-19 22:14:27,2026-03-19,22
Math,2026-03-19 22:14:50,maiorde3Math.js,2,7,maiorde3Math.json,thammyressouza123-spec,2026-03-19 22:14:50,2026-03-19,22
max,2026-03-19 22:15:17,maiorde3Math.js,2,12,maiorde3Math.json,thammyressouza123-spec,2026-03-19 22:15:17,2026-03-19,22
parseInt,2026-03-03 21:28:37,execicio_02_cinema.js,2,17,execicio_02_cinema.json,thammyressouza123-spec,2026-03-03 21:28:37,2026-03-03,21
prompt,2026-03-03 21:29:01,execicio_02_cinema.js,2,27,execicio_02_cinema.json,thammyressouza123-spec,2026-03-03 21:29:01,2026-03-03,21
if,2026-03-03 21:30:49,execicio_02_cinema.js,4,1,execicio_02_cinema.json,thammyressouza123-spec,2026-03-03 21:30:49,2026-03-03,21
alert,2026-03-03 21:31:59,execicio_02_cinema.js,5,5,execicio_02_cinema.json,thammyressouza123-spec,2026-03-03 21:31:59,2026-03-03,21
else,2026-03-03 21:32:29,execicio_02_cinema.js,6,1,execicio_02_cinema.json,thammyressouza123-spec,2026-03-03 21:32:29,2026-03-03,21
alert,2026-03-03 21:32:38,execicio_02_cinema.js,7,5,execicio_02_cinema.json,thammyressouza123-spec,2026-03-03 21:32:38,2026-03-03,21
do,2026-03-06 21:15:41,aprovacao_01.js,1,1,aprovacao_01.json,thammyressouza123-spec,2026-03-06 21:15:41,2026-03-06,21
var,2026-03-06 21:15:41,aprovacao_01.js,2,5,aprovacao_01.json,thammyressouza123-spec,2026-03-06 21:15:41,2026-03-06,21
var,2026-03-06 21:15:41,aprovacao_01.js,2,5,aprovacao_01.json,thammyressouza123-spec,2026-03-06 21:15:41,2026-03-06,21
parseFloat,2026-03-06 21:15:41,aprovacao_01.js,3,16,aprovacao_01.json,thammyressouza123-spec,2026-03-06 21:15:41,2026-03-06,21
prompt,2026-03-06 21:15:41,aprovacao_01.js,3,27,aprovacao_01.json,thammyressouza123-spec,2026-03-06 21:15:41,2026-03-06,21
var,2026-03-06 21:15:41,aprovacao_01.js,2,5,aprovacao_01.json,thammyressouza123-spec,2026-03-06 21:15:41,2026-03-06,21
parseFloat,2026-03-06 21:15:41,aprovacao_01.js,3,16,aprovacao_01.json,thammyressouza123-spec,2026-03-06 21:15:41,2026-03-06,21
prompt,2026-03-06 21:15:41,aprovacao_01.js,3,27,aprovacao_01.json,thammyressouza123-spec,2026-03-06 21:15:41,2026-03-06,21
var,2026-03-06 21:15:41,aprovacao_01.js,2,5,aprovacao_01.json,thammyressouza123-spec,2026-03-06 21:15:41,2026-03-06,21
alert,2026-03-06 21:15:41,aprovacao_01.js,6,3,aprovacao_01.json,thammyressouza123-spec,2026-03-06 21:15:41,2026-03-06,21
if,2026-03-06 21:15:41,aprovacao_01.js,7,1,aprovacao_01.json,thammyressouza123-spec,2026-03-06 21:15:41,2026-03-06,21
alert,2026-03-06 21:15:41,aprovacao_01.js,6,3,aprovacao_01.json,thammyressouza123-spec,2026-03-06 21:15:41,2026-03-06,21
else,2026-03-06 21:15:41,aprovacao_01.js,11,1,aprovacao_01.json,thammyressouza123-spec,2026-03-06 21:15:41,2026-03-06,21
if,2026-03-06 21:15:41,aprovacao_01.js,7,1,aprovacao_01.json,thammyressouza123-spec,2026-03-06 21:15:41,2026-03-06,21
alert,2026-03-06 21:15:41,aprovacao_01.js,6,3,aprovacao_01.json,thammyressouza123-spec,2026-03-06 21:15:41,2026-03-06,21
parseFloat,2026-03-06 21:15:41,aprovacao_01.js,3,16,aprovacao_01.json,thammyressouza123-spec,2026-03-06 21:15:41,2026-03-06,21
prompt,2026-03-06 21:15:41,aprovacao_01.js,3,27,aprovacao_01.json,thammyressouza123-spec,2026-03-06 21:15:41,2026-03-06,21
if,2026-03-06 21:15:41,aprovacao_01.js,7,1,aprovacao_01.json,thammyressouza123-spec,2026-03-06 21:15:41,2026-03-06,21
alert,2026-03-06 21:15:41,aprovacao_01.js,6,3,aprovacao_01.json,thammyressouza123-spec,2026-03-06 21:15:41,2026-03-06,21
else,2026-03-06 21:15:41,aprovacao_01.js,11,1,aprovacao_01.json,thammyressouza123-spec,2026-03-06 21:15:41,2026-03-06,21
alert,2026-03-06 21:15:41,aprovacao_01.js,6,3,aprovacao_01.json,thammyressouza123-spec,2026-03-06 21:15:41,2026-03-06,21
else,2026-03-06 21:15:41,aprovacao_01.js,11,1,aprovacao_01.json,thammyressouza123-spec,2026-03-06 21:15:41,2026-03-06,21
alert,2026-03-06 21:15:41,aprovacao_01.js,6,3,aprovacao_01.json,thammyressouza123-spec,2026-03-06 21:15:41,2026-03-06,21
while,2026-03-06 21:15:41,aprovacao_01.js,29,2,aprovacao_01.json,thammyressouza123-spec,2026-03-06 21:15:41,2026-03-06,21
alert,2026-03-06 21:15:41,aprovacao_01.js,6,3,aprovacao_01.json,thammyressouza123-spec,2026-03-06 21:15:41,2026-03-06,21
var,2026-03-06 21:32:23,aprovacao_01.js,1,1,aprovacao_01.json,thammyressouza123-spec,2026-03-06 21:32:23,2026-03-06,21
console,2026-03-25 20:47:42,aprovacao_01.js,30,5,aprovacao_01.json,thammyressouza123-spec,2026-03-25 20:47:42,2026-03-25,20
log,2026-03-25 20:47:50,aprovacao_01.js,30,13,aprovacao_01.json,thammyressouza123-spec,2026-03-25 20:47:50,2026-03-25,20
for,2026-03-13 19:59:39,vetor_tabuada.js,7,1,vetor_tabuada.json,thammyressouza123-spec,2026-03-13 19:59:39,2026-03-13,19
for,2026-02-20 21:34:16,for.js,9,1,for.json,thammyressouza123-spec,2026-02-20 21:34:16,2026-02-20,21
parseInt,2026-03-19 21:51:03,maiorde3.js,2,13,maiorde3.json,thammyressouza123-spec,2026-03-19 21:51:03,2026-03-19,21
prompt,2026-03-19 21:51:11,maiorde3.js,2,22,maiorde3.json,thammyressouza123-spec,2026-03-19 21:51:11,2026-03-19,21
if,2026-03-19 21:52:06,maiorde3.js,2,1,maiorde3.json,thammyressouza123-spec,2026-03-19 21:52:06,2026-03-19,21
alert,2026-03-19 21:57:55,maiorde3.js,3,5,maiorde3.json,thammyressouza123-spec,2026-03-19 21:57:55,2026-03-19,21
else,2026-03-19 21:58:09,maiorde3.js,4,1,maiorde3.json,thammyressouza123-spec,2026-03-19 21:58:09,2026-03-19,21
alert,2026-03-19 21:59:54,maiorde3.js,5,5,maiorde3.json,thammyressouza123-spec,2026-03-19 21:59:54,2026-03-19,21
if,2026-03-19 22:00:26,maiorde3.js,6,6,maiorde3.json,thammyressouza123-spec,2026-03-19 22:00:26,2026-03-19,22
alert,2026-03-19 22:01:36,maiorde3.js,7,5,maiorde3.json,thammyressouza123-spec,2026-03-19 22:01:36,2026-03-19,22
else,2026-03-19 22:01:49,maiorde3.js,8,1,maiorde3.json,thammyressouza123-spec,2026-03-19 22:01:49,2026-03-19,22
alert,2026-03-19 22:02:01,maiorde3.js,9,5,maiorde3.json,thammyressouza123-spec,2026-03-19 22:02:01,2026-03-19,22
alert,2026-03-20 19:45:17,espalhamento-minimo.js,2,1,espalhamento-minimo.json,thammyressouza123-spec,2026-03-20 19:45:17,2026-03-20,19
Math,2026-03-20 19:45:26,espalhamento-minimo.js,2,7,espalhamento-minimo.json,thammyressouza123-spec,2026-03-20 19:45:26,2026-03-20,19
max,2026-03-20 19:45:32,espalhamento-minimo.js,2,12,espalhamento-minimo.json,thammyressouza123-spec,2026-03-20 19:45:32,2026-03-20,19
min,2026-03-20 19:48:14,espalhamento-minimo.js,2,12,espalhamento-minimo.json,thammyressouza123-spec,2026-03-20 19:48:14,2026-03-20,19
function,2026-03-19 22:26:01,espalhamento.js,1,1,espalhamento.json,thammyressouza123-spec,2026-03-19 22:26:01,2026-03-19,22
return,2026-03-19 22:26:01,espalhamento.js,2,3,espalhamento.json,thammyressouza123-spec,2026-03-19 22:26:01,2026-03-19,22
const,2026-03-19 22:26:01,espalhamento.js,5,1,espalhamento.json,thammyressouza123-spec,2026-03-19 22:26:01,2026-03-19,22
console,2026-03-19 22:26:01,espalhamento.js,7,1,espalhamento.json,thammyressouza123-spec,2026-03-19 22:26:01,2026-03-19,22
log,2026-03-19 22:26:01,espalhamento.js,7,9,espalhamento.json,thammyressouza123-spec,2026-03-19 22:26:01,2026-03-19,22
console,2026-03-19 22:26:01,espalhamento.js,7,1,espalhamento.json,thammyressouza123-spec,2026-03-19 22:26:01,2026-03-19,22
log,2026-03-19 22:26:01,espalhamento.js,7,9,espalhamento.json,thammyressouza123-spec,2026-03-19 22:26:01,2026-03-19,22
null,2026-03-19 22:26:01,espalhamento.js,10,23,espalhamento.json,thammyressouza123-spec,2026-03-19 22:26:01,2026-03-19,22
E,2026-03-19 22:29:00,espalhamento.js,1,9,espalhamento.json,thammyressouza123-spec,2026-03-19 22:29:00,2026-03-19,22
alert,2026-03-19 22:30:00,espalhamento.js,2,1,espalhamento.json,thammyressouza123-spec,2026-03-19 22:30:00,2026-03-19,22
Math,2026-03-19 22:30:14,espalhamento.js,2,7,espalhamento.json,thammyressouza123-spec,2026-03-19 22:30:14,2026-03-19,22
max,2026-03-19 22:30:24,espalhamento.js,2,12,espalhamento.json,thammyressouza123-spec,2026-03-19 22:30:24,2026-03-19,22
if,2026-03-13 20:28:12,vetor_par_impar.js,8,1,vetor_par_impar.json,thammyressouza123-spec,2026-03-13 20:28:12,2026-03-13,20
for,2026-03-13 20:32:12,vetor_par_impar.js,18,1,vetor_par_impar.json,thammyressouza123-spec,2026-03-13 20:32:12,2026-03-13,20
for,2026-03-13 20:35:35,vetor_par_impar.js,22,1,vetor_par_impar.json,thammyressouza123-spec,2026-03-13 20:35:35,2026-03-13,20
return,2026-03-26 20:18:07,funcaovetor.js,2,1,funcaovetor.json,thammyressouza123-spec,2026-03-26 20:18:07,2026-03-26,20
const,2026-03-26 20:20:14,funcaovetor.js,1,1,funcaovetor.json,thammyressouza123-spec,2026-03-26 20:20:14,2026-03-26,20
var,2026-03-26 20:20:14,funcaovetor.js,2,1,funcaovetor.json,thammyressouza123-spec,2026-03-26 20:20:14,2026-03-26,20
parseInt,2026-03-26 20:20:14,funcaovetor.js,2,14,funcaovetor.json,thammyressouza123-spec,2026-03-26 20:20:14,2026-03-26,20
prompt,2026-03-26 20:20:14,funcaovetor.js,2,23,funcaovetor.json,thammyressouza123-spec,2026-03-26 20:20:14,2026-03-26,20
for,2026-03-26 20:20:14,funcaovetor.js,3,1,funcaovetor.json,thammyressouza123-spec,2026-03-26 20:20:14,2026-03-26,20
let,2026-03-26 20:20:14,funcaovetor.js,3,5,funcaovetor.json,thammyressouza123-spec,2026-03-26 20:20:14,2026-03-26,20
parseInt,2026-03-26 20:20:14,funcaovetor.js,2,14,funcaovetor.json,thammyressouza123-spec,2026-03-26 20:20:14,2026-03-26,20
prompt,2026-03-26 20:20:14,funcaovetor.js,2,23,funcaovetor.json,thammyressouza123-spec,2026-03-26 20:20:14,2026-03-26,20
for,2026-03-26 20:20:14,funcaovetor.js,3,1,funcaovetor.json,thammyressouza123-spec,2026-03-26 20:20:14,2026-03-26,20
let,2026-03-26 20:20:14,funcaovetor.js,3,5,funcaovetor.json,thammyressouza123-spec,2026-03-26 20:20:14,2026-03-26,20
function,2026-03-26 20:20:34,funcaovetor.js,1,1,funcaovetor.json,thammyressouza123-spec,2026-03-26 20:20:34,2026-03-26,20
return,2026-03-26 20:27:36,funcaovetor.js,2,5,funcaovetor.json,thammyressouza123-spec,2026-03-26 20:27:36,2026-03-26,20
function,2026-03-26 20:39:47,funcaovetor.js,2,1,funcaovetor.json,thammyressouza123-spec,2026-03-26 20:39:47,2026-03-26,20
return,2026-03-26 20:41:32,funcaovetor.js,3,1,funcaovetor.json,thammyressouza123-spec,2026-03-26 20:41:32,2026-03-26,20
const,2026-03-26 20:48:01,funcaovetor.js,1,1,funcaovetor.json,thammyressouza123-spec,2026-03-26 20:48:01,2026-03-26,20
var,2026-03-26 20:48:01,funcaovetor.js,2,1,funcaovetor.json,thammyressouza123-spec,2026-03-26 20:48:01,2026-03-26,20
parseInt,2026-03-26 20:48:01,funcaovetor.js,2,14,funcaovetor.json,thammyressouza123-spec,2026-03-26 20:48:01,2026-03-26,20
prompt,2026-03-26 20:48:01,funcaovetor.js,2,23,funcaovetor.json,thammyressouza123-spec,2026-03-26 20:48:01,2026-03-26,20
for,2026-03-26 20:48:01,funcaovetor.js,3,1,funcaovetor.json,thammyressouza123-spec,2026-03-26 20:48:01,2026-03-26,20
let,2026-03-26 20:48:01,funcaovetor.js,3,5,funcaovetor.json,thammyressouza123-spec,2026-03-26 20:48:01,2026-03-26,20
parseInt,2026-03-26 20:48:01,funcaovetor.js,2,14,funcaovetor.json,thammyressouza123-spec,2026-03-26 20:48:01,2026-03-26,20
prompt,2026-03-26 20:48:01,funcaovetor.js,2,23,funcaovetor.json,thammyressouza123-spec,2026-03-26 20:48:01,2026-03-26,20
for,2026-03-26 20:48:01,funcaovetor.js,3,1,funcaovetor.json,thammyressouza123-spec,2026-03-26 20:48:01,2026-03-26,20
let,2026-03-26 20:48:01,funcaovetor.js,3,5,funcaovetor.json,thammyressouza123-spec,2026-03-26 20:48:01,2026-03-26,20
function,2026-03-26 20:48:54,funcaovetor.js,3,1,funcaovetor.json,thammyressouza123-spec,2026-03-26 20:48:54,2026-03-26,20
function,2026-03-26 20:50:25,funcaovetor.js,7,1,funcaovetor.json,thammyressouza123-spec,2026-03-26 20:50:25,2026-03-26,20
parseInt,2026-02-26 22:13:36,par-impar.js,1,8,par-impar.json,thammyressouza123-spec,2026-02-26 22:13:36,2026-02-26,22
parseInt,2026-02-26 22:19:09,par-impar.js,2,13,par-impar.json,thammyressouza123-spec,2026-02-26 22:19:09,2026-02-26,22
for,2026-02-26 22:21:13,par-impar.js,3,1,par-impar.json,thammyressouza123-spec,2026-02-26 22:21:13,2026-02-26,22
parseInt,2026-02-26 22:23:13,par-impar.js,4,14,par-impar.json,thammyressouza123-spec,2026-02-26 22:23:13,2026-02-26,22
if,2026-02-26 22:23:37,par-impar.js,5,5,par-impar.json,thammyressouza123-spec,2026-02-26 22:23:37,2026-02-26,22
else,2026-02-26 22:25:43,par-impar.js,8,1,par-impar.json,thammyressouza123-spec,2026-02-26 22:25:43,2026-02-26,22
alert,2026-02-26 22:26:11,par-impar.js,10,1,par-impar.json,thammyressouza123-spec,2026-02-26 22:26:11,2026-02-26,22
E,2026-03-05 19:53:21,estudante.js,3,6,estudante.json,thammyressouza123-spec,2026-03-05 19:53:21,2026-03-05,19
if,2026-03-05 19:57:39,estudante.js,5,5,estudante.json,thammyressouza123-spec,2026-03-05 19:57:39,2026-03-05,19
parseFloat,2026-03-05 20:03:11,estudante.js,2,17,estudante.json,thammyressouza123-spec,2026-03-05 20:03:11,2026-03-05,20
parseFloat,2026-03-05 20:03:38,estudante.js,3,17,estudante.json,thammyressouza123-spec,2026-03-05 20:03:38,2026-03-05,20
alert,2026-03-05 20:05:53,estudante.js,5,5,estudante.json,thammyressouza123-spec,2026-03-05 20:05:53,2026-03-05,20
if,2026-03-05 20:06:24,estudante.js,6,5,estudante.json,thammyressouza123-spec,2026-03-05 20:06:24,2026-03-05,20
alert,2026-03-05 20:13:29,estudante.js,7,9,estudante.json,thammyressouza123-spec,2026-03-05 20:13:29,2026-03-05,20
if,2026-03-05 20:19:10,estudante.js,8,10,estudante.json,thammyressouza123-spec,2026-03-05 20:19:10,2026-03-05,20
alert,2026-03-05 20:19:31,estudante.js,9,9,estudante.json,thammyressouza123-spec,2026-03-05 20:19:31,2026-03-05,20
while,2026-03-05 20:23:40,estudante.js,10,4,estudante.json,thammyressouza123-spec,2026-03-05 20:23:40,2026-03-05,20
alert,2026-03-05 20:25:59,estudante.js,11,4,estudante.json,thammyressouza123-spec,2026-03-05 20:25:59,2026-03-05,20
alert,2026-03-05 20:44:44,estudante.js,9,9,estudante.json,thammyressouza123-spec,2026-03-05 20:44:44,2026-03-05,20
alert,2026-03-05 20:45:39,estudante.js,9,9,estudante.json,thammyressouza123-spec,2026-03-05 20:45:39,2026-03-05,20
alert,2026-03-05 20:45:39,estudante.js,9,9,estudante.json,thammyressouza123-spec,2026-03-05 20:45:39,2026-03-05,20
parseFloat,2026-03-05 20:47:08,estudante.js,10,25,estudante.json,thammyressouza123-spec,2026-03-05 20:47:08,2026-03-05,20
if,2026-03-05 20:47:54,estudante.js,11,9,estudante.json,thammyressouza123-spec,2026-03-05 20:47:54,2026-03-05,20
if,2026-03-05 21:22:14,estudante.js,12,9,estudante.json,thammyressouza123-spec,2026-03-05 21:22:14,2026-03-05,21
else,2026-03-05 21:23:44,estudante.js,14,9,estudante.json,thammyressouza123-spec,2026-03-05 21:23:44,2026-03-05,21
alert,2026-03-05 21:24:07,estudante.js,15,13,estudante.json,thammyressouza123-spec,2026-03-05 21:24:07,2026-03-05,21
alert,2026-03-05 21:24:38,estudante.js,18,9,estudante.json,thammyressouza123-spec,2026-03-05 21:24:38,2026-03-05,21
while,2026-03-05 22:20:09,estudante.js,21,3,estudante.json,thammyressouza123-spec,2026-03-05 22:20:09,2026-03-05,22
while,2026-03-06 19:52:07,estudante.js,24,3,estudante.json,thammyressouza123-spec,2026-03-06 19:52:07,2026-03-06,19
alert,2026-03-06 20:08:33,estudante.js,24,5,estudante.json,thammyressouza123-spec,2026-03-06 20:08:33,2026-03-06,20
let,2026-03-25 20:33:37,bubble_sort.js,2,1,bubble_sort.json,thammyressouza123-spec,2026-03-25 20:33:37,2026-03-25,20
console,2026-03-25 20:33:37,bubble_sort.js,5,1,bubble_sort.json,thammyressouza123-spec,2026-03-25 20:33:37,2026-03-25,20
log,2026-03-25 20:33:37,bubble_sort.js,5,9,bubble_sort.json,thammyressouza123-spec,2026-03-25 20:33:37,2026-03-25,20
let,2026-03-25 20:33:37,bubble_sort.js,2,1,bubble_sort.json,thammyressouza123-spec,2026-03-25 20:33:37,2026-03-25,20
length,2026-03-25 20:33:37,bubble_sort.js,8,17,bubble_sort.json,thammyressouza123-spec,2026-03-25 20:33:37,2026-03-25,20
for,2026-03-25 20:33:37,bubble_sort.js,10,1,bubble_sort.json,thammyressouza123-spec,2026-03-25 20:33:37,2026-03-25,20
let,2026-03-25 20:33:37,bubble_sort.js,2,1,bubble_sort.json,thammyressouza123-spec,2026-03-25 20:33:37,2026-03-25,20
for,2026-03-25 20:33:37,bubble_sort.js,10,1,bubble_sort.json,thammyressouza123-spec,2026-03-25 20:33:37,2026-03-25,20
let,2026-03-25 20:33:37,bubble_sort.js,2,1,bubble_sort.json,thammyressouza123-spec,2026-03-25 20:33:37,2026-03-25,20
if,2026-03-25 20:33:37,bubble_sort.js,12,9,bubble_sort.json,thammyressouza123-spec,2026-03-25 20:33:37,2026-03-25,20
let,2026-03-25 20:33:37,bubble_sort.js,2,1,bubble_sort.json,thammyressouza123-spec,2026-03-25 20:33:37,2026-03-25,20
console,2026-03-25 20:33:37,bubble_sort.js,5,1,bubble_sort.json,thammyressouza123-spec,2026-03-25 20:33:37,2026-03-25,20
log,2026-03-25 20:33:37,bubble_sort.js,5,9,bubble_sort.json,thammyressouza123-spec,2026-03-25 20:33:37,2026-03-25,20
E,2026-03-25 20:33:45,bubble_sort.js,21,3,bubble_sort.json,thammyressouza123-spec,2026-03-25 20:33:45,2026-03-25,20
console,2026-03-25 20:35:31,bubble_sort.js,21,1,bubble_sort.json,thammyressouza123-spec,2026-03-25 20:35:31,2026-03-25,20
log,2026-03-25 20:35:38,bubble_sort.js,21,9,bubble_sort.json,thammyressouza123-spec,2026-03-25 20:35:38,2026-03-25,20
prompt,2026-03-05 21:53:33,time.js,2,15,time.json,thammyressouza123-spec,2026-03-05 21:53:33,2026-03-05,21
while,2026-03-05 21:54:46,time.js,3,3,time.json,thammyressouza123-spec,2026-03-05 21:54:46,2026-03-05,21
toUpperCase,2026-03-05 22:02:53,time.js,2,40,time.json,thammyressouza123-spec,2026-03-05 22:02:53,2026-03-05,22
E,2026-03-05 22:04:01,time.js,4,21,time.json,thammyressouza123-spec,2026-03-05 22:04:01,2026-03-05,22
let,2026-03-25 20:09:20,bublle_sort.js,2,1,bublle_sort.json,thammyressouza123-spec,2026-03-25 20:09:20,2026-03-25,20
do,2026-03-25 20:09:20,bublle_sort.js,4,12,bublle_sort.json,thammyressouza123-spec,2026-03-25 20:09:20,2026-03-25,20
let,2026-03-25 20:09:20,bublle_sort.js,2,1,bublle_sort.json,thammyressouza123-spec,2026-03-25 20:09:20,2026-03-25,20
length,2026-03-25 20:09:20,bublle_sort.js,5,17,bublle_sort.json,thammyressouza123-spec,2026-03-25 20:09:20,2026-03-25,20
for,2026-03-25 20:09:20,bublle_sort.js,8,1,bublle_sort.json,thammyressouza123-spec,2026-03-25 20:09:20,2026-03-25,20
let,2026-03-25 20:09:20,bublle_sort.js,2,1,bublle_sort.json,thammyressouza123-spec,2026-03-25 20:09:20,2026-03-25,20
for,2026-03-25 20:09:20,bublle_sort.js,8,1,bublle_sort.json,thammyressouza123-spec,2026-03-25 20:09:20,2026-03-25,20
let,2026-03-25 20:09:20,bublle_sort.js,2,1,bublle_sort.json,thammyressouza123-spec,2026-03-25 20:09:20,2026-03-25,20
if,2026-03-25 20:09:20,bublle_sort.js,10,9,bublle_sort.json,thammyressouza123-spec,2026-03-25 20:09:20,2026-03-25,20
let,2026-03-25 20:09:20,bublle_sort.js,2,1,bublle_sort.json,thammyressouza123-spec,2026-03-25 20:09:20,2026-03-25,20
console,2026-03-25 20:09:20,bublle_sort.js,20,1,bublle_sort.json,thammyressouza123-spec,2026-03-25 20:09:20,2026-03-25,20
log,2026-03-25 20:09:20,bublle_sort.js,20,9,bublle_sort.json,thammyressouza123-spec,2026-03-25 20:09:20,2026-03-25,20
prompt,2026-03-24 20:10:58,atividade_1.js,1,16,atividade_1.json,thammyressouza123-spec,2026-03-24 20:10:58,2026-03-24,20
parseInt,2026-03-24 20:11:39,atividade_1.js,1,16,atividade_1.json,thammyressouza123-spec,2026-03-24 20:11:39,2026-03-24,20
let,2026-03-24 20:17:00,atividade_1.js,2,1,atividade_1.json,thammyressouza123-spec,2026-03-24 20:17:00,2026-03-24,20
parseFloat,2026-03-24 20:18:12,atividade_1.js,2,17,atividade_1.json,thammyressouza123-spec,2026-03-24 20:18:12,2026-03-24,20
parseFloat,2026-03-24 20:22:59,atividade_1.js,1,16,atividade_1.json,thammyressouza123-spec,2026-03-24 20:22:59,2026-03-24,20
console,2026-03-24 20:27:49,atividade_1.js,4,1,atividade_1.json,thammyressouza123-spec,2026-03-24 20:27:49,2026-03-24,20
alert,2026-03-24 20:30:14,atividade_1.js,4,1,atividade_1.json,thammyressouza123-spec,2026-03-24 20:30:14,2026-03-24,20
let,2026-03-25 20:40:25,bubble_sort_2.js,2,1,bubble_sort_2.json,thammyressouza123-spec,2026-03-25 20:40:25,2026-03-25,20
do,2026-03-25 20:40:25,bubble_sort_2.js,4,12,bubble_sort_2.json,thammyressouza123-spec,2026-03-25 20:40:25,2026-03-25,20
let,2026-03-25 20:40:25,bubble_sort_2.js,2,1,bubble_sort_2.json,thammyressouza123-spec,2026-03-25 20:40:25,2026-03-25,20
length,2026-03-25 20:40:25,bubble_sort_2.js,5,17,bubble_sort_2.json,thammyressouza123-spec,2026-03-25 20:40:25,2026-03-25,20
for,2026-03-25 20:40:25,bubble_sort_2.js,8,1,bubble_sort_2.json,thammyressouza123-spec,2026-03-25 20:40:25,2026-03-25,20
let,2026-03-25 20:40:25,bubble_sort_2.js,2,1,bubble_sort_2.json,thammyressouza123-spec,2026-03-25 20:40:25,2026-03-25,20
for,2026-03-25 20:40:25,bubble_sort_2.js,8,1,bubble_sort_2.json,thammyressouza123-spec,2026-03-25 20:40:25,2026-03-25,20
let,2026-03-25 20:40:25,bubble_sort_2.js,2,1,bubble_sort_2.json,thammyressouza123-spec,2026-03-25 20:40:25,2026-03-25,20
if,2026-03-25 20:40:25,bubble_sort_2.js,10,9,bubble_sort_2.json,thammyressouza123-spec,2026-03-25 20:40:25,2026-03-25,20
let,2026-03-25 20:40:25,bubble_sort_2.js,2,1,bubble_sort_2.json,thammyressouza123-spec,2026-03-25 20:40:25,2026-03-25,20
console,2026-03-25 20:40:25,bubble_sort_2.js,20,1,bubble_sort_2.json,thammyressouza123-spec,2026-03-25 20:40:25,2026-03-25,20
log,2026-03-25 20:40:25,bubble_sort_2.js,20,9,bubble_sort_2.json,thammyressouza123-spec,2026-03-25 20:40:25,2026-03-25,20
Array,2026-03-20 21:50:34,bubble.js,3,28,bubble.json,thammyressouza123-spec,2026-03-20 21:50:34,2026-03-20,21
true,2026-03-20 21:50:34,bubble.js,4,33,bubble.json,thammyressouza123-spec,2026-03-20 21:50:34,2026-03-20,21
false,2026-03-20 21:50:34,bubble.js,4,60,bubble.json,thammyressouza123-spec,2026-03-20 21:50:34,2026-03-20,21
function,2026-03-20 21:50:34,bubble.js,7,1,bubble.json,thammyressouza123-spec,2026-03-20 21:50:34,2026-03-20,21
true,2026-03-20 21:50:34,bubble.js,4,33,bubble.json,thammyressouza123-spec,2026-03-20 21:50:34,2026-03-20,21
if,2026-03-20 21:50:34,bubble.js,9,5,bubble.json,thammyressouza123-spec,2026-03-20 21:50:34,2026-03-20,21
Array,2026-03-20 21:50:34,bubble.js,3,28,bubble.json,thammyressouza123-spec,2026-03-20 21:50:34,2026-03-20,21
throw,2026-03-20 21:50:34,bubble.js,10,9,bubble.json,thammyressouza123-spec,2026-03-20 21:50:34,2026-03-20,21
new,2026-03-20 21:50:34,bubble.js,10,15,bubble.json,thammyressouza123-spec,2026-03-20 21:50:34,2026-03-20,21
if,2026-03-20 21:50:34,bubble.js,9,5,bubble.json,thammyressouza123-spec,2026-03-20 21:50:34,2026-03-20,21
typeof,2026-03-20 21:50:34,bubble.js,12,27,bubble.json,thammyressouza123-spec,2026-03-20 21:50:34,2026-03-20,21
throw,2026-03-20 21:50:34,bubble.js,10,9,bubble.json,thammyressouza123-spec,2026-03-20 21:50:34,2026-03-20,21
new,2026-03-20 21:50:34,bubble.js,10,15,bubble.json,thammyressouza123-spec,2026-03-20 21:50:34,2026-03-20,21
let,2026-03-20 21:50:34,bubble.js,17,5,bubble.json,thammyressouza123-spec,2026-03-20 21:50:34,2026-03-20,21
let,2026-03-20 21:50:34,bubble.js,17,5,bubble.json,thammyressouza123-spec,2026-03-20 21:50:34,2026-03-20,21
length,2026-03-20 21:50:34,bubble.js,18,19,bubble.json,thammyressouza123-spec,2026-03-20 21:50:34,2026-03-20,21
let,2026-03-20 21:50:34,bubble.js,17,5,bubble.json,thammyressouza123-spec,2026-03-20 21:50:34,2026-03-20,21
do,2026-03-20 21:50:34,bubble.js,2,37,bubble.json,thammyressouza123-spec,2026-03-20 21:50:34,2026-03-20,21
false,2026-03-20 21:50:34,bubble.js,4,60,bubble.json,thammyressouza123-spec,2026-03-20 21:50:34,2026-03-20,21
for,2026-03-20 21:50:34,bubble.js,24,9,bubble.json,thammyressouza123-spec,2026-03-20 21:50:34,2026-03-20,21
let,2026-03-20 21:50:34,bubble.js,17,5,bubble.json,thammyressouza123-spec,2026-03-20 21:50:34,2026-03-20,21
if,2026-03-20 21:50:34,bubble.js,9,5,bubble.json,thammyressouza123-spec,2026-03-20 21:50:34,2026-03-20,21
true,2026-03-20 21:50:34,bubble.js,4,33,bubble.json,thammyressouza123-spec,2026-03-20 21:50:34,2026-03-20,21
while,2026-03-20 21:50:34,bubble.js,34,7,bubble.json,thammyressouza123-spec,2026-03-20 21:50:34,2026-03-20,21
return,2026-03-20 21:50:34,bubble.js,5,5,bubble.json,thammyressouza123-spec,2026-03-20 21:50:34,2026-03-20,21
try,2026-03-20 21:50:34,bubble.js,40,1,bubble.json,thammyressouza123-spec,2026-03-20 21:50:34,2026-03-20,21
let,2026-03-20 21:50:34,bubble.js,17,5,bubble.json,thammyressouza123-spec,2026-03-20 21:50:34,2026-03-20,21
console,2026-03-20 21:50:34,bubble.js,42,5,bubble.json,thammyressouza123-spec,2026-03-20 21:50:34,2026-03-20,21
log,2026-03-20 21:50:34,bubble.js,42,13,bubble.json,thammyressouza123-spec,2026-03-20 21:50:34,2026-03-20,21
console,2026-03-20 21:50:34,bubble.js,42,5,bubble.json,thammyressouza123-spec,2026-03-20 21:50:34,2026-03-20,21
log,2026-03-20 21:50:34,bubble.js,42,13,bubble.json,thammyressouza123-spec,2026-03-20 21:50:34,2026-03-20,21
true,2026-03-20 21:50:34,bubble.js,4,33,bubble.json,thammyressouza123-spec,2026-03-20 21:50:34,2026-03-20,21
console,2026-03-20 21:50:34,bubble.js,42,5,bubble.json,thammyressouza123-spec,2026-03-20 21:50:34,2026-03-20,21
log,2026-03-20 21:50:34,bubble.js,42,13,bubble.json,thammyressouza123-spec,2026-03-20 21:50:34,2026-03-20,21
false,2026-03-20 21:50:34,bubble.js,4,60,bubble.json,thammyressouza123-spec,2026-03-20 21:50:34,2026-03-20,21
catch,2026-03-20 21:50:34,bubble.js,45,3,bubble.json,thammyressouza123-spec,2026-03-20 21:50:34,2026-03-20,21
error,2026-03-20 21:50:34,bubble.js,45,10,bubble.json,thammyressouza123-spec,2026-03-20 21:50:34,2026-03-20,21
console,2026-03-20 21:50:34,bubble.js,42,5,bubble.json,thammyressouza123-spec,2026-03-20 21:50:34,2026-03-20,21
error,2026-03-20 21:50:34,bubble.js,45,10,bubble.json,thammyressouza123-spec,2026-03-20 21:50:34,2026-03-20,21
error,2026-03-20 21:50:34,bubble.js,45,10,bubble.json,thammyressouza123-spec,2026-03-20 21:50:34,2026-03-20,21
function,2026-03-20 22:13:10,bubble.js,1,1,bubble.json,thammyressouza123-spec,2026-03-20 22:13:10,2026-03-20,22
let,2026-03-20 22:13:10,bubble.js,2,3,bubble.json,thammyressouza123-spec,2026-03-20 22:13:10,2026-03-20,22
length,2026-03-20 22:13:10,bubble.js,2,15,bubble.json,thammyressouza123-spec,2026-03-20 22:13:10,2026-03-20,22
for,2026-03-20 22:13:10,bubble.js,4,3,bubble.json,thammyressouza123-spec,2026-03-20 22:13:10,2026-03-20,22
let,2026-03-20 22:13:10,bubble.js,2,3,bubble.json,thammyressouza123-spec,2026-03-20 22:13:10,2026-03-20,22
for,2026-03-20 22:13:10,bubble.js,4,3,bubble.json,thammyressouza123-spec,2026-03-20 22:13:10,2026-03-20,22
let,2026-03-20 22:13:10,bubble.js,2,3,bubble.json,thammyressouza123-spec,2026-03-20 22:13:10,2026-03-20,22
if,2026-03-20 22:13:10,bubble.js,6,7,bubble.json,thammyressouza123-spec,2026-03-20 22:13:10,2026-03-20,22
let,2026-03-20 22:13:10,bubble.js,2,3,bubble.json,thammyressouza123-spec,2026-03-20 22:13:10,2026-03-20,22
return,2026-03-20 22:13:10,bubble.js,14,3,bubble.json,thammyressouza123-spec,2026-03-20 22:13:10,2026-03-20,22
console,2026-03-20 22:13:10,bubble.js,17,1,bubble.json,thammyressouza123-spec,2026-03-20 22:13:10,2026-03-20,22
log,2026-03-20 22:13:10,bubble.js,17,9,bubble.json,thammyressouza123-spec,2026-03-20 22:13:10,2026-03-20,22
var,2026-03-06 21:37:31,aprovacao_02.js,1,1,aprovacao_02.json,thammyressouza123-spec,2026-03-06 21:37:31,2026-03-06,21
do,2026-03-06 21:37:31,aprovacao_02.js,1,49,aprovacao_02.json,thammyressouza123-spec,2026-03-06 21:37:31,2026-03-06,21
var,2026-03-06 21:37:31,aprovacao_02.js,1,1,aprovacao_02.json,thammyressouza123-spec,2026-03-06 21:37:31,2026-03-06,21
parseFloat,2026-03-06 21:37:31,aprovacao_02.js,3,16,aprovacao_02.json,thammyressouza123-spec,2026-03-06 21:37:31,2026-03-06,21
prompt,2026-03-06 21:37:31,aprovacao_02.js,3,27,aprovacao_02.json,thammyressouza123-spec,2026-03-06 21:37:31,2026-03-06,21
var,2026-03-06 21:37:31,aprovacao_02.js,1,1,aprovacao_02.json,thammyressouza123-spec,2026-03-06 21:37:31,2026-03-06,21
parseFloat,2026-03-06 21:37:31,aprovacao_02.js,3,16,aprovacao_02.json,thammyressouza123-spec,2026-03-06 21:37:31,2026-03-06,21
prompt,2026-03-06 21:37:31,aprovacao_02.js,3,27,aprovacao_02.json,thammyressouza123-spec,2026-03-06 21:37:31,2026-03-06,21
var,2026-03-06 21:37:31,aprovacao_02.js,1,1,aprovacao_02.json,thammyressouza123-spec,2026-03-06 21:37:31,2026-03-06,21
alert,2026-03-06 21:37:31,aprovacao_02.js,6,3,aprovacao_02.json,thammyressouza123-spec,2026-03-06 21:37:31,2026-03-06,21
if,2026-03-06 21:37:31,aprovacao_02.js,7,1,aprovacao_02.json,thammyressouza123-spec,2026-03-06 21:37:31,2026-03-06,21
alert,2026-03-06 21:37:31,aprovacao_02.js,6,3,aprovacao_02.json,thammyressouza123-spec,2026-03-06 21:37:31,2026-03-06,21
else,2026-03-06 21:37:31,aprovacao_02.js,11,1,aprovacao_02.json,thammyressouza123-spec,2026-03-06 21:37:31,2026-03-06,21
if,2026-03-06 21:37:31,aprovacao_02.js,7,1,aprovacao_02.json,thammyressouza123-spec,2026-03-06 21:37:31,2026-03-06,21
alert,2026-03-06 21:37:31,aprovacao_02.js,6,3,aprovacao_02.json,thammyressouza123-spec,2026-03-06 21:37:31,2026-03-06,21
parseFloat,2026-03-06 21:37:31,aprovacao_02.js,3,16,aprovacao_02.json,thammyressouza123-spec,2026-03-06 21:37:31,2026-03-06,21
prompt,2026-03-06 21:37:31,aprovacao_02.js,3,27,aprovacao_02.json,thammyressouza123-spec,2026-03-06 21:37:31,2026-03-06,21
if,2026-03-06 21:37:31,aprovacao_02.js,7,1,aprovacao_02.json,thammyressouza123-spec,2026-03-06 21:37:31,2026-03-06,21
alert,2026-03-06 21:37:31,aprovacao_02.js,6,3,aprovacao_02.json,thammyressouza123-spec,2026-03-06 21:37:31,2026-03-06,21
else,2026-03-06 21:37:31,aprovacao_02.js,11,1,aprovacao_02.json,thammyressouza123-spec,2026-03-06 21:37:31,2026-03-06,21
alert,2026-03-06 21:37:31,aprovacao_02.js,6,3,aprovacao_02.json,thammyressouza123-spec,2026-03-06 21:37:31,2026-03-06,21
else,2026-03-06 21:37:31,aprovacao_02.js,11,1,aprovacao_02.json,thammyressouza123-spec,2026-03-06 21:37:31,2026-03-06,21
alert,2026-03-06 21:37:31,aprovacao_02.js,6,3,aprovacao_02.json,thammyressouza123-spec,2026-03-06 21:37:31,2026-03-06,21
while,2026-03-06 21:37:31,aprovacao_02.js,29,2,aprovacao_02.json,thammyressouza123-spec,2026-03-06 21:37:31,2026-03-06,21
alert,2026-03-06 21:37:31,aprovacao_02.js,6,3,aprovacao_02.json,thammyressouza123-spec,2026-03-06 21:37:31,2026-03-06,21
parseFloat,2026-03-06 21:57:12,dcremento.js,3,24,dcremento.json,thammyressouza123-spec,2026-03-06 21:57:12,2026-03-06,21
parseFloat,2026-03-06 21:57:47,dcremento.js,3,17,dcremento.json,thammyressouza123-spec,2026-03-06 21:57:47,2026-03-06,21
while,2026-03-06 21:59:53,dcremento.js,2,1,dcremento.json,thammyressouza123-spec,2026-03-06 21:59:53,2026-03-06,21
alert,2026-03-06 22:00:18,dcremento.js,3,5,dcremento.json,thammyressouza123-spec,2026-03-06 22:00:18,2026-03-06,22
alert,2026-03-20 20:18:18,troca.js,3,1,troca.json,thammyressouza123-spec,2026-03-20 20:18:18,2026-03-20,20
alert,2026-03-20 20:19:38,troca.js,4,1,troca.json,thammyressouza123-spec,2026-03-20 20:19:38,2026-03-20,20
Math,2026-03-20 20:19:53,troca.js,4,7,troca.json,thammyressouza123-spec,2026-03-20 20:19:53,2026-03-20,20
trunc,2026-03-20 20:20:06,troca.js,4,12,troca.json,thammyressouza123-spec,2026-03-20 20:20:06,2026-03-20,20
E,2026-03-20 20:32:06,troca.js,2,23,troca.json,thammyressouza123-spec,2026-03-20 20:32:06,2026-03-20,20
alert,2026-03-20 20:36:33,troca.js,6,1,troca.json,thammyressouza123-spec,2026-03-20 20:36:33,2026-03-20,20
for,2026-03-12 20:20:17,vetor_jogos.js,3,1,vetor_jogos.json,thammyressouza123-spec,2026-03-12 20:20:17,2026-03-12,20
for,2026-03-12 20:27:10,vetor_jogos.js,3,1,vetor_jogos.json,thammyressouza123-spec,2026-03-12 20:27:10,2026-03-12,20
for,2026-03-12 20:43:30,vetor_jogos.js,8,1,vetor_jogos.json,thammyressouza123-spec,2026-03-12 20:43:30,2026-03-12,20
alert,2026-02-20 20:36:50,main.js,1,1,main.json,ribamarvasconcelos51-dotcom,2026-02-20 20:36:50,2026-02-20,20
prompt,2026-02-20 20:39:58,main.js,1,12,main.json,ribamarvasconcelos51-dotcom,2026-02-20 20:39:58,2026-02-20,20
alert,2026-02-20 20:40:59,main.js,2,1,main.json,ribamarvasconcelos51-dotcom,2026-02-20 20:40:59,2026-02-20,20
for,2026-02-20 21:19:53,for.js,1,1,for.json,ribamarvasconcelos51-dotcom,2026-02-20 21:19:53,2026-02-20,21
for,2026-02-20 21:24:23,for.js,2,1,for.json,ribamarvasconcelos51-dotcom,2026-02-20 21:24:23,2026-02-20,21
for,2026-02-20 21:33:58,for.js,9,9,for.json,ribamarvasconcelos51-dotcom,2026-02-20 21:33:58,2026-02-20,21
parseInt,2026-02-27 20:05:07,domingos.js,3,11,domingos.json,mariabessagn,2026-02-27 20:05:07,2026-02-27,20
for,2026-02-27 20:06:06,domingos.js,4,1,domingos.json,mariabessagn,2026-02-27 20:06:06,2026-02-27,20
for,2026-02-27 20:08:10,domingos.js,2,1,domingos.json,mariabessagn,2026-02-27 20:08:10,2026-02-27,20
parseInt,2026-02-27 20:09:03,domingos.js,2,7,domingos.json,mariabessagn,2026-02-27 20:09:03,2026-02-27,20
prompt,2026-02-27 20:09:08,domingos.js,2,16,domingos.json,mariabessagn,2026-02-27 20:09:08,2026-02-27,20
for,2026-02-27 20:09:46,domingos.js,3,1,domingos.json,mariabessagn,2026-02-27 20:09:46,2026-02-27,20
parseInt,2026-02-27 20:16:23,domingos.js,3,11,domingos.json,mariabessagn,2026-02-27 20:16:23,2026-02-27,20
E,2026-02-27 20:18:11,domingos.js,3,29,domingos.json,mariabessagn,2026-02-27 20:18:11,2026-02-27,20
for,2026-02-27 20:24:02,domingos.js,4,1,domingos.json,mariabessagn,2026-02-27 20:24:02,2026-02-27,20
for,2026-02-27 20:27:40,domingos.js,8,1,domingos.json,mariabessagn,2026-02-27 20:27:40,2026-02-27,20
parseInt,2026-02-27 20:41:00,domingos.js,1,17,domingos.json,mariabessagn,2026-02-27 20:41:00,2026-02-27,20
parseInt,2026-02-27 20:44:36,domingos.js,2,24,domingos.json,mariabessagn,2026-02-27 20:44:36,2026-02-27,20
for,2026-02-27 20:46:32,domingos.js,5,1,domingos.json,mariabessagn,2026-02-27 20:46:32,2026-02-27,20
for,2026-02-27 22:23:38,domingos.js,12,5,domingos.json,mariabessagn,2026-02-27 22:23:38,2026-02-27,22
alert,2026-02-27 22:26:35,domingos.js,15,1,domingos.json,mariabessagn,2026-02-27 22:26:35,2026-02-27,22
parseInt,2026-03-12 19:52:11,vaquinha.js,3,15,vaquinha.json,mariabessagn,2026-03-12 19:52:11,2026-03-12,19
parseFloat,2026-03-12 19:53:53,vaquinha.js,5,18,vaquinha.json,mariabessagn,2026-03-12 19:53:53,2026-03-12,19
alert,2026-03-12 19:56:25,vaquinha.js,8,1,vaquinha.json,mariabessagn,2026-03-12 19:56:25,2026-03-12,19
for,2026-03-12 20:07:41,vaquinha.js,9,1,vaquinha.json,mariabessagn,2026-03-12 20:07:41,2026-03-12,20
parseInt,2026-03-25 21:19:59,funcaosoma.js,4,9,funcaosoma.json,mariabessagn,2026-03-25 21:19:59,2026-03-25,21
alert,2026-03-25 21:20:51,funcaosoma.js,6,1,funcaosoma.json,mariabessagn,2026-03-25 21:20:51,2026-03-25,21
E,2026-03-25 21:33:00,funcaosoma.js,1,2,funcaosoma.json,mariabessagn,2026-03-25 21:33:00,2026-03-25,21
parseInt,2026-03-25 21:33:22,funcaosoma.js,1,17,funcaosoma.json,mariabessagn,2026-03-25 21:33:22,2026-03-25,21
function,2026-03-25 21:36:03,funcaosoma.js,8,1,funcaosoma.json,mariabessagn,2026-03-25 21:36:03,2026-03-25,21
return,2026-03-25 21:36:03,funcaosoma.js,9,6,funcaosoma.json,mariabessagn,2026-03-25 21:36:03,2026-03-25,21
var,2026-03-25 21:36:03,funcaosoma.js,11,1,funcaosoma.json,mariabessagn,2026-03-25 21:36:03,2026-03-25,21
parseInt,2026-03-25 21:36:03,funcaosoma.js,11,9,funcaosoma.json,mariabessagn,2026-03-25 21:36:03,2026-03-25,21
prompt,2026-03-25 21:36:03,funcaosoma.js,11,18,funcaosoma.json,mariabessagn,2026-03-25 21:36:03,2026-03-25,21
var,2026-03-25 21:36:03,funcaosoma.js,11,1,funcaosoma.json,mariabessagn,2026-03-25 21:36:03,2026-03-25,21
parseInt,2026-03-25 21:36:03,funcaosoma.js,11,9,funcaosoma.json,mariabessagn,2026-03-25 21:36:03,2026-03-25,21
prompt,2026-03-25 21:36:03,funcaosoma.js,11,18,funcaosoma.json,mariabessagn,2026-03-25 21:36:03,2026-03-25,21
alert,2026-03-25 21:36:03,funcaosoma.js,13,1,funcaosoma.json,mariabessagn,2026-03-25 21:36:03,2026-03-25,21
function,2026-03-25 21:37:26,funcaosoma.js,8,1,funcaosoma.json,mariabessagn,2026-03-25 21:37:26,2026-03-25,21
return,2026-03-25 21:37:26,funcaosoma.js,9,6,funcaosoma.json,mariabessagn,2026-03-25 21:37:26,2026-03-25,21
var,2026-03-25 21:37:26,funcaosoma.js,11,1,funcaosoma.json,mariabessagn,2026-03-25 21:37:26,2026-03-25,21
parseInt,2026-03-25 21:37:26,funcaosoma.js,11,9,funcaosoma.json,mariabessagn,2026-03-25 21:37:26,2026-03-25,21
prompt,2026-03-25 21:37:26,funcaosoma.js,11,18,funcaosoma.json,mariabessagn,2026-03-25 21:37:26,2026-03-25,21
var,2026-03-25 21:37:26,funcaosoma.js,11,1,funcaosoma.json,mariabessagn,2026-03-25 21:37:26,2026-03-25,21
parseInt,2026-03-25 21:37:26,funcaosoma.js,11,9,funcaosoma.json,mariabessagn,2026-03-25 21:37:26,2026-03-25,21
prompt,2026-03-25 21:37:26,funcaosoma.js,11,18,funcaosoma.json,mariabessagn,2026-03-25 21:37:26,2026-03-25,21
alert,2026-03-25 21:37:26,funcaosoma.js,13,1,funcaosoma.json,mariabessagn,2026-03-25 21:37:26,2026-03-25,21
function,2026-03-25 21:37:30,funcaosoma.js,14,1,funcaosoma.json,mariabessagn,2026-03-25 21:37:30,2026-03-25,21
return,2026-03-25 21:37:30,funcaosoma.js,15,6,funcaosoma.json,mariabessagn,2026-03-25 21:37:30,2026-03-25,21
var,2026-03-25 21:37:30,funcaosoma.js,17,1,funcaosoma.json,mariabessagn,2026-03-25 21:37:30,2026-03-25,21
parseInt,2026-03-25 21:37:30,funcaosoma.js,17,9,funcaosoma.json,mariabessagn,2026-03-25 21:37:30,2026-03-25,21
prompt,2026-03-25 21:37:30,funcaosoma.js,17,18,funcaosoma.json,mariabessagn,2026-03-25 21:37:30,2026-03-25,21
var,2026-03-25 21:37:30,funcaosoma.js,17,1,funcaosoma.json,mariabessagn,2026-03-25 21:37:30,2026-03-25,21
parseInt,2026-03-25 21:37:30,funcaosoma.js,17,9,funcaosoma.json,mariabessagn,2026-03-25 21:37:30,2026-03-25,21
prompt,2026-03-25 21:37:30,funcaosoma.js,17,18,funcaosoma.json,mariabessagn,2026-03-25 21:37:30,2026-03-25,21
alert,2026-03-25 21:37:30,funcaosoma.js,19,1,funcaosoma.json,mariabessagn,2026-03-25 21:37:30,2026-03-25,21
function,2026-03-25 21:38:08,funcaosoma.js,20,1,funcaosoma.json,mariabessagn,2026-03-25 21:38:08,2026-03-25,21
return,2026-03-25 21:38:08,funcaosoma.js,21,6,funcaosoma.json,mariabessagn,2026-03-25 21:38:08,2026-03-25,21
var,2026-03-25 21:38:08,funcaosoma.js,23,1,funcaosoma.json,mariabessagn,2026-03-25 21:38:08,2026-03-25,21
parseInt,2026-03-25 21:38:08,funcaosoma.js,23,9,funcaosoma.json,mariabessagn,2026-03-25 21:38:08,2026-03-25,21
prompt,2026-03-25 21:38:08,funcaosoma.js,23,18,funcaosoma.json,mariabessagn,2026-03-25 21:38:08,2026-03-25,21
var,2026-03-25 21:38:08,funcaosoma.js,23,1,funcaosoma.json,mariabessagn,2026-03-25 21:38:08,2026-03-25,21
parseInt,2026-03-25 21:38:08,funcaosoma.js,23,9,funcaosoma.json,mariabessagn,2026-03-25 21:38:08,2026-03-25,21
prompt,2026-03-25 21:38:08,funcaosoma.js,23,18,funcaosoma.json,mariabessagn,2026-03-25 21:38:08,2026-03-25,21
alert,2026-03-25 21:38:08,funcaosoma.js,25,1,funcaosoma.json,mariabessagn,2026-03-25 21:38:08,2026-03-25,21
parseInt,2026-03-25 21:51:29,funcaosoma.js,14,9,funcaosoma.json,mariabessagn,2026-03-25 21:51:29,2026-03-25,21
parseInt,2026-03-25 21:51:58,funcaosoma.js,15,8,funcaosoma.json,mariabessagn,2026-03-25 21:51:58,2026-03-25,21
prompt,2026-03-25 21:52:02,funcaosoma.js,15,17,funcaosoma.json,mariabessagn,2026-03-25 21:52:02,2026-03-25,21
switch,2026-03-25 21:52:44,funcaosoma.js,16,1,funcaosoma.json,mariabessagn,2026-03-25 21:52:44,2026-03-25,21
alert,2026-03-25 21:53:52,funcaosoma.js,18,9,funcaosoma.json,mariabessagn,2026-03-25 21:53:52,2026-03-25,21
break,2026-03-25 21:54:11,funcaosoma.js,18,25,funcaosoma.json,mariabessagn,2026-03-25 21:54:11,2026-03-25,21
alert,2026-03-25 21:54:57,funcaosoma.js,20,13,funcaosoma.json,mariabessagn,2026-03-25 21:54:57,2026-03-25,21
break,2026-03-25 21:55:17,funcaosoma.js,20,35,funcaosoma.json,mariabessagn,2026-03-25 21:55:17,2026-03-25,21
alert,2026-03-25 21:55:53,funcaosoma.js,22,17,funcaosoma.json,mariabessagn,2026-03-25 21:55:53,2026-03-25,21
break,2026-03-25 21:56:30,funcaosoma.js,22,43,funcaosoma.json,mariabessagn,2026-03-25 21:56:30,2026-03-25,21
alert,2026-03-25 21:56:56,funcaosoma.js,24,21,funcaosoma.json,mariabessagn,2026-03-25 21:56:56,2026-03-25,21
break,2026-03-25 21:57:10,funcaosoma.js,24,41,funcaosoma.json,mariabessagn,2026-03-25 21:57:10,2026-03-25,21
alert,2026-03-25 21:58:02,funcaosoma.js,25,21,funcaosoma.json,mariabessagn,2026-03-25 21:58:02,2026-03-25,21
E,2026-03-25 21:58:24,funcaosoma.js,25,22,funcaosoma.json,mariabessagn,2026-03-25 21:58:24,2026-03-25,21
alert,2026-03-25 21:58:31,funcaosoma.js,26,21,funcaosoma.json,mariabessagn,2026-03-25 21:58:31,2026-03-25,21
parseInt,2026-03-03 20:21:53,exercicio_05.js,1,13,exercicio_05.json,mariabessagn,2026-03-03 20:21:53,2026-03-03,20
alert,2026-03-03 20:22:38,exercicio_05.js,3,5,exercicio_05.json,mariabessagn,2026-03-03 20:22:38,2026-03-03,20
E,2026-03-03 20:22:41,exercicio_05.js,3,12,exercicio_05.json,mariabessagn,2026-03-03 20:22:41,2026-03-03,20
else,2026-03-03 20:23:12,exercicio_05.js,4,1,exercicio_05.json,mariabessagn,2026-03-03 20:23:12,2026-03-03,20
E,2026-03-03 20:23:17,exercicio_05.js,4,12,exercicio_05.json,mariabessagn,2026-03-03 20:23:17,2026-03-03,20
alert,2026-03-20 19:45:47,espalhamento_minimo.js,2,1,espalhamento_minimo.json,mariabessagn,2026-03-20 19:45:47,2026-03-20,19
Math,2026-03-20 19:45:55,espalhamento_minimo.js,2,7,espalhamento_minimo.json,mariabessagn,2026-03-20 19:45:55,2026-03-20,19
min,2026-03-20 19:46:03,espalhamento_minimo.js,2,12,espalhamento_minimo.json,mariabessagn,2026-03-20 19:46:03,2026-03-20,19
min,2026-03-20 19:47:23,espalhamento_minimo.js,2,12,espalhamento_minimo.json,mariabessagn,2026-03-20 19:47:23,2026-03-20,19
for,2026-02-26 20:03:08,jogos.js,7,1,jogos.json,mariabessagn,2026-02-26 20:03:08,2026-02-26,20
alert,2026-02-26 20:26:40,jogos.js,12,1,jogos.json,mariabessagn,2026-02-26 20:26:40,2026-02-26,20
alert,2026-02-26 20:27:34,jogos.js,6,1,jogos.json,mariabessagn,2026-02-26 20:27:34,2026-02-26,20
alert,2026-02-26 20:29:20,jogos.js,7,1,jogos.json,mariabessagn,2026-02-26 20:29:20,2026-02-26,20
alert,2026-02-26 20:31:42,jogos.js,7,1,jogos.json,mariabessagn,2026-02-26 20:31:42,2026-02-26,20
alert,2026-03-19 22:14:58,maiorde3math.js,2,1,maiorde3math.json,mariabessagn,2026-03-19 22:14:58,2026-03-19,22
Math,2026-03-19 22:15:11,maiorde3math.js,2,7,maiorde3math.json,mariabessagn,2026-03-19 22:15:11,2026-03-19,22
max,2026-03-19 22:15:37,maiorde3math.js,2,12,maiorde3math.json,mariabessagn,2026-03-19 22:15:37,2026-03-19,22
alert,2026-02-20 20:36:54,main.js,1,1,main.json,mariabessagn,2026-02-20 20:36:54,2026-02-20,20
alert,2026-02-20 20:40:29,main.js,2,1,main.json,mariabessagn,2026-02-20 20:40:29,2026-02-20,20
E,2026-02-24 21:19:14,exercicio_01.js,1,2,exercicio_01.json,mariabessagn,2026-02-24 21:19:14,2026-02-24,21
parseInt,2026-02-24 21:20:13,exercicio_01.js,1,11,exercicio_01.json,mariabessagn,2026-02-24 21:20:13,2026-02-24,21
parseInt,2026-02-24 21:21:57,exercicio_01.js,2,12,exercicio_01.json,mariabessagn,2026-02-24 21:21:57,2026-02-24,21
alert,2026-02-24 21:27:55,exercicio_01.js,5,1,exercicio_01.json,mariabessagn,2026-02-24 21:27:55,2026-02-24,21
while,2026-03-03 22:05:48,exercicio_08.js,5,1,exercicio_08.json,mariabessagn,2026-03-03 22:05:48,2026-03-03,22
alert,2026-03-03 22:08:10,exercicio_08.js,6,5,exercicio_08.json,mariabessagn,2026-03-03 22:08:10,2026-03-03,22
E,2026-03-03 22:08:34,exercicio_08.js,6,13,exercicio_08.json,mariabessagn,2026-03-03 22:08:34,2026-03-03,22
while,2026-03-06 22:11:15,jogos02.js,2,1,jogos02.json,mariabessagn,2026-03-06 22:11:15,2026-03-06,22
alert,2026-03-06 22:11:31,jogos02.js,3,5,jogos02.json,mariabessagn,2026-03-06 22:11:31,2026-03-06,22
alert,2026-03-06 22:14:28,jogos02.js,3,5,jogos02.json,mariabessagn,2026-03-06 22:14:28,2026-03-06,22
E,2026-03-06 22:26:36,jogos02.js,2,10,jogos02.json,mariabessagn,2026-03-06 22:26:36,2026-03-06,22
E,2026-03-06 22:26:59,jogos02.js,6,6,jogos02.json,mariabessagn,2026-03-06 22:26:59,2026-03-06,22
alert,2026-03-06 22:27:19,jogos02.js,8,1,jogos02.json,mariabessagn,2026-03-06 22:27:19,2026-03-06,22
E,2026-03-06 22:28:31,jogos02.js,8,20,jogos02.json,mariabessagn,2026-03-06 22:28:31,2026-03-06,22
E,2026-03-06 22:28:36,jogos02.js,8,20,jogos02.json,mariabessagn,2026-03-06 22:28:36,2026-03-06,22
prompt,2026-02-24 21:55:10,exercicio_02.js,1,19,exercicio_02.json,mariabessagn,2026-02-24 21:55:10,2026-02-24,21
E,2026-02-24 22:00:30,exercicio_02.js,3,8,exercicio_02.json,mariabessagn,2026-02-24 22:00:30,2026-02-24,22
E,2026-02-24 22:01:46,exercicio_02.js,3,8,exercicio_02.json,mariabessagn,2026-02-24 22:01:46,2026-02-24,22
E,2026-02-24 22:05:10,exercicio_02.js,3,37,exercicio_02.json,mariabessagn,2026-02-24 22:05:10,2026-02-24,22
parseInt,2026-02-24 22:06:28,exercicio_02.js,1,19,exercicio_02.json,mariabessagn,2026-02-24 22:06:28,2026-02-24,22
parseInt,2026-03-26 19:36:11,revisaovetor.js,1,15,revisaovetor.json,mariabessagn,2026-03-26 19:36:11,2026-03-26,19
alert,2026-03-26 19:37:30,revisaovetor.js,3,1,revisaovetor.json,mariabessagn,2026-03-26 19:37:30,2026-03-26,19
parseInt,2026-03-26 19:40:27,revisaovetor.js,2,15,revisaovetor.json,mariabessagn,2026-03-26 19:40:27,2026-03-26,19
prompt,2026-03-26 19:40:32,revisaovetor.js,2,24,revisaovetor.json,mariabessagn,2026-03-26 19:40:32,2026-03-26,19
let,2026-03-26 19:41:05,revisaovetor.js,3,1,revisaovetor.json,mariabessagn,2026-03-26 19:41:05,2026-03-26,19
parseInt,2026-03-26 19:41:05,revisaovetor.js,4,3,revisaovetor.json,mariabessagn,2026-03-26 19:41:05,2026-03-26,19
prompt,2026-03-26 19:41:05,revisaovetor.js,4,12,revisaovetor.json,mariabessagn,2026-03-26 19:41:05,2026-03-26,19
for,2026-03-26 19:43:32,revisaovetor.js,3,1,revisaovetor.json,mariabessagn,2026-03-26 19:43:32,2026-03-26,19
let,2026-03-26 19:45:59,revisaovetor.js,4,1,revisaovetor.json,mariabessagn,2026-03-26 19:45:59,2026-03-26,19
parseInt,2026-03-26 19:45:59,revisaovetor.js,4,15,revisaovetor.json,mariabessagn,2026-03-26 19:45:59,2026-03-26,19
prompt,2026-03-26 19:45:59,revisaovetor.js,4,24,revisaovetor.json,mariabessagn,2026-03-26 19:45:59,2026-03-26,19
let,2026-03-26 19:46:00,revisaovetor.js,3,1,revisaovetor.json,mariabessagn,2026-03-26 19:46:00,2026-03-26,19
parseInt,2026-03-26 19:46:00,revisaovetor.js,3,15,revisaovetor.json,mariabessagn,2026-03-26 19:46:00,2026-03-26,19
prompt,2026-03-26 19:46:00,revisaovetor.js,3,24,revisaovetor.json,mariabessagn,2026-03-26 19:46:00,2026-03-26,19
for,2026-03-26 19:46:15,revisaovetor.js,3,1,revisaovetor.json,mariabessagn,2026-03-26 19:46:15,2026-03-26,19
let,2026-03-26 19:46:47,revisaovetor.js,3,1,revisaovetor.json,mariabessagn,2026-03-26 19:46:47,2026-03-26,19
parseInt,2026-03-26 19:46:47,revisaovetor.js,3,15,revisaovetor.json,mariabessagn,2026-03-26 19:46:47,2026-03-26,19
prompt,2026-03-26 19:46:47,revisaovetor.js,3,24,revisaovetor.json,mariabessagn,2026-03-26 19:46:47,2026-03-26,19
let,2026-03-26 19:53:40,revisaovetor.js,5,1,revisaovetor.json,mariabessagn,2026-03-26 19:53:40,2026-03-26,19
parseInt,2026-03-26 19:53:40,revisaovetor.js,5,9,revisaovetor.json,mariabessagn,2026-03-26 19:53:40,2026-03-26,19
prompt,2026-03-26 19:53:40,revisaovetor.js,5,18,revisaovetor.json,mariabessagn,2026-03-26 19:53:40,2026-03-26,19
parseInt,2026-03-26 19:54:50,revisaovetor.js,4,18,revisaovetor.json,mariabessagn,2026-03-26 19:54:50,2026-03-26,19
for,2026-03-13 19:43:57,vetor_tabuada.js,3,1,vetor_tabuada.json,mariabessagn,2026-03-13 19:43:57,2026-03-13,19
parseInt,2026-03-13 19:55:34,vetor_tabuada.js,3,13,vetor_tabuada.json,mariabessagn,2026-03-13 19:55:34,2026-03-13,19
parseInt,2026-03-12 21:27:07,vetor_par-impar.js,1,19,vetor_par-impar.json,mariabessagn,2026-03-12 21:27:07,2026-03-12,21
parseFloat,2026-03-12 21:27:14,vetor_par-impar.js,1,18,vetor_par-impar.json,mariabessagn,2026-03-12 21:27:14,2026-03-12,21
parseInt,2026-03-12 21:27:18,vetor_par-impar.js,1,18,vetor_par-impar.json,mariabessagn,2026-03-12 21:27:18,2026-03-12,21
prompt,2026-03-12 21:27:25,vetor_par-impar.js,1,27,vetor_par-impar.json,mariabessagn,2026-03-12 21:27:25,2026-03-12,21
const,2026-03-12 21:28:58,vetor_par-impar.js,1,1,vetor_par-impar.json,mariabessagn,2026-03-12 21:28:58,2026-03-12,21
const,2026-03-12 21:28:59,vetor_par-impar.js,2,1,vetor_par-impar.json,mariabessagn,2026-03-12 21:28:59,2026-03-12,21
for,2026-03-12 21:34:52,vetor_par-impar.js,4,1,vetor_par-impar.json,mariabessagn,2026-03-12 21:34:52,2026-03-12,21
let,2026-03-12 21:34:52,vetor_par-impar.js,4,6,vetor_par-impar.json,mariabessagn,2026-03-12 21:34:52,2026-03-12,21
parseInt,2026-03-12 21:34:52,vetor_par-impar.js,5,15,vetor_par-impar.json,mariabessagn,2026-03-12 21:34:52,2026-03-12,21
prompt,2026-03-12 21:34:52,vetor_par-impar.js,5,24,vetor_par-impar.json,mariabessagn,2026-03-12 21:34:52,2026-03-12,21
if,2026-03-12 21:34:52,vetor_par-impar.js,6,5,vetor_par-impar.json,mariabessagn,2026-03-12 21:34:52,2026-03-12,21
else,2026-03-12 21:34:52,vetor_par-impar.js,9,5,vetor_par-impar.json,mariabessagn,2026-03-12 21:34:52,2026-03-12,21
alert,2026-03-12 21:34:52,vetor_par-impar.js,12,5,vetor_par-impar.json,mariabessagn,2026-03-12 21:34:52,2026-03-12,21
let,2026-03-12 21:35:58,vetor_par-impar.js,3,1,vetor_par-impar.json,mariabessagn,2026-03-12 21:35:58,2026-03-12,21
let,2026-03-12 21:45:22,vetor_par-impar.js,9,13,vetor_par-impar.json,mariabessagn,2026-03-12 21:45:22,2026-03-12,21
const,2026-03-12 21:53:44,vetor_par-impar.js,3,1,vetor_par-impar.json,mariabessagn,2026-03-12 21:53:44,2026-03-12,21
const,2026-03-12 21:53:48,vetor_par-impar.js,1,1,vetor_par-impar.json,mariabessagn,2026-03-12 21:53:48,2026-03-12,21
const,2026-03-12 21:53:57,vetor_par-impar.js,1,18,vetor_par-impar.json,mariabessagn,2026-03-12 21:53:57,2026-03-12,21
let,2026-03-12 21:54:20,vetor_par-impar.js,4,3,vetor_par-impar.json,mariabessagn,2026-03-12 21:54:20,2026-03-12,21
for,2026-03-12 22:25:51,vetor_par-impar.js,17,1,vetor_par-impar.json,mariabessagn,2026-03-12 22:25:51,2026-03-12,22
let,2026-03-12 22:25:51,vetor_par-impar.js,17,6,vetor_par-impar.json,mariabessagn,2026-03-12 22:25:51,2026-03-12,22
parseInt,2026-03-05 19:52:45,aprovacao.js,1,13,aprovacao.json,mariabessagn,2026-03-05 19:52:45,2026-03-05,19
parseInt,2026-03-05 19:53:15,aprovacao.js,2,13,aprovacao.json,mariabessagn,2026-03-05 19:53:15,2026-03-05,19
parseFloat,2026-03-05 20:01:01,aprovacao.js,1,13,aprovacao.json,mariabessagn,2026-03-05 20:01:01,2026-03-05,20
parseFloat,2026-03-05 20:01:14,aprovacao.js,2,13,aprovacao.json,mariabessagn,2026-03-05 20:01:14,2026-03-05,20
if,2026-03-05 20:01:37,aprovacao.js,4,1,aprovacao.json,mariabessagn,2026-03-05 20:01:37,2026-03-05,20
alert,2026-03-05 20:03:08,aprovacao.js,5,5,aprovacao.json,mariabessagn,2026-03-05 20:03:08,2026-03-05,20
alert,2026-03-05 20:05:53,aprovacao.js,4,1,aprovacao.json,mariabessagn,2026-03-05 20:05:53,2026-03-05,20
if,2026-03-05 20:07:03,aprovacao.js,7,6,aprovacao.json,mariabessagn,2026-03-05 20:07:03,2026-03-05,20
let,2026-03-05 20:10:10,aprovacao.js,3,1,aprovacao.json,mariabessagn,2026-03-05 20:10:10,2026-03-05,20
parseFloat,2026-03-05 20:10:10,aprovacao.js,3,13,aprovacao.json,mariabessagn,2026-03-05 20:10:10,2026-03-05,20
prompt,2026-03-05 20:10:10,aprovacao.js,3,24,aprovacao.json,mariabessagn,2026-03-05 20:10:10,2026-03-05,20
alert,2026-03-05 20:12:01,aprovacao.js,9,5,aprovacao.json,mariabessagn,2026-03-05 20:12:01,2026-03-05,20
else,2026-03-05 20:19:28,aprovacao.js,9,1,aprovacao.json,mariabessagn,2026-03-05 20:19:28,2026-03-05,20
alert,2026-03-05 20:19:33,aprovacao.js,10,5,aprovacao.json,mariabessagn,2026-03-05 20:19:33,2026-03-05,20
parseFloat,2026-03-05 20:22:53,aprovacao.js,9,12,aprovacao.json,mariabessagn,2026-03-05 20:22:53,2026-03-05,20
else,2026-03-05 20:29:05,aprovacao.js,9,5,aprovacao.json,mariabessagn,2026-03-05 20:29:05,2026-03-05,20
else,2026-03-05 20:29:33,aprovacao.js,12,1,aprovacao.json,mariabessagn,2026-03-05 20:29:33,2026-03-05,20
if,2026-03-05 20:32:12,aprovacao.js,12,1,aprovacao.json,mariabessagn,2026-03-05 20:32:12,2026-03-05,20
alert,2026-03-05 20:32:41,aprovacao.js,13,5,aprovacao.json,mariabessagn,2026-03-05 20:32:41,2026-03-05,20
else,2026-03-05 20:32:51,aprovacao.js,14,1,aprovacao.json,mariabessagn,2026-03-05 20:32:51,2026-03-05,20
alert,2026-03-05 20:32:58,aprovacao.js,15,5,aprovacao.json,mariabessagn,2026-03-05 20:32:58,2026-03-05,20
prompt,2026-03-05 20:35:28,aprovacao.js,10,25,aprovacao.json,mariabessagn,2026-03-05 20:35:28,2026-03-05,20
alert,2026-03-05 20:44:52,aprovacao.js,19,5,aprovacao.json,mariabessagn,2026-03-05 20:44:52,2026-03-05,20
E,2026-03-05 21:24:16,aprovacao.js,5,21,aprovacao.json,mariabessagn,2026-03-05 21:24:16,2026-03-05,21
let,2026-03-05 22:18:49,aprovacao.js,3,1,aprovacao.json,mariabessagn,2026-03-05 22:18:49,2026-03-05,22
parseFloat,2026-03-05 22:18:49,aprovacao.js,3,13,aprovacao.json,mariabessagn,2026-03-05 22:18:49,2026-03-05,22
prompt,2026-03-05 22:18:49,aprovacao.js,3,24,aprovacao.json,mariabessagn,2026-03-05 22:18:49,2026-03-05,22
E,2026-03-06 19:45:23,aprovacao.js,6,60,aprovacao.json,mariabessagn,2026-03-06 19:45:23,2026-03-06,19
E,2026-03-06 19:50:13,aprovacao.js,12,9,aprovacao.json,mariabessagn,2026-03-06 19:50:13,2026-03-06,19
alert,2026-03-06 20:07:50,aprovacao.js,17,5,aprovacao.json,mariabessagn,2026-03-06 20:07:50,2026-03-06,20
else,2026-03-06 20:07:51,aprovacao.js,18,1,aprovacao.json,mariabessagn,2026-03-06 20:07:51,2026-03-06,20
alert,2026-03-06 20:07:52,aprovacao.js,19,5,aprovacao.json,mariabessagn,2026-03-06 20:07:52,2026-03-06,20
else,2026-03-06 20:07:53,aprovacao.js,21,1,aprovacao.json,mariabessagn,2026-03-06 20:07:53,2026-03-06,20
E,2026-03-06 20:18:52,aprovacao.js,24,54,aprovacao.json,mariabessagn,2026-03-06 20:18:52,2026-03-06,20
E,2026-03-06 20:20:56,aprovacao.js,24,130,aprovacao.json,mariabessagn,2026-03-06 20:20:56,2026-03-06,20
E,2026-03-06 20:26:51,aprovacao.js,24,125,aprovacao.json,mariabessagn,2026-03-06 20:26:51,2026-03-06,20
E,2026-03-06 20:27:33,aprovacao.js,24,108,aprovacao.json,mariabessagn,2026-03-06 20:27:33,2026-03-06,20
alert,2026-03-06 20:28:24,aprovacao.js,24,1,aprovacao.json,mariabessagn,2026-03-06 20:28:24,2026-03-06,20
let,2026-03-06 20:29:13,aprovacao.js,3,1,aprovacao.json,mariabessagn,2026-03-06 20:29:13,2026-03-06,20
parseFloat,2026-03-06 20:29:13,aprovacao.js,3,13,aprovacao.json,mariabessagn,2026-03-06 20:29:13,2026-03-06,20
prompt,2026-03-06 20:29:13,aprovacao.js,3,24,aprovacao.json,mariabessagn,2026-03-06 20:29:13,2026-03-06,20
E,2026-03-06 20:38:20,aprovacao.js,2,62,aprovacao.json,mariabessagn,2026-03-06 20:38:20,2026-03-06,20
alert,2026-03-06 20:39:28,aprovacao.js,7,1,aprovacao.json,mariabessagn,2026-03-06 20:39:28,2026-03-06,20
var,2026-03-06 20:39:28,aprovacao.js,6,1,aprovacao.json,mariabessagn,2026-03-06 20:39:28,2026-03-06,20
let,2026-03-06 20:39:29,aprovacao.js,5,1,aprovacao.json,mariabessagn,2026-03-06 20:39:29,2026-03-06,20
parseFloat,2026-03-06 20:39:29,aprovacao.js,5,13,aprovacao.json,mariabessagn,2026-03-06 20:39:29,2026-03-06,20
prompt,2026-03-06 20:39:29,aprovacao.js,5,24,aprovacao.json,mariabessagn,2026-03-06 20:39:29,2026-03-06,20
let,2026-03-06 20:39:29,aprovacao.js,3,81,aprovacao.json,mariabessagn,2026-03-06 20:39:29,2026-03-06,20
parseFloat,2026-03-06 20:39:29,aprovacao.js,4,9,aprovacao.json,mariabessagn,2026-03-06 20:39:29,2026-03-06,20
prompt,2026-03-06 20:39:29,aprovacao.js,4,20,aprovacao.json,mariabessagn,2026-03-06 20:39:29,2026-03-06,20
for,2026-03-03 22:21:21,exercicio_09.js,2,1,exercicio_09.json,mariabessagn,2026-03-03 22:21:21,2026-03-03,22
E,2026-02-26 21:21:58,copa.js,1,2,copa.json,mariabessagn,2026-02-26 21:21:58,2026-02-26,21
alert,2026-02-26 21:36:43,copa.js,7,1,copa.json,mariabessagn,2026-02-26 21:36:43,2026-02-26,21
if,2026-02-26 21:44:28,copa.js,3,5,copa.json,mariabessagn,2026-02-26 21:44:28,2026-02-26,21
for,2026-02-20 21:20:36,for.js,2,1,for.json,mariabessagn,2026-02-20 21:20:36,2026-02-20,21
parseInt,2026-02-20 21:21:22,for.js,1,14,for.json,mariabessagn,2026-02-20 21:21:22,2026-02-20,21
E,2026-02-20 21:21:37,for.js,2,6,for.json,mariabessagn,2026-02-20 21:21:37,2026-02-20,21
alert,2026-02-20 21:32:42,for.js,10,5,for.json,mariabessagn,2026-02-20 21:32:42,2026-02-20,21
parseInt,2026-02-24 22:12:23,exercicio_03.js,1,13,exercicio_03.json,mariabessagn,2026-02-24 22:12:23,2026-02-24,22
alert,2026-02-24 22:13:26,exercicio_03.js,3,5,exercicio_03.json,mariabessagn,2026-02-24 22:13:26,2026-02-24,22
else,2026-02-24 22:13:40,exercicio_03.js,4,1,exercicio_03.json,mariabessagn,2026-02-24 22:13:40,2026-02-24,22
if,2026-03-19 21:52:18,maiorde3.js,2,1,maiorde3.json,mariabessagn,2026-03-19 21:52:18,2026-03-19,21
alert,2026-03-19 21:53:38,maiorde3.js,3,5,maiorde3.json,mariabessagn,2026-03-19 21:53:38,2026-03-19,21
if,2026-03-19 21:54:24,maiorde3.js,4,6,maiorde3.json,mariabessagn,2026-03-19 21:54:24,2026-03-19,21
alert,2026-03-19 21:55:06,maiorde3.js,5,5,maiorde3.json,mariabessagn,2026-03-19 21:55:06,2026-03-19,21
else,2026-03-19 21:59:27,maiorde3.js,6,1,maiorde3.json,mariabessagn,2026-03-19 21:59:27,2026-03-19,21
alert,2026-03-19 22:00:42,maiorde3.js,7,5,maiorde3.json,mariabessagn,2026-03-19 22:00:42,2026-03-19,22
else,2026-03-19 22:00:56,maiorde3.js,8,1,maiorde3.json,mariabessagn,2026-03-19 22:00:56,2026-03-19,22
alert,2026-03-19 22:01:07,maiorde3.js,9,5,maiorde3.json,mariabessagn,2026-03-19 22:01:07,2026-03-19,22
parseInt,2026-03-06 21:56:43,decremento.js,1,13,decremento.json,mariabessagn,2026-03-06 21:56:43,2026-03-06,21
alert,2026-03-06 21:58:27,decremento.js,3,5,decremento.json,mariabessagn,2026-03-06 21:58:27,2026-03-06,21
alert,2026-03-06 21:59:41,decremento.js,3,5,decremento.json,mariabessagn,2026-03-06 21:59:41,2026-03-06,21
alert,2026-03-19 22:28:36,espalhamento.js,2,1,espalhamento.json,mariabessagn,2026-03-19 22:28:36,2026-03-19,22
Math,2026-03-19 22:28:42,espalhamento.js,2,7,espalhamento.json,mariabessagn,2026-03-19 22:28:42,2026-03-19,22
max,2026-03-19 22:28:56,espalhamento.js,2,12,espalhamento.json,mariabessagn,2026-03-19 22:28:56,2026-03-19,22
parseInt,2026-03-25 22:21:46,funcaovetor.js,2,14,funcaovetor.json,mariabessagn,2026-03-25 22:21:46,2026-03-25,22
prompt,2026-03-25 22:21:54,funcaovetor.js,2,23,funcaovetor.json,mariabessagn,2026-03-25 22:21:54,2026-03-25,22
for,2026-03-25 22:24:33,funcaovetor.js,5,1,funcaovetor.json,mariabessagn,2026-03-25 22:24:33,2026-03-25,22
parseInt,2026-03-25 22:30:11,funcaovetor.js,7,14,funcaovetor.json,mariabessagn,2026-03-25 22:30:11,2026-03-25,22
return,2026-03-26 20:18:50,funcaovetor.js,2,5,funcaovetor.json,mariabessagn,2026-03-26 20:18:50,2026-03-26,20
return,2026-03-26 20:19:04,funcaovetor.js,5,5,funcaovetor.json,mariabessagn,2026-03-26 20:19:04,2026-03-26,20
parseInt,2026-03-26 20:19:48,funcaovetor.js,7,15,funcaovetor.json,mariabessagn,2026-03-26 20:19:48,2026-03-26,20
prompt,2026-03-26 20:19:52,funcaovetor.js,7,24,funcaovetor.json,mariabessagn,2026-03-26 20:19:52,2026-03-26,20
var,2026-03-26 20:23:49,funcaovetor.js,7,1,funcaovetor.json,mariabessagn,2026-03-26 20:23:49,2026-03-26,20
parseInt,2026-03-26 20:23:49,funcaovetor.js,7,15,funcaovetor.json,mariabessagn,2026-03-26 20:23:49,2026-03-26,20
prompt,2026-03-26 20:23:49,funcaovetor.js,7,24,funcaovetor.json,mariabessagn,2026-03-26 20:23:49,2026-03-26,20
for,2026-03-26 20:23:49,funcaovetor.js,8,1,funcaovetor.json,mariabessagn,2026-03-26 20:23:49,2026-03-26,20
let,2026-03-26 20:23:49,funcaovetor.js,8,5,funcaovetor.json,mariabessagn,2026-03-26 20:23:49,2026-03-26,20
parseInt,2026-03-26 20:23:49,funcaovetor.js,7,15,funcaovetor.json,mariabessagn,2026-03-26 20:23:49,2026-03-26,20
prompt,2026-03-26 20:23:49,funcaovetor.js,7,24,funcaovetor.json,mariabessagn,2026-03-26 20:23:49,2026-03-26,20
for,2026-03-26 20:23:49,funcaovetor.js,8,1,funcaovetor.json,mariabessagn,2026-03-26 20:23:49,2026-03-26,20
let,2026-03-26 20:23:49,funcaovetor.js,8,5,funcaovetor.json,mariabessagn,2026-03-26 20:23:49,2026-03-26,20
return,2026-03-26 20:30:33,funcaovetor.js,8,2,funcaovetor.json,mariabessagn,2026-03-26 20:30:33,2026-03-26,20
function,2026-03-26 20:30:33,funcaovetor.js,6,5,funcaovetor.json,mariabessagn,2026-03-26 20:30:33,2026-03-26,20
return,2026-03-26 20:30:34,funcaovetor.js,5,2,funcaovetor.json,mariabessagn,2026-03-26 20:30:34,2026-03-26,20
function,2026-03-26 20:30:34,funcaovetor.js,3,5,funcaovetor.json,mariabessagn,2026-03-26 20:30:34,2026-03-26,20
return,2026-03-26 20:45:19,funcaovetor.js,9,2,funcaovetor.json,mariabessagn,2026-03-26 20:45:19,2026-03-26,20
function,2026-03-26 20:45:19,funcaovetor.js,7,5,funcaovetor.json,mariabessagn,2026-03-26 20:45:19,2026-03-26,20
return,2026-03-26 20:45:20,funcaovetor.js,6,2,funcaovetor.json,mariabessagn,2026-03-26 20:45:20,2026-03-26,20
function,2026-03-26 20:45:20,funcaovetor.js,4,5,funcaovetor.json,mariabessagn,2026-03-26 20:45:20,2026-03-26,20
return,2026-03-26 20:45:45,funcaovetor.js,10,2,funcaovetor.json,mariabessagn,2026-03-26 20:45:45,2026-03-26,20
function,2026-03-26 20:45:45,funcaovetor.js,8,5,funcaovetor.json,mariabessagn,2026-03-26 20:45:45,2026-03-26,20
return,2026-03-26 20:45:46,funcaovetor.js,7,2,funcaovetor.json,mariabessagn,2026-03-26 20:45:46,2026-03-26,20
return,2026-03-26 20:46:14,funcaovetor.js,12,2,funcaovetor.json,mariabessagn,2026-03-26 20:46:14,2026-03-26,20
function,2026-03-26 20:46:14,funcaovetor.js,10,5,funcaovetor.json,mariabessagn,2026-03-26 20:46:14,2026-03-26,20
return,2026-03-26 20:46:15,funcaovetor.js,9,2,funcaovetor.json,mariabessagn,2026-03-26 20:46:15,2026-03-26,20
return,2026-03-26 20:46:25,funcaovetor.js,10,2,funcaovetor.json,mariabessagn,2026-03-26 20:46:25,2026-03-26,20
return,2026-03-26 20:46:43,funcaovetor.js,13,6,funcaovetor.json,mariabessagn,2026-03-26 20:46:43,2026-03-26,20
return,2026-03-26 20:46:43,funcaovetor.js,10,1,funcaovetor.json,mariabessagn,2026-03-26 20:46:43,2026-03-26,20
return,2026-03-26 20:48:12,funcaovetor.js,14,4,funcaovetor.json,mariabessagn,2026-03-26 20:48:12,2026-03-26,20
return,2026-03-26 20:48:12,funcaovetor.js,10,15,funcaovetor.json,mariabessagn,2026-03-26 20:48:12,2026-03-26,20
parseInt,2026-02-26 22:05:39,par-impar.js,1,15,par-impar.json,mariabessagn,2026-02-26 22:05:39,2026-02-26,22
parseInt,2026-02-26 22:19:18,par-impar.js,2,13,par-impar.json,mariabessagn,2026-02-26 22:19:18,2026-02-26,22
for,2026-02-26 22:20:03,par-impar.js,3,1,par-impar.json,mariabessagn,2026-02-26 22:20:03,2026-02-26,22
parseInt,2026-02-26 22:21:41,par-impar.js,4,15,par-impar.json,mariabessagn,2026-02-26 22:21:41,2026-02-26,22
else,2026-02-26 22:23:49,par-impar.js,8,5,par-impar.json,mariabessagn,2026-02-26 22:23:49,2026-02-26,22
alert,2026-02-26 22:24:07,par-impar.js,10,5,par-impar.json,mariabessagn,2026-02-26 22:24:07,2026-02-26,22
parseInt,2026-03-03 20:30:46,exercicio_06.js,2,17,exercicio_06.json,mariabessagn,2026-03-03 20:30:46,2026-03-03,20
alert,2026-03-03 20:36:24,exercicio_06.js,5,5,exercicio_06.json,mariabessagn,2026-03-03 20:36:24,2026-03-03,20
E,2026-03-03 20:36:41,exercicio_06.js,5,17,exercicio_06.json,mariabessagn,2026-03-03 20:36:41,2026-03-03,20
else,2026-03-03 20:37:31,exercicio_06.js,6,1,exercicio_06.json,mariabessagn,2026-03-03 20:37:31,2026-03-03,20
alert,2026-03-03 20:37:35,exercicio_06.js,7,5,exercicio_06.json,mariabessagn,2026-03-03 20:37:35,2026-03-03,20
let,2026-03-05 21:54:00,time.js,2,51,time.json,mariabessagn,2026-03-05 21:54:00,2026-03-05,21
prompt,2026-03-05 21:54:00,time.js,2,51,time.json,mariabessagn,2026-03-05 21:54:00,2026-03-05,21
do,2026-03-05 21:56:05,time.js,3,5,time.json,mariabessagn,2026-03-05 21:56:05,2026-03-05,21
toUpperCase,2026-03-05 22:11:39,time.js,3,38,time.json,mariabessagn,2026-03-05 22:11:39,2026-03-05,22
alert,2026-03-05 22:12:06,time.js,4,2,time.json,mariabessagn,2026-03-05 22:12:06,2026-03-05,22
E,2026-03-05 22:14:23,time.js,4,23,time.json,mariabessagn,2026-03-05 22:14:23,2026-03-05,22
parseInt,2026-02-24 22:20:10,exercicio_04.js,2,19,exercicio_04.json,mariabessagn,2026-02-24 22:20:10,2026-02-24,22
alert,2026-02-24 22:23:57,exercicio_04.js,4,5,exercicio_04.json,mariabessagn,2026-02-24 22:23:57,2026-02-24,22
else,2026-02-24 22:24:24,exercicio_04.js,5,1,exercicio_04.json,mariabessagn,2026-02-24 22:24:24,2026-02-24,22
alert,2026-02-24 22:24:30,exercicio_04.js,6,5,exercicio_04.json,mariabessagn,2026-02-24 22:24:30,2026-02-24,22
parseInt,2026-03-03 21:30:10,exercicio_07.js,1,13,exercicio_07.json,mariabessagn,2026-03-03 21:30:10,2026-03-03,21
prompt,2026-03-03 21:30:49,exercicio_07.js,1,22,exercicio_07.json,mariabessagn,2026-03-03 21:30:49,2026-03-03,21
while,2026-03-03 21:35:42,exercicio_07.js,3,1,exercicio_07.json,mariabessagn,2026-03-03 21:35:42,2026-03-03,21
while,2026-03-03 21:50:49,exercicio_07.js,3,1,exercicio_07.json,mariabessagn,2026-03-03 21:50:49,2026-03-03,21
alert,2026-03-03 21:53:07,exercicio_07.js,7,1,exercicio_07.json,mariabessagn,2026-03-03 21:53:07,2026-03-03,21
for,2026-03-25 20:30:51,bubble.js,3,1,bubble.json,mariabessagn,2026-03-25 20:30:51,2026-03-25,20
length,2026-03-25 20:31:05,bubble.js,3,28,bubble.json,mariabessagn,2026-03-25 20:31:05,2026-03-25,20
for,2026-03-25 20:31:18,bubble.js,4,5,bubble.json,mariabessagn,2026-03-25 20:31:18,2026-03-25,20
length,2026-03-25 20:31:41,bubble.js,4,34,bubble.json,mariabessagn,2026-03-25 20:31:41,2026-03-25,20
alert,2026-03-25 20:34:40,bubble.js,12,1,bubble.json,mariabessagn,2026-03-25 20:34:40,2026-03-25,20
E,2026-03-25 20:35:28,bubble.js,2,3,bubble.json,mariabessagn,2026-03-25 20:35:28,2026-03-25,20
alert,2026-03-25 20:35:35,bubble.js,2,1,bubble.json,mariabessagn,2026-03-25 20:35:35,2026-03-25,20
do,2026-03-06 21:16:20,aprovacao02.js,1,1,aprovacao02.json,mariabessagn,2026-03-06 21:16:20,2026-03-06,21
var,2026-03-06 21:16:20,aprovacao02.js,2,5,aprovacao02.json,mariabessagn,2026-03-06 21:16:20,2026-03-06,21
var,2026-03-06 21:16:20,aprovacao02.js,2,5,aprovacao02.json,mariabessagn,2026-03-06 21:16:20,2026-03-06,21
parseFloat,2026-03-06 21:16:20,aprovacao02.js,3,16,aprovacao02.json,mariabessagn,2026-03-06 21:16:20,2026-03-06,21
prompt,2026-03-06 21:16:20,aprovacao02.js,3,27,aprovacao02.json,mariabessagn,2026-03-06 21:16:20,2026-03-06,21
var,2026-03-06 21:16:20,aprovacao02.js,2,5,aprovacao02.json,mariabessagn,2026-03-06 21:16:20,2026-03-06,21
parseFloat,2026-03-06 21:16:20,aprovacao02.js,3,16,aprovacao02.json,mariabessagn,2026-03-06 21:16:20,2026-03-06,21
prompt,2026-03-06 21:16:20,aprovacao02.js,3,27,aprovacao02.json,mariabessagn,2026-03-06 21:16:20,2026-03-06,21
var,2026-03-06 21:16:20,aprovacao02.js,2,5,aprovacao02.json,mariabessagn,2026-03-06 21:16:20,2026-03-06,21
alert,2026-03-06 21:16:20,aprovacao02.js,6,3,aprovacao02.json,mariabessagn,2026-03-06 21:16:20,2026-03-06,21
if,2026-03-06 21:16:20,aprovacao02.js,7,1,aprovacao02.json,mariabessagn,2026-03-06 21:16:20,2026-03-06,21
alert,2026-03-06 21:16:20,aprovacao02.js,6,3,aprovacao02.json,mariabessagn,2026-03-06 21:16:20,2026-03-06,21
else,2026-03-06 21:16:20,aprovacao02.js,11,1,aprovacao02.json,mariabessagn,2026-03-06 21:16:20,2026-03-06,21
if,2026-03-06 21:16:20,aprovacao02.js,7,1,aprovacao02.json,mariabessagn,2026-03-06 21:16:20,2026-03-06,21
alert,2026-03-06 21:16:20,aprovacao02.js,6,3,aprovacao02.json,mariabessagn,2026-03-06 21:16:20,2026-03-06,21
parseFloat,2026-03-06 21:16:20,aprovacao02.js,3,16,aprovacao02.json,mariabessagn,2026-03-06 21:16:20,2026-03-06,21
prompt,2026-03-06 21:16:20,aprovacao02.js,3,27,aprovacao02.json,mariabessagn,2026-03-06 21:16:20,2026-03-06,21
if,2026-03-06 21:16:20,aprovacao02.js,7,1,aprovacao02.json,mariabessagn,2026-03-06 21:16:20,2026-03-06,21
alert,2026-03-06 21:16:20,aprovacao02.js,6,3,aprovacao02.json,mariabessagn,2026-03-06 21:16:20,2026-03-06,21
else,2026-03-06 21:16:20,aprovacao02.js,11,1,aprovacao02.json,mariabessagn,2026-03-06 21:16:20,2026-03-06,21
alert,2026-03-06 21:16:20,aprovacao02.js,6,3,aprovacao02.json,mariabessagn,2026-03-06 21:16:20,2026-03-06,21
else,2026-03-06 21:16:20,aprovacao02.js,11,1,aprovacao02.json,mariabessagn,2026-03-06 21:16:20,2026-03-06,21
alert,2026-03-06 21:16:20,aprovacao02.js,6,3,aprovacao02.json,mariabessagn,2026-03-06 21:16:20,2026-03-06,21
while,2026-03-06 21:16:20,aprovacao02.js,29,2,aprovacao02.json,mariabessagn,2026-03-06 21:16:20,2026-03-06,21
alert,2026-03-06 21:16:20,aprovacao02.js,6,3,aprovacao02.json,mariabessagn,2026-03-06 21:16:20,2026-03-06,21
var,2026-03-06 21:32:25,aprovacao02.js,1,1,aprovacao02.json,mariabessagn,2026-03-06 21:32:25,2026-03-06,21
var,2026-03-06 21:32:25,aprovacao02.js,2,1,aprovacao02.json,mariabessagn,2026-03-06 21:32:25,2026-03-06,21
parseFloat,2026-03-06 21:32:25,aprovacao02.js,2,12,aprovacao02.json,mariabessagn,2026-03-06 21:32:25,2026-03-06,21
prompt,2026-03-06 21:32:25,aprovacao02.js,2,23,aprovacao02.json,mariabessagn,2026-03-06 21:32:25,2026-03-06,21
var,2026-03-06 21:32:26,aprovacao02.js,3,1,aprovacao02.json,mariabessagn,2026-03-06 21:32:26,2026-03-06,21
parseFloat,2026-03-06 21:32:26,aprovacao02.js,3,12,aprovacao02.json,mariabessagn,2026-03-06 21:32:26,2026-03-06,21
prompt,2026-03-06 21:32:26,aprovacao02.js,3,23,aprovacao02.json,mariabessagn,2026-03-06 21:32:26,2026-03-06,21
var,2026-03-06 21:32:26,aprovacao02.js,4,1,aprovacao02.json,mariabessagn,2026-03-06 21:32:26,2026-03-06,21
alert,2026-03-06 21:32:27,aprovacao02.js,5,3,aprovacao02.json,mariabessagn,2026-03-06 21:32:27,2026-03-06,21
alert,2026-03-06 21:32:33,aprovacao02.js,7,3,aprovacao02.json,mariabessagn,2026-03-06 21:32:33,2026-03-06,21
var,2026-03-06 21:32:34,aprovacao02.js,6,1,aprovacao02.json,mariabessagn,2026-03-06 21:32:34,2026-03-06,21
var,2026-03-06 21:32:34,aprovacao02.js,5,1,aprovacao02.json,mariabessagn,2026-03-06 21:32:34,2026-03-06,21
parseFloat,2026-03-06 21:32:34,aprovacao02.js,5,12,aprovacao02.json,mariabessagn,2026-03-06 21:32:34,2026-03-06,21
prompt,2026-03-06 21:32:34,aprovacao02.js,5,23,aprovacao02.json,mariabessagn,2026-03-06 21:32:34,2026-03-06,21
var,2026-03-06 21:32:34,aprovacao02.js,4,1,aprovacao02.json,mariabessagn,2026-03-06 21:32:34,2026-03-06,21
parseFloat,2026-03-06 21:32:34,aprovacao02.js,4,12,aprovacao02.json,mariabessagn,2026-03-06 21:32:34,2026-03-06,21
prompt,2026-03-06 21:32:34,aprovacao02.js,4,23,aprovacao02.json,mariabessagn,2026-03-06 21:32:34,2026-03-06,21
E,2026-03-06 21:37:44,aprovacao02.js,30,56,aprovacao02.json,mariabessagn,2026-03-06 21:37:44,2026-03-06,21
E,2026-03-06 21:38:38,aprovacao02.js,30,96,aprovacao02.json,mariabessagn,2026-03-06 21:38:38,2026-03-06,21
alert,2026-03-20 20:06:44,troca.js,2,1,troca.json,mariabessagn,2026-03-20 20:06:44,2026-03-20,20
alert,2026-03-20 20:32:17,troca.js,6,1,troca.json,mariabessagn,2026-03-20 20:32:17,2026-03-20,20
E,2026-03-12 20:19:20,vetor_jogos.js,2,10,vetor_jogos.json,mariabessagn,2026-03-12 20:19:20,2026-03-12,20
for,2026-03-12 20:42:32,vetor_jogos.js,8,1,vetor_jogos.json,mariabessagn,2026-03-12 20:42:32,2026-03-12,20
E,2026-03-12 21:15:03,vetor_jogos.js,5,19,vetor_jogos.json,mariabessagn,2026-03-12 21:15:03,2026-03-12,21
E,2026-03-12 21:15:03,vetor_jogos.js,5,21,vetor_jogos.json,mariabessagn,2026-03-12 21:15:03,2026-03-12,21
const,2026-03-12 22:11:01,vetor_par1.js,1,17,vetor_par1.json,Brenda-ketleyn,2026-03-12 22:11:01,2026-03-12,22
parseInt,2026-03-12 22:11:54,vetor_par1.js,2,11,vetor_par1.json,Brenda-ketleyn,2026-03-12 22:11:54,2026-03-12,22
prompt,2026-03-12 22:12:00,vetor_par1.js,2,20,vetor_par1.json,Brenda-ketleyn,2026-03-12 22:12:00,2026-03-12,22
for,2026-03-12 22:12:36,vetor_par1.js,3,1,vetor_par1.json,Brenda-ketleyn,2026-03-12 22:12:36,2026-03-12,22
parseInt,2026-03-12 22:13:29,vetor_par1.js,4,18,vetor_par1.json,Brenda-ketleyn,2026-03-12 22:13:29,2026-03-12,22
prompt,2026-03-12 22:13:46,vetor_par1.js,4,27,vetor_par1.json,Brenda-ketleyn,2026-03-12 22:13:46,2026-03-12,22
if,2026-03-12 22:15:16,vetor_par1.js,5,5,vetor_par1.json,Brenda-ketleyn,2026-03-12 22:15:16,2026-03-12,22
for,2026-03-12 22:18:37,vetor_par1.js,15,1,vetor_par1.json,Brenda-ketleyn,2026-03-12 22:18:37,2026-03-12,22
let,2026-03-12 22:18:43,vetor_par1.js,15,5,vetor_par1.json,Brenda-ketleyn,2026-03-12 22:18:43,2026-03-12,22
for,2026-03-12 22:22:56,vetor_par1.js,19,1,vetor_par1.json,Brenda-ketleyn,2026-03-12 22:22:56,2026-03-12,22
for,2026-02-27 20:03:05,domingos.js,2,1,domingos.json,Brenda-ketleyn,2026-02-27 20:03:05,2026-02-27,20
parseInt,2026-02-27 20:04:20,domingos.js,1,11,domingos.json,Brenda-ketleyn,2026-02-27 20:04:20,2026-02-27,20
prompt,2026-02-27 20:04:25,domingos.js,1,20,domingos.json,Brenda-ketleyn,2026-02-27 20:04:25,2026-02-27,20
prompt,2026-02-27 20:05:13,domingos.js,2,21,domingos.json,Brenda-ketleyn,2026-02-27 20:05:13,2026-02-27,20
E,2026-02-27 20:05:47,domingos.js,2,29,domingos.json,Brenda-ketleyn,2026-02-27 20:05:47,2026-02-27,20
for,2026-02-27 20:08:28,domingos.js,3,1,domingos.json,Brenda-ketleyn,2026-02-27 20:08:28,2026-02-27,20
alert,2026-02-27 20:13:30,domingos.js,8,4,domingos.json,Brenda-ketleyn,2026-02-27 20:13:30,2026-02-27,20
for,2026-02-27 20:23:40,domingos.js,8,1,domingos.json,Brenda-ketleyn,2026-02-27 20:23:40,2026-02-27,20
for,2026-02-27 20:25:26,domingos.js,7,1,domingos.json,Brenda-ketleyn,2026-02-27 20:25:26,2026-02-27,20
for,2026-02-27 20:27:33,domingos.js,6,4,domingos.json,Brenda-ketleyn,2026-02-27 20:27:33,2026-02-27,20
for,2026-02-27 20:45:09,domingos.js,7,1,domingos.json,Brenda-ketleyn,2026-02-27 20:45:09,2026-02-27,20
parseInt,2026-02-27 20:53:33,domingos.js,2,15,domingos.json,Brenda-ketleyn,2026-02-27 20:53:33,2026-02-27,20
for,2026-02-27 22:10:17,domingos.js,14,1,domingos.json,Brenda-ketleyn,2026-02-27 22:10:17,2026-02-27,22
alert,2026-02-27 22:11:38,domingos.js,17,1,domingos.json,Brenda-ketleyn,2026-02-27 22:11:38,2026-02-27,22
continue,2026-03-12 19:58:18,vaquinha.js,1,1,vaquinha.json,Brenda-ketleyn,2026-03-12 19:58:18,2026-03-12,19
parseInt,2026-03-12 19:59:23,vaquinha.js,3,15,vaquinha.json,Brenda-ketleyn,2026-03-12 19:59:23,2026-03-12,19
prompt,2026-03-12 19:59:37,vaquinha.js,3,24,vaquinha.json,Brenda-ketleyn,2026-03-12 19:59:37,2026-03-12,19
for,2026-03-12 20:00:12,vaquinha.js,4,1,vaquinha.json,Brenda-ketleyn,2026-03-12 20:00:12,2026-03-12,20
parseInt,2026-03-12 20:01:36,vaquinha.js,5,16,vaquinha.json,Brenda-ketleyn,2026-03-12 20:01:36,2026-03-12,20
parseFloat,2026-03-12 20:01:47,vaquinha.js,5,16,vaquinha.json,Brenda-ketleyn,2026-03-12 20:01:47,2026-03-12,20
prompt,2026-03-12 20:01:51,vaquinha.js,5,27,vaquinha.json,Brenda-ketleyn,2026-03-12 20:01:51,2026-03-12,20
alert,2026-03-12 20:03:03,vaquinha.js,8,1,vaquinha.json,Brenda-ketleyn,2026-03-12 20:03:03,2026-03-12,20
for,2026-03-12 20:06:57,vaquinha.js,9,1,vaquinha.json,Brenda-ketleyn,2026-03-12 20:06:57,2026-03-12,20
parseInt,2026-03-24 21:21:03,exercicio_12.js,1,18,exercicio_12.json,Brenda-ketleyn,2026-03-24 21:21:03,2026-03-24,21
prompt,2026-03-24 21:21:06,exercicio_12.js,1,27,exercicio_12.json,Brenda-ketleyn,2026-03-24 21:21:06,2026-03-24,21
for,2026-03-24 21:21:57,exercicio_12.js,3,1,exercicio_12.json,Brenda-ketleyn,2026-03-24 21:21:57,2026-03-24,21
parseFloat,2026-03-24 21:22:48,exercicio_12.js,4,16,exercicio_12.json,Brenda-ketleyn,2026-03-24 21:22:48,2026-03-24,21
prompt,2026-03-24 21:22:52,exercicio_12.js,4,27,exercicio_12.json,Brenda-ketleyn,2026-03-24 21:22:52,2026-03-24,21
E,2026-03-24 21:23:04,exercicio_12.js,4,40,exercicio_12.json,Brenda-ketleyn,2026-03-24 21:23:04,2026-03-24,21
if,2026-03-24 21:24:01,exercicio_12.js,8,1,exercicio_12.json,Brenda-ketleyn,2026-03-24 21:24:01,2026-03-24,21
alert,2026-03-24 21:24:45,exercicio_12.js,9,5,exercicio_12.json,Brenda-ketleyn,2026-03-24 21:24:45,2026-03-24,21
toFixed,2026-03-24 21:25:14,exercicio_12.js,9,27,exercicio_12.json,Brenda-ketleyn,2026-03-24 21:25:14,2026-03-24,21
alert,2026-03-24 21:25:53,exercicio_12.js,11,5,exercicio_12.json,Brenda-ketleyn,2026-03-24 21:25:53,2026-03-24,21
toFixed,2026-03-24 21:26:19,exercicio_12.js,11,27,exercicio_12.json,Brenda-ketleyn,2026-03-24 21:26:19,2026-03-24,21
function,2026-03-25 21:17:43,funcaosoma.js,1,1,funcaosoma.json,Brenda-ketleyn,2026-03-25 21:17:43,2026-03-25,21
return,2026-03-25 21:18:15,funcaosoma.js,2,5,funcaosoma.json,Brenda-ketleyn,2026-03-25 21:18:15,2026-03-25,21
parseInt,2026-03-25 21:18:44,funcaosoma.js,4,9,funcaosoma.json,Brenda-ketleyn,2026-03-25 21:18:44,2026-03-25,21
prompt,2026-03-25 21:18:49,funcaosoma.js,4,18,funcaosoma.json,Brenda-ketleyn,2026-03-25 21:18:49,2026-03-25,21
parseInt,2026-03-25 21:19:26,funcaosoma.js,5,9,funcaosoma.json,Brenda-ketleyn,2026-03-25 21:19:26,2026-03-25,21
prompt,2026-03-25 21:19:30,funcaosoma.js,5,18,funcaosoma.json,Brenda-ketleyn,2026-03-25 21:19:30,2026-03-25,21
alert,2026-03-25 21:20:18,funcaosoma.js,6,1,funcaosoma.json,Brenda-ketleyn,2026-03-25 21:20:18,2026-03-25,21
prompt,2026-03-25 21:32:12,funcaosoma.js,1,15,funcaosoma.json,Brenda-ketleyn,2026-03-25 21:32:12,2026-03-25,21
function,2026-03-25 21:35:20,funcaosoma.js,8,1,funcaosoma.json,Brenda-ketleyn,2026-03-25 21:35:20,2026-03-25,21
return,2026-03-25 21:36:20,funcaosoma.js,9,5,funcaosoma.json,Brenda-ketleyn,2026-03-25 21:36:20,2026-03-25,21
var,2026-03-25 21:39:11,funcaosoma.js,8,1,funcaosoma.json,Brenda-ketleyn,2026-03-25 21:39:11,2026-03-25,21
parseInt,2026-03-25 21:39:11,funcaosoma.js,8,9,funcaosoma.json,Brenda-ketleyn,2026-03-25 21:39:11,2026-03-25,21
prompt,2026-03-25 21:39:11,funcaosoma.js,8,18,funcaosoma.json,Brenda-ketleyn,2026-03-25 21:39:11,2026-03-25,21
var,2026-03-25 21:39:11,funcaosoma.js,8,1,funcaosoma.json,Brenda-ketleyn,2026-03-25 21:39:11,2026-03-25,21
parseInt,2026-03-25 21:39:11,funcaosoma.js,8,9,funcaosoma.json,Brenda-ketleyn,2026-03-25 21:39:11,2026-03-25,21
prompt,2026-03-25 21:39:11,funcaosoma.js,8,18,funcaosoma.json,Brenda-ketleyn,2026-03-25 21:39:11,2026-03-25,21
function,2026-03-25 21:40:56,funcaosoma.js,5,1,funcaosoma.json,Brenda-ketleyn,2026-03-25 21:40:56,2026-03-25,21
function,2026-03-25 21:41:58,funcaosoma.js,8,1,funcaosoma.json,Brenda-ketleyn,2026-03-25 21:41:58,2026-03-25,21
return,2026-03-25 21:42:16,funcaosoma.js,9,5,funcaosoma.json,Brenda-ketleyn,2026-03-25 21:42:16,2026-03-25,21
function,2026-03-25 21:43:23,funcaosoma.js,11,1,funcaosoma.json,Brenda-ketleyn,2026-03-25 21:43:23,2026-03-25,21
return,2026-03-25 21:43:46,funcaosoma.js,12,5,funcaosoma.json,Brenda-ketleyn,2026-03-25 21:43:46,2026-03-25,21
let,2026-03-25 21:47:53,funcaosoma.js,14,1,funcaosoma.json,Brenda-ketleyn,2026-03-25 21:47:53,2026-03-25,21
prompt,2026-03-25 21:47:53,funcaosoma.js,14,13,funcaosoma.json,Brenda-ketleyn,2026-03-25 21:47:53,2026-03-25,21
switch,2026-03-25 21:48:29,funcaosoma.js,16,1,funcaosoma.json,Brenda-ketleyn,2026-03-25 21:48:29,2026-03-25,21
alert,2026-03-25 21:50:42,funcaosoma.js,18,9,funcaosoma.json,Brenda-ketleyn,2026-03-25 21:50:42,2026-03-25,21
break,2026-03-25 21:51:09,funcaosoma.js,18,29,funcaosoma.json,Brenda-ketleyn,2026-03-25 21:51:09,2026-03-25,21
alert,2026-03-25 21:51:51,funcaosoma.js,20,9,funcaosoma.json,Brenda-ketleyn,2026-03-25 21:51:51,2026-03-25,21
break,2026-03-25 21:52:12,funcaosoma.js,20,31,funcaosoma.json,Brenda-ketleyn,2026-03-25 21:52:12,2026-03-25,21
alert,2026-03-25 21:52:30,funcaosoma.js,22,9,funcaosoma.json,Brenda-ketleyn,2026-03-25 21:52:30,2026-03-25,21
break,2026-03-25 21:53:35,funcaosoma.js,22,29,funcaosoma.json,Brenda-ketleyn,2026-03-25 21:53:35,2026-03-25,21
alert,2026-03-25 21:53:51,funcaosoma.js,24,9,funcaosoma.json,Brenda-ketleyn,2026-03-25 21:53:51,2026-03-25,21
break,2026-03-25 21:54:29,funcaosoma.js,24,29,funcaosoma.json,Brenda-ketleyn,2026-03-25 21:54:29,2026-03-25,21
alert,2026-03-25 21:55:00,funcaosoma.js,26,9,funcaosoma.json,Brenda-ketleyn,2026-03-25 21:55:00,2026-03-25,21
toFixed,2026-03-25 21:55:59,funcaosoma.js,24,28,funcaosoma.json,Brenda-ketleyn,2026-03-25 21:55:59,2026-03-25,21
let,2026-03-12 21:27:34,vetor_par.js,1,1,vetor_par.json,Brenda-ketleyn,2026-03-12 21:27:34,2026-03-12,21
parseInt,2026-03-12 21:27:34,vetor_par.js,2,8,vetor_par.json,Brenda-ketleyn,2026-03-12 21:27:34,2026-03-12,21
prompt,2026-03-12 21:27:34,vetor_par.js,2,17,vetor_par.json,Brenda-ketleyn,2026-03-12 21:27:34,2026-03-12,21
for,2026-03-12 21:27:34,vetor_par.js,3,1,vetor_par.json,Brenda-ketleyn,2026-03-12 21:27:34,2026-03-12,21
let,2026-03-12 21:27:34,vetor_par.js,1,1,vetor_par.json,Brenda-ketleyn,2026-03-12 21:27:34,2026-03-12,21
parseInt,2026-03-12 21:27:34,vetor_par.js,2,8,vetor_par.json,Brenda-ketleyn,2026-03-12 21:27:34,2026-03-12,21
prompt,2026-03-12 21:27:34,vetor_par.js,2,17,vetor_par.json,Brenda-ketleyn,2026-03-12 21:27:34,2026-03-12,21
if,2026-03-12 21:27:34,vetor_par.js,5,1,vetor_par.json,Brenda-ketleyn,2026-03-12 21:27:34,2026-03-12,21
else,2026-03-12 21:27:34,vetor_par.js,8,1,vetor_par.json,Brenda-ketleyn,2026-03-12 21:27:34,2026-03-12,21
alert,2026-03-12 21:27:34,vetor_par.js,11,1,vetor_par.json,Brenda-ketleyn,2026-03-12 21:27:34,2026-03-12,21
parseInt,2026-03-12 21:31:03,vetor_par.js,3,7,vetor_par.json,Brenda-ketleyn,2026-03-12 21:31:03,2026-03-12,21
prompt,2026-03-12 21:31:03,vetor_par.js,3,16,vetor_par.json,Brenda-ketleyn,2026-03-12 21:31:03,2026-03-12,21
E,2026-03-12 21:36:55,vetor_par.js,3,2,vetor_par.json,Brenda-ketleyn,2026-03-12 21:36:55,2026-03-12,21
parseInt,2026-03-12 21:38:03,vetor_par.js,5,17,vetor_par.json,Brenda-ketleyn,2026-03-12 21:38:03,2026-03-12,21
prompt,2026-03-12 21:38:09,vetor_par.js,5,26,vetor_par.json,Brenda-ketleyn,2026-03-12 21:38:09,2026-03-12,21
for,2026-03-12 21:39:34,vetor_par.js,7,1,vetor_par.json,Brenda-ketleyn,2026-03-12 21:39:34,2026-03-12,21
if,2026-03-12 21:41:57,vetor_par.js,8,5,vetor_par.json,Brenda-ketleyn,2026-03-12 21:41:57,2026-03-12,21
else,2026-03-12 21:41:57,vetor_par.js,11,1,vetor_par.json,Brenda-ketleyn,2026-03-12 21:41:57,2026-03-12,21
let,2026-03-12 21:42:38,vetor_par.js,3,1,vetor_par.json,Brenda-ketleyn,2026-03-12 21:42:38,2026-03-12,21
alert,2026-03-12 21:46:53,vetor_par.js,14,1,vetor_par.json,Brenda-ketleyn,2026-03-12 21:46:53,2026-03-12,21
alert,2026-03-12 21:47:52,vetor_par.js,14,1,vetor_par.json,Brenda-ketleyn,2026-03-12 21:47:52,2026-03-12,21
alert,2026-03-12 21:55:25,vetor_par.js,15,1,vetor_par.json,Brenda-ketleyn,2026-03-12 21:55:25,2026-03-12,21
alert,2026-03-12 21:56:23,vetor_par.js,14,1,vetor_par.json,Brenda-ketleyn,2026-03-12 21:56:23,2026-03-12,21
for,2026-03-10 20:09:35,exercicio_05.js,2,1,exercicio_05.json,Brenda-ketleyn,2026-03-10 20:09:35,2026-03-10,20
prompt,2026-03-10 20:10:34,exercicio_05.js,3,17,exercicio_05.json,Brenda-ketleyn,2026-03-10 20:10:34,2026-03-10,20
do,2026-03-06 21:18:02,notas1.js,1,1,notas1.json,Brenda-ketleyn,2026-03-06 21:18:02,2026-03-06,21
var,2026-03-06 21:18:02,notas1.js,2,5,notas1.json,Brenda-ketleyn,2026-03-06 21:18:02,2026-03-06,21
var,2026-03-06 21:18:02,notas1.js,2,5,notas1.json,Brenda-ketleyn,2026-03-06 21:18:02,2026-03-06,21
parseFloat,2026-03-06 21:18:02,notas1.js,3,16,notas1.json,Brenda-ketleyn,2026-03-06 21:18:02,2026-03-06,21
prompt,2026-03-06 21:18:02,notas1.js,3,27,notas1.json,Brenda-ketleyn,2026-03-06 21:18:02,2026-03-06,21
var,2026-03-06 21:18:02,notas1.js,2,5,notas1.json,Brenda-ketleyn,2026-03-06 21:18:02,2026-03-06,21
parseFloat,2026-03-06 21:18:02,notas1.js,3,16,notas1.json,Brenda-ketleyn,2026-03-06 21:18:02,2026-03-06,21
prompt,2026-03-06 21:18:02,notas1.js,3,27,notas1.json,Brenda-ketleyn,2026-03-06 21:18:02,2026-03-06,21
var,2026-03-06 21:18:02,notas1.js,2,5,notas1.json,Brenda-ketleyn,2026-03-06 21:18:02,2026-03-06,21
alert,2026-03-06 21:18:02,notas1.js,6,3,notas1.json,Brenda-ketleyn,2026-03-06 21:18:02,2026-03-06,21
if,2026-03-06 21:18:02,notas1.js,7,1,notas1.json,Brenda-ketleyn,2026-03-06 21:18:02,2026-03-06,21
alert,2026-03-06 21:18:02,notas1.js,6,3,notas1.json,Brenda-ketleyn,2026-03-06 21:18:02,2026-03-06,21
else,2026-03-06 21:18:02,notas1.js,11,1,notas1.json,Brenda-ketleyn,2026-03-06 21:18:02,2026-03-06,21
if,2026-03-06 21:18:02,notas1.js,7,1,notas1.json,Brenda-ketleyn,2026-03-06 21:18:02,2026-03-06,21
alert,2026-03-06 21:18:02,notas1.js,6,3,notas1.json,Brenda-ketleyn,2026-03-06 21:18:02,2026-03-06,21
parseFloat,2026-03-06 21:18:02,notas1.js,3,16,notas1.json,Brenda-ketleyn,2026-03-06 21:18:02,2026-03-06,21
prompt,2026-03-06 21:18:02,notas1.js,3,27,notas1.json,Brenda-ketleyn,2026-03-06 21:18:02,2026-03-06,21
if,2026-03-06 21:18:02,notas1.js,7,1,notas1.json,Brenda-ketleyn,2026-03-06 21:18:02,2026-03-06,21
alert,2026-03-06 21:18:02,notas1.js,6,3,notas1.json,Brenda-ketleyn,2026-03-06 21:18:02,2026-03-06,21
else,2026-03-06 21:18:02,notas1.js,11,1,notas1.json,Brenda-ketleyn,2026-03-06 21:18:02,2026-03-06,21
alert,2026-03-06 21:18:02,notas1.js,6,3,notas1.json,Brenda-ketleyn,2026-03-06 21:18:02,2026-03-06,21
else,2026-03-06 21:18:02,notas1.js,11,1,notas1.json,Brenda-ketleyn,2026-03-06 21:18:02,2026-03-06,21
alert,2026-03-06 21:18:02,notas1.js,6,3,notas1.json,Brenda-ketleyn,2026-03-06 21:18:02,2026-03-06,21
while,2026-03-06 21:18:02,notas1.js,29,2,notas1.json,Brenda-ketleyn,2026-03-06 21:18:02,2026-03-06,21
alert,2026-03-06 21:18:02,notas1.js,6,3,notas1.json,Brenda-ketleyn,2026-03-06 21:18:02,2026-03-06,21
parseFloat,2026-03-06 21:21:14,notas1.js,28,9,notas1.json,Brenda-ketleyn,2026-03-06 21:21:14,2026-03-06,21
prompt,2026-03-06 21:21:14,notas1.js,28,20,notas1.json,Brenda-ketleyn,2026-03-06 21:21:14,2026-03-06,21
parseFloat,2026-03-06 21:21:14,notas1.js,28,9,notas1.json,Brenda-ketleyn,2026-03-06 21:21:14,2026-03-06,21
prompt,2026-03-06 21:21:14,notas1.js,28,20,notas1.json,Brenda-ketleyn,2026-03-06 21:21:14,2026-03-06,21
do,2026-03-06 21:33:12,notas1.js,1,1,notas1.json,Brenda-ketleyn,2026-03-06 21:33:12,2026-03-06,21
var,2026-03-06 21:33:12,notas1.js,2,5,notas1.json,Brenda-ketleyn,2026-03-06 21:33:12,2026-03-06,21
var,2026-03-06 21:33:12,notas1.js,2,5,notas1.json,Brenda-ketleyn,2026-03-06 21:33:12,2026-03-06,21
parseFloat,2026-03-06 21:33:12,notas1.js,3,16,notas1.json,Brenda-ketleyn,2026-03-06 21:33:12,2026-03-06,21
prompt,2026-03-06 21:33:12,notas1.js,3,27,notas1.json,Brenda-ketleyn,2026-03-06 21:33:12,2026-03-06,21
var,2026-03-06 21:33:12,notas1.js,2,5,notas1.json,Brenda-ketleyn,2026-03-06 21:33:12,2026-03-06,21
parseFloat,2026-03-06 21:33:12,notas1.js,3,16,notas1.json,Brenda-ketleyn,2026-03-06 21:33:12,2026-03-06,21
prompt,2026-03-06 21:33:12,notas1.js,3,27,notas1.json,Brenda-ketleyn,2026-03-06 21:33:12,2026-03-06,21
var,2026-03-06 21:33:12,notas1.js,2,5,notas1.json,Brenda-ketleyn,2026-03-06 21:33:12,2026-03-06,21
alert,2026-03-06 21:33:12,notas1.js,6,3,notas1.json,Brenda-ketleyn,2026-03-06 21:33:12,2026-03-06,21
for,2026-02-20 21:46:41,jogos.js,1,1,jogos.json,Brenda-ketleyn,2026-02-20 21:46:41,2026-02-20,21
for,2026-02-26 19:42:31,jogos.js,2,1,jogos.json,Brenda-ketleyn,2026-02-26 19:42:31,2026-02-26,19
E,2026-02-26 20:04:20,jogos.js,6,3,jogos.json,Brenda-ketleyn,2026-02-26 20:04:20,2026-02-26,20
for,2026-02-26 20:07:15,jogos.js,7,1,jogos.json,Brenda-ketleyn,2026-02-26 20:07:15,2026-02-26,20
alert,2026-02-26 20:20:03,jogos.js,3,4,jogos.json,Brenda-ketleyn,2026-02-26 20:20:03,2026-02-26,20
alert,2026-02-26 20:21:55,jogos.js,2,1,jogos.json,Brenda-ketleyn,2026-02-26 20:21:55,2026-02-26,20
alert,2026-02-26 20:22:45,jogos.js,8,1,jogos.json,Brenda-ketleyn,2026-02-26 20:22:45,2026-02-26,20
do,2026-02-26 20:24:06,jogos.js,7,1,jogos.json,Brenda-ketleyn,2026-02-26 20:24:06,2026-02-26,20
alert,2026-02-26 20:27:34,jogos.js,14,1,jogos.json,Brenda-ketleyn,2026-02-26 20:27:34,2026-02-26,20
alert,2026-02-26 20:29:14,jogos.js,7,1,jogos.json,Brenda-ketleyn,2026-02-26 20:29:14,2026-02-26,20
alert,2026-02-26 20:36:31,jogos.js,10,1,jogos.json,Brenda-ketleyn,2026-02-26 20:36:31,2026-02-26,20
alert,2026-02-26 20:41:11,jogos.js,16,1,jogos.json,Brenda-ketleyn,2026-02-26 20:41:11,2026-02-26,20
alert,2026-03-19 22:14:33,maiorde3math.js,1,1,maiorde3math.json,Brenda-ketleyn,2026-03-19 22:14:33,2026-03-19,22
Math,2026-03-19 22:17:07,maiorde3math.js,2,7,maiorde3math.json,Brenda-ketleyn,2026-03-19 22:17:07,2026-03-19,22
max,2026-03-19 22:17:11,maiorde3math.js,2,12,maiorde3math.json,Brenda-ketleyn,2026-03-19 22:17:11,2026-03-19,22
null,2026-03-19 22:17:17,maiorde3math.js,2,16,maiorde3math.json,Brenda-ketleyn,2026-03-19 22:17:17,2026-03-19,22
function,2026-03-26 20:43:15,funcaovetorr.js,2,1,funcaovetorr.json,Brenda-ketleyn,2026-03-26 20:43:15,2026-03-26,20
parseInt,2026-03-26 20:44:44,funcaovetorr.js,4,17,funcaovetorr.json,Brenda-ketleyn,2026-03-26 20:44:44,2026-03-26,20
prompt,2026-03-26 20:44:59,funcaovetorr.js,4,26,funcaovetorr.json,Brenda-ketleyn,2026-03-26 20:44:59,2026-03-26,20
parseFloat,2026-03-05 19:49:47,notas.js,1,12,notas.json,Brenda-ketleyn,2026-03-05 19:49:47,2026-03-05,19
prompt,2026-03-05 19:49:55,notas.js,1,23,notas.json,Brenda-ketleyn,2026-03-05 19:49:55,2026-03-05,19
do,2026-03-05 19:52:59,notas.js,2,1,notas.json,Brenda-ketleyn,2026-03-05 19:52:59,2026-03-05,19
do,2026-03-05 19:53:48,notas.js,2,1,notas.json,Brenda-ketleyn,2026-03-05 19:53:48,2026-03-05,19
parseFloat,2026-03-05 19:55:03,notas.js,1,13,notas.json,Brenda-ketleyn,2026-03-05 19:55:03,2026-03-05,19
prompt,2026-03-05 19:55:08,notas.js,1,24,notas.json,Brenda-ketleyn,2026-03-05 19:55:08,2026-03-05,19
parseFloat,2026-03-05 19:56:46,notas.js,2,13,notas.json,Brenda-ketleyn,2026-03-05 19:56:46,2026-03-05,19
prompt,2026-03-05 19:57:12,notas.js,2,24,notas.json,Brenda-ketleyn,2026-03-05 19:57:12,2026-03-05,19
do,2026-03-05 19:58:53,notas.js,4,1,notas.json,Brenda-ketleyn,2026-03-05 19:58:53,2026-03-05,19
if,2026-03-05 20:02:58,notas.js,4,1,notas.json,Brenda-ketleyn,2026-03-05 20:02:58,2026-03-05,20
alert,2026-03-05 20:03:26,notas.js,5,5,notas.json,Brenda-ketleyn,2026-03-05 20:03:26,2026-03-05,20
E,2026-03-05 20:04:07,notas.js,5,13,notas.json,Brenda-ketleyn,2026-03-05 20:04:07,2026-03-05,20
E,2026-03-05 20:04:50,notas.js,7,1,notas.json,Brenda-ketleyn,2026-03-05 20:04:50,2026-03-05,20
E,2026-03-05 20:04:51,notas.js,7,4,notas.json,Brenda-ketleyn,2026-03-05 20:04:51,2026-03-05,20
else,2026-03-05 20:05:08,notas.js,6,2,notas.json,Brenda-ketleyn,2026-03-05 20:05:08,2026-03-05,20
E,2026-03-05 20:08:15,notas.js,6,1,notas.json,Brenda-ketleyn,2026-03-05 20:08:15,2026-03-05,20
if,2026-03-05 20:08:33,notas.js,6,6,notas.json,Brenda-ketleyn,2026-03-05 20:08:33,2026-03-05,20
alert,2026-03-05 20:09:35,notas.js,7,5,notas.json,Brenda-ketleyn,2026-03-05 20:09:35,2026-03-05,20
E,2026-03-05 20:10:53,notas.js,7,12,notas.json,Brenda-ketleyn,2026-03-05 20:10:53,2026-03-05,20
parseFloat,2026-03-05 20:16:08,notas.js,8,20,notas.json,Brenda-ketleyn,2026-03-05 20:16:08,2026-03-05,20
E,2026-03-05 20:16:44,notas.js,8,7,notas.json,Brenda-ketleyn,2026-03-05 20:16:44,2026-03-05,20
parseFloat,2026-03-05 20:17:59,notas.js,8,21,notas.json,Brenda-ketleyn,2026-03-05 20:17:59,2026-03-05,20
parseFloat,2026-03-05 20:18:45,notas.js,8,21,notas.json,Brenda-ketleyn,2026-03-05 20:18:45,2026-03-05,20
prompt,2026-03-05 20:19:00,notas.js,8,32,notas.json,Brenda-ketleyn,2026-03-05 20:19:00,2026-03-05,20
alert,2026-03-05 20:23:09,notas.js,9,5,notas.json,Brenda-ketleyn,2026-03-05 20:23:09,2026-03-05,20
alert,2026-03-05 20:25:00,notas.js,7,5,notas.json,Brenda-ketleyn,2026-03-05 20:25:00,2026-03-05,20
E,2026-03-05 20:25:21,notas.js,7,12,notas.json,Brenda-ketleyn,2026-03-05 20:25:21,2026-03-05,20
E,2026-03-05 20:25:25,notas.js,7,16,notas.json,Brenda-ketleyn,2026-03-05 20:25:25,2026-03-05,20
E,2026-03-05 20:25:42,notas.js,10,2,notas.json,Brenda-ketleyn,2026-03-05 20:25:42,2026-03-05,20
E,2026-03-05 20:25:43,notas.js,10,5,notas.json,Brenda-ketleyn,2026-03-05 20:25:43,2026-03-05,20
else,2026-03-05 20:25:46,notas.js,10,2,notas.json,Brenda-ketleyn,2026-03-05 20:25:46,2026-03-05,20
E,2026-03-05 20:25:51,notas.js,11,7,notas.json,Brenda-ketleyn,2026-03-05 20:25:51,2026-03-05,20
alert,2026-03-05 20:25:59,notas.js,11,5,notas.json,Brenda-ketleyn,2026-03-05 20:25:59,2026-03-05,20
if,2026-03-05 20:30:13,notas.js,10,5,notas.json,Brenda-ketleyn,2026-03-05 20:30:13,2026-03-05,20
E,2026-03-05 20:30:24,notas.js,10,9,notas.json,Brenda-ketleyn,2026-03-05 20:30:24,2026-03-05,20
else,2026-03-05 20:31:20,notas.js,12,10,notas.json,Brenda-ketleyn,2026-03-05 20:31:20,2026-03-05,20
alert,2026-03-05 20:31:28,notas.js,13,13,notas.json,Brenda-ketleyn,2026-03-05 20:31:28,2026-03-05,20
do,2026-03-05 20:39:09,notas.js,4,1,notas.json,Brenda-ketleyn,2026-03-05 20:39:09,2026-03-05,20
while,2026-03-05 20:39:20,notas.js,19,1,notas.json,Brenda-ketleyn,2026-03-05 20:39:20,2026-03-05,20
while,2026-03-05 20:43:15,notas.js,19,2,notas.json,Brenda-ketleyn,2026-03-05 20:43:15,2026-03-05,20
while,2026-03-05 22:16:59,notas.js,20,3,notas.json,Brenda-ketleyn,2026-03-05 22:16:59,2026-03-05,22
while,2026-03-06 20:14:53,notas.js,26,3,notas.json,Brenda-ketleyn,2026-03-06 20:14:53,2026-03-06,20
let,2026-03-06 20:29:35,notas.js,6,5,notas.json,Brenda-ketleyn,2026-03-06 20:29:35,2026-03-06,20
parseFloat,2026-03-06 20:31:43,notas.js,26,9,notas.json,Brenda-ketleyn,2026-03-06 20:31:43,2026-03-06,20
prompt,2026-03-06 20:32:00,notas.js,26,20,notas.json,Brenda-ketleyn,2026-03-06 20:32:00,2026-03-06,20
parseFloat,2026-03-06 20:32:50,notas.js,26,9,notas.json,Brenda-ketleyn,2026-03-06 20:32:50,2026-03-06,20
prompt,2026-03-06 20:32:50,notas.js,26,20,notas.json,Brenda-ketleyn,2026-03-06 20:32:50,2026-03-06,20
let,2026-03-06 20:32:50,notas.js,27,1,notas.json,Brenda-ketleyn,2026-03-06 20:32:50,2026-03-06,20
parseFloat,2026-03-06 20:32:50,notas.js,26,9,notas.json,Brenda-ketleyn,2026-03-06 20:32:50,2026-03-06,20
prompt,2026-03-06 20:32:50,notas.js,26,20,notas.json,Brenda-ketleyn,2026-03-06 20:32:50,2026-03-06,20
alert,2026-02-20 20:37:18,main.js,1,1,main.json,Brenda-ketleyn,2026-02-20 20:37:18,2026-02-20,20
parseInt,2026-02-20 20:40:15,main.js,1,12,main.json,Brenda-ketleyn,2026-02-20 20:40:15,2026-02-20,20
alert,2026-02-20 20:41:29,main.js,2,1,main.json,Brenda-ketleyn,2026-02-20 20:41:29,2026-02-20,20
parseInt,2026-02-26 22:07:00,par=impar.js,1,13,par=impar.json,Brenda-ketleyn,2026-02-26 22:07:00,2026-02-26,22
prompt,2026-02-26 22:07:06,par=impar.js,1,22,par=impar.json,Brenda-ketleyn,2026-02-26 22:07:06,2026-02-26,22
E,2026-02-26 22:07:20,par=impar.js,1,35,par=impar.json,Brenda-ketleyn,2026-02-26 22:07:20,2026-02-26,22
E,2026-02-26 22:09:25,par=impar.js,1,33,par=impar.json,Brenda-ketleyn,2026-02-26 22:09:25,2026-02-26,22
E,2026-02-26 22:12:11,par=impar.js,1,33,par=impar.json,Brenda-ketleyn,2026-02-26 22:12:11,2026-02-26,22
E,2026-02-26 22:12:48,par=impar.js,1,40,par=impar.json,Brenda-ketleyn,2026-02-26 22:12:48,2026-02-26,22
const,2026-02-26 22:13:56,par=impar.js,2,1,par=impar.json,Brenda-ketleyn,2026-02-26 22:13:56,2026-02-26,22
parseInt,2026-02-26 22:16:50,par=impar.js,2,11,par=impar.json,Brenda-ketleyn,2026-02-26 22:16:50,2026-02-26,22
prompt,2026-02-26 22:16:56,par=impar.js,2,20,par=impar.json,Brenda-ketleyn,2026-02-26 22:16:56,2026-02-26,22
for,2026-02-26 22:20:52,par=impar.js,2,1,par=impar.json,Brenda-ketleyn,2026-02-26 22:20:52,2026-02-26,22
if,2026-02-26 22:23:47,par=impar.js,5,1,par=impar.json,Brenda-ketleyn,2026-02-26 22:23:47,2026-02-26,22
else,2026-02-26 22:24:39,par=impar.js,7,2,par=impar.json,Brenda-ketleyn,2026-02-26 22:24:39,2026-02-26,22
alert,2026-02-26 22:25:12,par=impar.js,9,5,par=impar.json,Brenda-ketleyn,2026-02-26 22:25:12,2026-02-26,22
alert,2026-03-12 21:52:15,par=impar.js,12,1,par=impar.json,Brenda-ketleyn,2026-03-12 21:52:15,2026-03-12,21
E,2026-02-24 21:21:28,exercicio_01.js,1,8,exercicio_01.json,Brenda-ketleyn,2026-02-24 21:21:28,2026-02-24,21
parseInt,2026-02-24 21:21:57,exercicio_01.js,1,13,exercicio_01.json,Brenda-ketleyn,2026-02-24 21:21:57,2026-02-24,21
prompt,2026-02-24 21:22:07,exercicio_01.js,1,22,exercicio_01.json,Brenda-ketleyn,2026-02-24 21:22:07,2026-02-24,21
parseInt,2026-02-24 21:23:19,exercicio_01.js,2,13,exercicio_01.json,Brenda-ketleyn,2026-02-24 21:23:19,2026-02-24,21
prompt,2026-02-24 21:23:30,exercicio_01.js,2,22,exercicio_01.json,Brenda-ketleyn,2026-02-24 21:23:30,2026-02-24,21
alert,2026-02-24 21:26:49,exercicio_01.js,5,1,exercicio_01.json,Brenda-ketleyn,2026-02-24 21:26:49,2026-02-24,21
prompt,2026-03-24 20:07:44,exercicio_08.js,1,17,exercicio_08.json,Brenda-ketleyn,2026-03-24 20:07:44,2026-03-24,20
prompt,2026-03-24 20:08:59,exercicio_08.js,2,18,exercicio_08.json,Brenda-ketleyn,2026-03-24 20:08:59,2026-03-24,20
alert,2026-03-24 20:11:00,exercicio_08.js,4,1,exercicio_08.json,Brenda-ketleyn,2026-03-24 20:11:00,2026-03-24,20
toFixed,2026-03-24 20:12:43,exercicio_08.js,4,44,exercicio_08.json,Brenda-ketleyn,2026-03-24 20:12:43,2026-03-24,20
parseFloat,2026-02-24 21:54:30,exercicio_02.js,1,17,exercicio_02.json,Brenda-ketleyn,2026-02-24 21:54:30,2026-02-24,21
prompt,2026-02-24 21:54:37,exercicio_02.js,1,28,exercicio_02.json,Brenda-ketleyn,2026-02-24 21:54:37,2026-02-24,21
parseFloat,2026-02-24 21:59:13,exercicio_02.js,1,11,exercicio_02.json,Brenda-ketleyn,2026-02-24 21:59:13,2026-02-24,21
alert,2026-02-24 21:59:46,exercicio_02.js,3,1,exercicio_02.json,Brenda-ketleyn,2026-02-24 21:59:46,2026-02-24,21
parseInt,2026-03-26 19:36:23,revisaovetor.js,2,10,revisaovetor.json,Brenda-ketleyn,2026-03-26 19:36:23,2026-03-26,19
prompt,2026-03-26 19:36:27,revisaovetor.js,2,19,revisaovetor.json,Brenda-ketleyn,2026-03-26 19:36:27,2026-03-26,19
E,2026-03-26 19:36:56,revisaovetor.js,2,32,revisaovetor.json,Brenda-ketleyn,2026-03-26 19:36:56,2026-03-26,19
E,2026-03-26 19:36:59,revisaovetor.js,2,40,revisaovetor.json,Brenda-ketleyn,2026-03-26 19:36:59,2026-03-26,19
parseInt,2026-03-26 19:39:19,revisaovetor.js,2,15,revisaovetor.json,Brenda-ketleyn,2026-03-26 19:39:19,2026-03-26,19
prompt,2026-03-26 19:39:23,revisaovetor.js,2,24,revisaovetor.json,Brenda-ketleyn,2026-03-26 19:39:23,2026-03-26,19
for,2026-03-26 19:40:21,revisaovetor.js,4,1,revisaovetor.json,Brenda-ketleyn,2026-03-26 19:40:21,2026-03-26,19
alert,2026-03-26 19:42:34,revisaovetor.js,5,5,revisaovetor.json,Brenda-ketleyn,2026-03-26 19:42:34,2026-03-26,19
let,2026-03-26 19:45:19,revisaovetor.js,4,5,revisaovetor.json,Brenda-ketleyn,2026-03-26 19:45:19,2026-03-26,19
parseInt,2026-03-26 19:45:19,revisaovetor.js,4,14,revisaovetor.json,Brenda-ketleyn,2026-03-26 19:45:19,2026-03-26,19
prompt,2026-03-26 19:45:19,revisaovetor.js,4,23,revisaovetor.json,Brenda-ketleyn,2026-03-26 19:45:19,2026-03-26,19
alert,2026-03-26 19:46:27,revisaovetor.js,5,5,revisaovetor.json,Brenda-ketleyn,2026-03-26 19:46:27,2026-03-26,19
null,2026-03-26 19:47:25,revisaovetor.js,5,5,revisaovetor.json,Brenda-ketleyn,2026-03-26 19:47:25,2026-03-26,19
alert,2026-03-26 19:47:46,revisaovetor.js,8,1,revisaovetor.json,Brenda-ketleyn,2026-03-26 19:47:46,2026-03-26,19
alert,2026-03-26 19:50:27,revisaovetor.js,7,1,revisaovetor.json,Brenda-ketleyn,2026-03-26 19:50:27,2026-03-26,19
for,2026-03-26 19:56:00,revisaovetor.js,7,1,revisaovetor.json,Brenda-ketleyn,2026-03-26 19:56:00,2026-03-26,19
null,2026-03-26 19:58:16,revisaovetor.js,4,4,revisaovetor.json,Brenda-ketleyn,2026-03-26 19:58:16,2026-03-26,19
null,2026-03-26 19:58:26,revisaovetor.js,8,22,revisaovetor.json,Brenda-ketleyn,2026-03-26 19:58:26,2026-03-26,19
var,2026-03-13 19:44:44,vetor_tabuada.js,2,1,vetor_tabuada.json,Brenda-ketleyn,2026-03-13 19:44:44,2026-03-13,19
parseInt,2026-03-13 19:44:44,vetor_tabuada.js,2,14,vetor_tabuada.json,Brenda-ketleyn,2026-03-13 19:44:44,2026-03-13,19
prompt,2026-03-13 19:44:44,vetor_tabuada.js,2,23,vetor_tabuada.json,Brenda-ketleyn,2026-03-13 19:44:44,2026-03-13,19
let,2026-03-13 19:44:44,vetor_tabuada.js,3,5,vetor_tabuada.json,Brenda-ketleyn,2026-03-13 19:44:44,2026-03-13,19
while,2026-03-13 19:44:44,vetor_tabuada.js,4,5,vetor_tabuada.json,Brenda-ketleyn,2026-03-13 19:44:44,2026-03-13,19
for,2026-03-13 19:46:16,vetor_tabuada.js,3,1,vetor_tabuada.json,Brenda-ketleyn,2026-03-13 19:46:16,2026-03-13,19
var,2026-03-13 19:53:11,vetor_tabuada.js,5,2,vetor_tabuada.json,Brenda-ketleyn,2026-03-13 19:53:11,2026-03-13,19
parseInt,2026-03-13 19:53:11,vetor_tabuada.js,5,15,vetor_tabuada.json,Brenda-ketleyn,2026-03-13 19:53:11,2026-03-13,19
prompt,2026-03-13 19:53:11,vetor_tabuada.js,5,24,vetor_tabuada.json,Brenda-ketleyn,2026-03-13 19:53:11,2026-03-13,19
let,2026-03-13 19:53:11,vetor_tabuada.js,6,5,vetor_tabuada.json,Brenda-ketleyn,2026-03-13 19:53:11,2026-03-13,19
while,2026-03-13 19:53:11,vetor_tabuada.js,7,5,vetor_tabuada.json,Brenda-ketleyn,2026-03-13 19:53:11,2026-03-13,19
const,2026-03-13 19:56:43,vetor_tabuada.js,1,1,vetor_tabuada.json,Brenda-ketleyn,2026-03-13 19:56:43,2026-03-13,19
for,2026-03-13 19:58:11,vetor_tabuada.js,7,2,vetor_tabuada.json,Brenda-ketleyn,2026-03-13 19:58:11,2026-03-13,19
prompt,2026-03-24 20:19:21,exercicio_09.js,1,13,exercicio_09.json,Brenda-ketleyn,2026-03-24 20:19:21,2026-03-24,20
parseInt,2026-03-24 20:21:03,exercicio_09.js,1,13,exercicio_09.json,Brenda-ketleyn,2026-03-24 20:21:03,2026-03-24,20
prompt,2026-03-24 20:21:14,exercicio_09.js,1,22,exercicio_09.json,Brenda-ketleyn,2026-03-24 20:21:14,2026-03-24,20
prompt,2026-03-24 20:21:32,exercicio_09.js,2,19,exercicio_09.json,Brenda-ketleyn,2026-03-24 20:21:32,2026-03-24,20
if,2026-03-24 20:23:40,exercicio_09.js,3,1,exercicio_09.json,Brenda-ketleyn,2026-03-24 20:23:40,2026-03-24,20
alert,2026-03-24 20:24:28,exercicio_09.js,4,5,exercicio_09.json,Brenda-ketleyn,2026-03-24 20:24:28,2026-03-24,20
alert,2026-03-24 20:24:53,exercicio_09.js,6,5,exercicio_09.json,Brenda-ketleyn,2026-03-24 20:24:53,2026-03-24,20
toUpperCase,2026-03-24 20:27:04,exercicio_09.js,2,76,exercicio_09.json,Brenda-ketleyn,2026-03-24 20:27:04,2026-03-24,20
E,2026-03-24 20:27:19,exercicio_09.js,3,34,exercicio_09.json,Brenda-ketleyn,2026-03-24 20:27:19,2026-03-24,20
for,2026-02-26 21:27:49,copa.js,2,1,copa.json,Brenda-ketleyn,2026-02-26 21:27:49,2026-02-26,21
do,2026-02-26 21:37:32,copa.js,6,1,copa.json,Brenda-ketleyn,2026-02-26 21:37:32,2026-02-26,21
alert,2026-02-26 21:42:02,copa.js,7,1,copa.json,Brenda-ketleyn,2026-02-26 21:42:02,2026-02-26,21
if,2026-02-26 21:44:07,copa.js,3,4,copa.json,Brenda-ketleyn,2026-02-26 21:44:07,2026-02-26,21
alert,2026-02-20 21:22:27,for.js,2,5,for.json,Brenda-ketleyn,2026-02-20 21:22:27,2026-02-20,21
for,2026-02-20 21:24:56,for.js,4,1,for.json,Brenda-ketleyn,2026-02-20 21:24:56,2026-02-20,21
for,2026-02-20 21:30:50,for.js,9,1,for.json,Brenda-ketleyn,2026-02-20 21:30:50,2026-02-20,21
alert,2026-02-20 21:31:55,for.js,10,5,for.json,Brenda-ketleyn,2026-02-20 21:31:55,2026-02-20,21
parseInt,2026-02-24 22:15:05,exercicio_03.js,1,13,exercicio_03.json,Brenda-ketleyn,2026-02-24 22:15:05,2026-02-24,22
prompt,2026-02-24 22:15:09,exercicio_03.js,1,22,exercicio_03.json,Brenda-ketleyn,2026-02-24 22:15:09,2026-02-24,22
if,2026-02-24 22:15:57,exercicio_03.js,2,1,exercicio_03.json,Brenda-ketleyn,2026-02-24 22:15:57,2026-02-24,22
alert,2026-02-24 22:16:30,exercicio_03.js,3,5,exercicio_03.json,Brenda-ketleyn,2026-02-24 22:16:30,2026-02-24,22
else,2026-02-24 22:16:50,exercicio_03.js,4,1,exercicio_03.json,Brenda-ketleyn,2026-02-24 22:16:50,2026-02-24,22
alert,2026-02-24 22:17:09,exercicio_03.js,5,5,exercicio_03.json,Brenda-ketleyn,2026-02-24 22:17:09,2026-02-24,22
E,2026-03-10 20:30:21,exercicio_03.js,3,12,exercicio_03.json,Brenda-ketleyn,2026-03-10 20:30:21,2026-03-10,20
E,2026-03-10 20:30:31,exercicio_03.js,5,12,exercicio_03.json,Brenda-ketleyn,2026-03-10 20:30:31,2026-03-10,20
while,2026-03-19 21:48:00,maiorde3.js,2,1,maiorde3.json,Brenda-ketleyn,2026-03-19 21:48:00,2026-03-19,21
if,2026-03-19 21:51:54,maiorde3.js,2,1,maiorde3.json,Brenda-ketleyn,2026-03-19 21:51:54,2026-03-19,21
alert,2026-03-19 21:53:39,maiorde3.js,3,5,maiorde3.json,Brenda-ketleyn,2026-03-19 21:53:39,2026-03-19,21
else,2026-03-19 21:55:15,maiorde3.js,5,4,maiorde3.json,Brenda-ketleyn,2026-03-19 21:55:15,2026-03-19,21
alert,2026-03-19 22:00:16,maiorde3.js,6,5,maiorde3.json,Brenda-ketleyn,2026-03-19 22:00:16,2026-03-19,22
alert,2026-03-19 22:00:32,maiorde3.js,9,5,maiorde3.json,Brenda-ketleyn,2026-03-19 22:00:32,2026-03-19,22
else,2026-03-19 22:00:55,maiorde3.js,11,1,maiorde3.json,Brenda-ketleyn,2026-03-19 22:00:55,2026-03-19,22
alert,2026-03-19 22:01:06,maiorde3.js,12,5,maiorde3.json,Brenda-ketleyn,2026-03-19 22:01:06,2026-03-19,22
E,2026-03-19 22:01:31,maiorde3.js,12,16,maiorde3.json,Brenda-ketleyn,2026-03-19 22:01:31,2026-03-19,22
alert,2026-03-20 19:45:07,espalhamento-minimo.js,2,1,espalhamento-minimo.json,Brenda-ketleyn,2026-03-20 19:45:07,2026-03-20,19
Math,2026-03-20 19:45:27,espalhamento-minimo.js,2,7,espalhamento-minimo.json,Brenda-ketleyn,2026-03-20 19:45:27,2026-03-20,19
E,2026-03-20 19:46:18,espalhamento-minimo.js,2,12,espalhamento-minimo.json,Brenda-ketleyn,2026-03-20 19:46:18,2026-03-20,19
min,2026-03-20 19:46:52,espalhamento-minimo.js,2,12,espalhamento-minimo.json,Brenda-ketleyn,2026-03-20 19:46:52,2026-03-20,19
parseInt,2026-03-06 21:54:56,decremento.js,1,13,decremento.json,Brenda-ketleyn,2026-03-06 21:54:56,2026-03-06,21
prompt,2026-03-06 21:55:01,decremento.js,1,22,decremento.json,Brenda-ketleyn,2026-03-06 21:55:01,2026-03-06,21
let,2026-03-06 21:56:52,decremento.js,1,1,decremento.json,Brenda-ketleyn,2026-03-06 21:56:52,2026-03-06,21
parseInt,2026-03-06 21:56:52,decremento.js,1,13,decremento.json,Brenda-ketleyn,2026-03-06 21:56:52,2026-03-06,21
prompt,2026-03-06 21:56:52,decremento.js,1,22,decremento.json,Brenda-ketleyn,2026-03-06 21:56:52,2026-03-06,21
do,2026-03-06 21:56:52,decremento.js,2,1,decremento.json,Brenda-ketleyn,2026-03-06 21:56:52,2026-03-06,21
while,2026-03-06 21:57:15,decremento.js,4,2,decremento.json,Brenda-ketleyn,2026-03-06 21:57:15,2026-03-06,21
parseInt,2026-03-06 21:58:03,decremento.js,1,11,decremento.json,Brenda-ketleyn,2026-03-06 21:58:03,2026-03-06,21
prompt,2026-03-06 21:58:15,decremento.js,1,20,decremento.json,Brenda-ketleyn,2026-03-06 21:58:15,2026-03-06,21
while,2026-03-06 22:00:09,decremento.js,2,1,decremento.json,Brenda-ketleyn,2026-03-06 22:00:09,2026-03-06,22
alert,2026-03-06 22:00:34,decremento.js,3,5,decremento.json,Brenda-ketleyn,2026-03-06 22:00:34,2026-03-06,22
alert,2026-03-19 22:28:27,espalhamento.js,2,1,espalhamento.json,Brenda-ketleyn,2026-03-19 22:28:27,2026-03-19,22
Math,2026-03-19 22:28:40,espalhamento.js,2,7,espalhamento.json,Brenda-ketleyn,2026-03-19 22:28:40,2026-03-19,22
max,2026-03-19 22:28:43,espalhamento.js,2,12,espalhamento.json,Brenda-ketleyn,2026-03-19 22:28:43,2026-03-19,22
function,2026-03-25 22:16:45,funcaovetor.js,1,1,funcaovetor.json,Brenda-ketleyn,2026-03-25 22:16:45,2026-03-25,22
function,2026-03-25 22:19:56,funcaovetor.js,4,1,funcaovetor.json,Brenda-ketleyn,2026-03-25 22:19:56,2026-03-25,22
parseInt,2026-03-25 22:20:56,funcaovetor.js,7,12,funcaovetor.json,Brenda-ketleyn,2026-03-25 22:20:56,2026-03-25,22
prompt,2026-03-25 22:21:10,funcaovetor.js,7,21,funcaovetor.json,Brenda-ketleyn,2026-03-25 22:21:10,2026-03-25,22
for,2026-03-25 22:23:11,funcaovetor.js,8,1,funcaovetor.json,Brenda-ketleyn,2026-03-25 22:23:11,2026-03-25,22
alert,2026-03-25 22:24:13,funcaovetor.js,9,5,funcaovetor.json,Brenda-ketleyn,2026-03-25 22:24:13,2026-03-25,22
return,2026-03-25 22:28:19,funcaovetor.js,2,5,funcaovetor.json,Brenda-ketleyn,2026-03-25 22:28:19,2026-03-25,22
return,2026-03-25 22:29:51,funcaovetor.js,5,5,funcaovetor.json,Brenda-ketleyn,2026-03-25 22:29:51,2026-03-25,22
let,2026-03-26 20:12:13,funcaovetor.js,9,5,funcaovetor.json,Brenda-ketleyn,2026-03-26 20:12:13,2026-03-26,20
parseInt,2026-03-26 20:12:13,funcaovetor.js,9,14,funcaovetor.json,Brenda-ketleyn,2026-03-26 20:12:13,2026-03-26,20
prompt,2026-03-26 20:12:13,funcaovetor.js,9,23,funcaovetor.json,Brenda-ketleyn,2026-03-26 20:12:13,2026-03-26,20
parseInt,2026-03-26 20:13:03,funcaovetor.js,8,10,funcaovetor.json,Brenda-ketleyn,2026-03-26 20:13:03,2026-03-26,20
prompt,2026-03-26 20:13:03,funcaovetor.js,8,19,funcaovetor.json,Brenda-ketleyn,2026-03-26 20:13:03,2026-03-26,20
let,2026-03-26 20:21:29,funcaovetor.js,1,1,funcaovetor.json,Brenda-ketleyn,2026-03-26 20:21:29,2026-03-26,20
function,2026-03-26 20:22:26,funcaovetor.js,14,1,funcaovetor.json,Brenda-ketleyn,2026-03-26 20:22:26,2026-03-26,20
return,2026-03-26 20:22:26,funcaovetor.js,15,5,funcaovetor.json,Brenda-ketleyn,2026-03-26 20:22:26,2026-03-26,20
function,2026-03-26 20:23:42,funcaovetor.js,5,1,funcaovetor.json,Brenda-ketleyn,2026-03-26 20:23:42,2026-03-26,20
return,2026-03-26 20:23:42,funcaovetor.js,6,5,funcaovetor.json,Brenda-ketleyn,2026-03-26 20:23:42,2026-03-26,20
for,2026-03-26 20:27:02,funcaovetor.js,12,1,funcaovetor.json,Brenda-ketleyn,2026-03-26 20:27:02,2026-03-26,20
let,2026-03-26 20:27:02,funcaovetor.js,12,5,funcaovetor.json,Brenda-ketleyn,2026-03-26 20:27:02,2026-03-26,20
for,2026-03-26 20:46:25,funcaovetor.js,3,2,funcaovetor.json,Brenda-ketleyn,2026-03-26 20:46:25,2026-03-26,20
let,2026-03-26 20:46:25,funcaovetor.js,3,6,funcaovetor.json,Brenda-ketleyn,2026-03-26 20:46:25,2026-03-26,20
parseInt,2026-03-26 20:46:25,funcaovetor.js,4,13,funcaovetor.json,Brenda-ketleyn,2026-03-26 20:46:25,2026-03-26,20
prompt,2026-03-26 20:46:25,funcaovetor.js,4,22,funcaovetor.json,Brenda-ketleyn,2026-03-26 20:46:25,2026-03-26,20
let,2026-03-26 20:47:27,funcaovetor.js,1,8,funcaovetor.json,Brenda-ketleyn,2026-03-26 20:47:27,2026-03-26,20
parseInt,2026-03-26 20:47:27,funcaovetor.js,1,21,funcaovetor.json,Brenda-ketleyn,2026-03-26 20:47:27,2026-03-26,20
prompt,2026-03-26 20:47:27,funcaovetor.js,1,30,funcaovetor.json,Brenda-ketleyn,2026-03-26 20:47:27,2026-03-26,20
parseInt,2026-03-24 20:32:32,exercicio_10.js,1,18,exercicio_10.json,Brenda-ketleyn,2026-03-24 20:32:32,2026-03-24,20
prompt,2026-03-24 20:32:36,exercicio_10.js,1,27,exercicio_10.json,Brenda-ketleyn,2026-03-24 20:32:36,2026-03-24,20
for,2026-03-24 20:33:11,exercicio_10.js,3,1,exercicio_10.json,Brenda-ketleyn,2026-03-24 20:33:11,2026-03-24,20
parseFloat,2026-03-24 20:36:06,exercicio_10.js,4,17,exercicio_10.json,Brenda-ketleyn,2026-03-24 20:36:06,2026-03-24,20
prompt,2026-03-24 20:36:12,exercicio_10.js,4,28,exercicio_10.json,Brenda-ketleyn,2026-03-24 20:36:12,2026-03-24,20
alert,2026-03-24 20:38:05,exercicio_10.js,7,1,exercicio_10.json,Brenda-ketleyn,2026-03-24 20:38:05,2026-03-24,20
toFixed,2026-03-24 20:38:49,exercicio_10.js,7,26,exercicio_10.json,Brenda-ketleyn,2026-03-24 20:38:49,2026-03-24,20
let,2026-03-06 22:20:33,pa.js,1,1,pa.json,Brenda-ketleyn,2026-03-06 22:20:33,2026-03-06,22
while,2026-03-06 22:20:33,pa.js,2,1,pa.json,Brenda-ketleyn,2026-03-06 22:20:33,2026-03-06,22
alert,2026-03-06 22:20:33,pa.js,3,5,pa.json,Brenda-ketleyn,2026-03-06 22:20:33,2026-03-06,22
alert,2026-03-06 22:27:10,pa.js,8,1,pa.json,Brenda-ketleyn,2026-03-06 22:27:10,2026-03-06,22
parseInt,2026-03-10 20:13:27,exercicio_06.js,2,16,exercicio_06.json,Brenda-ketleyn,2026-03-10 20:13:27,2026-03-10,20
prompt,2026-03-10 20:13:40,exercicio_06.js,2,25,exercicio_06.json,Brenda-ketleyn,2026-03-10 20:13:40,2026-03-10,20
if,2026-03-10 20:15:09,exercicio_06.js,4,1,exercicio_06.json,Brenda-ketleyn,2026-03-10 20:15:09,2026-03-10,20
alert,2026-03-10 20:15:41,exercicio_06.js,5,5,exercicio_06.json,Brenda-ketleyn,2026-03-10 20:15:41,2026-03-10,20
alert,2026-03-10 20:16:36,exercicio_06.js,7,5,exercicio_06.json,Brenda-ketleyn,2026-03-10 20:16:36,2026-03-10,20
prompt,2026-03-05 21:53:19,time.js,1,12,time.json,Brenda-ketleyn,2026-03-05 21:53:19,2026-03-05,21
while,2026-03-05 21:54:30,time.js,4,2,time.json,Brenda-ketleyn,2026-03-05 21:54:30,2026-03-05,21
toUpperCase,2026-03-05 22:04:17,time.js,1,10,time.json,Brenda-ketleyn,2026-03-05 22:04:17,2026-03-05,22
alert,2026-03-05 22:05:48,time.js,6,1,time.json,Brenda-ketleyn,2026-03-05 22:05:48,2026-03-05,22
toUpperCase,2026-03-05 22:06:43,time.js,6,8,time.json,Brenda-ketleyn,2026-03-05 22:06:43,2026-03-05,22
alert,2026-03-05 22:12:26,time.js,4,6,time.json,Brenda-ketleyn,2026-03-05 22:12:26,2026-03-05,22
toUpperCase,2026-03-05 22:12:46,time.js,3,39,time.json,Brenda-ketleyn,2026-03-05 22:12:46,2026-03-05,22
toUpperCase,2026-03-05 22:13:50,time.js,3,40,time.json,Brenda-ketleyn,2026-03-05 22:13:50,2026-03-05,22
E,2026-03-05 22:14:53,time.js,6,20,time.json,Brenda-ketleyn,2026-03-05 22:14:53,2026-03-05,22
prompt,2026-03-10 20:00:29,exercicio_04.js,2,17,exercicio_04.json,Brenda-ketleyn,2026-03-10 20:00:29,2026-03-10,20
while,2026-03-10 20:01:08,exercicio_04.js,3,2,exercicio_04.json,Brenda-ketleyn,2026-03-10 20:01:08,2026-03-10,20
prompt,2026-03-10 20:04:19,exercicio_04.js,4,15,exercicio_04.json,Brenda-ketleyn,2026-03-10 20:04:19,2026-03-10,20
if,2026-03-10 20:05:09,exercicio_04.js,5,5,exercicio_04.json,Brenda-ketleyn,2026-03-10 20:05:09,2026-03-10,20
break,2026-03-10 20:06:01,exercicio_04.js,6,9,exercicio_04.json,Brenda-ketleyn,2026-03-10 20:06:01,2026-03-10,20
push,2026-03-10 20:06:19,exercicio_04.js,7,17,exercicio_04.json,Brenda-ketleyn,2026-03-10 20:06:19,2026-03-10,20
alert,2026-03-10 20:07:59,exercicio_04.js,10,5,exercicio_04.json,Brenda-ketleyn,2026-03-10 20:07:59,2026-03-10,20
parseInt,2026-03-10 20:20:22,exercicio_07.js,1,13,exercicio_07.json,Brenda-ketleyn,2026-03-10 20:20:22,2026-03-10,20
prompt,2026-03-10 20:20:26,exercicio_07.js,1,22,exercicio_07.json,Brenda-ketleyn,2026-03-10 20:20:26,2026-03-10,20
E,2026-03-10 20:20:43,exercicio_07.js,1,35,exercicio_07.json,Brenda-ketleyn,2026-03-10 20:20:43,2026-03-10,20
while,2026-03-10 20:22:38,exercicio_07.js,4,1,exercicio_07.json,Brenda-ketleyn,2026-03-10 20:22:38,2026-03-10,20
alert,2026-03-10 20:23:17,exercicio_07.js,5,5,exercicio_07.json,Brenda-ketleyn,2026-03-10 20:23:17,2026-03-10,20
alert,2026-03-10 21:35:54,exercicio_07.js,7,1,exercicio_07.json,Brenda-ketleyn,2026-03-10 21:35:54,2026-03-10,21
let,2026-03-25 20:17:01,merge.js,1,1,merge.json,Brenda-ketleyn,2026-03-25 20:17:01,2026-03-25,20
parseInt,2026-03-25 20:17:01,merge.js,1,18,merge.json,Brenda-ketleyn,2026-03-25 20:17:01,2026-03-25,20
prompt,2026-03-25 20:17:01,merge.js,1,27,merge.json,Brenda-ketleyn,2026-03-25 20:17:01,2026-03-25,20
let,2026-03-25 20:17:01,merge.js,1,1,merge.json,Brenda-ketleyn,2026-03-25 20:17:01,2026-03-25,20
for,2026-03-25 20:17:01,merge.js,5,1,merge.json,Brenda-ketleyn,2026-03-25 20:17:01,2026-03-25,20
let,2026-03-25 20:17:01,merge.js,1,1,merge.json,Brenda-ketleyn,2026-03-25 20:17:01,2026-03-25,20
parseInt,2026-03-25 20:17:01,merge.js,1,18,merge.json,Brenda-ketleyn,2026-03-25 20:17:01,2026-03-25,20
prompt,2026-03-25 20:17:01,merge.js,1,27,merge.json,Brenda-ketleyn,2026-03-25 20:17:01,2026-03-25,20
function,2026-03-25 20:17:01,merge.js,9,1,merge.json,Brenda-ketleyn,2026-03-25 20:17:01,2026-03-25,20
if,2026-03-25 20:17:01,merge.js,11,5,merge.json,Brenda-ketleyn,2026-03-25 20:17:01,2026-03-25,20
length,2026-03-25 20:17:01,merge.js,11,15,merge.json,Brenda-ketleyn,2026-03-25 20:17:01,2026-03-25,20
return,2026-03-25 20:17:01,merge.js,12,9,merge.json,Brenda-ketleyn,2026-03-25 20:17:01,2026-03-25,20
let,2026-03-25 20:17:01,merge.js,1,1,merge.json,Brenda-ketleyn,2026-03-25 20:17:01,2026-03-25,20
Math,2026-03-25 20:17:01,merge.js,15,16,merge.json,Brenda-ketleyn,2026-03-25 20:17:01,2026-03-25,20
floor,2026-03-25 20:17:01,merge.js,15,21,merge.json,Brenda-ketleyn,2026-03-25 20:17:01,2026-03-25,20
length,2026-03-25 20:17:01,merge.js,11,15,merge.json,Brenda-ketleyn,2026-03-25 20:17:01,2026-03-25,20
let,2026-03-25 20:17:01,merge.js,1,1,merge.json,Brenda-ketleyn,2026-03-25 20:17:01,2026-03-25,20
slice,2026-03-25 20:17:01,merge.js,17,26,merge.json,Brenda-ketleyn,2026-03-25 20:17:01,2026-03-25,20
let,2026-03-25 20:17:01,merge.js,1,1,merge.json,Brenda-ketleyn,2026-03-25 20:17:01,2026-03-25,20
slice,2026-03-25 20:17:01,merge.js,17,26,merge.json,Brenda-ketleyn,2026-03-25 20:17:01,2026-03-25,20
return,2026-03-25 20:17:01,merge.js,12,9,merge.json,Brenda-ketleyn,2026-03-25 20:17:01,2026-03-25,20
function,2026-03-25 20:17:01,merge.js,9,1,merge.json,Brenda-ketleyn,2026-03-25 20:17:01,2026-03-25,20
let,2026-03-25 20:17:01,merge.js,1,1,merge.json,Brenda-ketleyn,2026-03-25 20:17:01,2026-03-25,20
let,2026-03-25 20:17:01,merge.js,1,1,merge.json,Brenda-ketleyn,2026-03-25 20:17:01,2026-03-25,20
let,2026-03-25 20:17:01,merge.js,1,1,merge.json,Brenda-ketleyn,2026-03-25 20:17:01,2026-03-25,20
while,2026-03-25 20:17:01,merge.js,29,5,merge.json,Brenda-ketleyn,2026-03-25 20:17:01,2026-03-25,20
length,2026-03-25 20:17:01,merge.js,11,15,merge.json,Brenda-ketleyn,2026-03-25 20:17:01,2026-03-25,20
length,2026-03-25 20:17:01,merge.js,11,15,merge.json,Brenda-ketleyn,2026-03-25 20:17:01,2026-03-25,20
if,2026-03-25 20:17:01,merge.js,11,5,merge.json,Brenda-ketleyn,2026-03-25 20:17:01,2026-03-25,20
push,2026-03-25 20:17:01,merge.js,32,23,merge.json,Brenda-ketleyn,2026-03-25 20:17:01,2026-03-25,20
else,2026-03-25 20:17:01,merge.js,34,11,merge.json,Brenda-ketleyn,2026-03-25 20:17:01,2026-03-25,20
push,2026-03-25 20:17:01,merge.js,32,23,merge.json,Brenda-ketleyn,2026-03-25 20:17:01,2026-03-25,20
while,2026-03-25 20:17:01,merge.js,29,5,merge.json,Brenda-ketleyn,2026-03-25 20:17:01,2026-03-25,20
length,2026-03-25 20:17:01,merge.js,11,15,merge.json,Brenda-ketleyn,2026-03-25 20:17:01,2026-03-25,20
push,2026-03-25 20:17:01,merge.js,32,23,merge.json,Brenda-ketleyn,2026-03-25 20:17:01,2026-03-25,20
while,2026-03-25 20:17:01,merge.js,29,5,merge.json,Brenda-ketleyn,2026-03-25 20:17:01,2026-03-25,20
length,2026-03-25 20:17:01,merge.js,11,15,merge.json,Brenda-ketleyn,2026-03-25 20:17:01,2026-03-25,20
push,2026-03-25 20:17:01,merge.js,32,23,merge.json,Brenda-ketleyn,2026-03-25 20:17:01,2026-03-25,20
return,2026-03-25 20:17:01,merge.js,12,9,merge.json,Brenda-ketleyn,2026-03-25 20:17:01,2026-03-25,20
let,2026-03-25 20:17:01,merge.js,1,1,merge.json,Brenda-ketleyn,2026-03-25 20:17:01,2026-03-25,20
console,2026-03-25 20:17:01,merge.js,56,1,merge.json,Brenda-ketleyn,2026-03-25 20:17:01,2026-03-25,20
log,2026-03-25 20:17:01,merge.js,56,9,merge.json,Brenda-ketleyn,2026-03-25 20:17:01,2026-03-25,20
var,2026-03-25 20:22:09,merge.js,1,1,merge.json,Brenda-ketleyn,2026-03-25 20:22:09,2026-03-25,20
parseInt,2026-03-25 20:22:09,merge.js,1,18,merge.json,Brenda-ketleyn,2026-03-25 20:22:09,2026-03-25,20
prompt,2026-03-25 20:22:09,merge.js,1,27,merge.json,Brenda-ketleyn,2026-03-25 20:22:09,2026-03-25,20
var,2026-03-25 20:22:09,merge.js,1,1,merge.json,Brenda-ketleyn,2026-03-25 20:22:09,2026-03-25,20
for,2026-03-25 20:22:09,merge.js,5,1,merge.json,Brenda-ketleyn,2026-03-25 20:22:09,2026-03-25,20
var,2026-03-25 20:22:09,merge.js,1,1,merge.json,Brenda-ketleyn,2026-03-25 20:22:09,2026-03-25,20
var,2026-03-25 20:22:09,merge.js,1,1,merge.json,Brenda-ketleyn,2026-03-25 20:22:09,2026-03-25,20
parseInt,2026-03-25 20:22:09,merge.js,1,18,merge.json,Brenda-ketleyn,2026-03-25 20:22:09,2026-03-25,20
prompt,2026-03-25 20:22:09,merge.js,1,27,merge.json,Brenda-ketleyn,2026-03-25 20:22:09,2026-03-25,20
push,2026-03-25 20:22:09,merge.js,7,13,merge.json,Brenda-ketleyn,2026-03-25 20:22:09,2026-03-25,20
function,2026-03-25 20:22:09,merge.js,10,1,merge.json,Brenda-ketleyn,2026-03-25 20:22:09,2026-03-25,20
if,2026-03-25 20:22:09,merge.js,12,5,merge.json,Brenda-ketleyn,2026-03-25 20:22:09,2026-03-25,20
length,2026-03-25 20:22:09,merge.js,12,15,merge.json,Brenda-ketleyn,2026-03-25 20:22:09,2026-03-25,20
return,2026-03-25 20:22:09,merge.js,13,9,merge.json,Brenda-ketleyn,2026-03-25 20:22:09,2026-03-25,20
var,2026-03-25 20:22:09,merge.js,1,1,merge.json,Brenda-ketleyn,2026-03-25 20:22:09,2026-03-25,20
Math,2026-03-25 20:22:09,merge.js,16,16,merge.json,Brenda-ketleyn,2026-03-25 20:22:09,2026-03-25,20
floor,2026-03-25 20:22:09,merge.js,16,21,merge.json,Brenda-ketleyn,2026-03-25 20:22:09,2026-03-25,20
length,2026-03-25 20:22:09,merge.js,12,15,merge.json,Brenda-ketleyn,2026-03-25 20:22:09,2026-03-25,20
var,2026-03-25 20:22:09,merge.js,1,1,merge.json,Brenda-ketleyn,2026-03-25 20:22:09,2026-03-25,20
slice,2026-03-25 20:22:09,merge.js,18,24,merge.json,Brenda-ketleyn,2026-03-25 20:22:09,2026-03-25,20
var,2026-03-25 20:22:09,merge.js,1,1,merge.json,Brenda-ketleyn,2026-03-25 20:22:09,2026-03-25,20
slice,2026-03-25 20:22:09,merge.js,18,24,merge.json,Brenda-ketleyn,2026-03-25 20:22:09,2026-03-25,20
var,2026-03-25 20:22:09,merge.js,1,1,merge.json,Brenda-ketleyn,2026-03-25 20:22:09,2026-03-25,20
var,2026-03-25 20:22:09,merge.js,1,1,merge.json,Brenda-ketleyn,2026-03-25 20:22:09,2026-03-25,20
return,2026-03-25 20:22:09,merge.js,13,9,merge.json,Brenda-ketleyn,2026-03-25 20:22:09,2026-03-25,20
function,2026-03-25 20:22:09,merge.js,10,1,merge.json,Brenda-ketleyn,2026-03-25 20:22:09,2026-03-25,20
var,2026-03-25 20:22:09,merge.js,1,1,merge.json,Brenda-ketleyn,2026-03-25 20:22:09,2026-03-25,20
var,2026-03-25 20:22:09,merge.js,1,1,merge.json,Brenda-ketleyn,2026-03-25 20:22:09,2026-03-25,20
var,2026-03-25 20:22:09,merge.js,1,1,merge.json,Brenda-ketleyn,2026-03-25 20:22:09,2026-03-25,20
while,2026-03-25 20:22:09,merge.js,33,5,merge.json,Brenda-ketleyn,2026-03-25 20:22:09,2026-03-25,20
length,2026-03-25 20:22:09,merge.js,12,15,merge.json,Brenda-ketleyn,2026-03-25 20:22:09,2026-03-25,20
length,2026-03-25 20:22:09,merge.js,12,15,merge.json,Brenda-ketleyn,2026-03-25 20:22:09,2026-03-25,20
if,2026-03-25 20:22:09,merge.js,12,5,merge.json,Brenda-ketleyn,2026-03-25 20:22:09,2026-03-25,20
push,2026-03-25 20:22:09,merge.js,7,13,merge.json,Brenda-ketleyn,2026-03-25 20:22:09,2026-03-25,20
else,2026-03-25 20:22:09,merge.js,38,11,merge.json,Brenda-ketleyn,2026-03-25 20:22:09,2026-03-25,20
push,2026-03-25 20:22:09,merge.js,7,13,merge.json,Brenda-ketleyn,2026-03-25 20:22:09,2026-03-25,20
while,2026-03-25 20:22:09,merge.js,33,5,merge.json,Brenda-ketleyn,2026-03-25 20:22:09,2026-03-25,20
length,2026-03-25 20:22:09,merge.js,12,15,merge.json,Brenda-ketleyn,2026-03-25 20:22:09,2026-03-25,20
push,2026-03-25 20:22:09,merge.js,7,13,merge.json,Brenda-ketleyn,2026-03-25 20:22:09,2026-03-25,20
while,2026-03-25 20:22:09,merge.js,33,5,merge.json,Brenda-ketleyn,2026-03-25 20:22:09,2026-03-25,20
length,2026-03-25 20:22:09,merge.js,12,15,merge.json,Brenda-ketleyn,2026-03-25 20:22:09,2026-03-25,20
push,2026-03-25 20:22:09,merge.js,7,13,merge.json,Brenda-ketleyn,2026-03-25 20:22:09,2026-03-25,20
return,2026-03-25 20:22:09,merge.js,13,9,merge.json,Brenda-ketleyn,2026-03-25 20:22:09,2026-03-25,20
var,2026-03-25 20:22:09,merge.js,1,1,merge.json,Brenda-ketleyn,2026-03-25 20:22:09,2026-03-25,20
console,2026-03-25 20:22:09,merge.js,60,1,merge.json,Brenda-ketleyn,2026-03-25 20:22:09,2026-03-25,20
log,2026-03-25 20:22:09,merge.js,60,9,merge.json,Brenda-ketleyn,2026-03-25 20:22:09,2026-03-25,20
console,2026-03-25 20:22:09,merge.js,60,1,merge.json,Brenda-ketleyn,2026-03-25 20:22:09,2026-03-25,20
log,2026-03-25 20:22:09,merge.js,60,9,merge.json,Brenda-ketleyn,2026-03-25 20:22:09,2026-03-25,20
let,2026-03-25 20:30:34,merge.js,39,1,merge.json,Brenda-ketleyn,2026-03-25 20:30:34,2026-03-25,20
var,2026-03-25 20:36:19,merge.js,1,1,merge.json,Brenda-ketleyn,2026-03-25 20:36:19,2026-03-25,20
parseInt,2026-03-25 20:36:19,merge.js,1,9,merge.json,Brenda-ketleyn,2026-03-25 20:36:19,2026-03-25,20
prompt,2026-03-25 20:36:19,merge.js,1,18,merge.json,Brenda-ketleyn,2026-03-25 20:36:19,2026-03-25,20
var,2026-03-25 20:36:19,merge.js,1,1,merge.json,Brenda-ketleyn,2026-03-25 20:36:19,2026-03-25,20
for,2026-03-25 20:36:19,merge.js,4,1,merge.json,Brenda-ketleyn,2026-03-25 20:36:19,2026-03-25,20
var,2026-03-25 20:36:19,merge.js,1,1,merge.json,Brenda-ketleyn,2026-03-25 20:36:19,2026-03-25,20
push,2026-03-25 20:36:19,merge.js,5,13,merge.json,Brenda-ketleyn,2026-03-25 20:36:19,2026-03-25,20
parseInt,2026-03-25 20:36:19,merge.js,1,9,merge.json,Brenda-ketleyn,2026-03-25 20:36:19,2026-03-25,20
prompt,2026-03-25 20:36:19,merge.js,1,18,merge.json,Brenda-ketleyn,2026-03-25 20:36:19,2026-03-25,20
function,2026-03-25 20:36:19,merge.js,8,1,merge.json,Brenda-ketleyn,2026-03-25 20:36:19,2026-03-25,20
if,2026-03-25 20:36:19,merge.js,10,5,merge.json,Brenda-ketleyn,2026-03-25 20:36:19,2026-03-25,20
length,2026-03-25 20:36:19,merge.js,10,15,merge.json,Brenda-ketleyn,2026-03-25 20:36:19,2026-03-25,20
return,2026-03-25 20:36:19,merge.js,10,28,merge.json,Brenda-ketleyn,2026-03-25 20:36:19,2026-03-25,20
var,2026-03-25 20:36:19,merge.js,1,1,merge.json,Brenda-ketleyn,2026-03-25 20:36:19,2026-03-25,20
Math,2026-03-25 20:36:19,merge.js,12,16,merge.json,Brenda-ketleyn,2026-03-25 20:36:19,2026-03-25,20
floor,2026-03-25 20:36:19,merge.js,12,21,merge.json,Brenda-ketleyn,2026-03-25 20:36:19,2026-03-25,20
length,2026-03-25 20:36:19,merge.js,10,15,merge.json,Brenda-ketleyn,2026-03-25 20:36:19,2026-03-25,20
var,2026-03-25 20:36:19,merge.js,1,1,merge.json,Brenda-ketleyn,2026-03-25 20:36:19,2026-03-25,20
slice,2026-03-25 20:36:19,merge.js,14,31,merge.json,Brenda-ketleyn,2026-03-25 20:36:19,2026-03-25,20
var,2026-03-25 20:36:19,merge.js,1,1,merge.json,Brenda-ketleyn,2026-03-25 20:36:19,2026-03-25,20
slice,2026-03-25 20:36:19,merge.js,14,31,merge.json,Brenda-ketleyn,2026-03-25 20:36:19,2026-03-25,20
return,2026-03-25 20:36:19,merge.js,10,28,merge.json,Brenda-ketleyn,2026-03-25 20:36:19,2026-03-25,20
function,2026-03-25 20:36:19,merge.js,8,1,merge.json,Brenda-ketleyn,2026-03-25 20:36:19,2026-03-25,20
var,2026-03-25 20:36:19,merge.js,1,1,merge.json,Brenda-ketleyn,2026-03-25 20:36:19,2026-03-25,20
while,2026-03-25 20:36:19,merge.js,24,5,merge.json,Brenda-ketleyn,2026-03-25 20:36:19,2026-03-25,20
length,2026-03-25 20:36:19,merge.js,10,15,merge.json,Brenda-ketleyn,2026-03-25 20:36:19,2026-03-25,20
length,2026-03-25 20:36:19,merge.js,10,15,merge.json,Brenda-ketleyn,2026-03-25 20:36:19,2026-03-25,20
if,2026-03-25 20:36:19,merge.js,10,5,merge.json,Brenda-ketleyn,2026-03-25 20:36:19,2026-03-25,20
push,2026-03-25 20:36:19,merge.js,5,13,merge.json,Brenda-ketleyn,2026-03-25 20:36:19,2026-03-25,20
shift,2026-03-25 20:36:19,merge.js,26,32,merge.json,Brenda-ketleyn,2026-03-25 20:36:19,2026-03-25,20
else,2026-03-25 20:36:19,merge.js,27,11,merge.json,Brenda-ketleyn,2026-03-25 20:36:19,2026-03-25,20
push,2026-03-25 20:36:19,merge.js,5,13,merge.json,Brenda-ketleyn,2026-03-25 20:36:19,2026-03-25,20
shift,2026-03-25 20:36:19,merge.js,26,32,merge.json,Brenda-ketleyn,2026-03-25 20:36:19,2026-03-25,20
return,2026-03-25 20:36:19,merge.js,10,28,merge.json,Brenda-ketleyn,2026-03-25 20:36:19,2026-03-25,20
concat,2026-03-25 20:36:19,merge.js,32,22,merge.json,Brenda-ketleyn,2026-03-25 20:36:19,2026-03-25,20
var,2026-03-25 20:36:19,merge.js,1,1,merge.json,Brenda-ketleyn,2026-03-25 20:36:19,2026-03-25,20
var,2026-03-25 20:38:12,merge.js,1,1,merge.json,Brenda-ketleyn,2026-03-25 20:38:12,2026-03-25,20
parseInt,2026-03-25 20:38:12,merge.js,1,18,merge.json,Brenda-ketleyn,2026-03-25 20:38:12,2026-03-25,20
prompt,2026-03-25 20:38:12,merge.js,1,27,merge.json,Brenda-ketleyn,2026-03-25 20:38:12,2026-03-25,20
var,2026-03-25 20:38:12,merge.js,1,1,merge.json,Brenda-ketleyn,2026-03-25 20:38:12,2026-03-25,20
for,2026-03-25 20:38:12,merge.js,5,1,merge.json,Brenda-ketleyn,2026-03-25 20:38:12,2026-03-25,20
var,2026-03-25 20:38:12,merge.js,1,1,merge.json,Brenda-ketleyn,2026-03-25 20:38:12,2026-03-25,20
var,2026-03-25 20:38:12,merge.js,1,1,merge.json,Brenda-ketleyn,2026-03-25 20:38:12,2026-03-25,20
parseInt,2026-03-25 20:38:12,merge.js,1,18,merge.json,Brenda-ketleyn,2026-03-25 20:38:12,2026-03-25,20
prompt,2026-03-25 20:38:12,merge.js,1,27,merge.json,Brenda-ketleyn,2026-03-25 20:38:12,2026-03-25,20
push,2026-03-25 20:38:12,merge.js,7,13,merge.json,Brenda-ketleyn,2026-03-25 20:38:12,2026-03-25,20
function,2026-03-25 20:38:12,merge.js,10,1,merge.json,Brenda-ketleyn,2026-03-25 20:38:12,2026-03-25,20
if,2026-03-25 20:38:12,merge.js,12,5,merge.json,Brenda-ketleyn,2026-03-25 20:38:12,2026-03-25,20
length,2026-03-25 20:38:12,merge.js,12,15,merge.json,Brenda-ketleyn,2026-03-25 20:38:12,2026-03-25,20
return,2026-03-25 20:38:12,merge.js,13,9,merge.json,Brenda-ketleyn,2026-03-25 20:38:12,2026-03-25,20
var,2026-03-25 20:38:12,merge.js,1,1,merge.json,Brenda-ketleyn,2026-03-25 20:38:12,2026-03-25,20
Math,2026-03-25 20:38:12,merge.js,16,16,merge.json,Brenda-ketleyn,2026-03-25 20:38:12,2026-03-25,20
floor,2026-03-25 20:38:12,merge.js,16,21,merge.json,Brenda-ketleyn,2026-03-25 20:38:12,2026-03-25,20
length,2026-03-25 20:38:12,merge.js,12,15,merge.json,Brenda-ketleyn,2026-03-25 20:38:12,2026-03-25,20
var,2026-03-25 20:38:12,merge.js,1,1,merge.json,Brenda-ketleyn,2026-03-25 20:38:12,2026-03-25,20
slice,2026-03-25 20:38:12,merge.js,18,24,merge.json,Brenda-ketleyn,2026-03-25 20:38:12,2026-03-25,20
var,2026-03-25 20:38:12,merge.js,1,1,merge.json,Brenda-ketleyn,2026-03-25 20:38:12,2026-03-25,20
slice,2026-03-25 20:38:12,merge.js,18,24,merge.json,Brenda-ketleyn,2026-03-25 20:38:12,2026-03-25,20
var,2026-03-25 20:38:12,merge.js,1,1,merge.json,Brenda-ketleyn,2026-03-25 20:38:12,2026-03-25,20
var,2026-03-25 20:38:12,merge.js,1,1,merge.json,Brenda-ketleyn,2026-03-25 20:38:12,2026-03-25,20
return,2026-03-25 20:38:12,merge.js,13,9,merge.json,Brenda-ketleyn,2026-03-25 20:38:12,2026-03-25,20
function,2026-03-25 20:38:12,merge.js,10,1,merge.json,Brenda-ketleyn,2026-03-25 20:38:12,2026-03-25,20
var,2026-03-25 20:38:12,merge.js,1,1,merge.json,Brenda-ketleyn,2026-03-25 20:38:12,2026-03-25,20
var,2026-03-25 20:38:12,merge.js,1,1,merge.json,Brenda-ketleyn,2026-03-25 20:38:12,2026-03-25,20
var,2026-03-25 20:38:12,merge.js,1,1,merge.json,Brenda-ketleyn,2026-03-25 20:38:12,2026-03-25,20
while,2026-03-25 20:38:12,merge.js,33,5,merge.json,Brenda-ketleyn,2026-03-25 20:38:12,2026-03-25,20
length,2026-03-25 20:38:12,merge.js,12,15,merge.json,Brenda-ketleyn,2026-03-25 20:38:12,2026-03-25,20
length,2026-03-25 20:38:12,merge.js,12,15,merge.json,Brenda-ketleyn,2026-03-25 20:38:12,2026-03-25,20
if,2026-03-25 20:38:12,merge.js,12,5,merge.json,Brenda-ketleyn,2026-03-25 20:38:12,2026-03-25,20
push,2026-03-25 20:38:12,merge.js,7,13,merge.json,Brenda-ketleyn,2026-03-25 20:38:12,2026-03-25,20
else,2026-03-25 20:38:12,merge.js,38,11,merge.json,Brenda-ketleyn,2026-03-25 20:38:12,2026-03-25,20
push,2026-03-25 20:38:12,merge.js,7,13,merge.json,Brenda-ketleyn,2026-03-25 20:38:12,2026-03-25,20
while,2026-03-25 20:38:12,merge.js,33,5,merge.json,Brenda-ketleyn,2026-03-25 20:38:12,2026-03-25,20
length,2026-03-25 20:38:12,merge.js,12,15,merge.json,Brenda-ketleyn,2026-03-25 20:38:12,2026-03-25,20
push,2026-03-25 20:38:12,merge.js,7,13,merge.json,Brenda-ketleyn,2026-03-25 20:38:12,2026-03-25,20
while,2026-03-25 20:38:12,merge.js,33,5,merge.json,Brenda-ketleyn,2026-03-25 20:38:12,2026-03-25,20
length,2026-03-25 20:38:12,merge.js,12,15,merge.json,Brenda-ketleyn,2026-03-25 20:38:12,2026-03-25,20
push,2026-03-25 20:38:12,merge.js,7,13,merge.json,Brenda-ketleyn,2026-03-25 20:38:12,2026-03-25,20
return,2026-03-25 20:38:12,merge.js,13,9,merge.json,Brenda-ketleyn,2026-03-25 20:38:12,2026-03-25,20
var,2026-03-25 20:38:12,merge.js,1,1,merge.json,Brenda-ketleyn,2026-03-25 20:38:12,2026-03-25,20
slice,2026-03-25 20:40:44,merge.js,12,54,merge.json,Brenda-ketleyn,2026-03-25 20:40:44,2026-03-25,20
var,2026-03-05 21:48:17,dowhile.js,1,1,dowhile.json,Brenda-ketleyn,2026-03-05 21:48:17,2026-03-05,21
var,2026-03-05 21:48:17,dowhile.js,1,1,dowhile.json,Brenda-ketleyn,2026-03-05 21:48:17,2026-03-05,21
do,2026-03-05 21:48:17,dowhile.js,1,12,dowhile.json,Brenda-ketleyn,2026-03-05 21:48:17,2026-03-05,21
while,2026-03-05 21:48:17,dowhile.js,6,3,dowhile.json,Brenda-ketleyn,2026-03-05 21:48:17,2026-03-05,21
while,2026-03-06 22:10:48,jogos1.js,2,1,jogos1.json,Brenda-ketleyn,2026-03-06 22:10:48,2026-03-06,22
alert,2026-03-06 22:11:48,jogos1.js,3,5,jogos1.json,Brenda-ketleyn,2026-03-06 22:11:48,2026-03-06,22
alert,2026-03-20 20:05:20,troca.js,2,1,troca.json,Brenda-ketleyn,2026-03-20 20:05:20,2026-03-20,20
alert,2026-03-20 20:34:13,troca.js,6,1,troca.json,Brenda-ketleyn,2026-03-20 20:34:13,2026-03-20,20
parseInt,2026-03-24 20:43:32,exercicio_11.js,1,13,exercicio_11.json,Brenda-ketleyn,2026-03-24 20:43:32,2026-03-24,20
prompt,2026-03-24 20:43:38,exercicio_11.js,1,22,exercicio_11.json,Brenda-ketleyn,2026-03-24 20:43:38,2026-03-24,20
while,2026-03-24 20:45:33,exercicio_11.js,2,1,exercicio_11.json,Brenda-ketleyn,2026-03-24 20:45:33,2026-03-24,20
alert,2026-03-24 20:46:27,exercicio_11.js,3,5,exercicio_11.json,Brenda-ketleyn,2026-03-24 20:46:27,2026-03-24,20
prompt,2026-03-24 20:46:55,exercicio_11.js,4,13,exercicio_11.json,Brenda-ketleyn,2026-03-24 20:46:55,2026-03-24,20
alert,2026-03-24 20:47:28,exercicio_11.js,6,1,exercicio_11.json,Brenda-ketleyn,2026-03-24 20:47:28,2026-03-24,20
for,2026-03-12 20:20:31,vetor_jogos.js,2,1,vetor_jogos.json,Brenda-ketleyn,2026-03-12 20:20:31,2026-03-12,20
for,2026-03-12 20:28:33,vetor_jogos.js,3,1,vetor_jogos.json,Brenda-ketleyn,2026-03-12 20:28:33,2026-03-12,20
for,2026-03-12 20:32:30,vetor_jogos.js,7,1,vetor_jogos.json,Brenda-ketleyn,2026-03-12 20:32:30,2026-03-12,20
E,2026-03-12 20:37:56,vetor_jogos.js,12,23,vetor_jogos.json,Brenda-ketleyn,2026-03-12 20:37:56,2026-03-12,20
while,2026-03-10 19:34:32,algoritmo09.js,3,1,algoritmo09.json,barbosalevir3-rgb,2026-03-10 19:34:32,2026-03-10,19
alert,2026-03-10 19:34:59,algoritmo09.js,7,1,algoritmo09.json,barbosalevir3-rgb,2026-03-10 19:34:59,2026-03-10,19
parseInt,2026-03-13 19:33:32,vetor-tabuada.js,2,15,vetor-tabuada.json,barbosalevir3-rgb,2026-03-13 19:33:32,2026-03-13,19
for,2026-03-13 19:35:00,vetor-tabuada.js,4,1,vetor-tabuada.json,barbosalevir3-rgb,2026-03-13 19:35:00,2026-03-13,19
for,2026-03-13 19:36:11,vetor-tabuada.js,9,1,vetor-tabuada.json,barbosalevir3-rgb,2026-03-13 19:36:11,2026-03-13,19
for,2026-03-13 19:43:21,vetor-tabuada.js,8,1,vetor-tabuada.json,barbosalevir3-rgb,2026-03-13 19:43:21,2026-03-13,19
let,2026-03-13 19:43:21,vetor-tabuada.js,8,5,vetor-tabuada.json,barbosalevir3-rgb,2026-03-13 19:43:21,2026-03-13,19
var,2026-03-13 19:55:04,vetor-tabuada.js,3,1,vetor-tabuada.json,barbosalevir3-rgb,2026-03-13 19:55:04,2026-03-13,19
for,2026-03-13 19:57:38,vetor-tabuada.js,6,1,vetor-tabuada.json,barbosalevir3-rgb,2026-03-13 19:57:38,2026-03-13,19
var,2026-03-13 19:59:10,vetor-tabuada.js,1,1,vetor-tabuada.json,barbosalevir3-rgb,2026-03-13 19:59:10,2026-03-13,19
parseInt,2026-03-13 19:59:10,vetor-tabuada.js,1,9,vetor-tabuada.json,barbosalevir3-rgb,2026-03-13 19:59:10,2026-03-13,19
prompt,2026-03-13 19:59:10,vetor-tabuada.js,1,18,vetor-tabuada.json,barbosalevir3-rgb,2026-03-13 19:59:10,2026-03-13,19
var,2026-03-13 19:59:24,vetor-tabuada.js,3,1,vetor-tabuada.json,barbosalevir3-rgb,2026-03-13 19:59:24,2026-03-13,19
parseInt,2026-03-13 19:59:24,vetor-tabuada.js,3,9,vetor-tabuada.json,barbosalevir3-rgb,2026-03-13 19:59:24,2026-03-13,19
prompt,2026-03-13 19:59:24,vetor-tabuada.js,3,18,vetor-tabuada.json,barbosalevir3-rgb,2026-03-13 19:59:24,2026-03-13,19
alert,2026-03-24 20:29:26,exercicio03.js,5,1,exercicio03.json,barbosalevir3-rgb,2026-03-24 20:29:26,2026-03-24,20
for,2026-03-24 20:31:45,exercicio03.js,2,1,exercicio03.json,barbosalevir3-rgb,2026-03-24 20:31:45,2026-03-24,20
alert,2026-03-24 20:33:50,exercicio03.js,6,1,exercicio03.json,barbosalevir3-rgb,2026-03-24 20:33:50,2026-03-24,20
for,2026-03-24 20:35:46,exercicio03.js,5,1,exercicio03.json,barbosalevir3-rgb,2026-03-24 20:35:46,2026-03-24,20
let,2026-03-24 20:35:46,exercicio03.js,6,2,exercicio03.json,barbosalevir3-rgb,2026-03-24 20:35:46,2026-03-24,20
var,2026-03-24 20:36:21,exercicio03.js,3,1,exercicio03.json,barbosalevir3-rgb,2026-03-24 20:36:21,2026-03-24,20
for,2026-03-24 20:36:21,exercicio03.js,4,1,exercicio03.json,barbosalevir3-rgb,2026-03-24 20:36:21,2026-03-24,20
let,2026-03-24 20:36:21,exercicio03.js,4,5,exercicio03.json,barbosalevir3-rgb,2026-03-24 20:36:21,2026-03-24,20
alert,2026-03-24 20:36:21,exercicio03.js,6,1,exercicio03.json,barbosalevir3-rgb,2026-03-24 20:36:21,2026-03-24,20
for,2026-03-24 20:36:22,exercicio03.js,2,1,exercicio03.json,barbosalevir3-rgb,2026-03-24 20:36:22,2026-03-24,20
let,2026-03-24 20:36:22,exercicio03.js,2,5,exercicio03.json,barbosalevir3-rgb,2026-03-24 20:36:22,2026-03-24,20
for,2026-03-12 19:44:19,vaquinha.js,3,1,vaquinha.json,barbosalevir3-rgb,2026-03-12 19:44:19,2026-03-12,19
alert,2026-03-12 19:47:00,vaquinha.js,7,2,vaquinha.json,barbosalevir3-rgb,2026-03-12 19:47:00,2026-03-12,19
let,2026-03-12 19:48:23,vaquinha.js,3,1,vaquinha.json,barbosalevir3-rgb,2026-03-12 19:48:23,2026-03-12,19
alert,2026-03-12 19:49:35,vaquinha.js,6,1,vaquinha.json,barbosalevir3-rgb,2026-03-12 19:49:35,2026-03-12,19
const,2026-03-12 19:50:22,vaquinha.js,3,1,vaquinha.json,barbosalevir3-rgb,2026-03-12 19:50:22,2026-03-12,19
let,2026-03-12 19:51:21,vaquinha.js,5,5,vaquinha.json,barbosalevir3-rgb,2026-03-12 19:51:21,2026-03-12,19
const,2026-03-12 19:51:21,vaquinha.js,1,1,vaquinha.json,barbosalevir3-rgb,2026-03-12 19:51:21,2026-03-12,19
alert,2026-03-12 19:51:24,vaquinha.js,6,1,vaquinha.json,barbosalevir3-rgb,2026-03-12 19:51:24,2026-03-12,19
alert,2026-03-12 19:53:34,vaquinha.js,8,1,vaquinha.json,barbosalevir3-rgb,2026-03-12 19:53:34,2026-03-12,19
for,2026-03-12 20:07:42,vaquinha.js,9,1,vaquinha.json,barbosalevir3-rgb,2026-03-12 20:07:42,2026-03-12,20
if,2026-03-24 20:13:35,exercicio04.js,2,1,exercicio04.json,barbosalevir3-rgb,2026-03-24 20:13:35,2026-03-24,20
alert,2026-03-24 20:13:48,exercicio04.js,3,5,exercicio04.json,barbosalevir3-rgb,2026-03-24 20:13:48,2026-03-24,20
alert,2026-03-24 20:14:11,exercicio04.js,5,5,exercicio04.json,barbosalevir3-rgb,2026-03-24 20:14:11,2026-03-24,20
alert,2026-02-24 21:57:49,algoritmo2.js,6,1,algoritmo2.json,barbosalevir3-rgb,2026-02-24 21:57:49,2026-02-24,21
let,2026-02-24 22:02:53,algoritmo2.js,4,1,algoritmo2.json,barbosalevir3-rgb,2026-02-24 22:02:53,2026-02-24,22
let,2026-02-24 22:02:53,algoritmo2.js,5,1,algoritmo2.json,barbosalevir3-rgb,2026-02-24 22:02:53,2026-02-24,22
let,2026-02-24 22:07:08,algoritmo2.js,4,1,algoritmo2.json,barbosalevir3-rgb,2026-02-24 22:07:08,2026-02-24,22
let,2026-02-24 22:08:53,algoritmo2.js,4,1,algoritmo2.json,barbosalevir3-rgb,2026-02-24 22:08:53,2026-02-24,22
let,2026-02-24 22:08:56,algoritmo2.js,5,1,algoritmo2.json,barbosalevir3-rgb,2026-02-24 22:08:56,2026-02-24,22
toFixed,2026-02-24 22:17:32,algoritmo2.js,4,43,algoritmo2.json,barbosalevir3-rgb,2026-02-24 22:17:32,2026-02-24,22
toExponential,2026-02-24 22:20:19,algoritmo2.js,4,34,algoritmo2.json,barbosalevir3-rgb,2026-02-24 22:20:19,2026-02-24,22
toFixed,2026-02-24 22:20:25,algoritmo2.js,4,34,algoritmo2.json,barbosalevir3-rgb,2026-02-24 22:20:25,2026-02-24,22
alert,2026-03-03 19:49:17,algoritmo2.js,6,1,algoritmo2.json,barbosalevir3-rgb,2026-03-03 19:49:17,2026-03-03,19
for,2026-02-27 19:50:31,domigos.js,3,1,domigos.json,barbosalevir3-rgb,2026-02-27 19:50:31,2026-02-27,19
if,2026-02-27 19:53:44,domigos.js,6,5,domigos.json,barbosalevir3-rgb,2026-02-27 19:53:44,2026-02-27,19
for,2026-02-27 19:53:59,domigos.js,6,2,domigos.json,barbosalevir3-rgb,2026-02-27 19:53:59,2026-02-27,19
for,2026-02-27 20:00:49,domigos.js,7,1,domigos.json,barbosalevir3-rgb,2026-02-27 20:00:49,2026-02-27,20
alert,2026-02-27 20:02:31,domigos.js,7,1,domigos.json,barbosalevir3-rgb,2026-02-27 20:02:31,2026-02-27,20
E,2026-02-27 20:02:44,domigos.js,12,3,domigos.json,barbosalevir3-rgb,2026-02-27 20:02:44,2026-02-27,20
alert,2026-02-27 20:02:49,domigos.js,12,1,domigos.json,barbosalevir3-rgb,2026-02-27 20:02:49,2026-02-27,20
alert,2026-02-27 20:04:32,domigos.js,12,17,domigos.json,barbosalevir3-rgb,2026-02-27 20:04:32,2026-02-27,20
for,2026-02-27 20:04:34,domigos.js,10,4,domigos.json,barbosalevir3-rgb,2026-02-27 20:04:34,2026-02-27,20
let,2026-02-27 20:04:34,domigos.js,10,8,domigos.json,barbosalevir3-rgb,2026-02-27 20:04:34,2026-02-27,20
for,2026-02-27 20:08:53,domigos.js,2,1,domigos.json,barbosalevir3-rgb,2026-02-27 20:08:53,2026-02-27,20
for,2026-02-27 20:11:37,domigos.js,2,1,domigos.json,barbosalevir3-rgb,2026-02-27 20:11:37,2026-02-27,20
alert,2026-02-27 20:13:00,domigos.js,5,1,domigos.json,barbosalevir3-rgb,2026-02-27 20:13:00,2026-02-27,20
for,2026-02-27 20:15:37,domigos.js,6,1,domigos.json,barbosalevir3-rgb,2026-02-27 20:15:37,2026-02-27,20
alert,2026-02-27 20:16:53,domigos.js,8,1,domigos.json,barbosalevir3-rgb,2026-02-27 20:16:53,2026-02-27,20
alert,2026-02-27 20:19:47,domigos.js,5,1,domigos.json,barbosalevir3-rgb,2026-02-27 20:19:47,2026-02-27,20
alert,2026-02-27 20:20:34,domigos.js,5,1,domigos.json,barbosalevir3-rgb,2026-02-27 20:20:34,2026-02-27,20
for,2026-02-27 20:20:35,domigos.js,5,1,domigos.json,barbosalevir3-rgb,2026-02-27 20:20:35,2026-02-27,20
let,2026-02-27 20:20:35,domigos.js,5,5,domigos.json,barbosalevir3-rgb,2026-02-27 20:20:35,2026-02-27,20
alert,2026-02-27 20:20:35,domigos.js,8,1,domigos.json,barbosalevir3-rgb,2026-02-27 20:20:35,2026-02-27,20
length,2026-02-27 20:22:44,domigos.js,2,1,domigos.json,barbosalevir3-rgb,2026-02-27 20:22:44,2026-02-27,20
for,2026-02-27 20:23:46,domigos.js,4,1,domigos.json,barbosalevir3-rgb,2026-02-27 20:23:46,2026-02-27,20
for,2026-02-27 20:26:59,domigos.js,3,1,domigos.json,barbosalevir3-rgb,2026-02-27 20:26:59,2026-02-27,20
if,2026-02-27 20:28:20,domigos.js,5,5,domigos.json,barbosalevir3-rgb,2026-02-27 20:28:20,2026-02-27,20
if,2026-02-27 20:31:08,domigos.js,5,5,domigos.json,barbosalevir3-rgb,2026-02-27 20:31:08,2026-02-27,20
for,2026-02-27 20:31:09,domigos.js,3,1,domigos.json,barbosalevir3-rgb,2026-02-27 20:31:09,2026-02-27,20
let,2026-02-27 20:31:10,domigos.js,2,1,domigos.json,barbosalevir3-rgb,2026-02-27 20:31:10,2026-02-27,20
parseInt,2026-02-27 20:31:10,domigos.js,3,14,domigos.json,barbosalevir3-rgb,2026-02-27 20:31:10,2026-02-27,20
prompt,2026-02-27 20:31:10,domigos.js,3,23,domigos.json,barbosalevir3-rgb,2026-02-27 20:31:10,2026-02-27,20
for,2026-02-27 20:31:10,domigos.js,4,1,domigos.json,barbosalevir3-rgb,2026-02-27 20:31:10,2026-02-27,20
let,2026-02-27 20:31:10,domigos.js,2,1,domigos.json,barbosalevir3-rgb,2026-02-27 20:31:10,2026-02-27,20
let,2026-02-27 20:31:12,domigos.js,3,1,domigos.json,barbosalevir3-rgb,2026-02-27 20:31:12,2026-02-27,20
for,2026-02-27 20:31:12,domigos.js,4,1,domigos.json,barbosalevir3-rgb,2026-02-27 20:31:12,2026-02-27,20
length,2026-02-27 20:31:14,domigos.js,2,1,domigos.json,barbosalevir3-rgb,2026-02-27 20:31:14,2026-02-27,20
for,2026-02-27 20:48:40,domigos.js,8,1,domigos.json,barbosalevir3-rgb,2026-02-27 20:48:40,2026-02-27,20
for,2026-02-27 22:23:10,domigos.js,12,1,domigos.json,barbosalevir3-rgb,2026-02-27 22:23:10,2026-02-27,22
for,2026-02-27 22:23:22,domigos.js,12,1,domigos.json,barbosalevir3-rgb,2026-02-27 22:23:22,2026-02-27,22
for,2026-02-27 22:23:30,domigos.js,12,1,domigos.json,barbosalevir3-rgb,2026-02-27 22:23:30,2026-02-27,22
alert,2026-02-27 22:25:29,domigos.js,15,1,domigos.json,barbosalevir3-rgb,2026-02-27 22:25:29,2026-02-27,22
alert,2026-03-25 21:18:47,funcaosoma.js,6,1,funcaosoma.json,barbosalevir3-rgb,2026-03-25 21:18:47,2026-03-25,21
for,2026-03-12 21:26:25,vetor-par-impar.js,3,1,vetor-par-impar.json,barbosalevir3-rgb,2026-03-12 21:26:25,2026-03-12,21
if,2026-03-12 21:27:53,vetor-par-impar.js,5,5,vetor-par-impar.json,barbosalevir3-rgb,2026-03-12 21:27:53,2026-03-12,21
if,2026-03-12 21:30:16,vetor-par-impar.js,12,1,vetor-par-impar.json,barbosalevir3-rgb,2026-03-12 21:30:16,2026-03-12,21
E,2026-03-12 21:32:07,vetor-par-impar.js,13,21,vetor-par-impar.json,barbosalevir3-rgb,2026-03-12 21:32:07,2026-03-12,21
for,2026-03-12 21:42:41,vetor-par-impar.js,10,2,vetor-par-impar.json,barbosalevir3-rgb,2026-03-12 21:42:41,2026-03-12,21
for,2026-03-12 21:50:34,vetor-par-impar.js,10,2,vetor-par-impar.json,barbosalevir3-rgb,2026-03-12 21:50:34,2026-03-12,21
let,2026-03-12 21:50:34,vetor-par-impar.js,10,6,vetor-par-impar.json,barbosalevir3-rgb,2026-03-12 21:50:34,2026-03-12,21
if,2026-03-12 21:50:34,vetor-par-impar.js,11,1,vetor-par-impar.json,barbosalevir3-rgb,2026-03-12 21:50:34,2026-03-12,21
else,2026-03-12 21:50:34,vetor-par-impar.js,13,1,vetor-par-impar.json,barbosalevir3-rgb,2026-03-12 21:50:34,2026-03-12,21
for,2026-03-12 22:01:25,vetor-par-impar.js,14,1,vetor-par-impar.json,barbosalevir3-rgb,2026-03-12 22:01:25,2026-03-12,22
for,2026-03-12 22:02:30,vetor-par-impar.js,18,1,vetor-par-impar.json,barbosalevir3-rgb,2026-03-12 22:02:30,2026-03-12,22
E,2026-03-12 22:03:02,vetor-par-impar.js,19,24,vetor-par-impar.json,barbosalevir3-rgb,2026-03-12 22:03:02,2026-03-12,22
if,2026-03-12 22:11:53,vetor-par-impar.js,7,1,vetor-par-impar.json,barbosalevir3-rgb,2026-03-12 22:11:53,2026-03-12,22
else,2026-03-12 22:13:37,vetor-par-impar.js,10,1,vetor-par-impar.json,barbosalevir3-rgb,2026-03-12 22:13:37,2026-03-12,22
for,2026-03-12 22:13:37,vetor-par-impar.js,16,1,vetor-par-impar.json,barbosalevir3-rgb,2026-03-12 22:13:37,2026-03-12,22
let,2026-03-12 22:13:37,vetor-par-impar.js,16,5,vetor-par-impar.json,barbosalevir3-rgb,2026-03-12 22:13:37,2026-03-12,22
for,2026-03-12 22:13:37,vetor-par-impar.js,16,1,vetor-par-impar.json,barbosalevir3-rgb,2026-03-12 22:13:37,2026-03-12,22
let,2026-03-12 22:13:37,vetor-par-impar.js,16,5,vetor-par-impar.json,barbosalevir3-rgb,2026-03-12 22:13:37,2026-03-12,22
E,2026-03-10 20:26:59,festaidade.js,4,11,festaidade.json,barbosalevir3-rgb,2026-03-10 20:26:59,2026-03-10,20
E,2026-03-10 20:27:24,festaidade.js,6,12,festaidade.json,barbosalevir3-rgb,2026-03-10 20:27:24,2026-03-10,20
prompt,2026-03-05 19:39:11,amanese.js,1,26,amanese.json,barbosalevir3-rgb,2026-03-05 19:39:11,2026-03-05,19
E,2026-03-05 19:40:21,amanese.js,1,16,amanese.json,barbosalevir3-rgb,2026-03-05 19:40:21,2026-03-05,19
for,2026-03-05 19:41:01,amanese.js,4,1,amanese.json,barbosalevir3-rgb,2026-03-05 19:41:01,2026-03-05,19
if,2026-03-05 19:41:56,amanese.js,3,1,amanese.json,barbosalevir3-rgb,2026-03-05 19:41:56,2026-03-05,19
alert,2026-03-05 19:43:10,amanese.js,4,5,amanese.json,barbosalevir3-rgb,2026-03-05 19:43:10,2026-03-05,19
E,2026-03-05 19:43:13,amanese.js,4,13,amanese.json,barbosalevir3-rgb,2026-03-05 19:43:13,2026-03-05,19
if,2026-03-05 19:44:17,amanese.js,5,7,amanese.json,barbosalevir3-rgb,2026-03-05 19:44:17,2026-03-05,19
alert,2026-03-05 19:45:28,amanese.js,6,5,amanese.json,barbosalevir3-rgb,2026-03-05 19:45:28,2026-03-05,19
if,2026-03-05 19:45:40,amanese.js,7,7,amanese.json,barbosalevir3-rgb,2026-03-05 19:45:40,2026-03-05,19
alert,2026-03-05 19:45:51,amanese.js,8,5,amanese.json,barbosalevir3-rgb,2026-03-05 19:45:51,2026-03-05,19
alert,2026-03-20 19:44:32,espalhamentominimo.js,2,1,espalhamentominimo.json,barbosalevir3-rgb,2026-03-20 19:44:32,2026-03-20,19
Math,2026-03-20 19:44:39,espalhamentominimo.js,2,7,espalhamentominimo.json,barbosalevir3-rgb,2026-03-20 19:44:39,2026-03-20,19
min,2026-03-20 19:44:53,espalhamentominimo.js,2,12,espalhamentominimo.json,barbosalevir3-rgb,2026-03-20 19:44:53,2026-03-20,19
console,2026-03-20 19:53:03,espalhamentominimo.js,2,1,espalhamentominimo.json,barbosalevir3-rgb,2026-03-20 19:53:03,2026-03-20,19
console,2026-03-20 19:54:51,espalhamentominimo.js,2,1,espalhamentominimo.json,barbosalevir3-rgb,2026-03-20 19:54:51,2026-03-20,19
alert,2026-03-20 19:54:52,espalhamentominimo.js,2,1,espalhamentominimo.json,barbosalevir3-rgb,2026-03-20 19:54:52,2026-03-20,19
alert,2026-03-19 22:14:26,maiordetresmath.js,2,1,maiordetresmath.json,barbosalevir3-rgb,2026-03-19 22:14:26,2026-03-19,22
max,2026-03-19 22:15:09,maiordetresmath.js,2,12,maiordetresmath.json,barbosalevir3-rgb,2026-03-19 22:15:09,2026-03-19,22
for,2026-02-20 21:40:52,jogos.js,1,1,jogos.json,barbosalevir3-rgb,2026-02-20 21:40:52,2026-02-20,21
for,2026-02-26 19:36:00,jogos.js,7,1,jogos.json,barbosalevir3-rgb,2026-02-26 19:36:00,2026-02-26,19
for,2026-02-26 19:41:29,jogos.js,3,1,jogos.json,barbosalevir3-rgb,2026-02-26 19:41:29,2026-02-26,19
let,2026-02-26 19:41:29,jogos.js,3,5,jogos.json,barbosalevir3-rgb,2026-02-26 19:41:29,2026-02-26,19
alert,2026-02-26 20:41:26,jogos.js,9,5,jogos.json,barbosalevir3-rgb,2026-02-26 20:41:26,2026-02-26,20
alert,2026-02-26 20:44:07,jogos.js,7,1,jogos.json,barbosalevir3-rgb,2026-02-26 20:44:07,2026-02-26,20
alert,2026-02-26 20:44:42,jogos.js,13,1,jogos.json,barbosalevir3-rgb,2026-02-26 20:44:42,2026-02-26,20
if,2026-03-03 20:22:51,algoritmo04.js,3,1,algoritmo04.json,barbosalevir3-rgb,2026-03-03 20:22:51,2026-03-03,20
alert,2026-03-03 20:23:31,algoritmo04.js,4,4,algoritmo04.json,barbosalevir3-rgb,2026-03-03 20:23:31,2026-03-03,20
else,2026-03-03 20:23:46,algoritmo04.js,5,2,algoritmo04.json,barbosalevir3-rgb,2026-03-03 20:23:46,2026-03-03,20
alert,2026-03-03 20:23:53,algoritmo04.js,6,5,algoritmo04.json,barbosalevir3-rgb,2026-03-03 20:23:53,2026-03-03,20
alert,2026-02-20 20:36:45,main.js,1,1,main.json,barbosalevir3-rgb,2026-02-20 20:36:45,2026-02-20,20
alert,2026-02-20 20:39:48,main.js,2,1,main.json,barbosalevir3-rgb,2026-02-20 20:39:48,2026-02-20,20
function,2026-03-25 21:31:23,calculadora.js,1,1,calculadora.json,barbosalevir3-rgb,2026-03-25 21:31:23,2026-03-25,21
break,2026-03-25 21:31:45,calculadora.js,2,9,calculadora.json,barbosalevir3-rgb,2026-03-25 21:31:45,2026-03-25,21
alert,2026-03-25 21:33:17,calculadora.js,6,1,calculadora.json,barbosalevir3-rgb,2026-03-25 21:33:17,2026-03-25,21
function,2026-03-25 21:33:30,calculadora.js,7,1,calculadora.json,barbosalevir3-rgb,2026-03-25 21:33:30,2026-03-25,21
alert,2026-03-25 21:35:05,calculadora.js,12,1,calculadora.json,barbosalevir3-rgb,2026-03-25 21:35:05,2026-03-25,21
function,2026-03-25 21:35:19,calculadora.js,13,1,calculadora.json,barbosalevir3-rgb,2026-03-25 21:35:19,2026-03-25,21
alert,2026-03-25 21:36:30,calculadora.js,18,1,calculadora.json,barbosalevir3-rgb,2026-03-25 21:36:30,2026-03-25,21
function,2026-03-25 21:36:44,calculadora.js,19,1,calculadora.json,barbosalevir3-rgb,2026-03-25 21:36:44,2026-03-25,21
var,2026-03-25 21:37:05,calculadora.js,22,1,calculadora.json,barbosalevir3-rgb,2026-03-25 21:37:05,2026-03-25,21
parseInt,2026-03-25 21:37:05,calculadora.js,22,9,calculadora.json,barbosalevir3-rgb,2026-03-25 21:37:05,2026-03-25,21
prompt,2026-03-25 21:37:05,calculadora.js,22,18,calculadora.json,barbosalevir3-rgb,2026-03-25 21:37:05,2026-03-25,21
var,2026-03-25 21:37:05,calculadora.js,22,1,calculadora.json,barbosalevir3-rgb,2026-03-25 21:37:05,2026-03-25,21
parseInt,2026-03-25 21:37:05,calculadora.js,22,9,calculadora.json,barbosalevir3-rgb,2026-03-25 21:37:05,2026-03-25,21
prompt,2026-03-25 21:37:05,calculadora.js,22,18,calculadora.json,barbosalevir3-rgb,2026-03-25 21:37:05,2026-03-25,21
alert,2026-03-25 21:37:05,calculadora.js,24,1,calculadora.json,barbosalevir3-rgb,2026-03-25 21:37:05,2026-03-25,21
return,2026-03-25 21:40:56,calculadora.js,21,4,calculadora.json,barbosalevir3-rgb,2026-03-25 21:40:56,2026-03-25,21
return,2026-03-25 21:41:02,calculadora.js,15,5,calculadora.json,barbosalevir3-rgb,2026-03-25 21:41:02,2026-03-25,21
return,2026-03-25 21:41:07,calculadora.js,9,5,calculadora.json,barbosalevir3-rgb,2026-03-25 21:41:07,2026-03-25,21
return,2026-03-25 21:41:13,calculadora.js,3,5,calculadora.json,barbosalevir3-rgb,2026-03-25 21:41:13,2026-03-25,21
function,2026-03-25 21:42:25,calculadora.js,1,1,calculadora.json,barbosalevir3-rgb,2026-03-25 21:42:25,2026-03-25,21
return,2026-03-25 21:42:25,calculadora.js,2,5,calculadora.json,barbosalevir3-rgb,2026-03-25 21:42:25,2026-03-25,21
var,2026-03-25 21:42:26,calculadora.js,4,1,calculadora.json,barbosalevir3-rgb,2026-03-25 21:42:26,2026-03-25,21
parseInt,2026-03-25 21:42:26,calculadora.js,4,9,calculadora.json,barbosalevir3-rgb,2026-03-25 21:42:26,2026-03-25,21
prompt,2026-03-25 21:42:26,calculadora.js,4,18,calculadora.json,barbosalevir3-rgb,2026-03-25 21:42:26,2026-03-25,21
var,2026-03-25 21:42:26,calculadora.js,5,1,calculadora.json,barbosalevir3-rgb,2026-03-25 21:42:26,2026-03-25,21
parseInt,2026-03-25 21:42:26,calculadora.js,5,9,calculadora.json,barbosalevir3-rgb,2026-03-25 21:42:26,2026-03-25,21
prompt,2026-03-25 21:42:26,calculadora.js,5,18,calculadora.json,barbosalevir3-rgb,2026-03-25 21:42:26,2026-03-25,21
alert,2026-03-25 21:42:26,calculadora.js,6,1,calculadora.json,barbosalevir3-rgb,2026-03-25 21:42:26,2026-03-25,21
function,2026-03-25 21:42:26,calculadora.js,7,1,calculadora.json,barbosalevir3-rgb,2026-03-25 21:42:26,2026-03-25,21
return,2026-03-25 21:42:26,calculadora.js,8,5,calculadora.json,barbosalevir3-rgb,2026-03-25 21:42:26,2026-03-25,21
var,2026-03-25 21:42:26,calculadora.js,10,1,calculadora.json,barbosalevir3-rgb,2026-03-25 21:42:26,2026-03-25,21
parseInt,2026-03-25 21:42:26,calculadora.js,10,9,calculadora.json,barbosalevir3-rgb,2026-03-25 21:42:26,2026-03-25,21
prompt,2026-03-25 21:42:26,calculadora.js,10,18,calculadora.json,barbosalevir3-rgb,2026-03-25 21:42:26,2026-03-25,21
var,2026-03-25 21:42:26,calculadora.js,11,1,calculadora.json,barbosalevir3-rgb,2026-03-25 21:42:26,2026-03-25,21
parseInt,2026-03-25 21:42:26,calculadora.js,11,9,calculadora.json,barbosalevir3-rgb,2026-03-25 21:42:26,2026-03-25,21
prompt,2026-03-25 21:42:26,calculadora.js,11,18,calculadora.json,barbosalevir3-rgb,2026-03-25 21:42:26,2026-03-25,21
alert,2026-03-25 21:42:26,calculadora.js,12,1,calculadora.json,barbosalevir3-rgb,2026-03-25 21:42:26,2026-03-25,21
function,2026-03-25 21:42:26,calculadora.js,13,1,calculadora.json,barbosalevir3-rgb,2026-03-25 21:42:26,2026-03-25,21
return,2026-03-25 21:42:26,calculadora.js,14,5,calculadora.json,barbosalevir3-rgb,2026-03-25 21:42:26,2026-03-25,21
var,2026-03-25 21:42:27,calculadora.js,16,1,calculadora.json,barbosalevir3-rgb,2026-03-25 21:42:27,2026-03-25,21
parseInt,2026-03-25 21:42:27,calculadora.js,16,9,calculadora.json,barbosalevir3-rgb,2026-03-25 21:42:27,2026-03-25,21
prompt,2026-03-25 21:42:27,calculadora.js,16,18,calculadora.json,barbosalevir3-rgb,2026-03-25 21:42:27,2026-03-25,21
var,2026-03-25 21:42:27,calculadora.js,17,1,calculadora.json,barbosalevir3-rgb,2026-03-25 21:42:27,2026-03-25,21
parseInt,2026-03-25 21:42:27,calculadora.js,17,9,calculadora.json,barbosalevir3-rgb,2026-03-25 21:42:27,2026-03-25,21
prompt,2026-03-25 21:42:27,calculadora.js,17,18,calculadora.json,barbosalevir3-rgb,2026-03-25 21:42:27,2026-03-25,21
alert,2026-03-25 21:42:27,calculadora.js,18,1,calculadora.json,barbosalevir3-rgb,2026-03-25 21:42:27,2026-03-25,21
function,2026-03-25 21:42:27,calculadora.js,19,1,calculadora.json,barbosalevir3-rgb,2026-03-25 21:42:27,2026-03-25,21
return,2026-03-25 21:42:28,calculadora.js,20,5,calculadora.json,barbosalevir3-rgb,2026-03-25 21:42:28,2026-03-25,21
var,2026-03-25 21:42:28,calculadora.js,22,1,calculadora.json,barbosalevir3-rgb,2026-03-25 21:42:28,2026-03-25,21
parseInt,2026-03-25 21:42:28,calculadora.js,22,9,calculadora.json,barbosalevir3-rgb,2026-03-25 21:42:28,2026-03-25,21
prompt,2026-03-25 21:42:28,calculadora.js,22,18,calculadora.json,barbosalevir3-rgb,2026-03-25 21:42:28,2026-03-25,21
var,2026-03-25 21:42:28,calculadora.js,23,1,calculadora.json,barbosalevir3-rgb,2026-03-25 21:42:28,2026-03-25,21
parseInt,2026-03-25 21:42:28,calculadora.js,23,9,calculadora.json,barbosalevir3-rgb,2026-03-25 21:42:28,2026-03-25,21
prompt,2026-03-25 21:42:28,calculadora.js,23,18,calculadora.json,barbosalevir3-rgb,2026-03-25 21:42:28,2026-03-25,21
alert,2026-03-25 21:42:28,calculadora.js,24,1,calculadora.json,barbosalevir3-rgb,2026-03-25 21:42:28,2026-03-25,21
switch,2026-03-25 21:42:42,calculadora.js,26,1,calculadora.json,barbosalevir3-rgb,2026-03-25 21:42:42,2026-03-25,21
alert,2026-03-25 21:49:10,calculadora.js,16,9,calculadora.json,barbosalevir3-rgb,2026-03-25 21:49:10,2026-03-25,21
break,2026-03-25 21:49:39,calculadora.js,16,28,calculadora.json,barbosalevir3-rgb,2026-03-25 21:49:39,2026-03-25,21
alert,2026-03-25 21:50:34,calculadora.js,18,9,calculadora.json,barbosalevir3-rgb,2026-03-25 21:50:34,2026-03-25,21
break,2026-03-25 21:51:24,calculadora.js,18,32,calculadora.json,barbosalevir3-rgb,2026-03-25 21:51:24,2026-03-25,21
alert,2026-03-25 21:51:29,calculadora.js,19,9,calculadora.json,barbosalevir3-rgb,2026-03-25 21:51:29,2026-03-25,21
alert,2026-03-25 21:51:54,calculadora.js,20,9,calculadora.json,barbosalevir3-rgb,2026-03-25 21:51:54,2026-03-25,21
break,2026-03-25 21:52:09,calculadora.js,20,36,calculadora.json,barbosalevir3-rgb,2026-03-25 21:52:09,2026-03-25,21
alert,2026-03-25 21:52:26,calculadora.js,22,9,calculadora.json,barbosalevir3-rgb,2026-03-25 21:52:26,2026-03-25,21
break,2026-03-25 21:53:07,calculadora.js,22,41,calculadora.json,barbosalevir3-rgb,2026-03-25 21:53:07,2026-03-25,21
alert,2026-03-25 21:53:19,calculadora.js,24,9,calculadora.json,barbosalevir3-rgb,2026-03-25 21:53:19,2026-03-25,21
while,2026-03-25 22:05:20,calculadora.js,28,1,calculadora.json,barbosalevir3-rgb,2026-03-25 22:05:20,2026-03-25,22
alert,2026-03-25 22:05:48,calculadora.js,29,5,calculadora.json,barbosalevir3-rgb,2026-03-25 22:05:48,2026-03-25,22
E,2026-03-25 22:05:51,calculadora.js,29,13,calculadora.json,barbosalevir3-rgb,2026-03-25 22:05:51,2026-03-25,22
alert,2026-03-25 22:06:20,calculadora.js,30,2,calculadora.json,barbosalevir3-rgb,2026-03-25 22:06:20,2026-03-25,22
alert,2026-03-25 22:06:21,calculadora.js,28,9,calculadora.json,barbosalevir3-rgb,2026-03-25 22:06:21,2026-03-25,22
toFixed,2026-03-25 22:06:21,calculadora.js,29,15,calculadora.json,barbosalevir3-rgb,2026-03-25 22:06:21,2026-03-25,22
break,2026-03-25 22:06:21,calculadora.js,29,27,calculadora.json,barbosalevir3-rgb,2026-03-25 22:06:21,2026-03-25,22
case,2026-03-25 22:06:21,calculadora.js,27,5,calculadora.json,barbosalevir3-rgb,2026-03-25 22:06:21,2026-03-25,22
alert,2026-03-25 22:06:21,calculadora.js,26,9,calculadora.json,barbosalevir3-rgb,2026-03-25 22:06:21,2026-03-25,22
break,2026-03-25 22:06:21,calculadora.js,27,21,calculadora.json,barbosalevir3-rgb,2026-03-25 22:06:21,2026-03-25,22
case,2026-03-25 22:06:21,calculadora.js,25,5,calculadora.json,barbosalevir3-rgb,2026-03-25 22:06:21,2026-03-25,22
alert,2026-03-25 22:06:21,calculadora.js,24,9,calculadora.json,barbosalevir3-rgb,2026-03-25 22:06:21,2026-03-25,22
break,2026-03-25 22:06:21,calculadora.js,25,17,calculadora.json,barbosalevir3-rgb,2026-03-25 22:06:21,2026-03-25,22
case,2026-03-25 22:06:22,calculadora.js,23,5,calculadora.json,barbosalevir3-rgb,2026-03-25 22:06:22,2026-03-25,22
alert,2026-03-25 22:06:22,calculadora.js,22,9,calculadora.json,barbosalevir3-rgb,2026-03-25 22:06:22,2026-03-25,22
break,2026-03-25 22:06:22,calculadora.js,23,14,calculadora.json,barbosalevir3-rgb,2026-03-25 22:06:22,2026-03-25,22
case,2026-03-25 22:06:22,calculadora.js,21,17,calculadora.json,barbosalevir3-rgb,2026-03-25 22:06:22,2026-03-25,22
switch,2026-03-25 22:06:22,calculadora.js,20,13,calculadora.json,barbosalevir3-rgb,2026-03-25 22:06:22,2026-03-25,22
var,2026-03-25 22:08:11,calculadora.js,13,1,calculadora.json,barbosalevir3-rgb,2026-03-25 22:08:11,2026-03-25,22
parseInt,2026-03-25 22:08:11,calculadora.js,13,9,calculadora.json,barbosalevir3-rgb,2026-03-25 22:08:11,2026-03-25,22
prompt,2026-03-25 22:08:11,calculadora.js,13,18,calculadora.json,barbosalevir3-rgb,2026-03-25 22:08:11,2026-03-25,22
var,2026-03-25 22:08:11,calculadora.js,13,1,calculadora.json,barbosalevir3-rgb,2026-03-25 22:08:11,2026-03-25,22
parseInt,2026-03-25 22:08:11,calculadora.js,13,9,calculadora.json,barbosalevir3-rgb,2026-03-25 22:08:11,2026-03-25,22
prompt,2026-03-25 22:08:11,calculadora.js,13,18,calculadora.json,barbosalevir3-rgb,2026-03-25 22:08:11,2026-03-25,22
alert,2026-03-25 22:08:11,calculadora.js,15,1,calculadora.json,barbosalevir3-rgb,2026-03-25 22:08:11,2026-03-25,22
while,2026-03-25 22:09:29,calculadora.js,29,2,calculadora.json,barbosalevir3-rgb,2026-03-25 22:09:29,2026-03-25,22
var,2026-03-25 22:11:24,calculadora.js,15,5,calculadora.json,barbosalevir3-rgb,2026-03-25 22:11:24,2026-03-25,22
parseInt,2026-03-25 22:11:24,calculadora.js,15,13,calculadora.json,barbosalevir3-rgb,2026-03-25 22:11:24,2026-03-25,22
prompt,2026-03-25 22:11:24,calculadora.js,15,22,calculadora.json,barbosalevir3-rgb,2026-03-25 22:11:24,2026-03-25,22
if,2026-03-03 19:39:09,algoritmo3.js,4,1,algoritmo3.json,barbosalevir3-rgb,2026-03-03 19:39:09,2026-03-03,19
alert,2026-03-03 19:39:43,algoritmo3.js,5,5,algoritmo3.json,barbosalevir3-rgb,2026-03-03 19:39:43,2026-03-03,19
alert,2026-03-03 19:40:03,algoritmo3.js,7,5,algoritmo3.json,barbosalevir3-rgb,2026-03-03 19:40:03,2026-03-03,19
if,2026-03-03 19:40:50,algoritmo3.js,10,1,algoritmo3.json,barbosalevir3-rgb,2026-03-03 19:40:50,2026-03-03,19
alert,2026-03-03 19:41:03,algoritmo3.js,11,5,algoritmo3.json,barbosalevir3-rgb,2026-03-03 19:41:03,2026-03-03,19
E,2026-03-03 19:41:35,algoritmo3.js,13,6,algoritmo3.json,barbosalevir3-rgb,2026-03-03 19:41:35,2026-03-03,19
alert,2026-03-03 19:41:40,algoritmo3.js,13,5,algoritmo3.json,barbosalevir3-rgb,2026-03-03 19:41:40,2026-03-03,19
if,2026-03-03 20:25:59,algoritmo06.js,3,1,algoritmo06.json,barbosalevir3-rgb,2026-03-03 20:25:59,2026-03-03,20
alert,2026-03-03 20:26:33,algoritmo06.js,4,5,algoritmo06.json,barbosalevir3-rgb,2026-03-03 20:26:33,2026-03-03,20
alert,2026-03-03 20:27:17,algoritmo06.js,6,5,algoritmo06.json,barbosalevir3-rgb,2026-03-03 20:27:17,2026-03-03,20
if,2026-03-03 20:37:42,algoritmo06.js,5,1,algoritmo06.json,barbosalevir3-rgb,2026-03-03 20:37:42,2026-03-03,20
alert,2026-03-03 20:38:34,algoritmo06.js,6,4,algoritmo06.json,barbosalevir3-rgb,2026-03-03 20:38:34,2026-03-03,20
alert,2026-03-03 20:39:09,algoritmo06.js,8,5,algoritmo06.json,barbosalevir3-rgb,2026-03-03 20:39:09,2026-03-03,20
if,2026-03-03 20:41:58,algoritmo06.js,7,7,algoritmo06.json,barbosalevir3-rgb,2026-03-03 20:41:58,2026-03-03,20
alert,2026-03-03 20:42:19,algoritmo06.js,10,5,algoritmo06.json,barbosalevir3-rgb,2026-03-03 20:42:19,2026-03-03,20
if,2026-03-03 20:45:51,algoritmo06.js,4,1,algoritmo06.json,barbosalevir3-rgb,2026-03-03 20:45:51,2026-03-03,20
alert,2026-03-03 20:46:08,algoritmo06.js,5,5,algoritmo06.json,barbosalevir3-rgb,2026-03-03 20:46:08,2026-03-03,20
if,2026-03-03 20:46:25,algoritmo06.js,6,7,algoritmo06.json,barbosalevir3-rgb,2026-03-03 20:46:25,2026-03-03,20
alert,2026-03-03 20:46:38,algoritmo06.js,7,5,algoritmo06.json,barbosalevir3-rgb,2026-03-03 20:46:38,2026-03-03,20
alert,2026-03-03 20:47:00,algoritmo06.js,9,5,algoritmo06.json,barbosalevir3-rgb,2026-03-03 20:47:00,2026-03-03,20
if,2026-03-03 21:34:50,algoritmo06.js,5,1,algoritmo06.json,barbosalevir3-rgb,2026-03-03 21:34:50,2026-03-03,21
alert,2026-03-03 21:35:01,algoritmo06.js,6,5,algoritmo06.json,barbosalevir3-rgb,2026-03-03 21:35:01,2026-03-03,21
if,2026-03-03 21:35:26,algoritmo06.js,7,7,algoritmo06.json,barbosalevir3-rgb,2026-03-03 21:35:26,2026-03-03,21
alert,2026-03-03 21:35:38,algoritmo06.js,8,5,algoritmo06.json,barbosalevir3-rgb,2026-03-03 21:35:38,2026-03-03,21
alert,2026-03-03 21:36:21,algoritmo06.js,10,5,algoritmo06.json,barbosalevir3-rgb,2026-03-03 21:36:21,2026-03-03,21
alert,2026-03-26 19:40:13,revisaovetor.js,7,1,revisaovetor.json,barbosalevir3-rgb,2026-03-26 19:40:13,2026-03-26,19
alert,2026-03-26 19:42:15,revisaovetor.js,7,1,revisaovetor.json,barbosalevir3-rgb,2026-03-26 19:42:15,2026-03-26,19
let,2026-03-26 19:45:11,revisaovetor.js,3,1,revisaovetor.json,barbosalevir3-rgb,2026-03-26 19:45:11,2026-03-26,19
parseInt,2026-03-26 19:45:11,revisaovetor.js,3,15,revisaovetor.json,barbosalevir3-rgb,2026-03-26 19:45:11,2026-03-26,19
prompt,2026-03-26 19:45:11,revisaovetor.js,3,24,revisaovetor.json,barbosalevir3-rgb,2026-03-26 19:45:11,2026-03-26,19
alert,2026-03-26 19:45:32,revisaovetor.js,7,1,revisaovetor.json,barbosalevir3-rgb,2026-03-26 19:45:32,2026-03-26,19
alert,2026-03-26 19:51:18,revisaovetor.js,7,5,revisaovetor.json,barbosalevir3-rgb,2026-03-26 19:51:18,2026-03-26,19
for,2026-03-26 19:54:14,revisaovetor.js,6,1,revisaovetor.json,barbosalevir3-rgb,2026-03-26 19:54:14,2026-03-26,19
for,2026-03-25 19:39:30,insertion.js,2,1,insertion.json,barbosalevir3-rgb,2026-03-25 19:39:30,2026-03-25,19
length,2026-03-25 19:39:46,insertion.js,2,26,insertion.json,barbosalevir3-rgb,2026-03-25 19:39:46,2026-03-25,19
let,2026-03-25 20:27:16,insertion.js,1,1,insertion.json,barbosalevir3-rgb,2026-03-25 20:27:16,2026-03-25,20
do,2026-03-25 20:27:16,insertion.js,3,14,insertion.json,barbosalevir3-rgb,2026-03-25 20:27:16,2026-03-25,20
for,2026-03-25 20:27:16,insertion.js,4,1,insertion.json,barbosalevir3-rgb,2026-03-25 20:27:16,2026-03-25,20
let,2026-03-25 20:27:16,insertion.js,1,1,insertion.json,barbosalevir3-rgb,2026-03-25 20:27:16,2026-03-25,20
length,2026-03-25 20:27:16,insertion.js,4,27,insertion.json,barbosalevir3-rgb,2026-03-25 20:27:16,2026-03-25,20
let,2026-03-25 20:27:16,insertion.js,1,1,insertion.json,barbosalevir3-rgb,2026-03-25 20:27:16,2026-03-25,20
let,2026-03-25 20:27:16,insertion.js,1,1,insertion.json,barbosalevir3-rgb,2026-03-25 20:27:16,2026-03-25,20
for,2026-03-25 20:27:16,insertion.js,4,1,insertion.json,barbosalevir3-rgb,2026-03-25 20:27:16,2026-03-25,20
E,2026-03-25 20:27:16,insertion.js,8,8,insertion.json,barbosalevir3-rgb,2026-03-25 20:27:16,2026-03-25,20
for,2026-03-25 20:27:16,insertion.js,4,1,insertion.json,barbosalevir3-rgb,2026-03-25 20:27:16,2026-03-25,20
while,2026-03-25 20:27:16,insertion.js,11,5,insertion.json,barbosalevir3-rgb,2026-03-25 20:27:16,2026-03-25,20
alert,2026-03-25 20:46:38,insertion.js,19,1,insertion.json,barbosalevir3-rgb,2026-03-25 20:46:38,2026-03-25,20
alert,2026-03-25 20:46:51,insertion.js,18,5,insertion.json,barbosalevir3-rgb,2026-03-25 20:46:51,2026-03-25,20
let,2026-03-25 20:50:45,insertion.js,2,1,insertion.json,barbosalevir3-rgb,2026-03-25 20:50:45,2026-03-25,20
alert,2026-03-25 20:50:53,insertion.js,18,5,insertion.json,barbosalevir3-rgb,2026-03-25 20:50:53,2026-03-25,20
alert,2026-03-25 20:50:54,insertion.js,19,1,insertion.json,barbosalevir3-rgb,2026-03-25 20:50:54,2026-03-25,20
alert,2026-03-25 20:50:54,insertion.js,19,1,insertion.json,barbosalevir3-rgb,2026-03-25 20:50:54,2026-03-25,20
if,2026-03-24 20:05:34,exercicio02.js,2,1,exercicio02.json,barbosalevir3-rgb,2026-03-24 20:05:34,2026-03-24,20
alert,2026-03-24 20:06:00,exercicio02.js,3,5,exercicio02.json,barbosalevir3-rgb,2026-03-24 20:06:00,2026-03-24,20
if,2026-03-24 20:06:20,exercicio02.js,4,7,exercicio02.json,barbosalevir3-rgb,2026-03-24 20:06:20,2026-03-24,20
alert,2026-03-24 20:07:08,exercicio02.js,5,5,exercicio02.json,barbosalevir3-rgb,2026-03-24 20:07:08,2026-03-24,20
alert,2026-03-24 20:07:25,exercicio02.js,7,5,exercicio02.json,barbosalevir3-rgb,2026-03-24 20:07:25,2026-03-24,20
if,2026-03-24 20:39:56,exercicio02.js,3,1,exercicio02.json,barbosalevir3-rgb,2026-03-24 20:39:56,2026-03-24,20
alert,2026-03-24 20:40:13,exercicio02.js,4,5,exercicio02.json,barbosalevir3-rgb,2026-03-24 20:40:13,2026-03-24,20
alert,2026-03-24 20:40:27,exercicio02.js,6,5,exercicio02.json,barbosalevir3-rgb,2026-03-24 20:40:27,2026-03-24,20
while,2026-03-06 21:27:46,aprovacao_01.js,30,35,aprovacao_01.json,barbosalevir3-rgb,2026-03-06 21:27:46,2026-03-06,21
let,2026-03-06 21:29:44,aprovacao_01.js,4,5,aprovacao_01.json,barbosalevir3-rgb,2026-03-06 21:29:44,2026-03-06,21
var,2026-03-06 21:29:44,aprovacao_01.js,4,5,aprovacao_01.json,barbosalevir3-rgb,2026-03-06 21:29:44,2026-03-06,21
var,2026-03-06 21:29:45,aprovacao_01.js,3,5,aprovacao_01.json,barbosalevir3-rgb,2026-03-06 21:29:45,2026-03-06,21
while,2026-03-06 21:31:19,aprovacao_01.js,28,2,aprovacao_01.json,barbosalevir3-rgb,2026-03-06 21:31:19,2026-03-06,21
do,2026-03-06 21:32:20,aprovacao_01.js,3,5,aprovacao_01.json,barbosalevir3-rgb,2026-03-06 21:32:20,2026-03-06,21
alert,2026-02-24 20:33:30,algoritmo1.js,3,1,algoritmo1.json,barbosalevir3-rgb,2026-02-24 20:33:30,2026-02-24,20
alert,2026-02-24 20:34:11,algoritmo1.js,3,1,algoritmo1.json,barbosalevir3-rgb,2026-02-24 20:34:11,2026-02-24,20
alert,2026-02-24 20:38:12,algoritmo1.js,4,1,algoritmo1.json,barbosalevir3-rgb,2026-02-24 20:38:12,2026-02-24,20
alert,2026-02-24 20:40:17,algoritmo1.js,4,1,algoritmo1.json,barbosalevir3-rgb,2026-02-24 20:40:17,2026-02-24,20
alert,2026-02-24 20:45:55,algoritmo1.js,3,1,algoritmo1.json,barbosalevir3-rgb,2026-02-24 20:45:55,2026-02-24,20
alert,2026-03-03 20:32:22,algoritmo07.js,3,5,algoritmo07.json,barbosalevir3-rgb,2026-03-03 20:32:22,2026-03-03,20
while,2026-03-03 20:32:43,algoritmo07.js,4,2,algoritmo07.json,barbosalevir3-rgb,2026-03-03 20:32:43,2026-03-03,20
while,2026-03-10 21:32:58,saque2.js,3,1,saque2.json,barbosalevir3-rgb,2026-03-10 21:32:58,2026-03-10,21
alert,2026-03-10 21:33:28,saque2.js,7,1,saque2.json,barbosalevir3-rgb,2026-03-10 21:33:28,2026-03-10,21
if,2026-03-05 19:54:55,aprovacao.js,5,5,aprovacao.json,barbosalevir3-rgb,2026-03-05 19:54:55,2026-03-05,19
alert,2026-03-05 19:56:54,aprovacao.js,6,9,aprovacao.json,barbosalevir3-rgb,2026-03-05 19:56:54,2026-03-05,19
E,2026-03-05 19:57:04,aprovacao.js,6,16,aprovacao.json,barbosalevir3-rgb,2026-03-05 19:57:04,2026-03-05,19
alert,2026-03-05 19:57:15,aprovacao.js,8,9,aprovacao.json,barbosalevir3-rgb,2026-03-05 19:57:15,2026-03-05,19
if,2026-03-05 19:57:29,aprovacao.js,7,11,aprovacao.json,barbosalevir3-rgb,2026-03-05 19:57:29,2026-03-05,19
alert,2026-03-05 19:57:44,aprovacao.js,8,9,aprovacao.json,barbosalevir3-rgb,2026-03-05 19:57:44,2026-03-05,19
alert,2026-03-05 19:59:46,aprovacao.js,10,9,aprovacao.json,barbosalevir3-rgb,2026-03-05 19:59:46,2026-03-05,19
while,2026-03-05 20:00:31,aprovacao.js,12,2,aprovacao.json,barbosalevir3-rgb,2026-03-05 20:00:31,2026-03-05,20
parseFloat,2026-03-05 20:02:51,aprovacao.js,2,17,aprovacao.json,barbosalevir3-rgb,2026-03-05 20:02:51,2026-03-05,20
parseFloat,2026-03-05 20:02:56,aprovacao.js,3,17,aprovacao.json,barbosalevir3-rgb,2026-03-05 20:02:56,2026-03-05,20
if,2026-03-05 20:04:09,aprovacao.js,13,5,aprovacao.json,barbosalevir3-rgb,2026-03-05 20:04:09,2026-03-05,20
alert,2026-03-05 20:04:30,aprovacao.js,14,9,aprovacao.json,barbosalevir3-rgb,2026-03-05 20:04:30,2026-03-05,20
alert,2026-03-05 20:04:48,aprovacao.js,16,9,aprovacao.json,barbosalevir3-rgb,2026-03-05 20:04:48,2026-03-05,20
E,2026-03-05 20:07:54,aprovacao.js,10,16,aprovacao.json,barbosalevir3-rgb,2026-03-05 20:07:54,2026-03-05,20
alert,2026-03-05 20:08:50,aprovacao.js,18,9,aprovacao.json,barbosalevir3-rgb,2026-03-05 20:08:50,2026-03-05,20
else,2026-03-05 20:10:22,aprovacao.js,17,6,aprovacao.json,barbosalevir3-rgb,2026-03-05 20:10:22,2026-03-05,20
while,2026-03-05 20:10:59,aprovacao.js,20,2,aprovacao.json,barbosalevir3-rgb,2026-03-05 20:10:59,2026-03-05,20
let,2026-03-05 20:15:36,aprovacao.js,11,9,aprovacao.json,barbosalevir3-rgb,2026-03-05 20:15:36,2026-03-05,20
alert,2026-03-05 20:15:37,aprovacao.js,11,9,aprovacao.json,barbosalevir3-rgb,2026-03-05 20:15:37,2026-03-05,20
parseFloat,2026-03-05 20:17:49,aprovacao.js,11,22,aprovacao.json,barbosalevir3-rgb,2026-03-05 20:17:49,2026-03-05,20
alert,2026-03-05 20:19:02,aprovacao.js,13,9,aprovacao.json,barbosalevir3-rgb,2026-03-05 20:19:02,2026-03-05,20
E,2026-03-05 20:19:34,aprovacao.js,13,30,aprovacao.json,barbosalevir3-rgb,2026-03-05 20:19:34,2026-03-05,20
if,2026-03-05 20:22:16,aprovacao.js,12,9,aprovacao.json,barbosalevir3-rgb,2026-03-05 20:22:16,2026-03-05,20
alert,2026-03-05 20:22:51,aprovacao.js,13,13,aprovacao.json,barbosalevir3-rgb,2026-03-05 20:22:51,2026-03-05,20
alert,2026-03-05 20:23:07,aprovacao.js,15,13,aprovacao.json,barbosalevir3-rgb,2026-03-05 20:23:07,2026-03-05,20
if,2026-03-05 20:23:13,aprovacao.js,14,15,aprovacao.json,barbosalevir3-rgb,2026-03-05 20:23:13,2026-03-05,20
alert,2026-03-05 20:23:26,aprovacao.js,15,13,aprovacao.json,barbosalevir3-rgb,2026-03-05 20:23:26,2026-03-05,20
while,2026-03-05 20:24:42,aprovacao.js,18,2,aprovacao.json,barbosalevir3-rgb,2026-03-05 20:24:42,2026-03-05,20
while,2026-03-05 20:28:23,aprovacao.js,18,2,aprovacao.json,barbosalevir3-rgb,2026-03-05 20:28:23,2026-03-05,20
while,2026-03-05 20:42:53,aprovacao.js,18,2,aprovacao.json,barbosalevir3-rgb,2026-03-05 20:42:53,2026-03-05,20
do,2026-03-05 20:44:17,aprovacao.js,10,1,aprovacao.json,barbosalevir3-rgb,2026-03-05 20:44:17,2026-03-05,20
let,2026-03-05 21:24:11,aprovacao.js,6,1,aprovacao.json,barbosalevir3-rgb,2026-03-05 21:24:11,2026-03-05,21
let,2026-03-05 21:24:12,aprovacao.js,5,1,aprovacao.json,barbosalevir3-rgb,2026-03-05 21:24:12,2026-03-05,21
parseFloat,2026-03-05 21:24:12,aprovacao.js,5,13,aprovacao.json,barbosalevir3-rgb,2026-03-05 21:24:12,2026-03-05,21
prompt,2026-03-05 21:24:12,aprovacao.js,5,24,aprovacao.json,barbosalevir3-rgb,2026-03-05 21:24:12,2026-03-05,21
let,2026-03-05 21:24:12,aprovacao.js,4,1,aprovacao.json,barbosalevir3-rgb,2026-03-05 21:24:12,2026-03-05,21
parseFloat,2026-03-05 21:24:12,aprovacao.js,4,13,aprovacao.json,barbosalevir3-rgb,2026-03-05 21:24:12,2026-03-05,21
prompt,2026-03-05 21:24:12,aprovacao.js,4,24,aprovacao.json,barbosalevir3-rgb,2026-03-05 21:24:12,2026-03-05,21
E,2026-03-05 21:24:20,aprovacao.js,2,21,aprovacao.json,barbosalevir3-rgb,2026-03-05 21:24:20,2026-03-05,21
E,2026-03-05 21:25:03,aprovacao.js,9,12,aprovacao.json,barbosalevir3-rgb,2026-03-05 21:25:03,2026-03-05,21
else,2026-03-05 21:27:07,aprovacao.js,17,1,aprovacao.json,barbosalevir3-rgb,2026-03-05 21:27:07,2026-03-05,21
alert,2026-03-05 21:27:11,aprovacao.js,18,5,aprovacao.json,barbosalevir3-rgb,2026-03-05 21:27:11,2026-03-05,21
else,2026-03-05 21:33:50,aprovacao.js,16,1,aprovacao.json,barbosalevir3-rgb,2026-03-05 21:33:50,2026-03-05,21
alert,2026-03-05 21:33:53,aprovacao.js,17,5,aprovacao.json,barbosalevir3-rgb,2026-03-05 21:33:53,2026-03-05,21
while,2026-03-05 21:38:34,aprovacao.js,19,2,aprovacao.json,barbosalevir3-rgb,2026-03-05 21:38:34,2026-03-05,21
do,2026-03-05 21:51:20,aprovacao.js,3,1,aprovacao.json,barbosalevir3-rgb,2026-03-05 21:51:20,2026-03-05,21
do,2026-03-05 21:51:22,aprovacao.js,1,1,aprovacao.json,barbosalevir3-rgb,2026-03-05 21:51:22,2026-03-05,21
E,2026-03-05 21:51:48,aprovacao.js,20,5,aprovacao.json,barbosalevir3-rgb,2026-03-05 21:51:48,2026-03-05,21
var,2026-03-05 22:18:34,aprovacao.js,3,17,aprovacao.json,barbosalevir3-rgb,2026-03-05 22:18:34,2026-03-05,22
alert,2026-03-06 19:47:34,aprovacao.js,10,5,aprovacao.json,barbosalevir3-rgb,2026-03-06 19:47:34,2026-03-06,19
alert,2026-03-06 19:47:46,aprovacao.js,13,5,aprovacao.json,barbosalevir3-rgb,2026-03-06 19:47:46,2026-03-06,19
alert,2026-03-06 19:48:34,aprovacao.js,22,5,aprovacao.json,barbosalevir3-rgb,2026-03-06 19:48:34,2026-03-06,19
E,2026-03-06 19:51:37,aprovacao.js,22,84,aprovacao.json,barbosalevir3-rgb,2026-03-06 19:51:37,2026-03-06,19
do,2026-03-06 20:03:16,aprovacao.js,3,1,aprovacao.json,barbosalevir3-rgb,2026-03-06 20:03:16,2026-03-06,20
do,2026-03-06 20:10:06,aprovacao.js,1,1,aprovacao.json,barbosalevir3-rgb,2026-03-06 20:10:06,2026-03-06,20
var,2026-03-06 20:10:10,aprovacao.js,2,5,aprovacao.json,barbosalevir3-rgb,2026-03-06 20:10:10,2026-03-06,20
alert,2026-03-06 20:14:20,aprovacao.js,23,5,aprovacao.json,barbosalevir3-rgb,2026-03-06 20:14:20,2026-03-06,20
var,2026-03-06 20:18:17,aprovacao.js,7,1,aprovacao.json,barbosalevir3-rgb,2026-03-06 20:18:17,2026-03-06,20
E,2026-03-06 20:22:32,aprovacao.js,7,10,aprovacao.json,barbosalevir3-rgb,2026-03-06 20:22:32,2026-03-06,20
E,2026-03-06 20:23:25,aprovacao.js,2,74,aprovacao.json,barbosalevir3-rgb,2026-03-06 20:23:25,2026-03-06,20
E,2026-03-06 20:40:46,aprovacao.js,2,74,aprovacao.json,barbosalevir3-rgb,2026-03-06 20:40:46,2026-03-06,20
E,2026-03-06 20:48:39,aprovacao.js,24,61,aprovacao.json,barbosalevir3-rgb,2026-03-06 20:48:39,2026-03-06,20
while,2026-03-06 21:36:23,aprovacao.js,24,2,aprovacao.json,barbosalevir3-rgb,2026-03-06 21:36:23,2026-03-06,21
if,2026-03-06 21:36:23,aprovacao.js,24,61,aprovacao.json,barbosalevir3-rgb,2026-03-06 21:36:23,2026-03-06,21
else,2026-03-06 21:36:23,aprovacao.js,24,64,aprovacao.json,barbosalevir3-rgb,2026-03-06 21:36:23,2026-03-06,21
function,2026-03-25 19:52:49,inserto02.js,1,1,inserto02.json,barbosalevir3-rgb,2026-03-25 19:52:49,2026-03-25,19
for,2026-03-25 19:52:49,inserto02.js,2,1,inserto02.json,barbosalevir3-rgb,2026-03-25 19:52:49,2026-03-25,19
let,2026-03-25 19:52:49,inserto02.js,2,6,inserto02.json,barbosalevir3-rgb,2026-03-25 19:52:49,2026-03-25,19
length,2026-03-25 19:52:49,inserto02.js,2,25,inserto02.json,barbosalevir3-rgb,2026-03-25 19:52:49,2026-03-25,19
let,2026-03-25 19:52:49,inserto02.js,2,6,inserto02.json,barbosalevir3-rgb,2026-03-25 19:52:49,2026-03-25,19
let,2026-03-25 19:52:49,inserto02.js,2,6,inserto02.json,barbosalevir3-rgb,2026-03-25 19:52:49,2026-03-25,19
while,2026-03-25 19:52:49,inserto02.js,7,1,inserto02.json,barbosalevir3-rgb,2026-03-25 19:52:49,2026-03-25,19
return,2026-03-25 19:52:49,inserto02.js,15,1,inserto02.json,barbosalevir3-rgb,2026-03-25 19:52:49,2026-03-25,19
const,2026-03-25 19:52:49,inserto02.js,19,1,inserto02.json,barbosalevir3-rgb,2026-03-25 19:52:49,2026-03-25,19
console,2026-03-25 19:52:49,inserto02.js,20,1,inserto02.json,barbosalevir3-rgb,2026-03-25 19:52:49,2026-03-25,19
log,2026-03-25 19:52:49,inserto02.js,20,9,inserto02.json,barbosalevir3-rgb,2026-03-25 19:52:49,2026-03-25,19
Array,2026-03-25 19:52:49,inserto02.js,20,23,inserto02.json,barbosalevir3-rgb,2026-03-25 19:52:49,2026-03-25,19
console,2026-03-25 19:52:49,inserto02.js,20,1,inserto02.json,barbosalevir3-rgb,2026-03-25 19:52:49,2026-03-25,19
log,2026-03-25 19:52:49,inserto02.js,20,9,inserto02.json,barbosalevir3-rgb,2026-03-25 19:52:49,2026-03-25,19
Array,2026-03-25 19:52:49,inserto02.js,20,23,inserto02.json,barbosalevir3-rgb,2026-03-25 19:52:49,2026-03-25,19
function,2026-03-25 19:54:07,inserto02.js,1,1,inserto02.json,barbosalevir3-rgb,2026-03-25 19:54:07,2026-03-25,19
length,2026-03-25 19:54:07,inserto02.js,3,26,inserto02.json,barbosalevir3-rgb,2026-03-25 19:54:07,2026-03-25,19
let,2026-03-25 19:54:07,inserto02.js,4,5,inserto02.json,barbosalevir3-rgb,2026-03-25 19:54:07,2026-03-25,19
length,2026-03-25 19:54:07,inserto02.js,3,26,inserto02.json,barbosalevir3-rgb,2026-03-25 19:54:07,2026-03-25,19
let,2026-03-25 19:54:07,inserto02.js,4,5,inserto02.json,barbosalevir3-rgb,2026-03-25 19:54:07,2026-03-25,19
let,2026-03-25 19:54:07,inserto02.js,4,5,inserto02.json,barbosalevir3-rgb,2026-03-25 19:54:07,2026-03-25,19
for,2026-03-25 19:54:07,inserto02.js,12,25,inserto02.json,barbosalevir3-rgb,2026-03-25 19:54:07,2026-03-25,19
for,2026-03-25 19:54:07,inserto02.js,12,25,inserto02.json,barbosalevir3-rgb,2026-03-25 19:54:07,2026-03-25,19
const,2026-03-25 19:54:07,inserto02.js,28,1,inserto02.json,barbosalevir3-rgb,2026-03-25 19:54:07,2026-03-25,19
console,2026-03-25 19:54:07,inserto02.js,31,1,inserto02.json,barbosalevir3-rgb,2026-03-25 19:54:07,2026-03-25,19
log,2026-03-25 19:54:07,inserto02.js,31,9,inserto02.json,barbosalevir3-rgb,2026-03-25 19:54:07,2026-03-25,19
function,2026-03-25 19:54:07,inserto02.js,1,1,inserto02.json,barbosalevir3-rgb,2026-03-25 19:54:07,2026-03-25,19
console,2026-03-25 19:54:07,inserto02.js,31,1,inserto02.json,barbosalevir3-rgb,2026-03-25 19:54:07,2026-03-25,19
log,2026-03-25 19:54:07,inserto02.js,31,9,inserto02.json,barbosalevir3-rgb,2026-03-25 19:54:07,2026-03-25,19
function,2026-03-25 19:55:34,inserto02.js,1,1,inserto02.json,barbosalevir3-rgb,2026-03-25 19:55:34,2026-03-25,19
let,2026-03-25 19:55:34,inserto02.js,2,5,inserto02.json,barbosalevir3-rgb,2026-03-25 19:55:34,2026-03-25,19
length,2026-03-25 19:55:34,inserto02.js,2,17,inserto02.json,barbosalevir3-rgb,2026-03-25 19:55:34,2026-03-25,19
for,2026-03-25 19:55:34,inserto02.js,4,5,inserto02.json,barbosalevir3-rgb,2026-03-25 19:55:34,2026-03-25,19
let,2026-03-25 19:55:34,inserto02.js,2,5,inserto02.json,barbosalevir3-rgb,2026-03-25 19:55:34,2026-03-25,19
let,2026-03-25 19:55:34,inserto02.js,2,5,inserto02.json,barbosalevir3-rgb,2026-03-25 19:55:34,2026-03-25,19
let,2026-03-25 19:55:34,inserto02.js,2,5,inserto02.json,barbosalevir3-rgb,2026-03-25 19:55:34,2026-03-25,19
while,2026-03-25 19:55:34,inserto02.js,8,9,inserto02.json,barbosalevir3-rgb,2026-03-25 19:55:34,2026-03-25,19
const,2026-03-25 19:55:34,inserto02.js,18,1,inserto02.json,barbosalevir3-rgb,2026-03-25 19:55:34,2026-03-25,19
console,2026-03-25 19:55:34,inserto02.js,19,1,inserto02.json,barbosalevir3-rgb,2026-03-25 19:55:34,2026-03-25,19
log,2026-03-25 19:55:34,inserto02.js,19,9,inserto02.json,barbosalevir3-rgb,2026-03-25 19:55:34,2026-03-25,19
console,2026-03-25 19:55:34,inserto02.js,19,1,inserto02.json,barbosalevir3-rgb,2026-03-25 19:55:34,2026-03-25,19
log,2026-03-25 19:55:34,inserto02.js,19,9,inserto02.json,barbosalevir3-rgb,2026-03-25 19:55:34,2026-03-25,19
function,2026-03-25 19:56:54,inserto02.js,1,1,inserto02.json,barbosalevir3-rgb,2026-03-25 19:56:54,2026-03-25,19
let,2026-03-25 19:56:54,inserto02.js,2,5,inserto02.json,barbosalevir3-rgb,2026-03-25 19:56:54,2026-03-25,19
length,2026-03-25 19:56:54,inserto02.js,2,17,inserto02.json,barbosalevir3-rgb,2026-03-25 19:56:54,2026-03-25,19
for,2026-03-25 19:56:54,inserto02.js,4,5,inserto02.json,barbosalevir3-rgb,2026-03-25 19:56:54,2026-03-25,19
let,2026-03-25 19:56:54,inserto02.js,2,5,inserto02.json,barbosalevir3-rgb,2026-03-25 19:56:54,2026-03-25,19
do,2026-03-25 19:56:54,inserto02.js,4,45,inserto02.json,barbosalevir3-rgb,2026-03-25 19:56:54,2026-03-25,19
let,2026-03-25 19:56:54,inserto02.js,2,5,inserto02.json,barbosalevir3-rgb,2026-03-25 19:56:54,2026-03-25,19
let,2026-03-25 19:56:54,inserto02.js,2,5,inserto02.json,barbosalevir3-rgb,2026-03-25 19:56:54,2026-03-25,19
while,2026-03-25 19:56:54,inserto02.js,8,9,inserto02.json,barbosalevir3-rgb,2026-03-25 19:56:54,2026-03-25,19
function,2026-03-25 20:08:54,inserto02.js,1,1,inserto02.json,barbosalevir3-rgb,2026-03-25 20:08:54,2026-03-25,20
let,2026-03-25 20:08:54,inserto02.js,2,5,inserto02.json,barbosalevir3-rgb,2026-03-25 20:08:54,2026-03-25,20
length,2026-03-25 20:08:54,inserto02.js,2,17,inserto02.json,barbosalevir3-rgb,2026-03-25 20:08:54,2026-03-25,20
for,2026-03-25 20:08:54,inserto02.js,4,5,inserto02.json,barbosalevir3-rgb,2026-03-25 20:08:54,2026-03-25,20
let,2026-03-25 20:08:54,inserto02.js,2,5,inserto02.json,barbosalevir3-rgb,2026-03-25 20:08:54,2026-03-25,20
let,2026-03-25 20:08:54,inserto02.js,2,5,inserto02.json,barbosalevir3-rgb,2026-03-25 20:08:54,2026-03-25,20
let,2026-03-25 20:08:54,inserto02.js,2,5,inserto02.json,barbosalevir3-rgb,2026-03-25 20:08:54,2026-03-25,20
while,2026-03-25 20:08:54,inserto02.js,8,9,inserto02.json,barbosalevir3-rgb,2026-03-25 20:08:54,2026-03-25,20
const,2026-03-25 20:08:54,inserto02.js,18,1,inserto02.json,barbosalevir3-rgb,2026-03-25 20:08:54,2026-03-25,20
console,2026-03-25 20:08:54,inserto02.js,19,1,inserto02.json,barbosalevir3-rgb,2026-03-25 20:08:54,2026-03-25,20
log,2026-03-25 20:08:54,inserto02.js,19,9,inserto02.json,barbosalevir3-rgb,2026-03-25 20:08:54,2026-03-25,20
console,2026-03-25 20:08:54,inserto02.js,19,1,inserto02.json,barbosalevir3-rgb,2026-03-25 20:08:54,2026-03-25,20
log,2026-03-25 20:08:54,inserto02.js,19,9,inserto02.json,barbosalevir3-rgb,2026-03-25 20:08:54,2026-03-25,20
function,2026-03-25 20:08:54,inserto02.js,1,1,inserto02.json,barbosalevir3-rgb,2026-03-25 20:08:54,2026-03-25,20
length,2026-03-25 20:08:54,inserto02.js,3,26,inserto02.json,barbosalevir3-rgb,2026-03-25 20:08:54,2026-03-25,20
let,2026-03-25 20:08:54,inserto02.js,4,5,inserto02.json,barbosalevir3-rgb,2026-03-25 20:08:54,2026-03-25,20
length,2026-03-25 20:08:54,inserto02.js,3,26,inserto02.json,barbosalevir3-rgb,2026-03-25 20:08:54,2026-03-25,20
let,2026-03-25 20:08:54,inserto02.js,4,5,inserto02.json,barbosalevir3-rgb,2026-03-25 20:08:54,2026-03-25,20
let,2026-03-25 20:08:54,inserto02.js,4,5,inserto02.json,barbosalevir3-rgb,2026-03-25 20:08:54,2026-03-25,20
for,2026-03-25 20:08:54,inserto02.js,12,25,inserto02.json,barbosalevir3-rgb,2026-03-25 20:08:54,2026-03-25,20
for,2026-03-25 20:08:54,inserto02.js,12,25,inserto02.json,barbosalevir3-rgb,2026-03-25 20:08:54,2026-03-25,20
const,2026-03-25 20:08:54,inserto02.js,28,1,inserto02.json,barbosalevir3-rgb,2026-03-25 20:08:54,2026-03-25,20
alert,2026-03-25 20:08:54,inserto02.js,31,1,inserto02.json,barbosalevir3-rgb,2026-03-25 20:08:54,2026-03-25,20
function,2026-03-25 20:08:54,inserto02.js,1,1,inserto02.json,barbosalevir3-rgb,2026-03-25 20:08:54,2026-03-25,20
alert,2026-03-25 20:08:54,inserto02.js,31,1,inserto02.json,barbosalevir3-rgb,2026-03-25 20:08:54,2026-03-25,20
console,2026-03-25 20:08:56,inserto02.js,37,1,inserto02.json,barbosalevir3-rgb,2026-03-25 20:08:56,2026-03-25,20
log,2026-03-25 20:08:56,inserto02.js,37,9,inserto02.json,barbosalevir3-rgb,2026-03-25 20:08:56,2026-03-25,20
console,2026-03-25 20:08:56,inserto02.js,31,1,inserto02.json,barbosalevir3-rgb,2026-03-25 20:08:56,2026-03-25,20
log,2026-03-25 20:08:56,inserto02.js,31,9,inserto02.json,barbosalevir3-rgb,2026-03-25 20:08:56,2026-03-25,20
function,2026-03-25 20:08:57,inserto02.js,1,1,inserto02.json,barbosalevir3-rgb,2026-03-25 20:08:57,2026-03-25,20
for,2026-03-25 20:08:57,inserto02.js,2,1,inserto02.json,barbosalevir3-rgb,2026-03-25 20:08:57,2026-03-25,20
let,2026-03-25 20:08:57,inserto02.js,2,6,inserto02.json,barbosalevir3-rgb,2026-03-25 20:08:57,2026-03-25,20
length,2026-03-25 20:08:57,inserto02.js,2,25,inserto02.json,barbosalevir3-rgb,2026-03-25 20:08:57,2026-03-25,20
let,2026-03-25 20:08:57,inserto02.js,2,6,inserto02.json,barbosalevir3-rgb,2026-03-25 20:08:57,2026-03-25,20
let,2026-03-25 20:08:57,inserto02.js,2,6,inserto02.json,barbosalevir3-rgb,2026-03-25 20:08:57,2026-03-25,20
while,2026-03-25 20:08:57,inserto02.js,7,1,inserto02.json,barbosalevir3-rgb,2026-03-25 20:08:57,2026-03-25,20
return,2026-03-25 20:08:57,inserto02.js,15,1,inserto02.json,barbosalevir3-rgb,2026-03-25 20:08:57,2026-03-25,20
const,2026-03-25 20:08:57,inserto02.js,19,1,inserto02.json,barbosalevir3-rgb,2026-03-25 20:08:57,2026-03-25,20
console,2026-03-25 20:08:57,inserto02.js,20,1,inserto02.json,barbosalevir3-rgb,2026-03-25 20:08:57,2026-03-25,20
log,2026-03-25 20:08:57,inserto02.js,20,9,inserto02.json,barbosalevir3-rgb,2026-03-25 20:08:57,2026-03-25,20
Array,2026-03-25 20:08:57,inserto02.js,20,23,inserto02.json,barbosalevir3-rgb,2026-03-25 20:08:57,2026-03-25,20
console,2026-03-25 20:08:57,inserto02.js,20,1,inserto02.json,barbosalevir3-rgb,2026-03-25 20:08:57,2026-03-25,20
log,2026-03-25 20:08:57,inserto02.js,20,9,inserto02.json,barbosalevir3-rgb,2026-03-25 20:08:57,2026-03-25,20
Array,2026-03-25 20:08:57,inserto02.js,20,23,inserto02.json,barbosalevir3-rgb,2026-03-25 20:08:57,2026-03-25,20
function,2026-03-25 20:09:01,inserto02.js,1,1,inserto02.json,barbosalevir3-rgb,2026-03-25 20:09:01,2026-03-25,20
for,2026-03-25 20:09:01,inserto02.js,2,1,inserto02.json,barbosalevir3-rgb,2026-03-25 20:09:01,2026-03-25,20
let,2026-03-25 20:09:01,inserto02.js,2,6,inserto02.json,barbosalevir3-rgb,2026-03-25 20:09:01,2026-03-25,20
length,2026-03-25 20:09:01,inserto02.js,2,25,inserto02.json,barbosalevir3-rgb,2026-03-25 20:09:01,2026-03-25,20
let,2026-03-25 20:09:01,inserto02.js,2,6,inserto02.json,barbosalevir3-rgb,2026-03-25 20:09:01,2026-03-25,20
let,2026-03-25 20:09:01,inserto02.js,2,6,inserto02.json,barbosalevir3-rgb,2026-03-25 20:09:01,2026-03-25,20
while,2026-03-25 20:09:01,inserto02.js,7,1,inserto02.json,barbosalevir3-rgb,2026-03-25 20:09:01,2026-03-25,20
return,2026-03-25 20:09:01,inserto02.js,15,1,inserto02.json,barbosalevir3-rgb,2026-03-25 20:09:01,2026-03-25,20
const,2026-03-25 20:09:01,inserto02.js,19,1,inserto02.json,barbosalevir3-rgb,2026-03-25 20:09:01,2026-03-25,20
console,2026-03-25 20:09:01,inserto02.js,20,1,inserto02.json,barbosalevir3-rgb,2026-03-25 20:09:01,2026-03-25,20
log,2026-03-25 20:09:01,inserto02.js,20,9,inserto02.json,barbosalevir3-rgb,2026-03-25 20:09:01,2026-03-25,20
Array,2026-03-25 20:09:01,inserto02.js,20,23,inserto02.json,barbosalevir3-rgb,2026-03-25 20:09:01,2026-03-25,20
console,2026-03-25 20:09:01,inserto02.js,20,1,inserto02.json,barbosalevir3-rgb,2026-03-25 20:09:01,2026-03-25,20
log,2026-03-25 20:09:01,inserto02.js,20,9,inserto02.json,barbosalevir3-rgb,2026-03-25 20:09:01,2026-03-25,20
Array,2026-03-25 20:09:01,inserto02.js,20,23,inserto02.json,barbosalevir3-rgb,2026-03-25 20:09:01,2026-03-25,20
for,2026-02-26 20:22:05,copa.js,2,1,copa.json,barbosalevir3-rgb,2026-02-26 20:22:05,2026-02-26,20
alert,2026-02-26 20:46:50,copa.js,5,2,copa.json,barbosalevir3-rgb,2026-02-26 20:46:50,2026-02-26,20
for,2026-02-26 20:53:49,copa.js,7,1,copa.json,barbosalevir3-rgb,2026-02-26 20:53:49,2026-02-26,20
alert,2026-02-26 20:54:52,copa.js,11,1,copa.json,barbosalevir3-rgb,2026-02-26 20:54:52,2026-02-26,20
alert,2026-02-26 21:27:31,copa.js,12,1,copa.json,barbosalevir3-rgb,2026-02-26 21:27:31,2026-02-26,21
alert,2026-02-26 21:33:44,copa.js,4,5,copa.json,barbosalevir3-rgb,2026-02-26 21:33:44,2026-02-26,21
if,2026-02-26 21:34:14,copa.js,4,5,copa.json,barbosalevir3-rgb,2026-02-26 21:34:14,2026-02-26,21
alert,2026-02-26 21:34:22,copa.js,4,5,copa.json,barbosalevir3-rgb,2026-02-26 21:34:22,2026-02-26,21
if,2026-02-26 21:36:18,copa.js,5,5,copa.json,barbosalevir3-rgb,2026-02-26 21:36:18,2026-02-26,21
alert,2026-02-26 21:37:08,copa.js,6,9,copa.json,barbosalevir3-rgb,2026-02-26 21:37:08,2026-02-26,21
if,2026-02-26 21:37:51,copa.js,7,11,copa.json,barbosalevir3-rgb,2026-02-26 21:37:51,2026-02-26,21
alert,2026-02-26 21:38:32,copa.js,8,9,copa.json,barbosalevir3-rgb,2026-02-26 21:38:32,2026-02-26,21
for,2026-02-26 21:41:10,copa.js,2,1,copa.json,barbosalevir3-rgb,2026-02-26 21:41:10,2026-02-26,21
if,2026-02-26 21:41:55,copa.js,3,5,copa.json,barbosalevir3-rgb,2026-02-26 21:41:55,2026-02-26,21
for,2026-02-20 21:18:05,for.js,1,1,for.json,barbosalevir3-rgb,2026-02-20 21:18:05,2026-02-20,21
for,2026-02-20 21:23:38,for.js,4,1,for.json,barbosalevir3-rgb,2026-02-20 21:23:38,2026-02-20,21
for,2026-02-20 21:25:37,for.js,7,1,for.json,barbosalevir3-rgb,2026-02-20 21:25:37,2026-02-20,21
alert,2026-02-20 21:29:20,for.js,8,5,for.json,barbosalevir3-rgb,2026-02-20 21:29:20,2026-02-20,21
let,2026-03-06 22:03:47,decremento.js,1,1,decremento.json,barbosalevir3-rgb,2026-03-06 22:03:47,2026-03-06,22
while,2026-03-06 22:03:47,decremento.js,2,1,decremento.json,barbosalevir3-rgb,2026-03-06 22:03:47,2026-03-06,22
alert,2026-03-06 22:03:47,decremento.js,3,5,decremento.json,barbosalevir3-rgb,2026-03-06 22:03:47,2026-03-06,22
function,2026-03-19 22:26:12,espalhamento.js,1,1,espalhamento.json,barbosalevir3-rgb,2026-03-19 22:26:12,2026-03-19,22
return,2026-03-19 22:26:12,espalhamento.js,2,3,espalhamento.json,barbosalevir3-rgb,2026-03-19 22:26:12,2026-03-19,22
const,2026-03-19 22:26:12,espalhamento.js,5,1,espalhamento.json,barbosalevir3-rgb,2026-03-19 22:26:12,2026-03-19,22
console,2026-03-19 22:26:12,espalhamento.js,7,1,espalhamento.json,barbosalevir3-rgb,2026-03-19 22:26:12,2026-03-19,22
log,2026-03-19 22:26:12,espalhamento.js,7,9,espalhamento.json,barbosalevir3-rgb,2026-03-19 22:26:12,2026-03-19,22
console,2026-03-19 22:26:12,espalhamento.js,7,1,espalhamento.json,barbosalevir3-rgb,2026-03-19 22:26:12,2026-03-19,22
log,2026-03-19 22:26:12,espalhamento.js,7,9,espalhamento.json,barbosalevir3-rgb,2026-03-19 22:26:12,2026-03-19,22
null,2026-03-19 22:26:12,espalhamento.js,10,23,espalhamento.json,barbosalevir3-rgb,2026-03-19 22:26:12,2026-03-19,22
alert,2026-03-19 22:28:36,espalhamento.js,2,1,espalhamento.json,barbosalevir3-rgb,2026-03-19 22:28:36,2026-03-19,22
Math,2026-03-19 22:28:43,espalhamento.js,2,7,espalhamento.json,barbosalevir3-rgb,2026-03-19 22:28:43,2026-03-19,22
max,2026-03-19 22:28:47,espalhamento.js,2,12,espalhamento.json,barbosalevir3-rgb,2026-03-19 22:28:47,2026-03-19,22
function,2026-03-25 22:15:32,funcaovetor.js,1,1,funcaovetor.json,barbosalevir3-rgb,2026-03-25 22:15:32,2026-03-25,22
for,2026-03-25 22:15:46,funcaovetor.js,2,1,funcaovetor.json,barbosalevir3-rgb,2026-03-25 22:15:46,2026-03-25,22
length,2026-03-25 22:16:17,funcaovetor.js,2,26,funcaovetor.json,barbosalevir3-rgb,2026-03-25 22:16:17,2026-03-25,22
E,2026-03-25 22:21:45,funcaovetor.js,3,37,funcaovetor.json,barbosalevir3-rgb,2026-03-25 22:21:45,2026-03-25,22
length,2026-03-25 22:23:08,funcaovetor.js,7,28,funcaovetor.json,barbosalevir3-rgb,2026-03-25 22:23:08,2026-03-25,22
alert,2026-03-25 22:24:30,funcaovetor.js,11,1,funcaovetor.json,barbosalevir3-rgb,2026-03-25 22:24:30,2026-03-25,22
for,2026-03-25 22:27:15,funcaovetor.js,2,1,funcaovetor.json,barbosalevir3-rgb,2026-03-25 22:27:15,2026-03-25,22
let,2026-03-25 22:27:15,funcaovetor.js,2,5,funcaovetor.json,barbosalevir3-rgb,2026-03-25 22:27:15,2026-03-25,22
length,2026-03-25 22:27:15,funcaovetor.js,2,24,funcaovetor.json,barbosalevir3-rgb,2026-03-25 22:27:15,2026-03-25,22
var,2026-03-25 22:27:15,funcaovetor.js,3,7,funcaovetor.json,barbosalevir3-rgb,2026-03-25 22:27:15,2026-03-25,22
parseInt,2026-03-25 22:27:15,funcaovetor.js,3,17,funcaovetor.json,barbosalevir3-rgb,2026-03-25 22:27:15,2026-03-25,22
prompt,2026-03-25 22:27:15,funcaovetor.js,3,26,funcaovetor.json,barbosalevir3-rgb,2026-03-25 22:27:15,2026-03-25,22
function,2026-03-25 22:27:15,funcaovetor.js,6,1,funcaovetor.json,barbosalevir3-rgb,2026-03-25 22:27:15,2026-03-25,22
for,2026-03-25 22:27:15,funcaovetor.js,2,1,funcaovetor.json,barbosalevir3-rgb,2026-03-25 22:27:15,2026-03-25,22
let,2026-03-25 22:27:15,funcaovetor.js,2,5,funcaovetor.json,barbosalevir3-rgb,2026-03-25 22:27:15,2026-03-25,22
length,2026-03-25 22:27:15,funcaovetor.js,2,24,funcaovetor.json,barbosalevir3-rgb,2026-03-25 22:27:15,2026-03-25,22
alert,2026-03-25 22:27:15,funcaovetor.js,11,1,funcaovetor.json,barbosalevir3-rgb,2026-03-25 22:27:15,2026-03-25,22
for,2026-03-26 20:11:27,funcaovetor.js,7,5,funcaovetor.json,barbosalevir3-rgb,2026-03-26 20:11:27,2026-03-26,20
length,2026-03-26 20:19:19,funcaovetor.js,6,24,funcaovetor.json,barbosalevir3-rgb,2026-03-26 20:19:19,2026-03-26,20
return,2026-03-26 20:21:06,funcaovetor.js,2,5,funcaovetor.json,barbosalevir3-rgb,2026-03-26 20:21:06,2026-03-26,20
return,2026-03-26 20:25:36,funcaovetor.js,2,5,funcaovetor.json,barbosalevir3-rgb,2026-03-26 20:25:36,2026-03-26,20
return,2026-03-26 20:26:44,funcaovetor.js,8,5,funcaovetor.json,barbosalevir3-rgb,2026-03-26 20:26:44,2026-03-26,20
return,2026-03-26 20:28:27,funcaovetor.js,2,5,funcaovetor.json,barbosalevir3-rgb,2026-03-26 20:28:27,2026-03-26,20
length,2026-03-26 20:28:28,funcaovetor.js,10,28,funcaovetor.json,barbosalevir3-rgb,2026-03-26 20:28:28,2026-03-26,20
length,2026-03-26 20:28:28,funcaovetor.js,4,28,funcaovetor.json,barbosalevir3-rgb,2026-03-26 20:28:28,2026-03-26,20
for,2026-03-26 20:31:26,funcaovetor.js,5,2,funcaovetor.json,barbosalevir3-rgb,2026-03-26 20:31:26,2026-03-26,20
let,2026-03-26 20:31:26,funcaovetor.js,5,6,funcaovetor.json,barbosalevir3-rgb,2026-03-26 20:31:26,2026-03-26,20
function,2026-03-26 20:31:26,funcaovetor.js,3,5,funcaovetor.json,barbosalevir3-rgb,2026-03-26 20:31:26,2026-03-26,20
function,2026-03-26 20:32:10,funcaovetor.js,1,1,funcaovetor.json,barbosalevir3-rgb,2026-03-26 20:32:10,2026-03-26,20
for,2026-03-26 20:32:10,funcaovetor.js,2,5,funcaovetor.json,barbosalevir3-rgb,2026-03-26 20:32:10,2026-03-26,20
let,2026-03-26 20:32:10,funcaovetor.js,2,9,funcaovetor.json,barbosalevir3-rgb,2026-03-26 20:32:10,2026-03-26,20
alert,2026-03-26 20:35:54,funcaovetor.js,5,1,funcaovetor.json,barbosalevir3-rgb,2026-03-26 20:35:54,2026-03-26,20
console,2026-03-26 20:46:52,funcaovetor.js,10,9,funcaovetor.json,barbosalevir3-rgb,2026-03-26 20:46:52,2026-03-26,20
if,2026-02-26 22:08:40,par-impar.js,2,1,par-impar.json,barbosalevir3-rgb,2026-02-26 22:08:40,2026-02-26,22
if,2026-02-26 22:11:00,par-impar.js,3,1,par-impar.json,barbosalevir3-rgb,2026-02-26 22:11:00,2026-02-26,22
if,2026-02-26 22:11:46,par-impar.js,3,1,par-impar.json,barbosalevir3-rgb,2026-02-26 22:11:46,2026-02-26,22
alert,2026-02-26 22:12:47,par-impar.js,4,5,par-impar.json,barbosalevir3-rgb,2026-02-26 22:12:47,2026-02-26,22
if,2026-02-26 22:15:23,par-impar.js,3,1,par-impar.json,barbosalevir3-rgb,2026-02-26 22:15:23,2026-02-26,22
for,2026-02-26 22:24:30,par-impar.js,3,1,par-impar.json,barbosalevir3-rgb,2026-02-26 22:24:30,2026-02-26,22
if,2026-02-26 22:25:19,par-impar.js,5,5,par-impar.json,barbosalevir3-rgb,2026-02-26 22:25:19,2026-02-26,22
alert,2026-02-26 22:26:28,par-impar.js,9,9,par-impar.json,barbosalevir3-rgb,2026-02-26 22:26:28,2026-02-26,22
toUpperCase,2026-03-10 22:09:42,restaurante.js,3,50,restaurante.json,barbosalevir3-rgb,2026-03-10 22:09:42,2026-03-10,22
while,2026-03-05 21:53:20,time.js,3,2,time.json,barbosalevir3-rgb,2026-03-05 21:53:20,2026-03-05,21
toUpperCase,2026-03-05 21:55:53,time.js,2,48,time.json,barbosalevir3-rgb,2026-03-05 21:55:53,2026-03-05,21
E,2026-03-05 21:55:59,time.js,3,21,time.json,barbosalevir3-rgb,2026-03-05 21:55:59,2026-03-05,21
E,2026-03-05 21:56:00,time.js,3,20,time.json,barbosalevir3-rgb,2026-03-05 21:56:00,2026-03-05,21
alert,2026-03-05 21:56:12,time.js,3,5,time.json,barbosalevir3-rgb,2026-03-05 21:56:12,2026-03-05,21
alert,2026-03-24 19:58:31,km.js,3,1,km.json,barbosalevir3-rgb,2026-03-24 19:58:31,2026-03-24,19
if,2026-02-24 21:52:36,algoritmo4.js,3,1,algoritmo4.json,barbosalevir3-rgb,2026-02-24 21:52:36,2026-02-24,21
alert,2026-02-24 21:52:47,algoritmo4.js,4,5,algoritmo4.json,barbosalevir3-rgb,2026-02-24 21:52:47,2026-02-24,21
alert,2026-02-24 21:53:04,algoritmo4.js,6,5,algoritmo4.json,barbosalevir3-rgb,2026-02-24 21:53:04,2026-02-24,21
if,2026-03-19 21:42:16,maiordetres.js,2,1,maiordetres.json,barbosalevir3-rgb,2026-03-19 21:42:16,2026-03-19,21
if,2026-03-19 21:43:30,maiordetres.js,4,7,maiordetres.json,barbosalevir3-rgb,2026-03-19 21:43:30,2026-03-19,21
if,2026-03-19 21:44:20,maiordetres.js,6,7,maiordetres.json,barbosalevir3-rgb,2026-03-19 21:44:20,2026-03-19,21
alert,2026-03-19 21:55:22,maiordetres.js,9,5,maiordetres.json,barbosalevir3-rgb,2026-03-19 21:55:22,2026-03-19,21
alert,2026-03-20 20:04:15,troca.js,2,1,troca.json,barbosalevir3-rgb,2026-03-20 20:04:15,2026-03-20,20
alert,2026-03-20 20:04:40,troca.js,2,1,troca.json,barbosalevir3-rgb,2026-03-20 20:04:40,2026-03-20,20
alert,2026-03-20 20:06:49,troca.js,4,1,troca.json,barbosalevir3-rgb,2026-03-20 20:06:49,2026-03-20,20
if,2026-03-20 20:18:37,troca.js,2,1,troca.json,barbosalevir3-rgb,2026-03-20 20:18:37,2026-03-20,20
if,2026-03-20 20:19:23,troca.js,4,6,troca.json,barbosalevir3-rgb,2026-03-20 20:19:23,2026-03-20,20
alert,2026-03-20 20:21:27,troca.js,7,5,troca.json,barbosalevir3-rgb,2026-03-20 20:21:27,2026-03-20,20
for,2026-03-03 21:38:30,algoritmo08.js,2,1,algoritmo08.json,barbosalevir3-rgb,2026-03-03 21:38:30,2026-03-03,21
for,2026-03-03 21:40:25,algoritmo08.js,3,1,algoritmo08.json,barbosalevir3-rgb,2026-03-03 21:40:25,2026-03-03,21
for,2026-03-03 21:50:25,algoritmo08.js,7,1,algoritmo08.json,barbosalevir3-rgb,2026-03-03 21:50:25,2026-03-03,21
alert,2026-03-03 22:15:52,algoritmo08.js,8,5,algoritmo08.json,barbosalevir3-rgb,2026-03-03 22:15:52,2026-03-03,22
for,2026-03-10 19:31:53,algoritmo08.js,3,1,algoritmo08.json,barbosalevir3-rgb,2026-03-10 19:31:53,2026-03-10,19
alert,2026-03-10 19:32:35,algoritmo08.js,5,5,algoritmo08.json,barbosalevir3-rgb,2026-03-10 19:32:35,2026-03-10,19
for,2026-03-06 20:02:13,teste.js,1,1,teste.json,barbosalevir3-rgb,2026-03-06 20:02:13,2026-03-06,20
for,2026-03-13 20:20:14,teste.js,2,1,teste.json,barbosalevir3-rgb,2026-03-13 20:20:14,2026-03-13,20
var,2026-03-13 20:20:14,teste.js,2,6,teste.json,barbosalevir3-rgb,2026-03-13 20:20:14,2026-03-13,20
push,2026-03-13 20:20:14,teste.js,3,10,teste.json,barbosalevir3-rgb,2026-03-13 20:20:14,2026-03-13,20
console,2026-03-13 20:20:14,teste.js,5,1,teste.json,barbosalevir3-rgb,2026-03-13 20:20:14,2026-03-13,20
for,2026-03-10 22:18:22,tarefa2.js,2,1,tarefa2.json,barbosalevir3-rgb,2026-03-10 22:18:22,2026-03-10,22
for,2026-03-12 20:14:22,vetor_jogos.js,2,1,vetor_jogos.json,barbosalevir3-rgb,2026-03-12 20:14:22,2026-03-12,20
for,2026-03-12 20:17:50,vetor_jogos.js,7,1,vetor_jogos.json,barbosalevir3-rgb,2026-03-12 20:17:50,2026-03-12,20
if,2026-03-12 20:19:42,vetor_jogos.js,6,2,vetor_jogos.json,barbosalevir3-rgb,2026-03-12 20:19:42,2026-03-12,20
let,2026-03-12 20:21:02,vetor_jogos.js,1,1,vetor_jogos.json,barbosalevir3-rgb,2026-03-12 20:21:02,2026-03-12,20
for,2026-03-12 20:22:21,vetor_jogos.js,10,1,vetor_jogos.json,barbosalevir3-rgb,2026-03-12 20:22:21,2026-03-12,20
let,2026-03-12 20:22:21,vetor_jogos.js,10,5,vetor_jogos.json,barbosalevir3-rgb,2026-03-12 20:22:21,2026-03-12,20
if,2026-03-12 20:22:21,vetor_jogos.js,9,2,vetor_jogos.json,barbosalevir3-rgb,2026-03-12 20:22:21,2026-03-12,20
if,2026-03-12 20:22:23,vetor_jogos.js,7,2,vetor_jogos.json,barbosalevir3-rgb,2026-03-12 20:22:23,2026-03-12,20
if,2026-03-12 20:22:43,vetor_jogos.js,10,5,vetor_jogos.json,barbosalevir3-rgb,2026-03-12 20:22:43,2026-03-12,20
parseInt,2026-03-12 20:31:24,vetor_jogos.js,3,20,vetor_jogos.json,barbosalevir3-rgb,2026-03-12 20:31:24,2026-03-12,20
prompt,2026-03-12 20:31:24,vetor_jogos.js,3,29,vetor_jogos.json,barbosalevir3-rgb,2026-03-12 20:31:24,2026-03-12,20
E,2026-03-12 20:31:28,vetor_jogos.js,4,2,vetor_jogos.json,barbosalevir3-rgb,2026-03-12 20:31:28,2026-03-12,20
if,2026-03-12 20:32:07,vetor_jogos.js,6,5,vetor_jogos.json,barbosalevir3-rgb,2026-03-12 20:32:07,2026-03-12,20
if,2026-03-12 20:38:46,vetor_jogos.js,8,9,vetor_jogos.json,barbosalevir3-rgb,2026-03-12 20:38:46,2026-03-12,20
for,2026-03-12 20:38:46,vetor_jogos.js,6,5,vetor_jogos.json,barbosalevir3-rgb,2026-03-12 20:38:46,2026-03-12,20
let,2026-03-12 20:38:46,vetor_jogos.js,6,9,vetor_jogos.json,barbosalevir3-rgb,2026-03-12 20:38:46,2026-03-12,20
if,2026-03-12 20:38:53,vetor_jogos.js,6,5,vetor_jogos.json,barbosalevir3-rgb,2026-03-12 20:38:53,2026-03-12,20
const,2026-03-12 20:39:52,vetor_jogos.js,1,1,vetor_jogos.json,barbosalevir3-rgb,2026-03-12 20:39:52,2026-03-12,20
for,2026-03-12 20:42:13,vetor_jogos.js,7,1,vetor_jogos.json,barbosalevir3-rgb,2026-03-12 20:42:13,2026-03-12,20
for,2026-03-24 21:19:54,exercicio05.js,3,1,exercicio05.json,barbosalevir3-rgb,2026-03-24 21:19:54,2026-03-24,21
alert,2026-03-24 21:21:45,exercicio05.js,8,1,exercicio05.json,barbosalevir3-rgb,2026-03-24 21:21:45,2026-03-24,21
if,2026-03-24 21:22:16,exercicio05.js,9,1,exercicio05.json,barbosalevir3-rgb,2026-03-24 21:22:16,2026-03-24,21
alert,2026-03-24 21:22:39,exercicio05.js,10,5,exercicio05.json,barbosalevir3-rgb,2026-03-24 21:22:39,2026-03-24,21
alert,2026-03-24 21:22:53,exercicio05.js,12,5,exercicio05.json,barbosalevir3-rgb,2026-03-24 21:22:53,2026-03-24,21
while,2026-03-06 22:09:23,jogos2.js,2,1,jogos2.json,barbosalevir3-rgb,2026-03-06 22:09:23,2026-03-06,22
alert,2026-03-06 22:10:16,jogos2.js,5,5,jogos2.json,barbosalevir3-rgb,2026-03-06 22:10:16,2026-03-06,22
while,2026-03-06 22:11:14,jogos2.js,9,1,jogos2.json,barbosalevir3-rgb,2026-03-06 22:11:14,2026-03-06,22
alert,2026-03-06 22:11:49,jogos2.js,12,5,jogos2.json,barbosalevir3-rgb,2026-03-06 22:11:49,2026-03-06,22
if,2026-03-06 22:12:26,jogos2.js,14,1,jogos2.json,barbosalevir3-rgb,2026-03-06 22:12:26,2026-03-06,22
alert,2026-03-06 22:13:14,jogos2.js,14,2,jogos2.json,barbosalevir3-rgb,2026-03-06 22:13:14,2026-03-06,22
while,2026-03-06 22:13:14,jogos2.js,11,5,jogos2.json,barbosalevir3-rgb,2026-03-06 22:13:14,2026-03-06,22
let,2026-03-06 22:13:15,jogos2.js,10,1,jogos2.json,barbosalevir3-rgb,2026-03-06 22:13:15,2026-03-06,22
parseInt,2026-02-27 19:36:44,domingos.js,1,12,domingos.json,joerlenss,2026-02-27 19:36:44,2026-02-27,19
parseInt,2026-02-27 19:38:41,domingos.js,2,15,domingos.json,joerlenss,2026-02-27 19:38:41,2026-02-27,19
E,2026-02-27 19:39:25,domingos.js,2,32,domingos.json,joerlenss,2026-02-27 19:39:25,2026-02-27,19
for,2026-02-27 20:16:01,domingos.js,8,1,domingos.json,joerlenss,2026-02-27 20:16:01,2026-02-27,20
parseInt,2026-02-27 20:41:21,domingos.js,1,22,domingos.json,joerlenss,2026-02-27 20:41:21,2026-02-27,20
prompt,2026-02-27 20:41:32,domingos.js,1,31,domingos.json,joerlenss,2026-02-27 20:41:32,2026-02-27,20
parseInt,2026-02-27 20:43:11,domingos.js,2,23,domingos.json,joerlenss,2026-02-27 20:43:11,2026-02-27,20
prompt,2026-02-27 20:43:14,domingos.js,2,32,domingos.json,joerlenss,2026-02-27 20:43:14,2026-02-27,20
for,2026-02-27 20:46:45,domingos.js,5,1,domingos.json,joerlenss,2026-02-27 20:46:45,2026-02-27,20
for,2026-02-27 21:01:37,domingos.js,13,1,domingos.json,joerlenss,2026-02-27 21:01:37,2026-02-27,21
do,2026-02-27 21:35:19,domingos.js,15,5,domingos.json,joerlenss,2026-02-27 21:35:19,2026-02-27,21
do,2026-02-27 21:36:03,domingos.js,12,1,domingos.json,joerlenss,2026-02-27 21:36:03,2026-02-27,21
for,2026-02-27 22:23:28,domingos.js,12,5,domingos.json,joerlenss,2026-02-27 22:23:28,2026-02-27,22
alert,2026-02-27 22:26:48,domingos.js,15,1,domingos.json,joerlenss,2026-02-27 22:26:48,2026-02-27,22
parseInt,2026-03-13 20:19:53,vaquinha.js,3,15,vaquinha.json,joerlenss,2026-03-13 20:19:53,2026-03-13,20
parseFloat,2026-03-13 20:21:03,vaquinha.js,5,15,vaquinha.json,joerlenss,2026-03-13 20:21:03,2026-03-13,20
alert,2026-03-13 20:22:54,vaquinha.js,8,1,vaquinha.json,joerlenss,2026-03-13 20:22:54,2026-03-13,20
function,2026-03-25 21:17:20,funcaosoma.js,1,1,funcaosoma.json,joerlenss,2026-03-25 21:17:20,2026-03-25,21
return,2026-03-25 21:17:57,funcaosoma.js,2,5,funcaosoma.json,joerlenss,2026-03-25 21:17:57,2026-03-25,21
parseInt,2026-03-25 21:18:25,funcaosoma.js,4,9,funcaosoma.json,joerlenss,2026-03-25 21:18:25,2026-03-25,21
parseInt,2026-03-25 21:19:03,funcaosoma.js,5,9,funcaosoma.json,joerlenss,2026-03-25 21:19:03,2026-03-25,21
prompt,2026-03-25 21:19:06,funcaosoma.js,5,18,funcaosoma.json,joerlenss,2026-03-25 21:19:06,2026-03-25,21
alert,2026-03-25 21:19:28,funcaosoma.js,6,1,funcaosoma.json,joerlenss,2026-03-25 21:19:28,2026-03-25,21
prompt,2026-03-25 21:34:10,funcaosoma.js,1,16,funcaosoma.json,joerlenss,2026-03-25 21:34:10,2026-03-25,21
function,2026-03-25 21:35:33,funcaosoma.js,9,1,funcaosoma.json,joerlenss,2026-03-25 21:35:33,2026-03-25,21
return,2026-03-25 21:36:34,funcaosoma.js,10,1,funcaosoma.json,joerlenss,2026-03-25 21:36:34,2026-03-25,21
alert,2026-03-25 21:37:11,funcaosoma.js,12,1,funcaosoma.json,joerlenss,2026-03-25 21:37:11,2026-03-25,21
function,2026-03-25 21:38:55,funcaosoma.js,9,1,funcaosoma.json,joerlenss,2026-03-25 21:38:55,2026-03-25,21
return,2026-03-25 21:38:55,funcaosoma.js,10,5,funcaosoma.json,joerlenss,2026-03-25 21:38:55,2026-03-25,21
var,2026-03-25 21:38:55,funcaosoma.js,12,1,funcaosoma.json,joerlenss,2026-03-25 21:38:55,2026-03-25,21
parseInt,2026-03-25 21:38:55,funcaosoma.js,12,9,funcaosoma.json,joerlenss,2026-03-25 21:38:55,2026-03-25,21
prompt,2026-03-25 21:38:55,funcaosoma.js,12,18,funcaosoma.json,joerlenss,2026-03-25 21:38:55,2026-03-25,21
var,2026-03-25 21:38:55,funcaosoma.js,12,1,funcaosoma.json,joerlenss,2026-03-25 21:38:55,2026-03-25,21
parseInt,2026-03-25 21:38:55,funcaosoma.js,12,9,funcaosoma.json,joerlenss,2026-03-25 21:38:55,2026-03-25,21
prompt,2026-03-25 21:38:55,funcaosoma.js,12,18,funcaosoma.json,joerlenss,2026-03-25 21:38:55,2026-03-25,21
alert,2026-03-25 21:38:55,funcaosoma.js,14,1,funcaosoma.json,joerlenss,2026-03-25 21:38:55,2026-03-25,21
function,2026-03-25 21:41:12,funcaosoma.js,1,1,funcaosoma.json,joerlenss,2026-03-25 21:41:12,2026-03-25,21
return,2026-03-25 21:41:38,funcaosoma.js,2,1,funcaosoma.json,joerlenss,2026-03-25 21:41:38,2026-03-25,21
function,2026-03-25 21:42:23,funcaosoma.js,4,2,funcaosoma.json,joerlenss,2026-03-25 21:42:23,2026-03-25,21
return,2026-03-25 21:42:43,funcaosoma.js,5,5,funcaosoma.json,joerlenss,2026-03-25 21:42:43,2026-03-25,21
function,2026-03-25 21:42:52,funcaosoma.js,7,2,funcaosoma.json,joerlenss,2026-03-25 21:42:52,2026-03-25,21
return,2026-03-25 21:43:17,funcaosoma.js,8,5,funcaosoma.json,joerlenss,2026-03-25 21:43:17,2026-03-25,21
function,2026-03-25 21:43:27,funcaosoma.js,10,2,funcaosoma.json,joerlenss,2026-03-25 21:43:27,2026-03-25,21
return,2026-03-25 21:43:42,funcaosoma.js,11,5,funcaosoma.json,joerlenss,2026-03-25 21:43:42,2026-03-25,21
parseInt,2026-03-25 21:50:32,funcaosoma.js,14,10,funcaosoma.json,joerlenss,2026-03-25 21:50:32,2026-03-25,21
prompt,2026-03-25 21:50:35,funcaosoma.js,14,19,funcaosoma.json,joerlenss,2026-03-25 21:50:35,2026-03-25,21
prompt,2026-03-25 21:50:41,funcaosoma.js,14,19,funcaosoma.json,joerlenss,2026-03-25 21:50:41,2026-03-25,21
parseInt,2026-03-25 21:51:00,funcaosoma.js,15,10,funcaosoma.json,joerlenss,2026-03-25 21:51:00,2026-03-25,21
prompt,2026-03-25 21:51:04,funcaosoma.js,15,19,funcaosoma.json,joerlenss,2026-03-25 21:51:04,2026-03-25,21
switch,2026-03-25 21:51:29,funcaosoma.js,16,2,funcaosoma.json,joerlenss,2026-03-25 21:51:29,2026-03-25,21
alert,2026-03-25 21:52:09,funcaosoma.js,18,9,funcaosoma.json,joerlenss,2026-03-25 21:52:09,2026-03-25,21
alert,2026-03-25 21:52:43,funcaosoma.js,20,13,funcaosoma.json,joerlenss,2026-03-25 21:52:43,2026-03-25,21
alert,2026-03-25 21:53:03,funcaosoma.js,22,17,funcaosoma.json,joerlenss,2026-03-25 21:53:03,2026-03-25,21
alert,2026-03-25 21:53:46,funcaosoma.js,24,21,funcaosoma.json,joerlenss,2026-03-25 21:53:46,2026-03-25,21
break,2026-03-25 21:54:25,funcaosoma.js,18,26,funcaosoma.json,joerlenss,2026-03-25 21:54:25,2026-03-25,21
break,2026-03-25 21:54:33,funcaosoma.js,20,35,funcaosoma.json,joerlenss,2026-03-25 21:54:33,2026-03-25,21
break,2026-03-25 21:54:39,funcaosoma.js,22,43,funcaosoma.json,joerlenss,2026-03-25 21:54:39,2026-03-25,21
break,2026-03-25 21:54:47,funcaosoma.js,24,47,funcaosoma.json,joerlenss,2026-03-25 21:54:47,2026-03-25,21
alert,2026-03-25 21:55:01,funcaosoma.js,26,25,funcaosoma.json,joerlenss,2026-03-25 21:55:01,2026-03-25,21
toFixed,2026-03-25 21:58:59,funcaosoma.js,24,40,funcaosoma.json,joerlenss,2026-03-25 21:58:59,2026-03-25,21
alert,2026-03-20 19:44:54,espalhamentominimo.js,2,1,espalhamentominimo.json,joerlenss,2026-03-20 19:44:54,2026-03-20,19
Math,2026-03-20 19:45:11,espalhamentominimo.js,2,7,espalhamentominimo.json,joerlenss,2026-03-20 19:45:11,2026-03-20,19
min,2026-03-20 19:45:17,espalhamentominimo.js,2,12,espalhamentominimo.json,joerlenss,2026-03-20 19:45:17,2026-03-20,19
alert,2026-02-26 20:18:34,jogos.js,10,5,jogos.json,joerlenss,2026-02-26 20:18:34,2026-02-26,20
alert,2026-02-26 20:30:52,jogos.js,5,5,jogos.json,joerlenss,2026-02-26 20:30:52,2026-02-26,20
alert,2026-02-26 20:34:05,jogos.js,5,5,jogos.json,joerlenss,2026-02-26 20:34:05,2026-02-26,20
E,2026-02-26 20:34:12,jogos.js,5,19,jogos.json,joerlenss,2026-02-26 20:34:12,2026-02-26,20
alert,2026-02-26 20:35:10,jogos.js,11,1,jogos.json,joerlenss,2026-02-26 20:35:10,2026-02-26,20
alert,2026-02-26 20:44:22,jogos.js,6,1,jogos.json,joerlenss,2026-02-26 20:44:22,2026-02-26,20
alert,2026-02-26 20:45:23,jogos.js,18,1,jogos.json,joerlenss,2026-02-26 20:45:23,2026-02-26,20
alert,2026-03-19 22:14:26,maiorde3math.js,2,1,maiorde3math.json,joerlenss,2026-03-19 22:14:26,2026-03-19,22
Math,2026-03-19 22:14:40,maiorde3math.js,2,7,maiorde3math.json,joerlenss,2026-03-19 22:14:40,2026-03-19,22
max,2026-03-19 22:15:44,maiorde3math.js,2,12,maiorde3math.json,joerlenss,2026-03-19 22:15:44,2026-03-19,22
prompt,2026-03-26 19:34:43,revisaovetor.js,1,18,revisaovetor.json,joerlenss,2026-03-26 19:34:43,2026-03-26,19
parseInt,2026-03-26 19:34:52,revisaovetor.js,1,18,revisaovetor.json,joerlenss,2026-03-26 19:34:52,2026-03-26,19
prompt,2026-03-26 19:34:57,revisaovetor.js,1,27,revisaovetor.json,joerlenss,2026-03-26 19:34:57,2026-03-26,19
const,2026-03-26 19:36:32,revisaovetor.js,1,1,revisaovetor.json,joerlenss,2026-03-26 19:36:32,2026-03-26,19
let,2026-03-26 19:36:53,revisaovetor.js,1,1,revisaovetor.json,joerlenss,2026-03-26 19:36:53,2026-03-26,19
parseInt,2026-03-26 19:36:53,revisaovetor.js,1,18,revisaovetor.json,joerlenss,2026-03-26 19:36:53,2026-03-26,19
prompt,2026-03-26 19:36:53,revisaovetor.js,1,27,revisaovetor.json,joerlenss,2026-03-26 19:36:53,2026-03-26,19
parseInt,2026-03-26 19:37:27,revisaovetor.js,2,9,revisaovetor.json,joerlenss,2026-03-26 19:37:27,2026-03-26,19
prompt,2026-03-26 19:37:36,revisaovetor.js,2,18,revisaovetor.json,joerlenss,2026-03-26 19:37:36,2026-03-26,19
for,2026-03-26 19:43:34,revisaovetor.js,3,1,revisaovetor.json,joerlenss,2026-03-26 19:43:34,2026-03-26,19
parseInt,2026-03-26 19:44:27,revisaovetor.js,2,8,revisaovetor.json,joerlenss,2026-03-26 19:44:27,2026-03-26,19
prompt,2026-03-26 19:44:30,revisaovetor.js,2,17,revisaovetor.json,joerlenss,2026-03-26 19:44:30,2026-03-26,19
for,2026-03-26 19:45:41,revisaovetor.js,4,1,revisaovetor.json,joerlenss,2026-03-26 19:45:41,2026-03-26,19
parseInt,2026-03-26 19:53:02,revisaovetor.js,2,15,revisaovetor.json,joerlenss,2026-03-26 19:53:02,2026-03-26,19
prompt,2026-03-26 19:53:05,revisaovetor.js,2,24,revisaovetor.json,joerlenss,2026-03-26 19:53:05,2026-03-26,19
parseInt,2026-03-26 19:54:00,revisaovetor.js,4,18,revisaovetor.json,joerlenss,2026-03-26 19:54:00,2026-03-26,19
prompt,2026-03-26 19:54:10,revisaovetor.js,4,27,revisaovetor.json,joerlenss,2026-03-26 19:54:10,2026-03-26,19
for,2026-03-13 19:57:01,tabuada_vetor.js,7,1,tabuada_vetor.json,joerlenss,2026-03-13 19:57:01,2026-03-13,19
parseInt,2026-03-05 19:41:48,aprovacao.js,1,13,aprovacao.json,joerlenss,2026-03-05 19:41:48,2026-03-05,19
prompt,2026-03-05 19:41:51,aprovacao.js,1,22,aprovacao.json,joerlenss,2026-03-05 19:41:51,2026-03-05,19
parseFloat,2026-03-05 19:42:24,aprovacao.js,1,13,aprovacao.json,joerlenss,2026-03-05 19:42:24,2026-03-05,19
parseFloat,2026-03-05 19:42:34,aprovacao.js,2,13,aprovacao.json,joerlenss,2026-03-05 19:42:34,2026-03-05,19
prompt,2026-03-05 19:42:38,aprovacao.js,2,24,aprovacao.json,joerlenss,2026-03-05 19:42:38,2026-03-05,19
parseFloat,2026-03-05 19:53:38,aprovacao.js,1,13,aprovacao.json,joerlenss,2026-03-05 19:53:38,2026-03-05,19
prompt,2026-03-05 19:53:42,aprovacao.js,1,24,aprovacao.json,joerlenss,2026-03-05 19:53:42,2026-03-05,19
parseFloat,2026-03-05 19:54:33,aprovacao.js,2,13,aprovacao.json,joerlenss,2026-03-05 19:54:33,2026-03-05,19
prompt,2026-03-05 19:54:36,aprovacao.js,2,24,aprovacao.json,joerlenss,2026-03-05 19:54:36,2026-03-05,19
if,2026-03-05 19:59:31,aprovacao.js,4,1,aprovacao.json,joerlenss,2026-03-05 19:59:31,2026-03-05,19
alert,2026-03-05 20:00:01,aprovacao.js,5,5,aprovacao.json,joerlenss,2026-03-05 20:00:01,2026-03-05,20
else,2026-03-05 20:01:24,aprovacao.js,7,1,aprovacao.json,joerlenss,2026-03-05 20:01:24,2026-03-05,20
alert,2026-03-05 20:02:33,aprovacao.js,8,5,aprovacao.json,joerlenss,2026-03-05 20:02:33,2026-03-05,20
prompt,2026-03-05 20:09:39,aprovacao.js,11,9,aprovacao.json,joerlenss,2026-03-05 20:09:39,2026-03-05,20
parseFloat,2026-03-05 20:09:52,aprovacao.js,11,9,aprovacao.json,joerlenss,2026-03-05 20:09:52,2026-03-05,20
if,2026-03-05 20:17:02,aprovacao.js,11,1,aprovacao.json,joerlenss,2026-03-05 20:17:02,2026-03-05,20
if,2026-03-05 20:17:33,aprovacao.js,12,1,aprovacao.json,joerlenss,2026-03-05 20:17:33,2026-03-05,20
alert,2026-03-05 20:18:14,aprovacao.js,13,5,aprovacao.json,joerlenss,2026-03-05 20:18:14,2026-03-05,20
else,2026-03-05 20:18:51,aprovacao.js,15,1,aprovacao.json,joerlenss,2026-03-05 20:18:51,2026-03-05,20
alert,2026-03-05 20:18:59,aprovacao.js,16,5,aprovacao.json,joerlenss,2026-03-05 20:18:59,2026-03-05,20
alert,2026-03-05 20:24:05,aprovacao.js,4,1,aprovacao.json,joerlenss,2026-03-05 20:24:05,2026-03-05,20
alert,2026-03-05 20:24:26,aprovacao.js,5,1,aprovacao.json,joerlenss,2026-03-05 20:24:26,2026-03-05,20
alert,2026-03-05 20:29:37,aprovacao.js,17,14,aprovacao.json,joerlenss,2026-03-05 20:29:37,2026-03-05,20
if,2026-03-05 20:29:37,aprovacao.js,17,17,aprovacao.json,joerlenss,2026-03-05 20:29:37,2026-03-05,20
parseFloat,2026-03-05 20:29:38,aprovacao.js,16,9,aprovacao.json,joerlenss,2026-03-05 20:29:38,2026-03-05,20
prompt,2026-03-05 20:29:38,aprovacao.js,17,4,aprovacao.json,joerlenss,2026-03-05 20:29:38,2026-03-05,20
do,2026-03-05 20:29:38,aprovacao.js,18,4,aprovacao.json,joerlenss,2026-03-05 20:29:38,2026-03-05,20
alert,2026-03-05 20:29:46,aprovacao.js,16,4,aprovacao.json,joerlenss,2026-03-05 20:29:46,2026-03-05,20
else,2026-03-05 20:29:46,aprovacao.js,14,15,aprovacao.json,joerlenss,2026-03-05 20:29:46,2026-03-05,20
alert,2026-03-05 20:29:47,aprovacao.js,12,5,aprovacao.json,joerlenss,2026-03-05 20:29:47,2026-03-05,20
parseFloat,2026-03-05 20:29:56,aprovacao.js,12,13,aprovacao.json,joerlenss,2026-03-05 20:29:56,2026-03-05,20
prompt,2026-03-05 20:29:56,aprovacao.js,12,24,aprovacao.json,joerlenss,2026-03-05 20:29:56,2026-03-05,20
do,2026-03-05 20:29:56,aprovacao.js,14,1,aprovacao.json,joerlenss,2026-03-05 20:29:56,2026-03-05,20
if,2026-03-05 20:30:14,aprovacao.js,13,5,aprovacao.json,joerlenss,2026-03-05 20:30:14,2026-03-05,20
alert,2026-03-05 20:30:23,aprovacao.js,14,9,aprovacao.json,joerlenss,2026-03-05 20:30:23,2026-03-05,20
E,2026-03-05 20:50:53,aprovacao.js,20,6,aprovacao.json,joerlenss,2026-03-05 20:50:53,2026-03-05,20
while,2026-03-05 20:50:58,aprovacao.js,20,2,aprovacao.json,joerlenss,2026-03-05 20:50:58,2026-03-05,20
if,2026-03-05 21:18:40,aprovacao.js,4,1,aprovacao.json,joerlenss,2026-03-05 21:18:40,2026-03-05,21
E,2026-03-05 21:28:40,aprovacao.js,1,16,aprovacao.json,joerlenss,2026-03-05 21:28:40,2026-03-05,21
if,2026-03-05 22:21:53,aprovacao.js,4,1,aprovacao.json,joerlenss,2026-03-05 22:21:53,2026-03-05,22
while,2026-03-05 22:22:40,aprovacao.js,22,2,aprovacao.json,joerlenss,2026-03-05 22:22:40,2026-03-05,22
E,2026-03-06 19:46:01,aprovacao.js,2,75,aprovacao.json,joerlenss,2026-03-06 19:46:01,2026-03-06,19
alert,2026-03-06 19:50:45,aprovacao.js,13,5,aprovacao.json,joerlenss,2026-03-06 19:50:45,2026-03-06,19
while,2026-03-06 19:52:00,aprovacao.js,25,2,aprovacao.json,joerlenss,2026-03-06 19:52:00,2026-03-06,19
let,2026-03-06 19:53:48,aprovacao.js,5,1,aprovacao.json,joerlenss,2026-03-06 19:53:48,2026-03-06,19
parseFloat,2026-03-06 19:53:48,aprovacao.js,5,13,aprovacao.json,joerlenss,2026-03-06 19:53:48,2026-03-06,19
prompt,2026-03-06 19:53:48,aprovacao.js,5,24,aprovacao.json,joerlenss,2026-03-06 19:53:48,2026-03-06,19
let,2026-03-06 19:53:51,aprovacao.js,4,1,aprovacao.json,joerlenss,2026-03-06 19:53:51,2026-03-06,19
parseFloat,2026-03-06 19:53:51,aprovacao.js,4,13,aprovacao.json,joerlenss,2026-03-06 19:53:51,2026-03-06,19
prompt,2026-03-06 19:53:51,aprovacao.js,4,24,aprovacao.json,joerlenss,2026-03-06 19:53:51,2026-03-06,19
var,2026-03-06 19:53:51,aprovacao.js,3,1,aprovacao.json,joerlenss,2026-03-06 19:53:51,2026-03-06,19
alert,2026-03-06 19:57:42,aprovacao.js,26,1,aprovacao.json,joerlenss,2026-03-06 19:57:42,2026-03-06,19
while,2026-03-06 19:59:59,aprovacao.js,27,1,aprovacao.json,joerlenss,2026-03-06 19:59:59,2026-03-06,19
while,2026-03-06 20:11:33,aprovacao.js,26,2,aprovacao.json,joerlenss,2026-03-06 20:11:33,2026-03-06,20
E,2026-03-06 20:18:11,aprovacao.js,27,79,aprovacao.json,joerlenss,2026-03-06 20:18:11,2026-03-06,20
E,2026-03-06 20:18:46,aprovacao.js,27,121,aprovacao.json,joerlenss,2026-03-06 20:18:46,2026-03-06,20
E,2026-03-06 20:21:58,aprovacao.js,27,94,aprovacao.json,joerlenss,2026-03-06 20:21:58,2026-03-06,20
alert,2026-03-06 21:28:03,aprovacao.js,11,5,aprovacao.json,joerlenss,2026-03-06 21:28:03,2026-03-06,21
if,2026-02-26 21:44:07,copa.js,3,5,copa.json,joerlenss,2026-02-26 21:44:07,2026-02-26,21
if,2026-03-19 21:51:27,maiorde3.js,2,1,maiorde3.json,joerlenss,2026-03-19 21:51:27,2026-03-19,21
alert,2026-03-19 21:52:36,maiorde3.js,3,5,maiorde3.json,joerlenss,2026-03-19 21:52:36,2026-03-19,21
alert,2026-03-19 21:54:40,maiorde3.js,5,5,maiorde3.json,joerlenss,2026-03-19 21:54:40,2026-03-19,21
alert,2026-03-19 21:55:29,maiorde3.js,7,1,maiorde3.json,joerlenss,2026-03-19 21:55:29,2026-03-19,21
alert,2026-03-19 22:00:25,maiorde3.js,9,5,maiorde3.json,joerlenss,2026-03-19 22:00:25,2026-03-19,22
parseInt,2026-03-06 21:54:14,decremento.js,1,13,decremento.json,joerlenss,2026-03-06 21:54:14,2026-03-06,21
while,2026-03-06 21:55:22,decremento.js,2,1,decremento.json,joerlenss,2026-03-06 21:55:22,2026-03-06,21
alert,2026-03-06 21:58:30,decremento.js,3,5,decremento.json,joerlenss,2026-03-06 21:58:30,2026-03-06,21
alert,2026-03-19 22:28:02,espalhamento.js,2,1,espalhamento.json,joerlenss,2026-03-19 22:28:02,2026-03-19,22
Math,2026-03-19 22:28:09,espalhamento.js,2,7,espalhamento.json,joerlenss,2026-03-19 22:28:09,2026-03-19,22
max,2026-03-19 22:28:19,espalhamento.js,2,12,espalhamento.json,joerlenss,2026-03-19 22:28:19,2026-03-19,22
while,2026-03-06 22:10:37,pan.js,2,1,pan.json,joerlenss,2026-03-06 22:10:37,2026-03-06,22
alert,2026-03-06 22:11:48,pan.js,3,5,pan.json,joerlenss,2026-03-06 22:11:48,2026-03-06,22
while,2026-03-06 22:21:50,pan.js,10,1,pan.json,joerlenss,2026-03-06 22:21:50,2026-03-06,22
E,2026-03-06 22:28:12,pan.js,1,26,pan.json,joerlenss,2026-03-06 22:28:12,2026-03-06,22
var,2026-03-06 22:28:27,pan.js,1,1,pan.json,joerlenss,2026-03-06 22:28:27,2026-03-06,22
while,2026-03-06 22:28:35,pan.js,3,1,pan.json,joerlenss,2026-03-06 22:28:35,2026-03-06,22
alert,2026-03-06 22:29:21,pan.js,7,1,pan.json,joerlenss,2026-03-06 22:29:21,2026-03-06,22
const,2026-03-26 20:17:09,funcaovetor.js,2,5,funcaovetor.json,joerlenss,2026-03-26 20:17:09,2026-03-26,20
var,2026-03-26 20:17:09,funcaovetor.js,3,1,funcaovetor.json,joerlenss,2026-03-26 20:17:09,2026-03-26,20
parseInt,2026-03-26 20:17:09,funcaovetor.js,3,15,funcaovetor.json,joerlenss,2026-03-26 20:17:09,2026-03-26,20
prompt,2026-03-26 20:17:09,funcaovetor.js,3,24,funcaovetor.json,joerlenss,2026-03-26 20:17:09,2026-03-26,20
for,2026-03-26 20:17:09,funcaovetor.js,4,1,funcaovetor.json,joerlenss,2026-03-26 20:17:09,2026-03-26,20
let,2026-03-26 20:17:09,funcaovetor.js,4,6,funcaovetor.json,joerlenss,2026-03-26 20:17:09,2026-03-26,20
parseInt,2026-03-26 20:17:09,funcaovetor.js,3,15,funcaovetor.json,joerlenss,2026-03-26 20:17:09,2026-03-26,20
prompt,2026-03-26 20:17:09,funcaovetor.js,3,24,funcaovetor.json,joerlenss,2026-03-26 20:17:09,2026-03-26,20
const,2026-03-26 20:19:32,funcaovetor.js,9,5,funcaovetor.json,joerlenss,2026-03-26 20:19:32,2026-03-26,20
var,2026-03-26 20:19:32,funcaovetor.js,10,1,funcaovetor.json,joerlenss,2026-03-26 20:19:32,2026-03-26,20
parseInt,2026-03-26 20:19:32,funcaovetor.js,10,15,funcaovetor.json,joerlenss,2026-03-26 20:19:32,2026-03-26,20
prompt,2026-03-26 20:19:32,funcaovetor.js,10,24,funcaovetor.json,joerlenss,2026-03-26 20:19:32,2026-03-26,20
for,2026-03-26 20:19:32,funcaovetor.js,11,1,funcaovetor.json,joerlenss,2026-03-26 20:19:32,2026-03-26,20
let,2026-03-26 20:19:32,funcaovetor.js,11,6,funcaovetor.json,joerlenss,2026-03-26 20:19:32,2026-03-26,20
parseInt,2026-03-26 20:19:32,funcaovetor.js,10,15,funcaovetor.json,joerlenss,2026-03-26 20:19:32,2026-03-26,20
prompt,2026-03-26 20:19:32,funcaovetor.js,10,24,funcaovetor.json,joerlenss,2026-03-26 20:19:32,2026-03-26,20
for,2026-03-26 20:21:46,funcaovetor.js,10,1,funcaovetor.json,joerlenss,2026-03-26 20:21:46,2026-03-26,20
let,2026-03-26 20:21:46,funcaovetor.js,10,6,funcaovetor.json,joerlenss,2026-03-26 20:21:46,2026-03-26,20
var,2026-03-26 20:39:49,funcaovetor.js,2,5,funcaovetor.json,joerlenss,2026-03-26 20:39:49,2026-03-26,20
parseInt,2026-03-26 20:39:49,funcaovetor.js,2,19,funcaovetor.json,joerlenss,2026-03-26 20:39:49,2026-03-26,20
prompt,2026-03-26 20:39:49,funcaovetor.js,2,28,funcaovetor.json,joerlenss,2026-03-26 20:39:49,2026-03-26,20
for,2026-03-26 20:39:49,funcaovetor.js,3,1,funcaovetor.json,joerlenss,2026-03-26 20:39:49,2026-03-26,20
let,2026-03-26 20:39:49,funcaovetor.js,3,6,funcaovetor.json,joerlenss,2026-03-26 20:39:49,2026-03-26,20
parseInt,2026-03-26 20:39:49,funcaovetor.js,2,19,funcaovetor.json,joerlenss,2026-03-26 20:39:49,2026-03-26,20
prompt,2026-03-26 20:39:49,funcaovetor.js,2,28,funcaovetor.json,joerlenss,2026-03-26 20:39:49,2026-03-26,20
const,2026-03-26 20:44:39,funcaovetor.js,1,1,funcaovetor.json,joerlenss,2026-03-26 20:44:39,2026-03-26,20
var,2026-03-26 20:44:40,funcaovetor.js,2,1,funcaovetor.json,joerlenss,2026-03-26 20:44:40,2026-03-26,20
parseInt,2026-03-26 20:44:40,funcaovetor.js,2,15,funcaovetor.json,joerlenss,2026-03-26 20:44:40,2026-03-26,20
prompt,2026-03-26 20:44:40,funcaovetor.js,2,24,funcaovetor.json,joerlenss,2026-03-26 20:44:40,2026-03-26,20
for,2026-03-26 20:46:16,funcaovetor.js,8,5,funcaovetor.json,joerlenss,2026-03-26 20:46:16,2026-03-26,20
let,2026-03-26 20:46:16,funcaovetor.js,8,10,funcaovetor.json,joerlenss,2026-03-26 20:46:16,2026-03-26,20
for,2026-03-25 19:35:02,insertionsort.js,2,1,insertionsort.json,joerlenss,2026-03-25 19:35:02,2026-03-25,19
length,2026-03-25 19:36:10,insertionsort.js,2,26,insertionsort.json,joerlenss,2026-03-25 19:36:10,2026-03-25,19
console,2026-03-25 19:40:36,insertionsort.js,11,1,insertionsort.json,joerlenss,2026-03-25 19:40:36,2026-03-25,19
function,2026-03-25 19:54:08,insertionsort.js,1,1,insertionsort.json,joerlenss,2026-03-25 19:54:08,2026-03-25,19
return,2026-03-25 19:55:18,insertionsort.js,12,1,insertionsort.json,joerlenss,2026-03-25 19:55:18,2026-03-25,19
do,2026-03-06 21:15:47,aprovacao2.js,1,1,aprovacao2.json,joerlenss,2026-03-06 21:15:47,2026-03-06,21
var,2026-03-06 21:15:47,aprovacao2.js,2,5,aprovacao2.json,joerlenss,2026-03-06 21:15:47,2026-03-06,21
var,2026-03-06 21:15:47,aprovacao2.js,2,5,aprovacao2.json,joerlenss,2026-03-06 21:15:47,2026-03-06,21
parseFloat,2026-03-06 21:15:47,aprovacao2.js,3,16,aprovacao2.json,joerlenss,2026-03-06 21:15:47,2026-03-06,21
prompt,2026-03-06 21:15:47,aprovacao2.js,3,27,aprovacao2.json,joerlenss,2026-03-06 21:15:47,2026-03-06,21
var,2026-03-06 21:15:47,aprovacao2.js,2,5,aprovacao2.json,joerlenss,2026-03-06 21:15:47,2026-03-06,21
parseFloat,2026-03-06 21:15:47,aprovacao2.js,3,16,aprovacao2.json,joerlenss,2026-03-06 21:15:47,2026-03-06,21
prompt,2026-03-06 21:15:47,aprovacao2.js,3,27,aprovacao2.json,joerlenss,2026-03-06 21:15:47,2026-03-06,21
var,2026-03-06 21:15:47,aprovacao2.js,2,5,aprovacao2.json,joerlenss,2026-03-06 21:15:47,2026-03-06,21
alert,2026-03-06 21:15:47,aprovacao2.js,6,3,aprovacao2.json,joerlenss,2026-03-06 21:15:47,2026-03-06,21
if,2026-03-06 21:15:47,aprovacao2.js,7,1,aprovacao2.json,joerlenss,2026-03-06 21:15:47,2026-03-06,21
alert,2026-03-06 21:15:47,aprovacao2.js,6,3,aprovacao2.json,joerlenss,2026-03-06 21:15:47,2026-03-06,21
else,2026-03-06 21:15:47,aprovacao2.js,11,1,aprovacao2.json,joerlenss,2026-03-06 21:15:47,2026-03-06,21
if,2026-03-06 21:15:47,aprovacao2.js,7,1,aprovacao2.json,joerlenss,2026-03-06 21:15:47,2026-03-06,21
alert,2026-03-06 21:15:47,aprovacao2.js,6,3,aprovacao2.json,joerlenss,2026-03-06 21:15:47,2026-03-06,21
parseFloat,2026-03-06 21:15:47,aprovacao2.js,3,16,aprovacao2.json,joerlenss,2026-03-06 21:15:47,2026-03-06,21
prompt,2026-03-06 21:15:47,aprovacao2.js,3,27,aprovacao2.json,joerlenss,2026-03-06 21:15:47,2026-03-06,21
if,2026-03-06 21:15:47,aprovacao2.js,7,1,aprovacao2.json,joerlenss,2026-03-06 21:15:47,2026-03-06,21
alert,2026-03-06 21:15:47,aprovacao2.js,6,3,aprovacao2.json,joerlenss,2026-03-06 21:15:47,2026-03-06,21
else,2026-03-06 21:15:47,aprovacao2.js,11,1,aprovacao2.json,joerlenss,2026-03-06 21:15:47,2026-03-06,21
alert,2026-03-06 21:15:47,aprovacao2.js,6,3,aprovacao2.json,joerlenss,2026-03-06 21:15:47,2026-03-06,21
else,2026-03-06 21:15:47,aprovacao2.js,11,1,aprovacao2.json,joerlenss,2026-03-06 21:15:47,2026-03-06,21
alert,2026-03-06 21:15:47,aprovacao2.js,6,3,aprovacao2.json,joerlenss,2026-03-06 21:15:47,2026-03-06,21
while,2026-03-06 21:15:47,aprovacao2.js,29,2,aprovacao2.json,joerlenss,2026-03-06 21:15:47,2026-03-06,21
alert,2026-03-06 21:15:47,aprovacao2.js,6,3,aprovacao2.json,joerlenss,2026-03-06 21:15:47,2026-03-06,21
var,2026-03-06 21:32:20,aprovacao2.js,1,1,aprovacao2.json,joerlenss,2026-03-06 21:32:20,2026-03-06,21
alert,2026-03-06 21:37:15,aprovacao2.js,10,5,aprovacao2.json,joerlenss,2026-03-06 21:37:15,2026-03-06,21
alert,2026-03-06 21:37:37,aprovacao2.js,28,5,aprovacao2.json,joerlenss,2026-03-06 21:37:37,2026-03-06,21
alert,2026-03-06 21:37:57,aprovacao2.js,15,5,aprovacao2.json,joerlenss,2026-03-06 21:37:57,2026-03-06,21
if,2026-03-05 21:54:37,time.js,3,1,time.json,joerlenss,2026-03-05 21:54:37,2026-03-05,21
while,2026-03-05 21:56:30,time.js,5,1,time.json,joerlenss,2026-03-05 21:56:30,2026-03-05,21
toUpperCase,2026-03-05 22:06:17,time.js,5,20,time.json,joerlenss,2026-03-05 22:06:17,2026-03-05,22
E,2026-03-05 22:07:20,time.js,6,4,time.json,joerlenss,2026-03-05 22:07:20,2026-03-05,22
alert,2026-03-05 22:07:21,time.js,6,2,time.json,joerlenss,2026-03-05 22:07:21,2026-03-05,22
E,2026-03-05 22:08:02,time.js,8,21,time.json,joerlenss,2026-03-05 22:08:02,2026-03-05,22
toUpperCase,2026-03-05 22:09:24,time.js,9,23,time.json,joerlenss,2026-03-05 22:09:24,2026-03-05,22
alert,2026-03-05 22:09:24,time.js,10,2,time.json,joerlenss,2026-03-05 22:09:24,2026-03-05,22
toUpperCase,2026-03-05 22:13:51,time.js,2,40,time.json,joerlenss,2026-03-05 22:13:51,2026-03-05,22
E,2026-03-05 22:14:22,time.js,4,21,time.json,joerlenss,2026-03-05 22:14:22,2026-03-05,22
E,2026-02-26 22:06:54,par-impa.js,3,30,par-impa.json,joerlenss,2026-02-26 22:06:54,2026-02-26,22
for,2026-02-26 22:08:09,par-impa.js,4,1,par-impa.json,joerlenss,2026-02-26 22:08:09,2026-02-26,22
parseInt,2026-02-26 22:12:21,par-impa.js,1,18,par-impa.json,joerlenss,2026-02-26 22:12:21,2026-02-26,22
E,2026-02-26 22:12:30,par-impa.js,1,40,par-impa.json,joerlenss,2026-02-26 22:12:30,2026-02-26,22
parseInt,2026-02-26 22:15:06,par-impa.js,7,14,par-impa.json,joerlenss,2026-02-26 22:15:06,2026-02-26,22
prompt,2026-02-26 22:15:14,par-impa.js,7,23,par-impa.json,joerlenss,2026-02-26 22:15:14,2026-02-26,22
if,2026-02-26 22:15:48,par-impa.js,8,1,par-impa.json,joerlenss,2026-02-26 22:15:48,2026-02-26,22
alert,2026-02-26 22:16:30,par-impa.js,9,5,par-impa.json,joerlenss,2026-02-26 22:16:30,2026-02-26,22
else,2026-02-26 22:16:45,par-impa.js,10,1,par-impa.json,joerlenss,2026-02-26 22:16:45,2026-02-26,22
alert,2026-02-26 22:16:49,par-impa.js,11,5,par-impa.json,joerlenss,2026-02-26 22:16:49,2026-02-26,22
parseInt,2026-02-26 22:19:38,par-impa.js,2,13,par-impa.json,joerlenss,2026-02-26 22:19:38,2026-02-26,22
prompt,2026-02-26 22:19:43,par-impa.js,2,22,par-impa.json,joerlenss,2026-02-26 22:19:43,2026-02-26,22
parseInt,2026-02-26 22:21:33,par-impa.js,4,15,par-impa.json,joerlenss,2026-02-26 22:21:33,2026-02-26,22
prompt,2026-02-26 22:21:38,par-impa.js,4,24,par-impa.json,joerlenss,2026-02-26 22:21:38,2026-02-26,22
if,2026-02-26 22:22:00,par-impa.js,5,5,par-impa.json,joerlenss,2026-02-26 22:22:00,2026-02-26,22
alert,2026-02-26 22:23:48,par-impa.js,10,5,par-impa.json,joerlenss,2026-02-26 22:23:48,2026-02-26,22
alert,2026-03-20 20:05:02,troca.js,2,1,troca.json,joerlenss,2026-03-20 20:05:02,2026-03-20,20
break,2026-03-20 20:20:29,troca.js,2,31,troca.json,joerlenss,2026-03-20 20:20:29,2026-03-20,20
E,2026-02-27 19:59:40,domingos.js,5,3,domingos.json,tamilabl,2026-02-27 19:59:40,2026-02-27,19
for,2026-02-27 19:59:53,domingos.js,5,1,domingos.json,tamilabl,2026-02-27 19:59:53,2026-02-27,19
parseInt,2026-02-27 20:48:09,domingos.js,2,24,domingos.json,tamilabl,2026-02-27 20:48:09,2026-02-27,20
for,2026-02-27 20:48:52,domingos.js,5,1,domingos.json,tamilabl,2026-02-27 20:48:52,2026-02-27,20
for,2026-02-27 20:49:33,domingos.js,4,1,domingos.json,tamilabl,2026-02-27 20:49:33,2026-02-27,20
for,2026-02-27 20:51:35,domingos.js,7,1,domingos.json,tamilabl,2026-02-27 20:51:35,2026-02-27,20
alert,2026-02-27 22:27:58,domingos.js,15,1,domingos.json,tamilabl,2026-02-27 22:27:58,2026-02-27,22
parseInt,2026-03-12 19:45:32,vaquinha.js,2,5,vaquinha.json,tamilabl,2026-03-12 19:45:32,2026-03-12,19
for,2026-03-12 19:46:27,vaquinha.js,3,1,vaquinha.json,tamilabl,2026-03-12 19:46:27,2026-03-12,19
parseInt,2026-03-12 19:52:13,vaquinha.js,2,17,vaquinha.json,tamilabl,2026-03-12 19:52:13,2026-03-12,19
let,2026-03-12 19:53:56,vaquinha.js,4,1,vaquinha.json,tamilabl,2026-03-12 19:53:56,2026-03-12,19
parseInt,2026-03-12 19:53:56,vaquinha.js,4,17,vaquinha.json,tamilabl,2026-03-12 19:53:56,2026-03-12,19
prompt,2026-03-12 19:53:56,vaquinha.js,4,26,vaquinha.json,tamilabl,2026-03-12 19:53:56,2026-03-12,19
const,2026-03-12 19:53:57,vaquinha.js,3,1,vaquinha.json,tamilabl,2026-03-12 19:53:57,2026-03-12,19
let,2026-03-12 19:54:19,vaquinha.js,3,1,vaquinha.json,tamilabl,2026-03-12 19:54:19,2026-03-12,19
parseFloat,2026-03-12 19:56:06,vaquinha.js,5,14,vaquinha.json,tamilabl,2026-03-12 19:56:06,2026-03-12,19
alert,2026-03-12 19:58:33,vaquinha.js,8,1,vaquinha.json,tamilabl,2026-03-12 19:58:33,2026-03-12,19
for,2026-03-12 20:06:49,vaquinha.js,9,1,vaquinha.json,tamilabl,2026-03-12 20:06:49,2026-03-12,20
parseInt,2026-03-25 21:18:59,funcaosoma.js,4,9,funcaosoma.json,tamilabl,2026-03-25 21:18:59,2026-03-25,21
parseInt,2026-03-25 21:20:02,funcaosoma.js,5,9,funcaosoma.json,tamilabl,2026-03-25 21:20:02,2026-03-25,21
alert,2026-03-25 21:20:56,funcaosoma.js,6,1,funcaosoma.json,tamilabl,2026-03-25 21:20:56,2026-03-25,21
for,2026-02-26 22:11:07,n1.js,2,1,n1.json,tamilabl,2026-02-26 22:11:07,2026-02-26,22
alert,2026-02-26 22:12:03,n1.js,3,5,n1.json,tamilabl,2026-02-26 22:12:03,2026-02-26,22
E,2026-02-26 22:14:20,n1.js,2,2,n1.json,tamilabl,2026-02-26 22:14:20,2026-02-26,22
E,2026-02-26 22:24:30,n1.js,2,41,n1.json,tamilabl,2026-02-26 22:24:30,2026-02-26,22
for,2026-02-26 22:25:16,n1.js,3,1,n1.json,tamilabl,2026-02-26 22:25:16,2026-02-26,22
parseInt,2026-02-26 22:26:36,n1.js,4,13,n1.json,tamilabl,2026-02-26 22:26:36,2026-02-26,22
if,2026-02-26 22:27:06,n1.js,5,5,n1.json,tamilabl,2026-02-26 22:27:06,2026-02-26,22
else,2026-02-26 22:28:32,n1.js,8,5,n1.json,tamilabl,2026-02-26 22:28:32,2026-02-26,22
alert,2026-03-20 19:45:26,espalhamentominimo.js,2,1,espalhamentominimo.json,tamilabl,2026-03-20 19:45:26,2026-03-20,19
Math,2026-03-20 19:50:00,espalhamentominimo.js,2,7,espalhamentominimo.json,tamilabl,2026-03-20 19:50:00,2026-03-20,19
alert,2026-03-19 22:15:15,maiordetresmath.js,1,1,maiordetresmath.json,tamilabl,2026-03-19 22:15:15,2026-03-19,22
alert,2026-03-19 22:17:41,maiordetresmath.js,2,1,maiordetresmath.json,tamilabl,2026-03-19 22:17:41,2026-03-19,22
for,2026-02-26 20:05:51,jogos.js,2,1,jogos.json,tamilabl,2026-02-26 20:05:51,2026-02-26,20
E,2026-02-26 20:07:56,jogos.js,4,7,jogos.json,tamilabl,2026-02-26 20:07:56,2026-02-26,20
alert,2026-02-26 20:07:59,jogos.js,4,5,jogos.json,tamilabl,2026-02-26 20:07:59,2026-02-26,20
alert,2026-02-26 20:08:33,jogos.js,6,1,jogos.json,tamilabl,2026-02-26 20:08:33,2026-02-26,20
for,2026-02-26 20:11:00,jogos.js,7,1,jogos.json,tamilabl,2026-02-26 20:11:00,2026-02-26,20
alert,2026-02-26 20:15:34,jogos.js,9,5,jogos.json,tamilabl,2026-02-26 20:15:34,2026-02-26,20
parseInt,2026-03-12 21:28:06,vetor_parimpa.js,1,19,vetor_parimpa.json,tamilabl,2026-03-12 21:28:06,2026-03-12,21
for,2026-03-12 21:30:44,vetor_parimpa.js,5,1,vetor_parimpa.json,tamilabl,2026-03-12 21:30:44,2026-03-12,21
alert,2026-03-12 21:43:32,vetor_parimpa.js,6,5,vetor_parimpa.json,tamilabl,2026-03-12 21:43:32,2026-03-12,21
parseInt,2026-03-12 21:55:22,vetor_parimpa.js,2,18,vetor_parimpa.json,tamilabl,2026-03-12 21:55:22,2026-03-12,21
parseInt,2026-03-12 21:59:06,vetor_parimpa.js,5,14,vetor_parimpa.json,tamilabl,2026-03-12 21:59:06,2026-03-12,21
if,2026-03-12 21:59:49,vetor_parimpa.js,6,1,vetor_parimpa.json,tamilabl,2026-03-12 21:59:49,2026-03-12,21
for,2026-03-12 22:05:24,vetor_parimpa.js,16,1,vetor_parimpa.json,tamilabl,2026-03-12 22:05:24,2026-03-12,22
for,2026-03-12 22:08:34,vetor_parimpa.js,20,1,vetor_parimpa.json,tamilabl,2026-03-12 22:08:34,2026-03-12,22
let,2026-03-12 22:15:29,vetor_parimpa.js,1,1,vetor_parimpa.json,tamilabl,2026-03-12 22:15:29,2026-03-12,22
parseInt,2026-03-12 22:15:29,vetor_parimpa.js,1,19,vetor_parimpa.json,tamilabl,2026-03-12 22:15:29,2026-03-12,22
prompt,2026-03-12 22:15:29,vetor_parimpa.js,1,28,vetor_parimpa.json,tamilabl,2026-03-12 22:15:29,2026-03-12,22
const,2026-03-12 22:15:29,vetor_parimpa.js,2,1,vetor_parimpa.json,tamilabl,2026-03-12 22:15:29,2026-03-12,22
const,2026-03-12 22:15:29,vetor_parimpa.js,2,1,vetor_parimpa.json,tamilabl,2026-03-12 22:15:29,2026-03-12,22
const,2026-03-12 22:15:29,vetor_parimpa.js,2,1,vetor_parimpa.json,tamilabl,2026-03-12 22:15:29,2026-03-12,22
for,2026-03-12 22:15:29,vetor_parimpa.js,5,1,vetor_parimpa.json,tamilabl,2026-03-12 22:15:29,2026-03-12,22
let,2026-03-12 22:15:29,vetor_parimpa.js,1,1,vetor_parimpa.json,tamilabl,2026-03-12 22:15:29,2026-03-12,22
let,2026-03-12 22:16:41,vetor_parimpa.js,1,1,vetor_parimpa.json,tamilabl,2026-03-12 22:16:41,2026-03-12,22
parseInt,2026-03-12 22:16:41,vetor_parimpa.js,1,19,vetor_parimpa.json,tamilabl,2026-03-12 22:16:41,2026-03-12,22
prompt,2026-03-12 22:16:41,vetor_parimpa.js,1,28,vetor_parimpa.json,tamilabl,2026-03-12 22:16:41,2026-03-12,22
let,2026-03-12 22:16:48,vetor_parimpa.js,1,1,vetor_parimpa.json,tamilabl,2026-03-12 22:16:48,2026-03-12,22
parseInt,2026-03-12 22:16:48,vetor_parimpa.js,1,19,vetor_parimpa.json,tamilabl,2026-03-12 22:16:48,2026-03-12,22
prompt,2026-03-12 22:16:48,vetor_parimpa.js,1,28,vetor_parimpa.json,tamilabl,2026-03-12 22:16:48,2026-03-12,22
const,2026-03-12 22:16:49,vetor_parimpa.js,2,1,vetor_parimpa.json,tamilabl,2026-03-12 22:16:49,2026-03-12,22
const,2026-03-12 22:16:50,vetor_parimpa.js,3,1,vetor_parimpa.json,tamilabl,2026-03-12 22:16:50,2026-03-12,22
const,2026-03-12 22:16:50,vetor_parimpa.js,4,1,vetor_parimpa.json,tamilabl,2026-03-12 22:16:50,2026-03-12,22
for,2026-03-12 22:16:51,vetor_parimpa.js,5,1,vetor_parimpa.json,tamilabl,2026-03-12 22:16:51,2026-03-12,22
let,2026-03-12 22:16:51,vetor_parimpa.js,5,5,vetor_parimpa.json,tamilabl,2026-03-12 22:16:51,2026-03-12,22
const,2026-03-12 22:16:52,vetor_parimpa.js,1,1,vetor_parimpa.json,tamilabl,2026-03-12 22:16:52,2026-03-12,22
let,2026-03-12 22:16:52,vetor_parimpa.js,2,1,vetor_parimpa.json,tamilabl,2026-03-12 22:16:52,2026-03-12,22
parseInt,2026-03-12 22:16:52,vetor_parimpa.js,2,18,vetor_parimpa.json,tamilabl,2026-03-12 22:16:52,2026-03-12,22
prompt,2026-03-12 22:16:52,vetor_parimpa.js,2,27,vetor_parimpa.json,tamilabl,2026-03-12 22:16:52,2026-03-12,22
var,2026-03-12 22:16:52,vetor_parimpa.js,3,1,vetor_parimpa.json,tamilabl,2026-03-12 22:16:52,2026-03-12,22
for,2026-03-12 22:16:52,vetor_parimpa.js,4,1,vetor_parimpa.json,tamilabl,2026-03-12 22:16:52,2026-03-12,22
let,2026-03-12 22:16:52,vetor_parimpa.js,2,1,vetor_parimpa.json,tamilabl,2026-03-12 22:16:52,2026-03-12,22
let,2026-03-12 22:16:52,vetor_parimpa.js,2,1,vetor_parimpa.json,tamilabl,2026-03-12 22:16:52,2026-03-12,22
parseInt,2026-03-12 22:16:52,vetor_parimpa.js,2,18,vetor_parimpa.json,tamilabl,2026-03-12 22:16:52,2026-03-12,22
prompt,2026-03-12 22:16:52,vetor_parimpa.js,2,27,vetor_parimpa.json,tamilabl,2026-03-12 22:16:52,2026-03-12,22
if,2026-03-12 22:16:52,vetor_parimpa.js,6,1,vetor_parimpa.json,tamilabl,2026-03-12 22:16:52,2026-03-12,22
else,2026-03-12 22:16:52,vetor_parimpa.js,10,1,vetor_parimpa.json,tamilabl,2026-03-12 22:16:52,2026-03-12,22
for,2026-03-12 22:16:52,vetor_parimpa.js,4,1,vetor_parimpa.json,tamilabl,2026-03-12 22:16:52,2026-03-12,22
let,2026-03-12 22:16:52,vetor_parimpa.js,2,1,vetor_parimpa.json,tamilabl,2026-03-12 22:16:52,2026-03-12,22
for,2026-03-12 22:16:52,vetor_parimpa.js,4,1,vetor_parimpa.json,tamilabl,2026-03-12 22:16:52,2026-03-12,22
let,2026-03-12 22:16:52,vetor_parimpa.js,2,1,vetor_parimpa.json,tamilabl,2026-03-12 22:16:52,2026-03-12,22
if,2026-03-25 21:36:51,funcaooperacao.js,2,5,funcaooperacao.json,tamilabl,2026-03-25 21:36:51,2026-03-25,21
parseInt,2026-03-25 21:57:53,funcaooperacao.js,15,10,funcaooperacao.json,tamilabl,2026-03-25 21:57:53,2026-03-25,21
parseInt,2026-03-25 21:59:00,funcaooperacao.js,16,9,funcaooperacao.json,tamilabl,2026-03-25 21:59:00,2026-03-25,21
switch,2026-03-25 21:59:38,funcaooperacao.js,17,1,funcaooperacao.json,tamilabl,2026-03-25 21:59:38,2026-03-25,21
alert,2026-03-25 22:00:34,funcaooperacao.js,19,5,funcaooperacao.json,tamilabl,2026-03-25 22:00:34,2026-03-25,22
alert,2026-03-25 22:01:20,funcaooperacao.js,19,9,funcaooperacao.json,tamilabl,2026-03-25 22:01:20,2026-03-25,22
break,2026-03-25 22:01:50,funcaooperacao.js,19,26,funcaooperacao.json,tamilabl,2026-03-25 22:01:50,2026-03-25,22
alert,2026-03-25 22:02:16,funcaooperacao.js,21,9,funcaooperacao.json,tamilabl,2026-03-25 22:02:16,2026-03-25,22
break,2026-03-25 22:02:41,funcaooperacao.js,21,31,funcaooperacao.json,tamilabl,2026-03-25 22:02:41,2026-03-25,22
alert,2026-03-25 22:03:27,funcaooperacao.js,23,9,funcaooperacao.json,tamilabl,2026-03-25 22:03:27,2026-03-25,22
break,2026-03-25 22:03:56,funcaooperacao.js,23,35,funcaooperacao.json,tamilabl,2026-03-25 22:03:56,2026-03-25,22
alert,2026-03-25 22:04:16,funcaooperacao.js,25,13,funcaooperacao.json,tamilabl,2026-03-25 22:04:16,2026-03-25,22
break,2026-03-25 22:05:23,funcaooperacao.js,25,46,funcaooperacao.json,tamilabl,2026-03-25 22:05:23,2026-03-25,22
alert,2026-03-25 22:07:23,funcaooperacao.js,27,13,funcaooperacao.json,tamilabl,2026-03-25 22:07:23,2026-03-25,22
E,2026-03-12 21:15:32,vetor_inverno.js,5,19,vetor_inverno.json,tamilabl,2026-03-12 21:15:32,2026-03-12,21
parseInt,2026-03-26 19:36:07,revisaovetor.js,1,5,revisaovetor.json,tamilabl,2026-03-26 19:36:07,2026-03-26,19
parseInt,2026-03-26 19:36:47,revisaovetor.js,1,16,revisaovetor.json,tamilabl,2026-03-26 19:36:47,2026-03-26,19
alert,2026-03-26 19:37:35,revisaovetor.js,2,1,revisaovetor.json,tamilabl,2026-03-26 19:37:35,2026-03-26,19
parseInt,2026-03-26 19:42:14,revisaovetor.js,2,42,revisaovetor.json,tamilabl,2026-03-26 19:42:14,2026-03-26,19
prompt,2026-03-26 19:42:14,revisaovetor.js,2,42,revisaovetor.json,tamilabl,2026-03-26 19:42:14,2026-03-26,19
alert,2026-03-26 19:49:38,revisaovetor.js,3,1,revisaovetor.json,tamilabl,2026-03-26 19:49:38,2026-03-26,19
for,2026-03-26 19:52:53,revisaovetor.js,3,1,revisaovetor.json,tamilabl,2026-03-26 19:52:53,2026-03-26,19
parseInt,2026-03-26 19:54:07,revisaovetor.js,4,17,revisaovetor.json,tamilabl,2026-03-26 19:54:07,2026-03-26,19
for,2026-03-26 19:54:42,revisaovetor.js,6,1,revisaovetor.json,tamilabl,2026-03-26 19:54:42,2026-03-26,19
for,2026-03-13 20:00:35,vetor_tabuada.js,7,1,vetor_tabuada.json,tamilabl,2026-03-13 20:00:35,2026-03-13,20
parseInt,2026-03-05 19:43:50,aprovacao.js,1,13,aprovacao.json,tamilabl,2026-03-05 19:43:50,2026-03-05,19
parseInt,2026-03-05 19:48:21,aprovacao.js,2,14,aprovacao.json,tamilabl,2026-03-05 19:48:21,2026-03-05,19
let,2026-03-05 19:52:41,aprovacao.js,3,1,aprovacao.json,tamilabl,2026-03-05 19:52:41,2026-03-05,19
parseInt,2026-03-05 19:54:57,aprovacao.js,1,13,aprovacao.json,tamilabl,2026-03-05 19:54:57,2026-03-05,19
parseInt,2026-03-05 19:59:10,aprovacao.js,2,13,aprovacao.json,tamilabl,2026-03-05 19:59:10,2026-03-05,19
parseFloat,2026-03-05 20:03:21,aprovacao.js,1,13,aprovacao.json,tamilabl,2026-03-05 20:03:21,2026-03-05,20
parseFloat,2026-03-05 20:03:37,aprovacao.js,2,13,aprovacao.json,tamilabl,2026-03-05 20:03:37,2026-03-05,20
if,2026-03-05 20:07:44,aprovacao.js,5,1,aprovacao.json,tamilabl,2026-03-05 20:07:44,2026-03-05,20
alert,2026-03-05 20:11:35,aprovacao.js,4,1,aprovacao.json,tamilabl,2026-03-05 20:11:35,2026-03-05,20
if,2026-03-05 20:12:31,aprovacao.js,8,1,aprovacao.json,tamilabl,2026-03-05 20:12:31,2026-03-05,20
if,2026-03-05 20:16:35,aprovacao.js,7,6,aprovacao.json,tamilabl,2026-03-05 20:16:35,2026-03-05,20
alert,2026-03-05 20:45:36,aprovacao.js,9,5,aprovacao.json,tamilabl,2026-03-05 20:45:36,2026-03-05,20
alert,2026-03-05 20:46:27,aprovacao.js,9,1,aprovacao.json,tamilabl,2026-03-05 20:46:27,2026-03-05,20
E,2026-03-05 20:46:36,aprovacao.js,9,23,aprovacao.json,tamilabl,2026-03-05 20:46:36,2026-03-05,20
E,2026-03-05 20:46:38,aprovacao.js,9,27,aprovacao.json,tamilabl,2026-03-05 20:46:38,2026-03-05,20
E,2026-03-05 21:24:41,aprovacao.js,8,8,aprovacao.json,tamilabl,2026-03-05 21:24:41,2026-03-05,21
E,2026-03-05 21:24:49,aprovacao.js,9,5,aprovacao.json,tamilabl,2026-03-05 21:24:49,2026-03-05,21
E,2026-03-05 21:25:07,aprovacao.js,9,22,aprovacao.json,tamilabl,2026-03-05 21:25:07,2026-03-05,21
parseFloat,2026-03-05 21:25:11,aprovacao.js,9,18,aprovacao.json,tamilabl,2026-03-05 21:25:11,2026-03-05,21
length,2026-03-05 21:26:50,aprovacao.js,1,1,aprovacao.json,tamilabl,2026-03-05 21:26:50,2026-03-05,21
E,2026-03-05 21:28:01,aprovacao.js,1,9,aprovacao.json,tamilabl,2026-03-05 21:28:01,2026-03-05,21
E,2026-03-05 21:28:33,aprovacao.js,1,24,aprovacao.json,tamilabl,2026-03-05 21:28:33,2026-03-05,21
E,2026-03-05 21:29:27,aprovacao.js,10,19,aprovacao.json,tamilabl,2026-03-05 21:29:27,2026-03-05,21
if,2026-03-05 21:30:05,aprovacao.js,11,1,aprovacao.json,tamilabl,2026-03-05 21:30:05,2026-03-05,21
else,2026-03-05 21:30:53,aprovacao.js,13,1,aprovacao.json,tamilabl,2026-03-05 21:30:53,2026-03-05,21
alert,2026-03-05 21:30:59,aprovacao.js,14,5,aprovacao.json,tamilabl,2026-03-05 21:30:59,2026-03-05,21
else,2026-03-05 21:31:55,aprovacao.js,16,1,aprovacao.json,tamilabl,2026-03-05 21:31:55,2026-03-05,21
alert,2026-03-05 21:32:17,aprovacao.js,17,5,aprovacao.json,tamilabl,2026-03-05 21:32:17,2026-03-05,21
parseFloat,2026-03-05 21:33:54,aprovacao.js,2,13,aprovacao.json,tamilabl,2026-03-05 21:33:54,2026-03-05,21
alert,2026-03-06 20:13:02,aprovacao.js,16,5,aprovacao.json,tamilabl,2026-03-06 20:13:02,2026-03-06,20
parseInt,2026-03-06 21:31:00,aprovacao.js,3,17,aprovacao.json,tamilabl,2026-03-06 21:31:00,2026-03-06,21
for,2026-02-26 21:32:31,copa.js,2,1,copa.json,tamilabl,2026-02-26 21:32:31,2026-02-26,21
E,2026-02-26 21:36:12,copa.js,4,6,copa.json,tamilabl,2026-02-26 21:36:12,2026-02-26,21
for,2026-02-26 21:39:21,copa.js,6,1,copa.json,tamilabl,2026-02-26 21:39:21,2026-02-26,21
alert,2026-02-26 21:41:12,copa.js,6,1,copa.json,tamilabl,2026-02-26 21:41:12,2026-02-26,21
alert,2026-02-26 21:44:56,copa.js,6,1,copa.json,tamilabl,2026-02-26 21:44:56,2026-02-26,21
if,2026-02-26 21:45:18,copa.js,3,5,copa.json,tamilabl,2026-02-26 21:45:18,2026-02-26,21
parseInt,2026-03-06 21:55:29,decremento.js,1,13,decremento.json,tamilabl,2026-03-06 21:55:29,2026-03-06,21
while,2026-03-06 21:57:59,decremento.js,2,1,decremento.json,tamilabl,2026-03-06 21:57:59,2026-03-06,21
alert,2026-03-06 21:59:59,decremento.js,3,5,decremento.json,tamilabl,2026-03-06 21:59:59,2026-03-06,21
alert,2026-03-19 22:28:32,espalhamento.js,2,1,espalhamento.json,tamilabl,2026-03-19 22:28:32,2026-03-19,22
parseInt,2026-03-26 20:18:44,funcaovetor.js,5,13,funcaovetor.json,tamilabl,2026-03-26 20:18:44,2026-03-26,20
for,2026-03-26 20:22:17,funcaovetor.js,6,1,funcaovetor.json,tamilabl,2026-03-26 20:22:17,2026-03-26,20
parseFloat,2026-03-26 20:30:01,funcaovetor.js,5,13,funcaovetor.json,tamilabl,2026-03-26 20:30:01,2026-03-26,20
parseInt,2026-03-26 20:30:08,funcaovetor.js,5,13,funcaovetor.json,tamilabl,2026-03-26 20:30:08,2026-03-26,20
parseFloat,2026-03-26 20:30:40,funcaovetor.js,6,13,funcaovetor.json,tamilabl,2026-03-26 20:30:40,2026-03-26,20
parseInt,2026-03-26 20:30:46,funcaovetor.js,6,13,funcaovetor.json,tamilabl,2026-03-26 20:30:46,2026-03-26,20
var,2026-03-26 20:34:14,funcaovetor.js,6,43,funcaovetor.json,tamilabl,2026-03-26 20:34:14,2026-03-26,20
const,2026-03-26 20:34:14,funcaovetor.js,6,43,funcaovetor.json,tamilabl,2026-03-26 20:34:14,2026-03-26,20
parseInt,2026-03-26 20:34:14,funcaovetor.js,6,43,funcaovetor.json,tamilabl,2026-03-26 20:34:14,2026-03-26,20
prompt,2026-03-26 20:34:14,funcaovetor.js,6,43,funcaovetor.json,tamilabl,2026-03-26 20:34:14,2026-03-26,20
parseInt,2026-03-26 20:34:42,funcaovetor.js,8,1,funcaovetor.json,tamilabl,2026-03-26 20:34:42,2026-03-26,20
prompt,2026-03-26 20:34:42,funcaovetor.js,8,10,funcaovetor.json,tamilabl,2026-03-26 20:34:42,2026-03-26,20
parseInt,2026-03-26 20:47:57,funcaovetor.js,2,15,funcaovetor.json,tamilabl,2026-03-26 20:47:57,2026-03-26,20
for,2026-03-26 20:48:24,funcaovetor.js,4,5,funcaovetor.json,tamilabl,2026-03-26 20:48:24,2026-03-26,20
for,2026-03-26 20:49:30,funcaovetor.js,7,5,funcaovetor.json,tamilabl,2026-03-26 20:49:30,2026-03-26,20
parseInt,2026-03-26 21:16:21,funcaovetor.js,5,22,funcaovetor.json,tamilabl,2026-03-26 21:16:21,2026-03-26,21
do,2026-03-06 21:23:03,aprovacao2.js,1,1,aprovacao2.json,tamilabl,2026-03-06 21:23:03,2026-03-06,21
var,2026-03-06 21:23:03,aprovacao2.js,2,5,aprovacao2.json,tamilabl,2026-03-06 21:23:03,2026-03-06,21
var,2026-03-06 21:23:03,aprovacao2.js,2,5,aprovacao2.json,tamilabl,2026-03-06 21:23:03,2026-03-06,21
parseFloat,2026-03-06 21:23:03,aprovacao2.js,3,16,aprovacao2.json,tamilabl,2026-03-06 21:23:03,2026-03-06,21
prompt,2026-03-06 21:23:03,aprovacao2.js,3,27,aprovacao2.json,tamilabl,2026-03-06 21:23:03,2026-03-06,21
var,2026-03-06 21:23:03,aprovacao2.js,2,5,aprovacao2.json,tamilabl,2026-03-06 21:23:03,2026-03-06,21
parseFloat,2026-03-06 21:23:03,aprovacao2.js,3,16,aprovacao2.json,tamilabl,2026-03-06 21:23:03,2026-03-06,21
prompt,2026-03-06 21:23:03,aprovacao2.js,3,27,aprovacao2.json,tamilabl,2026-03-06 21:23:03,2026-03-06,21
var,2026-03-06 21:23:03,aprovacao2.js,2,5,aprovacao2.json,tamilabl,2026-03-06 21:23:03,2026-03-06,21
alert,2026-03-06 21:23:03,aprovacao2.js,6,3,aprovacao2.json,tamilabl,2026-03-06 21:23:03,2026-03-06,21
if,2026-03-06 21:23:03,aprovacao2.js,7,1,aprovacao2.json,tamilabl,2026-03-06 21:23:03,2026-03-06,21
alert,2026-03-06 21:23:03,aprovacao2.js,6,3,aprovacao2.json,tamilabl,2026-03-06 21:23:03,2026-03-06,21
else,2026-03-06 21:23:03,aprovacao2.js,11,1,aprovacao2.json,tamilabl,2026-03-06 21:23:03,2026-03-06,21
if,2026-03-06 21:23:03,aprovacao2.js,7,1,aprovacao2.json,tamilabl,2026-03-06 21:23:03,2026-03-06,21
alert,2026-03-06 21:23:03,aprovacao2.js,6,3,aprovacao2.json,tamilabl,2026-03-06 21:23:03,2026-03-06,21
parseFloat,2026-03-06 21:23:03,aprovacao2.js,3,16,aprovacao2.json,tamilabl,2026-03-06 21:23:03,2026-03-06,21
prompt,2026-03-06 21:23:03,aprovacao2.js,3,27,aprovacao2.json,tamilabl,2026-03-06 21:23:03,2026-03-06,21
if,2026-03-06 21:23:03,aprovacao2.js,7,1,aprovacao2.json,tamilabl,2026-03-06 21:23:03,2026-03-06,21
alert,2026-03-06 21:23:03,aprovacao2.js,6,3,aprovacao2.json,tamilabl,2026-03-06 21:23:03,2026-03-06,21
else,2026-03-06 21:23:03,aprovacao2.js,11,1,aprovacao2.json,tamilabl,2026-03-06 21:23:03,2026-03-06,21
alert,2026-03-06 21:23:03,aprovacao2.js,6,3,aprovacao2.json,tamilabl,2026-03-06 21:23:03,2026-03-06,21
else,2026-03-06 21:23:03,aprovacao2.js,11,1,aprovacao2.json,tamilabl,2026-03-06 21:23:03,2026-03-06,21
alert,2026-03-06 21:23:03,aprovacao2.js,6,3,aprovacao2.json,tamilabl,2026-03-06 21:23:03,2026-03-06,21
while,2026-03-06 21:23:03,aprovacao2.js,29,2,aprovacao2.json,tamilabl,2026-03-06 21:23:03,2026-03-06,21
alert,2026-03-06 21:23:03,aprovacao2.js,6,3,aprovacao2.json,tamilabl,2026-03-06 21:23:03,2026-03-06,21
var,2026-03-06 21:32:25,aprovacao2.js,1,1,aprovacao2.json,tamilabl,2026-03-06 21:32:25,2026-03-06,21
var,2026-03-06 21:32:26,aprovacao2.js,2,1,aprovacao2.json,tamilabl,2026-03-06 21:32:26,2026-03-06,21
parseFloat,2026-03-06 21:32:26,aprovacao2.js,2,12,aprovacao2.json,tamilabl,2026-03-06 21:32:26,2026-03-06,21
prompt,2026-03-06 21:32:26,aprovacao2.js,2,23,aprovacao2.json,tamilabl,2026-03-06 21:32:26,2026-03-06,21
var,2026-03-06 21:32:27,aprovacao2.js,3,1,aprovacao2.json,tamilabl,2026-03-06 21:32:27,2026-03-06,21
parseFloat,2026-03-06 21:32:27,aprovacao2.js,3,12,aprovacao2.json,tamilabl,2026-03-06 21:32:27,2026-03-06,21
prompt,2026-03-06 21:32:27,aprovacao2.js,3,23,aprovacao2.json,tamilabl,2026-03-06 21:32:27,2026-03-06,21
var,2026-03-06 21:32:28,aprovacao2.js,4,1,aprovacao2.json,tamilabl,2026-03-06 21:32:28,2026-03-06,21
var,2026-03-06 21:32:45,aprovacao2.js,6,1,aprovacao2.json,tamilabl,2026-03-06 21:32:45,2026-03-06,21
var,2026-03-06 21:32:45,aprovacao2.js,5,1,aprovacao2.json,tamilabl,2026-03-06 21:32:45,2026-03-06,21
parseFloat,2026-03-06 21:32:45,aprovacao2.js,5,12,aprovacao2.json,tamilabl,2026-03-06 21:32:45,2026-03-06,21
prompt,2026-03-06 21:32:45,aprovacao2.js,5,23,aprovacao2.json,tamilabl,2026-03-06 21:32:45,2026-03-06,21
var,2026-03-06 21:32:46,aprovacao2.js,4,1,aprovacao2.json,tamilabl,2026-03-06 21:32:46,2026-03-06,21
parseFloat,2026-03-06 21:32:46,aprovacao2.js,4,12,aprovacao2.json,tamilabl,2026-03-06 21:32:46,2026-03-06,21
prompt,2026-03-06 21:32:46,aprovacao2.js,4,23,aprovacao2.json,tamilabl,2026-03-06 21:32:46,2026-03-06,21
while,2026-03-05 21:57:13,time.js,3,5,time.json,tamilabl,2026-03-05 21:57:13,2026-03-05,21
let,2026-03-05 21:58:41,time.js,1,1,time.json,tamilabl,2026-03-05 21:58:41,2026-03-05,21
do,2026-03-05 21:58:42,time.js,2,1,time.json,tamilabl,2026-03-05 21:58:42,2026-03-05,21
while,2026-03-05 21:59:10,time.js,8,5,time.json,tamilabl,2026-03-05 21:59:10,2026-03-05,21
toUpperCase,2026-03-05 22:13:42,time.js,6,21,time.json,tamilabl,2026-03-05 22:13:42,2026-03-05,22
while,2026-03-05 22:14:43,time.js,8,31,time.json,tamilabl,2026-03-05 22:14:43,2026-03-05,22
alert,2026-03-05 22:19:12,time.js,4,5,time.json,tamilabl,2026-03-05 22:19:12,2026-03-05,22
let,2026-03-05 22:19:18,time.js,3,1,time.json,tamilabl,2026-03-05 22:19:18,2026-03-05,22
E,2026-03-05 22:19:39,time.js,4,21,time.json,tamilabl,2026-03-05 22:19:39,2026-03-05,22
E,2026-03-05 22:24:59,time.js,4,21,time.json,tamilabl,2026-03-05 22:24:59,2026-03-05,22
parseInt,2026-03-19 21:45:24,maiordetres.js,2,9,maiordetres.json,tamilabl,2026-03-19 21:45:24,2026-03-19,21
if,2026-03-19 21:57:55,maiordetres.js,2,1,maiordetres.json,tamilabl,2026-03-19 21:57:55,2026-03-19,21
alert,2026-03-19 21:58:59,maiordetres.js,3,5,maiordetres.json,tamilabl,2026-03-19 21:58:59,2026-03-19,21
if,2026-03-19 22:00:13,maiordetres.js,4,6,maiordetres.json,tamilabl,2026-03-19 22:00:13,2026-03-19,22
alert,2026-03-19 22:01:05,maiordetres.js,5,1,maiordetres.json,tamilabl,2026-03-19 22:01:05,2026-03-19,22
if,2026-03-19 22:01:16,maiordetres.js,6,6,maiordetres.json,tamilabl,2026-03-19 22:01:16,2026-03-19,22
alert,2026-03-19 22:03:03,maiordetres.js,7,5,maiordetres.json,tamilabl,2026-03-19 22:03:03,2026-03-19,22
else,2026-03-19 22:03:12,maiordetres.js,8,1,maiordetres.json,tamilabl,2026-03-19 22:03:12,2026-03-19,22
alert,2026-03-19 22:03:21,maiordetres.js,9,5,maiordetres.json,tamilabl,2026-03-19 22:03:21,2026-03-19,22
if,2026-03-20 20:07:41,troca.js,2,1,troca.json,tamilabl,2026-03-20 20:07:41,2026-03-20,20
const,2026-03-20 20:18:31,troca.js,2,1,troca.json,tamilabl,2026-03-20 20:18:31,2026-03-20,20
alert,2026-03-20 20:27:27,troca.js,2,1,troca.json,tamilabl,2026-03-20 20:27:27,2026-03-20,20
alert,2026-03-20 20:34:47,troca.js,6,1,troca.json,tamilabl,2026-03-20 20:34:47,2026-03-20,20
parseInt,2026-03-12 20:15:16,vetor_jogos.js,1,13,vetor_jogos.json,tamilabl,2026-03-12 20:15:16,2026-03-12,20
parseInt,2026-03-12 20:17:54,vetor_jogos.js,2,13,vetor_jogos.json,tamilabl,2026-03-12 20:17:54,2026-03-12,20
E,2026-03-12 20:19:08,vetor_jogos.js,3,9,vetor_jogos.json,tamilabl,2026-03-12 20:19:08,2026-03-12,20
for,2026-03-12 20:20:29,vetor_jogos.js,4,1,vetor_jogos.json,tamilabl,2026-03-12 20:20:29,2026-03-12,20
E,2026-03-12 20:23:22,vetor_jogos.js,6,3,vetor_jogos.json,tamilabl,2026-03-12 20:23:22,2026-03-12,20
alert,2026-03-12 20:23:32,vetor_jogos.js,6,1,vetor_jogos.json,tamilabl,2026-03-12 20:23:32,2026-03-12,20
alert,2026-03-12 20:29:14,vetor_jogos.js,6,1,vetor_jogos.json,tamilabl,2026-03-12 20:29:14,2026-03-12,20
E,2026-03-12 20:29:16,vetor_jogos.js,6,7,vetor_jogos.json,tamilabl,2026-03-12 20:29:16,2026-03-12,20
E,2026-03-12 20:29:18,vetor_jogos.js,6,10,vetor_jogos.json,tamilabl,2026-03-12 20:29:18,2026-03-12,20
parseInt,2026-03-06 22:11:20,jogos2.js,1,11,jogos2.json,tamilabl,2026-03-06 22:11:20,2026-03-06,22
while,2026-03-06 22:15:09,jogos2.js,2,1,jogos2.json,tamilabl,2026-03-06 22:15:09,2026-03-06,22
alert,2026-03-06 22:15:34,jogos2.js,3,5,jogos2.json,tamilabl,2026-03-06 22:15:34,2026-03-06,22
E,2026-03-06 22:26:43,jogos2.js,2,9,jogos2.json,tamilabl,2026-03-06 22:26:43,2026-03-06,22
E,2026-03-06 22:27:19,jogos2.js,6,5,jogos2.json,tamilabl,2026-03-06 22:27:19,2026-03-06,22
alert,2026-03-06 22:27:38,jogos2.js,8,1,jogos2.json,tamilabl,2026-03-06 22:27:38,2026-03-06,22
E,2026-03-06 22:27:59,jogos2.js,8,19,jogos2.json,tamilabl,2026-03-06 22:27:59,2026-03-06,22
for,2026-02-24 20:00:39,ds.js,1,1,ds.json,jeilsonsales25,2026-02-24 20:00:39,2026-02-24,20
alert,2026-02-24 20:01:19,ds.js,2,5,ds.json,jeilsonsales25,2026-02-24 20:01:19,2026-02-24,20
do,2026-03-10 19:38:50,04a.js,1,42,04a.json,jeilsonsales25,2026-03-10 19:38:50,2026-03-10,19
while,2026-03-10 19:38:50,04a.js,2,116,04a.json,jeilsonsales25,2026-03-10 19:38:50,2026-03-10,19
prompt,2026-03-10 19:39:27,04a.js,5,12,04a.json,jeilsonsales25,2026-03-10 19:39:27,2026-03-10,19
while,2026-03-10 19:40:11,04a.js,6,2,04a.json,jeilsonsales25,2026-03-10 19:40:11,2026-03-10,19
prompt,2026-03-10 19:40:18,04a.js,6,8,04a.json,jeilsonsales25,2026-03-10 19:40:18,2026-03-10,19
alert,2026-03-10 19:40:43,04a.js,7,5,04a.json,jeilsonsales25,2026-03-10 19:40:43,2026-03-10,19
E,2026-03-10 19:40:47,04a.js,7,13,04a.json,jeilsonsales25,2026-03-10 19:40:47,2026-03-10,19
alert,2026-03-10 19:43:41,04a.js,6,5,04a.json,jeilsonsales25,2026-03-10 19:43:41,2026-03-10,19
alert,2026-03-10 22:08:28,04a.js,5,1,04a.json,jeilsonsales25,2026-03-10 22:08:28,2026-03-10,22
for,2026-03-20 19:46:09,espalhamento_minimo.js,2,1,espalhamento_minimo.json,jeilsonsales25,2026-03-20 19:46:09,2026-03-20,19
length,2026-03-20 19:46:41,espalhamento_minimo.js,2,24,espalhamento_minimo.json,jeilsonsales25,2026-03-20 19:46:41,2026-03-20,19
Math,2026-03-20 19:47:15,espalhamento_minimo.js,3,12,espalhamento_minimo.json,jeilsonsales25,2026-03-20 19:47:15,2026-03-20,19
max,2026-03-20 19:47:19,espalhamento_minimo.js,3,17,espalhamento_minimo.json,jeilsonsales25,2026-03-20 19:47:19,2026-03-20,19
min,2026-03-20 19:48:43,espalhamento_minimo.js,3,17,espalhamento_minimo.json,jeilsonsales25,2026-03-20 19:48:43,2026-03-20,19
alert,2026-03-20 19:49:35,espalhamento_minimo.js,5,1,espalhamento_minimo.json,jeilsonsales25,2026-03-20 19:49:35,2026-03-20,19
alert,2026-03-20 19:51:51,espalhamento_minimo.js,4,5,espalhamento_minimo.json,jeilsonsales25,2026-03-20 19:51:51,2026-03-20,19
const,2026-03-20 19:52:23,espalhamento_minimo.js,6,1,espalhamento_minimo.json,jeilsonsales25,2026-03-20 19:52:23,2026-03-20,19
const,2026-03-20 19:52:23,espalhamento_minimo.js,6,1,espalhamento_minimo.json,jeilsonsales25,2026-03-20 19:52:23,2026-03-20,19
Math,2026-03-20 19:52:23,espalhamento_minimo.js,7,15,espalhamento_minimo.json,jeilsonsales25,2026-03-20 19:52:23,2026-03-20,19
min,2026-03-20 19:52:23,espalhamento_minimo.js,7,20,espalhamento_minimo.json,jeilsonsales25,2026-03-20 19:52:23,2026-03-20,19
console,2026-03-20 19:52:23,espalhamento_minimo.js,8,1,espalhamento_minimo.json,jeilsonsales25,2026-03-20 19:52:23,2026-03-20,19
log,2026-03-20 19:52:23,espalhamento_minimo.js,8,9,espalhamento_minimo.json,jeilsonsales25,2026-03-20 19:52:23,2026-03-20,19
alert,2026-03-20 19:52:50,espalhamento_minimo.js,8,1,espalhamento_minimo.json,jeilsonsales25,2026-03-20 19:52:50,2026-03-20,19
parseInt,2026-03-03 20:22:04,02.js,1,17,02.json,jeilsonsales25,2026-03-03 20:22:04,2026-03-03,20
prompt,2026-03-03 20:22:06,02.js,1,26,02.json,jeilsonsales25,2026-03-03 20:22:06,2026-03-03,20
if,2026-03-03 20:23:15,02.js,4,1,02.json,jeilsonsales25,2026-03-03 20:23:15,2026-03-03,20
alert,2026-03-03 20:23:40,02.js,4,1,02.json,jeilsonsales25,2026-03-03 20:23:40,2026-03-03,20
if,2026-03-03 20:23:52,02.js,5,1,02.json,jeilsonsales25,2026-03-03 20:23:52,2026-03-03,20
alert,2026-03-03 20:24:40,02.js,6,5,02.json,jeilsonsales25,2026-03-03 20:24:40,2026-03-03,20
alert,2026-03-03 20:26:37,02.js,5,5,02.json,jeilsonsales25,2026-03-03 20:26:37,2026-03-03,20
alert,2026-03-03 20:27:22,02.js,4,1,02.json,jeilsonsales25,2026-03-03 20:27:22,2026-03-03,20
E,2026-03-03 20:27:31,02.js,4,9,02.json,jeilsonsales25,2026-03-03 20:27:31,2026-03-03,20
E,2026-03-03 20:27:54,02.js,4,9,02.json,jeilsonsales25,2026-03-03 20:27:54,2026-03-03,20
if,2026-03-03 20:28:32,02.js,5,1,02.json,jeilsonsales25,2026-03-03 20:28:32,2026-03-03,20
alert,2026-03-03 20:29:10,02.js,6,5,02.json,jeilsonsales25,2026-03-03 20:29:10,2026-03-03,20
else,2026-03-03 21:50:59,02.js,8,1,02.json,jeilsonsales25,2026-03-03 21:50:59,2026-03-03,21
alert,2026-03-03 21:51:05,02.js,9,5,02.json,jeilsonsales25,2026-03-03 21:51:05,2026-03-03,21
E,2026-03-03 21:51:08,02.js,9,11,02.json,jeilsonsales25,2026-03-03 21:51:08,2026-03-03,21
E,2026-03-03 21:51:10,02.js,9,12,02.json,jeilsonsales25,2026-03-03 21:51:10,2026-03-03,21
if,2026-03-03 21:55:05,02.js,5,1,02.json,jeilsonsales25,2026-03-03 21:55:05,2026-03-03,21
alert,2026-03-03 21:55:40,02.js,6,5,02.json,jeilsonsales25,2026-03-03 21:55:40,2026-03-03,21
E,2026-03-03 21:55:42,02.js,6,12,02.json,jeilsonsales25,2026-03-03 21:55:42,2026-03-03,21
for,2026-02-27 19:37:16,jogos.js,2,1,jogos.json,jeilsonsales25,2026-02-27 19:37:16,2026-02-27,19
alert,2026-02-27 19:38:01,jogos.js,4,5,jogos.json,jeilsonsales25,2026-02-27 19:38:01,2026-02-27,19
alert,2026-02-27 19:38:15,jogos.js,6,1,jogos.json,jeilsonsales25,2026-02-27 19:38:15,2026-02-27,19
alert,2026-02-27 19:40:12,jogos.js,10,5,jogos.json,jeilsonsales25,2026-02-27 19:40:12,2026-02-27,19
alert,2026-02-27 19:40:23,jogos.js,12,1,jogos.json,jeilsonsales25,2026-02-27 19:40:23,2026-02-27,19
alert,2026-02-20 20:36:44,main.js,1,1,main.json,jeilsonsales25,2026-02-20 20:36:44,2026-02-20,20
prompt,2026-02-20 20:39:56,main.js,1,13,main.json,jeilsonsales25,2026-02-20 20:39:56,2026-02-20,20
alert,2026-02-20 20:40:22,main.js,2,1,main.json,jeilsonsales25,2026-02-20 20:40:22,2026-02-20,20
parseInt,2026-03-10 21:21:25,de.js,1,7,de.json,jeilsonsales25,2026-03-10 21:21:25,2026-03-10,21
prompt,2026-03-10 21:21:27,de.js,1,16,de.json,jeilsonsales25,2026-03-10 21:21:27,2026-03-10,21
alert,2026-03-10 21:23:56,de.js,6,1,de.json,jeilsonsales25,2026-03-10 21:23:56,2026-03-10,21
alert,2026-03-10 21:24:27,de.js,2,1,de.json,jeilsonsales25,2026-03-10 21:24:27,2026-03-10,21
alert,2026-03-10 21:25:38,de.js,4,1,de.json,jeilsonsales25,2026-03-10 21:25:38,2026-03-10,21
alert,2026-03-10 21:25:55,de.js,6,1,de.json,jeilsonsales25,2026-03-10 21:25:55,2026-03-10,21
alert,2026-03-10 21:26:07,de.js,8,1,de.json,jeilsonsales25,2026-03-10 21:26:07,2026-03-10,21
parseInt,2026-02-27 19:50:28,par_impar.js,2,12,par_impar.json,jeilsonsales25,2026-02-27 19:50:28,2026-02-27,19
prompt,2026-02-27 19:50:30,par_impar.js,2,21,par_impar.json,jeilsonsales25,2026-02-27 19:50:30,2026-02-27,19
for,2026-02-27 19:50:48,par_impar.js,3,1,par_impar.json,jeilsonsales25,2026-02-27 19:50:48,2026-02-27,19
parseInt,2026-02-27 19:53:50,par_impar.js,4,15,par_impar.json,jeilsonsales25,2026-02-27 19:53:50,2026-02-27,19
prompt,2026-02-27 19:54:00,par_impar.js,4,24,par_impar.json,jeilsonsales25,2026-02-27 19:54:00,2026-02-27,19
if,2026-02-27 19:54:11,par_impar.js,5,5,par_impar.json,jeilsonsales25,2026-02-27 19:54:11,2026-02-27,19
else,2026-02-27 19:54:54,par_impar.js,8,5,par_impar.json,jeilsonsales25,2026-02-27 19:54:54,2026-02-27,19
alert,2026-02-27 19:55:13,par_impar.js,10,5,par_impar.json,jeilsonsales25,2026-02-27 19:55:13,2026-02-27,19
while,2026-03-06 22:13:07,olimpiada.js,2,1,olimpiada.json,jeilsonsales25,2026-03-06 22:13:07,2026-03-06,22
alert,2026-03-06 22:13:23,olimpiada.js,3,5,olimpiada.json,jeilsonsales25,2026-03-06 22:13:23,2026-03-06,22
alert,2026-03-06 22:20:09,olimpiada.js,7,1,olimpiada.json,jeilsonsales25,2026-03-06 22:20:09,2026-03-06,22
E,2026-03-06 22:26:51,olimpiada.js,1,20,olimpiada.json,jeilsonsales25,2026-03-06 22:26:51,2026-03-06,22
E,2026-03-06 22:27:07,olimpiada.js,5,5,olimpiada.json,jeilsonsales25,2026-03-06 22:27:07,2026-03-06,22
E,2026-03-06 22:27:13,olimpiada.js,5,6,olimpiada.json,jeilsonsales25,2026-03-06 22:27:13,2026-03-06,22
alert,2026-03-06 22:27:30,olimpiada.js,7,1,olimpiada.json,jeilsonsales25,2026-03-06 22:27:30,2026-03-06,22
alert,2026-02-24 21:52:21,exercicio_02.js,4,1,exercicio_02.json,jeilsonsales25,2026-02-24 21:52:21,2026-02-24,21
alert,2026-02-24 21:53:48,exercicio_02.js,4,1,exercicio_02.json,jeilsonsales25,2026-02-24 21:53:48,2026-02-24,21
parseFloat,2026-02-24 21:55:23,exercicio_02.js,2,19,exercicio_02.json,jeilsonsales25,2026-02-24 21:55:23,2026-02-24,21
prompt,2026-02-24 21:55:26,exercicio_02.js,2,30,exercicio_02.json,jeilsonsales25,2026-02-24 21:55:26,2026-02-24,21
prompt,2026-02-24 21:55:42,exercicio_02.js,2,30,exercicio_02.json,jeilsonsales25,2026-02-24 21:55:42,2026-02-24,21
E,2026-02-24 21:55:45,exercicio_02.js,2,39,exercicio_02.json,jeilsonsales25,2026-02-24 21:55:45,2026-02-24,21
parseInt,2026-03-26 19:35:48,revisaovetor.js,2,14,revisaovetor.json,jeilsonsales25,2026-03-26 19:35:48,2026-03-26,19
prompt,2026-03-26 19:35:52,revisaovetor.js,2,23,revisaovetor.json,jeilsonsales25,2026-03-26 19:35:52,2026-03-26,19
for,2026-03-26 19:36:16,revisaovetor.js,3,1,revisaovetor.json,jeilsonsales25,2026-03-26 19:36:16,2026-03-26,19
var,2026-03-26 19:38:45,revisaovetor.js,1,1,revisaovetor.json,jeilsonsales25,2026-03-26 19:38:45,2026-03-26,19
parseInt,2026-03-26 19:38:45,revisaovetor.js,1,14,revisaovetor.json,jeilsonsales25,2026-03-26 19:38:45,2026-03-26,19
prompt,2026-03-26 19:38:45,revisaovetor.js,1,23,revisaovetor.json,jeilsonsales25,2026-03-26 19:38:45,2026-03-26,19
const,2026-03-26 19:39:23,revisaovetor.js,1,1,revisaovetor.json,jeilsonsales25,2026-03-26 19:39:23,2026-03-26,19
prompt,2026-03-26 19:40:48,revisaovetor.js,4,5,revisaovetor.json,jeilsonsales25,2026-03-26 19:40:48,2026-03-26,19
prompt,2026-03-26 19:50:18,revisaovetor.js,4,5,revisaovetor.json,jeilsonsales25,2026-03-26 19:50:18,2026-03-26,19
parseInt,2026-03-26 20:04:55,revisaovetor.js,4,15,revisaovetor.json,jeilsonsales25,2026-03-26 20:04:55,2026-03-26,20
prompt,2026-03-26 20:04:59,revisaovetor.js,4,24,revisaovetor.json,jeilsonsales25,2026-03-26 20:04:59,2026-03-26,20
const,2026-03-26 20:08:38,revisaovetor2.js,1,1,revisaovetor2.json,jeilsonsales25,2026-03-26 20:08:38,2026-03-26,20
var,2026-03-26 20:08:38,revisaovetor2.js,2,1,revisaovetor2.json,jeilsonsales25,2026-03-26 20:08:38,2026-03-26,20
parseInt,2026-03-26 20:08:38,revisaovetor2.js,2,14,revisaovetor2.json,jeilsonsales25,2026-03-26 20:08:38,2026-03-26,20
prompt,2026-03-26 20:08:38,revisaovetor2.js,2,23,revisaovetor2.json,jeilsonsales25,2026-03-26 20:08:38,2026-03-26,20
for,2026-03-26 20:08:38,revisaovetor2.js,3,1,revisaovetor2.json,jeilsonsales25,2026-03-26 20:08:38,2026-03-26,20
parseInt,2026-03-26 20:08:38,revisaovetor2.js,2,14,revisaovetor2.json,jeilsonsales25,2026-03-26 20:08:38,2026-03-26,20
prompt,2026-03-26 20:08:38,revisaovetor2.js,2,23,revisaovetor2.json,jeilsonsales25,2026-03-26 20:08:38,2026-03-26,20
for,2026-03-26 20:10:12,revisaovetor2.js,6,1,revisaovetor2.json,jeilsonsales25,2026-03-26 20:10:12,2026-03-26,20
function,2026-03-26 20:15:51,revisaovetor2.js,1,1,revisaovetor2.json,jeilsonsales25,2026-03-26 20:15:51,2026-03-26,20
function,2026-03-26 20:17:48,revisaovetor2.js,1,1,revisaovetor2.json,jeilsonsales25,2026-03-26 20:17:48,2026-03-26,20
function,2026-03-26 20:20:36,revisaovetor2.js,1,1,revisaovetor2.json,jeilsonsales25,2026-03-26 20:20:36,2026-03-26,20
function,2026-03-26 20:24:47,revisaovetor2.js,1,1,revisaovetor2.json,jeilsonsales25,2026-03-26 20:24:47,2026-03-26,20
return,2026-03-26 20:25:31,revisaovetor2.js,2,5,revisaovetor2.json,jeilsonsales25,2026-03-26 20:25:31,2026-03-26,20
function,2026-03-26 20:28:19,revisaovetor2.js,1,1,revisaovetor2.json,jeilsonsales25,2026-03-26 20:28:19,2026-03-26,20
reduce,2026-03-26 20:41:59,revisaovetor2.js,2,22,revisaovetor2.json,jeilsonsales25,2026-03-26 20:41:59,2026-03-26,20
function,2026-03-26 20:43:34,revisaovetor2.js,1,1,revisaovetor2.json,jeilsonsales25,2026-03-26 20:43:34,2026-03-26,20
const,2026-03-26 20:47:38,revisaovetor2.js,11,1,revisaovetor2.json,jeilsonsales25,2026-03-26 20:47:38,2026-03-26,20
var,2026-03-26 20:47:38,revisaovetor2.js,12,1,revisaovetor2.json,jeilsonsales25,2026-03-26 20:47:38,2026-03-26,20
parseInt,2026-03-26 20:47:38,revisaovetor2.js,12,15,revisaovetor2.json,jeilsonsales25,2026-03-26 20:47:38,2026-03-26,20
prompt,2026-03-26 20:47:38,revisaovetor2.js,12,24,revisaovetor2.json,jeilsonsales25,2026-03-26 20:47:38,2026-03-26,20
for,2026-03-26 20:47:38,revisaovetor2.js,14,1,revisaovetor2.json,jeilsonsales25,2026-03-26 20:47:38,2026-03-26,20
parseInt,2026-03-26 20:47:38,revisaovetor2.js,12,15,revisaovetor2.json,jeilsonsales25,2026-03-26 20:47:38,2026-03-26,20
prompt,2026-03-26 20:47:38,revisaovetor2.js,12,24,revisaovetor2.json,jeilsonsales25,2026-03-26 20:47:38,2026-03-26,20
for,2026-03-26 20:47:38,revisaovetor2.js,14,1,revisaovetor2.json,jeilsonsales25,2026-03-26 20:47:38,2026-03-26,20
let,2026-03-26 20:47:38,revisaovetor2.js,17,5,revisaovetor2.json,jeilsonsales25,2026-03-26 20:47:38,2026-03-26,20
function,2026-03-26 20:48:03,revisaovetor2.js,13,1,revisaovetor2.json,jeilsonsales25,2026-03-26 20:48:03,2026-03-26,20
function,2026-03-26 20:48:58,revisaovetor2.js,17,1,revisaovetor2.json,jeilsonsales25,2026-03-26 20:48:58,2026-03-26,20
parseInt,2026-03-26 20:51:08,revisaovetor2.js,12,15,revisaovetor2.json,jeilsonsales25,2026-03-26 20:51:08,2026-03-26,20
prompt,2026-03-26 20:51:10,revisaovetor2.js,12,24,revisaovetor2.json,jeilsonsales25,2026-03-26 20:51:10,2026-03-26,20
function,2026-03-26 20:51:22,revisaovetor2.js,13,1,revisaovetor2.json,jeilsonsales25,2026-03-26 20:51:22,2026-03-26,20
for,2026-03-26 20:51:40,revisaovetor2.js,14,5,revisaovetor2.json,jeilsonsales25,2026-03-26 20:51:40,2026-03-26,20
parseInt,2026-03-26 20:52:25,revisaovetor2.js,15,21,revisaovetor2.json,jeilsonsales25,2026-03-26 20:52:25,2026-03-26,20
prompt,2026-03-26 20:52:30,revisaovetor2.js,15,31,revisaovetor2.json,jeilsonsales25,2026-03-26 20:52:30,2026-03-26,20
function,2026-03-26 20:52:45,revisaovetor2.js,18,1,revisaovetor2.json,jeilsonsales25,2026-03-26 20:52:45,2026-03-26,20
for,2026-03-26 20:53:09,revisaovetor2.js,19,5,revisaovetor2.json,jeilsonsales25,2026-03-26 20:53:09,2026-03-26,20
parseInt,2026-02-27 20:01:16,sunday.js,2,11,sunday.json,jeilsonsales25,2026-02-27 20:01:16,2026-02-27,20
prompt,2026-02-27 20:01:21,sunday.js,2,20,sunday.json,jeilsonsales25,2026-02-27 20:01:21,2026-02-27,20
prompt,2026-02-27 20:03:18,sunday.js,3,32,sunday.json,jeilsonsales25,2026-02-27 20:03:18,2026-02-27,20
E,2026-02-27 20:03:26,sunday.js,3,40,sunday.json,jeilsonsales25,2026-02-27 20:03:26,2026-02-27,20
alert,2026-02-27 20:06:41,sunday.js,6,1,sunday.json,jeilsonsales25,2026-02-27 20:06:41,2026-02-27,20
for,2026-02-27 20:07:20,sunday.js,6,1,sunday.json,jeilsonsales25,2026-02-27 20:07:20,2026-02-27,20
alert,2026-02-27 20:09:19,sunday.js,7,5,sunday.json,jeilsonsales25,2026-02-27 20:09:19,2026-02-27,20
for,2026-02-27 20:17:09,sunday.js,8,1,sunday.json,jeilsonsales25,2026-02-27 20:17:09,2026-02-27,20
for,2026-02-27 20:25:24,sunday.js,8,1,sunday.json,jeilsonsales25,2026-02-27 20:25:24,2026-02-27,20
for,2026-02-27 20:32:44,sunday.js,9,1,sunday.json,jeilsonsales25,2026-02-27 20:32:44,2026-02-27,20
prompt,2026-02-24 20:34:35,01.js,1,15,01.json,jeilsonsales25,2026-02-24 20:34:35,2026-02-24,20
prompt,2026-02-24 20:34:56,01.js,2,15,01.json,jeilsonsales25,2026-02-24 20:34:56,2026-02-24,20
alert,2026-02-24 20:35:49,01.js,4,1,01.json,jeilsonsales25,2026-02-24 20:35:49,2026-02-24,20
parseFloat,2026-02-24 20:39:42,01.js,1,15,01.json,jeilsonsales25,2026-02-24 20:39:42,2026-02-24,20
prompt,2026-02-24 20:40:11,01.js,1,26,01.json,jeilsonsales25,2026-02-24 20:40:11,2026-02-24,20
parseFloat,2026-02-24 20:40:25,01.js,2,15,01.json,jeilsonsales25,2026-02-24 20:40:25,2026-02-24,20
prompt,2026-02-24 20:40:28,01.js,2,26,01.json,jeilsonsales25,2026-02-24 20:40:28,2026-02-24,20
parseInt,2026-03-03 20:19:42,01.js,1,9,01.json,jeilsonsales25,2026-03-03 20:19:42,2026-03-03,20
prompt,2026-03-03 20:19:44,01.js,1,18,01.json,jeilsonsales25,2026-03-03 20:19:44,2026-03-03,20
if,2026-03-03 20:20:04,01.js,2,1,01.json,jeilsonsales25,2026-03-03 20:20:04,2026-03-03,20
alert,2026-03-03 20:20:33,01.js,3,5,01.json,jeilsonsales25,2026-03-03 20:20:33,2026-03-03,20
E,2026-03-03 20:20:36,01.js,3,12,01.json,jeilsonsales25,2026-03-03 20:20:36,2026-03-03,20
else,2026-03-03 20:20:48,01.js,5,1,01.json,jeilsonsales25,2026-03-03 20:20:48,2026-03-03,20
alert,2026-03-03 20:20:54,01.js,6,5,01.json,jeilsonsales25,2026-03-03 20:20:54,2026-03-03,20
E,2026-03-03 20:20:56,01.js,6,12,01.json,jeilsonsales25,2026-03-03 20:20:56,2026-03-03,20
prompt,2026-02-24 20:30:26,dfs.js,1,13,dfs.json,jeilsonsales25,2026-02-24 20:30:26,2026-02-24,20
prompt,2026-02-24 20:30:53,dfs.js,2,13,dfs.json,jeilsonsales25,2026-02-24 20:30:53,2026-02-24,20
alert,2026-02-24 20:31:56,dfs.js,4,1,dfs.json,jeilsonsales25,2026-02-24 20:31:56,2026-02-24,20
prompt,2026-03-03 20:45:27,04.js,3,13,04.json,jeilsonsales25,2026-03-03 20:45:27,2026-03-03,20
prompt,2026-03-03 20:46:26,04.js,5,9,04.json,jeilsonsales25,2026-03-03 20:46:26,2026-03-03,20
prompt,2026-03-03 20:49:17,04.js,5,13,04.json,jeilsonsales25,2026-03-03 20:49:17,2026-03-03,20
prompt,2026-03-03 22:08:29,04.js,6,14,04.json,jeilsonsales25,2026-03-03 22:08:29,2026-03-03,22
if,2026-03-03 22:09:17,04.js,7,5,04.json,jeilsonsales25,2026-03-03 22:09:17,2026-03-03,22
alert,2026-03-03 22:09:49,04.js,8,9,04.json,jeilsonsales25,2026-03-03 22:09:49,2026-03-03,22
alert,2026-03-03 22:12:46,04.js,8,1,04.json,jeilsonsales25,2026-03-03 22:12:46,2026-03-03,22
prompt,2026-03-03 22:13:09,04.js,11,14,04.json,jeilsonsales25,2026-03-03 22:13:09,2026-03-03,22
prompt,2026-03-03 22:18:46,04.js,5,10,04.json,jeilsonsales25,2026-03-03 22:18:46,2026-03-03,22
prompt,2026-03-03 22:19:02,04.js,8,1,04.json,jeilsonsales25,2026-03-03 22:19:02,2026-03-03,22
if,2026-03-05 19:41:04,aprovacao.js,11,5,aprovacao.json,jeilsonsales25,2026-03-05 19:41:04,2026-03-05,19
alert,2026-03-05 19:41:58,aprovacao.js,12,9,aprovacao.json,jeilsonsales25,2026-03-05 19:41:58,2026-03-05,19
parseFloat,2026-03-05 19:45:09,aprovacao.js,10,15,aprovacao.json,jeilsonsales25,2026-03-05 19:45:09,2026-03-05,19
prompt,2026-03-05 19:45:12,aprovacao.js,10,26,aprovacao.json,jeilsonsales25,2026-03-05 19:45:12,2026-03-05,19
if,2026-03-05 19:45:39,aprovacao.js,11,5,aprovacao.json,jeilsonsales25,2026-03-05 19:45:39,2026-03-05,19
alert,2026-03-05 19:46:07,aprovacao.js,12,9,aprovacao.json,jeilsonsales25,2026-03-05 19:46:07,2026-03-05,19
parseFloat,2026-03-05 19:47:27,aprovacao.js,11,15,aprovacao.json,jeilsonsales25,2026-03-05 19:47:27,2026-03-05,19
prompt,2026-03-05 19:47:30,aprovacao.js,11,26,aprovacao.json,jeilsonsales25,2026-03-05 19:47:30,2026-03-05,19
if,2026-03-05 19:49:22,aprovacao.js,13,5,aprovacao.json,jeilsonsales25,2026-03-05 19:49:22,2026-03-05,19
alert,2026-03-05 19:49:48,aprovacao.js,14,5,aprovacao.json,jeilsonsales25,2026-03-05 19:49:48,2026-03-05,19
if,2026-03-05 19:52:27,aprovacao.js,15,5,aprovacao.json,jeilsonsales25,2026-03-05 19:52:27,2026-03-05,19
alert,2026-03-05 19:53:02,aprovacao.js,16,5,aprovacao.json,jeilsonsales25,2026-03-05 19:53:02,2026-03-05,19
alert,2026-03-05 19:56:08,aprovacao.js,18,9,aprovacao.json,jeilsonsales25,2026-03-05 19:56:08,2026-03-05,19
prompt,2026-03-05 19:59:22,aprovacao.js,17,5,aprovacao.json,jeilsonsales25,2026-03-05 19:59:22,2026-03-05,19
parseFloat,2026-03-05 20:00:54,aprovacao.js,19,15,aprovacao.json,jeilsonsales25,2026-03-05 20:00:54,2026-03-05,20
prompt,2026-03-05 20:00:58,aprovacao.js,19,26,aprovacao.json,jeilsonsales25,2026-03-05 20:00:58,2026-03-05,20
parseFloat,2026-03-05 20:10:23,aprovacao.js,17,17,aprovacao.json,jeilsonsales25,2026-03-05 20:10:23,2026-03-05,20
prompt,2026-03-05 20:13:58,aprovacao.js,17,1,aprovacao.json,jeilsonsales25,2026-03-05 20:13:58,2026-03-05,20
parseFloat,2026-03-05 20:19:30,aprovacao.js,15,15,aprovacao.json,jeilsonsales25,2026-03-05 20:19:30,2026-03-05,20
prompt,2026-03-05 20:19:35,aprovacao.js,15,26,aprovacao.json,jeilsonsales25,2026-03-05 20:19:35,2026-03-05,20
if,2026-03-05 20:22:18,aprovacao.js,16,1,aprovacao.json,jeilsonsales25,2026-03-05 20:22:18,2026-03-05,20
alert,2026-03-05 20:25:00,aprovacao.js,17,1,aprovacao.json,jeilsonsales25,2026-03-05 20:25:00,2026-03-05,20
E,2026-03-05 20:28:36,aprovacao.js,11,5,aprovacao.json,jeilsonsales25,2026-03-05 20:28:36,2026-03-05,20
alert,2026-03-05 20:28:54,aprovacao.js,12,1,aprovacao.json,jeilsonsales25,2026-03-05 20:28:54,2026-03-05,20
if,2026-03-05 20:30:30,aprovacao.js,13,6,aprovacao.json,jeilsonsales25,2026-03-05 20:30:30,2026-03-05,20
alert,2026-03-05 20:31:44,aprovacao.js,14,1,aprovacao.json,jeilsonsales25,2026-03-05 20:31:44,2026-03-05,20
else,2026-03-05 20:32:19,aprovacao.js,15,1,aprovacao.json,jeilsonsales25,2026-03-05 20:32:19,2026-03-05,20
alert,2026-03-05 20:32:46,aprovacao.js,12,5,aprovacao.json,jeilsonsales25,2026-03-05 20:32:46,2026-03-05,20
if,2026-03-05 20:32:58,aprovacao.js,14,6,aprovacao.json,jeilsonsales25,2026-03-05 20:32:58,2026-03-05,20
alert,2026-03-05 20:33:23,aprovacao.js,15,5,aprovacao.json,jeilsonsales25,2026-03-05 20:33:23,2026-03-05,20
alert,2026-03-05 20:33:43,aprovacao.js,18,5,aprovacao.json,jeilsonsales25,2026-03-05 20:33:43,2026-03-05,20
prompt,2026-03-05 20:48:15,aprovacao.js,16,5,aprovacao.json,jeilsonsales25,2026-03-05 20:48:15,2026-03-05,20
var,2026-03-05 21:24:04,aprovacao.js,11,1,aprovacao.json,jeilsonsales25,2026-03-05 21:24:04,2026-03-05,21
var,2026-03-05 21:24:14,aprovacao.js,8,1,aprovacao.json,jeilsonsales25,2026-03-05 21:24:14,2026-03-05,21
E,2026-03-05 21:24:22,aprovacao.js,8,20,aprovacao.json,jeilsonsales25,2026-03-05 21:24:22,2026-03-05,21
parseFloat,2026-03-05 21:24:56,aprovacao.js,18,16,aprovacao.json,jeilsonsales25,2026-03-05 21:24:56,2026-03-05,21
prompt,2026-03-05 21:25:02,aprovacao.js,18,27,aprovacao.json,jeilsonsales25,2026-03-05 21:25:02,2026-03-05,21
if,2026-03-05 21:26:32,aprovacao.js,19,5,aprovacao.json,jeilsonsales25,2026-03-05 21:26:32,2026-03-05,21
else,2026-03-05 21:27:52,aprovacao.js,21,5,aprovacao.json,jeilsonsales25,2026-03-05 21:27:52,2026-03-05,21
alert,2026-03-05 21:27:56,aprovacao.js,22,9,aprovacao.json,jeilsonsales25,2026-03-05 21:27:56,2026-03-05,21
prompt,2026-03-05 21:50:42,aprovacao.js,26,8,aprovacao.json,jeilsonsales25,2026-03-05 21:50:42,2026-03-05,21
var,2026-03-06 21:15:40,aprovacao.js,8,1,aprovacao.json,jeilsonsales25,2026-03-06 21:15:40,2026-03-06,21
do,2026-03-06 21:16:02,aprovacao.js,8,1,aprovacao.json,jeilsonsales25,2026-03-06 21:16:02,2026-03-06,21
var,2026-03-06 21:16:02,aprovacao.js,9,5,aprovacao.json,jeilsonsales25,2026-03-06 21:16:02,2026-03-06,21
var,2026-03-06 21:16:02,aprovacao.js,9,5,aprovacao.json,jeilsonsales25,2026-03-06 21:16:02,2026-03-06,21
parseFloat,2026-03-06 21:16:02,aprovacao.js,10,16,aprovacao.json,jeilsonsales25,2026-03-06 21:16:02,2026-03-06,21
prompt,2026-03-06 21:16:02,aprovacao.js,10,27,aprovacao.json,jeilsonsales25,2026-03-06 21:16:02,2026-03-06,21
var,2026-03-06 21:16:02,aprovacao.js,9,5,aprovacao.json,jeilsonsales25,2026-03-06 21:16:02,2026-03-06,21
parseFloat,2026-03-06 21:16:02,aprovacao.js,10,16,aprovacao.json,jeilsonsales25,2026-03-06 21:16:02,2026-03-06,21
prompt,2026-03-06 21:16:02,aprovacao.js,10,27,aprovacao.json,jeilsonsales25,2026-03-06 21:16:02,2026-03-06,21
var,2026-03-06 21:16:02,aprovacao.js,9,5,aprovacao.json,jeilsonsales25,2026-03-06 21:16:02,2026-03-06,21
alert,2026-03-06 21:16:02,aprovacao.js,13,3,aprovacao.json,jeilsonsales25,2026-03-06 21:16:02,2026-03-06,21
if,2026-03-06 21:16:02,aprovacao.js,14,1,aprovacao.json,jeilsonsales25,2026-03-06 21:16:02,2026-03-06,21
alert,2026-03-06 21:16:02,aprovacao.js,13,3,aprovacao.json,jeilsonsales25,2026-03-06 21:16:02,2026-03-06,21
else,2026-03-06 21:16:02,aprovacao.js,18,1,aprovacao.json,jeilsonsales25,2026-03-06 21:16:02,2026-03-06,21
if,2026-03-06 21:16:02,aprovacao.js,14,1,aprovacao.json,jeilsonsales25,2026-03-06 21:16:02,2026-03-06,21
alert,2026-03-06 21:16:02,aprovacao.js,13,3,aprovacao.json,jeilsonsales25,2026-03-06 21:16:02,2026-03-06,21
parseFloat,2026-03-06 21:16:02,aprovacao.js,10,16,aprovacao.json,jeilsonsales25,2026-03-06 21:16:02,2026-03-06,21
prompt,2026-03-06 21:16:02,aprovacao.js,10,27,aprovacao.json,jeilsonsales25,2026-03-06 21:16:02,2026-03-06,21
if,2026-03-06 21:16:02,aprovacao.js,14,1,aprovacao.json,jeilsonsales25,2026-03-06 21:16:02,2026-03-06,21
alert,2026-03-06 21:16:02,aprovacao.js,13,3,aprovacao.json,jeilsonsales25,2026-03-06 21:16:02,2026-03-06,21
else,2026-03-06 21:16:02,aprovacao.js,18,1,aprovacao.json,jeilsonsales25,2026-03-06 21:16:02,2026-03-06,21
alert,2026-03-06 21:16:02,aprovacao.js,13,3,aprovacao.json,jeilsonsales25,2026-03-06 21:16:02,2026-03-06,21
else,2026-03-06 21:16:02,aprovacao.js,18,1,aprovacao.json,jeilsonsales25,2026-03-06 21:16:02,2026-03-06,21
alert,2026-03-06 21:16:02,aprovacao.js,13,3,aprovacao.json,jeilsonsales25,2026-03-06 21:16:02,2026-03-06,21
while,2026-03-06 21:16:02,aprovacao.js,36,2,aprovacao.json,jeilsonsales25,2026-03-06 21:16:02,2026-03-06,21
alert,2026-03-06 21:16:02,aprovacao.js,13,3,aprovacao.json,jeilsonsales25,2026-03-06 21:16:02,2026-03-06,21
var,2026-03-06 21:29:55,aprovacao.js,8,1,aprovacao.json,jeilsonsales25,2026-03-06 21:29:55,2026-03-06,21
for,2026-02-27 19:43:28,copa.js,2,1,copa.json,jeilsonsales25,2026-02-27 19:43:28,2026-02-27,19
if,2026-02-27 19:44:14,copa.js,3,5,copa.json,jeilsonsales25,2026-02-27 19:44:14,2026-02-27,19
for,2026-02-20 21:18:46,for.js,1,1,for.json,jeilsonsales25,2026-02-20 21:18:46,2026-02-20,21
for,2026-02-20 21:20:45,for.js,2,1,for.json,jeilsonsales25,2026-02-20 21:20:45,2026-02-20,21
let,2026-02-20 21:24:51,for.js,2,6,for.json,jeilsonsales25,2026-02-20 21:24:51,2026-02-20,21
for,2026-02-20 21:31:33,for.js,1,1,for.json,jeilsonsales25,2026-02-20 21:31:33,2026-02-20,21
for,2026-02-20 21:33:38,for.js,5,5,for.json,jeilsonsales25,2026-02-20 21:33:38,2026-02-20,21
for,2026-02-20 21:38:17,for.js,9,1,for.json,jeilsonsales25,2026-02-20 21:38:17,2026-02-20,21
prompt,2026-02-24 21:57:34,exercicio_03.js,1,13,exercicio_03.json,jeilsonsales25,2026-02-24 21:57:34,2026-02-24,21
alert,2026-02-24 21:58:04,exercicio_03.js,3,5,exercicio_03.json,jeilsonsales25,2026-02-24 21:58:04,2026-02-24,21
else,2026-02-24 21:58:15,exercicio_03.js,4,1,exercicio_03.json,jeilsonsales25,2026-02-24 21:58:15,2026-02-24,21
alert,2026-02-24 21:58:20,exercicio_03.js,5,5,exercicio_03.json,jeilsonsales25,2026-02-24 21:58:20,2026-02-24,21
parseInt,2026-03-06 21:55:49,decremento.js,1,11,decremento.json,jeilsonsales25,2026-03-06 21:55:49,2026-03-06,21
prompt,2026-03-06 21:55:51,decremento.js,1,20,decremento.json,jeilsonsales25,2026-03-06 21:55:51,2026-03-06,21
parseInt,2026-03-06 21:56:03,decremento.js,2,13,decremento.json,jeilsonsales25,2026-03-06 21:56:03,2026-03-06,21
prompt,2026-03-06 21:56:06,decremento.js,2,22,decremento.json,jeilsonsales25,2026-03-06 21:56:06,2026-03-06,21
while,2026-03-06 21:58:30,decremento.js,4,1,decremento.json,jeilsonsales25,2026-03-06 21:58:30,2026-03-06,21
alert,2026-03-06 22:00:47,decremento.js,4,1,decremento.json,jeilsonsales25,2026-03-06 22:00:47,2026-03-06,22
var,2026-03-06 22:02:09,decremento.js,1,1,decremento.json,jeilsonsales25,2026-03-06 22:02:09,2026-03-06,22
parseInt,2026-03-06 22:02:09,decremento.js,1,11,decremento.json,jeilsonsales25,2026-03-06 22:02:09,2026-03-06,22
prompt,2026-03-06 22:02:09,decremento.js,1,20,decremento.json,jeilsonsales25,2026-03-06 22:02:09,2026-03-06,22
while,2026-03-06 22:02:41,decremento.js,2,1,decremento.json,jeilsonsales25,2026-03-06 22:02:41,2026-03-06,22
alert,2026-03-06 22:03:06,decremento.js,3,5,decremento.json,jeilsonsales25,2026-03-06 22:03:06,2026-03-06,22
function,2026-03-25 22:17:40,funcaovetor.js,1,1,funcaovetor.json,jeilsonsales25,2026-03-25 22:17:40,2026-03-25,22
function,2026-03-25 22:19:22,funcaovetor.js,4,1,funcaovetor.json,jeilsonsales25,2026-03-25 22:19:22,2026-03-25,22
var,2026-03-05 21:46:31,aprovacao2.js,1,1,aprovacao2.json,jeilsonsales25,2026-03-05 21:46:31,2026-03-05,21
let,2026-03-05 21:46:31,aprovacao2.js,2,1,aprovacao2.json,jeilsonsales25,2026-03-05 21:46:31,2026-03-05,21
parseFloat,2026-03-05 21:46:31,aprovacao2.js,2,13,aprovacao2.json,jeilsonsales25,2026-03-05 21:46:31,2026-03-05,21
prompt,2026-03-05 21:46:31,aprovacao2.js,2,24,aprovacao2.json,jeilsonsales25,2026-03-05 21:46:31,2026-03-05,21
let,2026-03-05 21:46:31,aprovacao2.js,2,1,aprovacao2.json,jeilsonsales25,2026-03-05 21:46:31,2026-03-05,21
parseFloat,2026-03-05 21:46:31,aprovacao2.js,2,13,aprovacao2.json,jeilsonsales25,2026-03-05 21:46:31,2026-03-05,21
prompt,2026-03-05 21:46:31,aprovacao2.js,2,24,aprovacao2.json,jeilsonsales25,2026-03-05 21:46:31,2026-03-05,21
var,2026-03-05 21:46:31,aprovacao2.js,1,1,aprovacao2.json,jeilsonsales25,2026-03-05 21:46:31,2026-03-05,21
if,2026-03-05 21:46:31,aprovacao2.js,6,1,aprovacao2.json,jeilsonsales25,2026-03-05 21:46:31,2026-03-05,21
alert,2026-03-05 21:46:31,aprovacao2.js,7,5,aprovacao2.json,jeilsonsales25,2026-03-05 21:46:31,2026-03-05,21
else,2026-03-05 21:46:31,aprovacao2.js,8,1,aprovacao2.json,jeilsonsales25,2026-03-05 21:46:31,2026-03-05,21
if,2026-03-05 21:46:31,aprovacao2.js,6,1,aprovacao2.json,jeilsonsales25,2026-03-05 21:46:31,2026-03-05,21
alert,2026-03-05 21:46:31,aprovacao2.js,7,5,aprovacao2.json,jeilsonsales25,2026-03-05 21:46:31,2026-03-05,21
parseFloat,2026-03-05 21:46:31,aprovacao2.js,2,13,aprovacao2.json,jeilsonsales25,2026-03-05 21:46:31,2026-03-05,21
prompt,2026-03-05 21:46:31,aprovacao2.js,2,24,aprovacao2.json,jeilsonsales25,2026-03-05 21:46:31,2026-03-05,21
if,2026-03-05 21:46:31,aprovacao2.js,6,1,aprovacao2.json,jeilsonsales25,2026-03-05 21:46:31,2026-03-05,21
alert,2026-03-05 21:46:31,aprovacao2.js,7,5,aprovacao2.json,jeilsonsales25,2026-03-05 21:46:31,2026-03-05,21
else,2026-03-05 21:46:31,aprovacao2.js,8,1,aprovacao2.json,jeilsonsales25,2026-03-05 21:46:31,2026-03-05,21
alert,2026-03-05 21:46:31,aprovacao2.js,7,5,aprovacao2.json,jeilsonsales25,2026-03-05 21:46:31,2026-03-05,21
else,2026-03-05 21:46:31,aprovacao2.js,8,1,aprovacao2.json,jeilsonsales25,2026-03-05 21:46:31,2026-03-05,21
alert,2026-03-05 21:46:31,aprovacao2.js,7,5,aprovacao2.json,jeilsonsales25,2026-03-05 21:46:31,2026-03-05,21
while,2026-03-06 19:44:56,aprovacao2.js,19,2,aprovacao2.json,jeilsonsales25,2026-03-06 19:44:56,2026-03-06,19
E,2026-03-06 19:47:15,aprovacao2.js,11,5,aprovacao2.json,jeilsonsales25,2026-03-06 19:47:15,2026-03-06,19
E,2026-03-06 19:50:29,aprovacao2.js,14,9,aprovacao2.json,jeilsonsales25,2026-03-06 19:50:29,2026-03-06,19
E,2026-03-06 19:50:40,aprovacao2.js,14,9,aprovacao2.json,jeilsonsales25,2026-03-06 19:50:40,2026-03-06,19
E,2026-03-06 19:50:53,aprovacao2.js,14,9,aprovacao2.json,jeilsonsales25,2026-03-06 19:50:53,2026-03-06,19
while,2026-03-06 19:51:28,aprovacao2.js,24,2,aprovacao2.json,jeilsonsales25,2026-03-06 19:51:28,2026-03-06,19
E,2026-03-06 19:53:21,aprovacao2.js,14,9,aprovacao2.json,jeilsonsales25,2026-03-06 19:53:21,2026-03-06,19
E,2026-03-06 19:54:24,aprovacao2.js,14,9,aprovacao2.json,jeilsonsales25,2026-03-06 19:54:24,2026-03-06,19
alert,2026-03-06 20:09:07,aprovacao2.js,22,5,aprovacao2.json,jeilsonsales25,2026-03-06 20:09:07,2026-03-06,20
if,2026-03-06 20:10:45,aprovacao2.js,4,1,aprovacao2.json,jeilsonsales25,2026-03-06 20:10:45,2026-03-06,20
while,2026-03-06 20:10:55,aprovacao2.js,4,1,aprovacao2.json,jeilsonsales25,2026-03-06 20:10:55,2026-03-06,20
E,2026-03-06 20:16:47,aprovacao2.js,1,74,aprovacao2.json,jeilsonsales25,2026-03-06 20:16:47,2026-03-06,20
E,2026-03-06 20:17:03,aprovacao2.js,13,9,aprovacao2.json,jeilsonsales25,2026-03-06 20:17:03,2026-03-06,20
var,2026-03-06 20:40:59,aprovacao2.js,3,5,aprovacao2.json,jeilsonsales25,2026-03-06 20:40:59,2026-03-06,20
prompt,2026-02-27 20:47:18,sunday1.js,1,31,sunday1.json,jeilsonsales25,2026-02-27 20:47:18,2026-02-27,20
parseInt,2026-02-27 20:47:45,sunday1.js,2,23,sunday1.json,jeilsonsales25,2026-02-27 20:47:45,2026-02-27,20
prompt,2026-02-27 20:47:48,sunday1.js,2,32,sunday1.json,jeilsonsales25,2026-02-27 20:47:48,2026-02-27,20
for,2026-02-27 22:23:51,sunday1.js,12,1,sunday1.json,jeilsonsales25,2026-02-27 22:23:51,2026-02-27,22
alert,2026-02-27 22:25:17,sunday1.js,15,5,sunday1.json,jeilsonsales25,2026-02-27 22:25:17,2026-02-27,22
function,2026-03-25 21:16:59,funcasoma.js,1,1,funcasoma.json,jeilsonsales25,2026-03-25 21:16:59,2026-03-25,21
return,2026-03-25 21:17:54,funcasoma.js,2,5,funcasoma.json,jeilsonsales25,2026-03-25 21:17:54,2026-03-25,21
var,2026-03-25 21:18:15,funcasoma.js,4,1,funcasoma.json,jeilsonsales25,2026-03-25 21:18:15,2026-03-25,21
parseInt,2026-03-25 21:18:23,funcasoma.js,4,9,funcasoma.json,jeilsonsales25,2026-03-25 21:18:23,2026-03-25,21
prompt,2026-03-25 21:18:36,funcasoma.js,4,18,funcasoma.json,jeilsonsales25,2026-03-25 21:18:36,2026-03-25,21
parseFloat,2026-03-25 21:19:07,funcasoma.js,5,9,funcasoma.json,jeilsonsales25,2026-03-25 21:19:07,2026-03-25,21
prompt,2026-03-25 21:19:20,funcasoma.js,5,18,funcasoma.json,jeilsonsales25,2026-03-25 21:19:20,2026-03-25,21
alert,2026-03-25 21:19:52,funcasoma.js,6,1,funcasoma.json,jeilsonsales25,2026-03-25 21:19:52,2026-03-25,21
function,2026-03-25 21:23:48,funcasoma.js,1,1,funcasoma.json,jeilsonsales25,2026-03-25 21:23:48,2026-03-25,21
function,2026-03-25 21:35:52,funcasoma.js,5,1,funcasoma.json,jeilsonsales25,2026-03-25 21:35:52,2026-03-25,21
return,2026-03-25 21:36:11,funcasoma.js,6,5,funcasoma.json,jeilsonsales25,2026-03-25 21:36:11,2026-03-25,21
function,2026-03-25 21:36:51,funcasoma.js,8,1,funcasoma.json,jeilsonsales25,2026-03-25 21:36:51,2026-03-25,21
function,2026-03-25 21:37:21,funcasoma.js,11,1,funcasoma.json,jeilsonsales25,2026-03-25 21:37:21,2026-03-25,21
function,2026-03-25 21:39:55,funcasoma.js,16,7,funcasoma.json,jeilsonsales25,2026-03-25 21:39:55,2026-03-25,21
prompt,2026-03-25 21:42:50,funcasoma.js,14,13,funcasoma.json,jeilsonsales25,2026-03-25 21:42:50,2026-03-25,21
parseFloat,2026-03-25 21:58:22,funcasoma.js,15,9,funcasoma.json,jeilsonsales25,2026-03-25 21:58:22,2026-03-25,21
parseInt,2026-03-25 21:58:26,funcasoma.js,15,9,funcasoma.json,jeilsonsales25,2026-03-25 21:58:26,2026-03-25,21
prompt,2026-03-25 21:58:31,funcasoma.js,15,18,funcasoma.json,jeilsonsales25,2026-03-25 21:58:31,2026-03-25,21
parseInt,2026-03-25 21:58:58,funcasoma.js,16,9,funcasoma.json,jeilsonsales25,2026-03-25 21:58:58,2026-03-25,21
prompt,2026-03-25 21:59:01,funcasoma.js,16,18,funcasoma.json,jeilsonsales25,2026-03-25 21:59:01,2026-03-25,21
switch,2026-03-25 21:59:28,funcasoma.js,17,1,funcasoma.json,jeilsonsales25,2026-03-25 21:59:28,2026-03-25,21
alert,2026-03-25 21:59:52,funcasoma.js,19,9,funcasoma.json,jeilsonsales25,2026-03-25 21:59:52,2026-03-25,21
break,2026-03-25 22:00:17,funcasoma.js,19,26,funcasoma.json,jeilsonsales25,2026-03-25 22:00:17,2026-03-25,22
alert,2026-03-25 22:00:37,funcasoma.js,21,13,funcasoma.json,jeilsonsales25,2026-03-25 22:00:37,2026-03-25,22
break,2026-03-25 22:00:51,funcasoma.js,21,35,funcasoma.json,jeilsonsales25,2026-03-25 22:00:51,2026-03-25,22
case,2026-03-25 22:01:52,funcasoma.js,20,9,funcasoma.json,jeilsonsales25,2026-03-25 22:01:52,2026-03-25,22
alert,2026-03-25 22:02:02,funcasoma.js,21,13,funcasoma.json,jeilsonsales25,2026-03-25 22:02:02,2026-03-25,22
break,2026-03-25 22:02:16,funcasoma.js,21,35,funcasoma.json,jeilsonsales25,2026-03-25 22:02:16,2026-03-25,22
alert,2026-03-25 22:02:51,funcasoma.js,23,17,funcasoma.json,jeilsonsales25,2026-03-25 22:02:51,2026-03-25,22
break,2026-03-25 22:03:07,funcasoma.js,23,43,funcasoma.json,jeilsonsales25,2026-03-25 22:03:07,2026-03-25,22
alert,2026-03-25 22:03:30,funcasoma.js,25,21,funcasoma.json,jeilsonsales25,2026-03-25 22:03:30,2026-03-25,22
toFixed,2026-03-25 22:03:49,funcasoma.js,25,40,funcasoma.json,jeilsonsales25,2026-03-25 22:03:49,2026-03-25,22
break,2026-03-25 22:04:00,funcasoma.js,25,52,funcasoma.json,jeilsonsales25,2026-03-25 22:04:00,2026-03-25,22
alert,2026-03-25 22:04:12,funcasoma.js,27,25,funcasoma.json,jeilsonsales25,2026-03-25 22:04:12,2026-03-25,22
while,2026-03-25 22:12:32,funcasoma.js,30,2,funcasoma.json,jeilsonsales25,2026-03-25 22:12:32,2026-03-25,22
prompt,2026-03-05 21:52:59,time.js,1,11,time.json,jeilsonsales25,2026-03-05 21:52:59,2026-03-05,21
let,2026-03-05 21:53:19,time.js,2,1,time.json,jeilsonsales25,2026-03-05 21:53:19,2026-03-05,21
prompt,2026-03-05 21:53:19,time.js,2,11,time.json,jeilsonsales25,2026-03-05 21:53:19,2026-03-05,21
while,2026-03-05 21:53:33,time.js,3,2,time.json,jeilsonsales25,2026-03-05 21:53:33,2026-03-05,21
prompt,2026-03-05 21:54:29,time.js,3,8,time.json,jeilsonsales25,2026-03-05 21:54:29,2026-03-05,21
while,2026-03-05 21:58:48,time.js,3,5,time.json,jeilsonsales25,2026-03-05 21:58:48,2026-03-05,21
toUpperCase,2026-03-05 22:03:27,time.js,1,10,time.json,jeilsonsales25,2026-03-05 22:03:27,2026-03-05,22
do,2026-03-05 22:18:33,time.js,1,1,time.json,jeilsonsales25,2026-03-05 22:18:33,2026-03-05,22
alert,2026-03-05 22:18:41,time.js,3,1,time.json,jeilsonsales25,2026-03-05 22:18:41,2026-03-05,22
toUpperCase,2026-03-05 22:23:31,time.js,4,25,time.json,jeilsonsales25,2026-03-05 22:23:31,2026-03-05,22
toUpperCase,2026-03-05 22:28:02,time.js,2,26,time.json,jeilsonsales25,2026-03-05 22:28:02,2026-03-05,22
E,2026-03-05 22:28:21,time.js,4,20,time.json,jeilsonsales25,2026-03-05 22:28:21,2026-03-05,22
Math,2026-02-24 22:02:58,exercicio_04.js,1,1,exercicio_04.json,jeilsonsales25,2026-02-24 22:02:58,2026-02-24,22
random,2026-02-24 22:02:58,exercicio_04.js,1,6,exercicio_04.json,jeilsonsales25,2026-02-24 22:02:58,2026-02-24,22
E,2026-03-03 20:31:50,03.js,1,107,03.json,jeilsonsales25,2026-03-03 20:31:50,2026-03-03,20
parseFloat,2026-03-03 20:33:45,03.js,3,13,03.json,jeilsonsales25,2026-03-03 20:33:45,2026-03-03,20
parseFloat,2026-03-03 21:21:20,03.js,3,13,03.json,jeilsonsales25,2026-03-03 21:21:20,2026-03-03,21
prompt,2026-03-03 21:21:22,03.js,3,24,03.json,jeilsonsales25,2026-03-03 21:21:22,2026-03-03,21
while,2026-03-03 21:22:04,03.js,5,1,03.json,jeilsonsales25,2026-03-03 21:22:04,2026-03-03,21
alert,2026-03-03 21:24:04,03.js,8,1,03.json,jeilsonsales25,2026-03-03 21:24:04,2026-03-03,21
var,2026-03-03 21:29:28,03.js,7,5,03.json,jeilsonsales25,2026-03-03 21:29:28,2026-03-03,21
alert,2026-03-03 21:36:00,03.js,7,2,03.json,jeilsonsales25,2026-03-03 21:36:00,2026-03-03,21
for,2026-03-13 19:34:04,tabuada.js,2,1,tabuada.json,jeilsonsales25,2026-03-13 19:34:04,2026-03-13,19
let,2026-03-13 19:45:40,tabuada.js,8,1,tabuada.json,jeilsonsales25,2026-03-13 19:45:40,2026-03-13,19
let,2026-03-13 19:45:40,tabuada.js,8,1,tabuada.json,jeilsonsales25,2026-03-13 19:45:40,2026-03-13,19
for,2026-03-13 19:45:40,tabuada.js,10,1,tabuada.json,jeilsonsales25,2026-03-13 19:45:40,2026-03-13,19
let,2026-03-13 19:45:40,tabuada.js,8,1,tabuada.json,jeilsonsales25,2026-03-13 19:45:40,2026-03-13,19
for,2026-03-13 19:50:09,tabuada.js,13,1,tabuada.json,jeilsonsales25,2026-03-13 19:50:09,2026-03-13,19
parseInt,2026-03-13 19:50:56,tabuada.js,8,14,tabuada.json,jeilsonsales25,2026-03-13 19:50:56,2026-03-13,19
prompt,2026-03-13 19:51:01,tabuada.js,8,23,tabuada.json,jeilsonsales25,2026-03-13 19:51:01,2026-03-13,19
for,2026-03-13 19:53:11,tabuada.js,14,1,tabuada.json,jeilsonsales25,2026-03-13 19:53:11,2026-03-13,19
parseInt,2026-03-13 19:58:00,tabuada.js,10,12,tabuada.json,jeilsonsales25,2026-03-13 19:58:00,2026-03-13,19
prompt,2026-03-13 19:58:05,tabuada.js,10,21,tabuada.json,jeilsonsales25,2026-03-13 19:58:05,2026-03-13,19
for,2026-03-13 20:00:54,tabuada.js,11,1,tabuada.json,jeilsonsales25,2026-03-13 20:00:54,2026-03-13,20
alert,2026-03-20 20:43:31,troca2.js,4,1,troca2.json,jeilsonsales25,2026-03-20 20:43:31,2026-03-20,20
alert,2026-03-20 20:25:18,troca.js,23,1,troca.json,jeilsonsales25,2026-03-20 20:25:18,2026-03-20,20
alert,2026-03-20 20:36:35,troca.js,2,1,troca.json,jeilsonsales25,2026-03-20 20:36:35,2026-03-20,20
prompt,2026-03-10 19:47:20,05.js,2,8,05.json,jeilsonsales25,2026-03-10 19:47:20,2026-03-10,19
for,2026-03-10 19:48:01,05.js,3,1,05.json,jeilsonsales25,2026-03-10 19:48:01,2026-03-10,19
for,2026-03-10 19:48:17,05.js,4,1,05.json,jeilsonsales25,2026-03-10 19:48:17,2026-03-10,19
for,2026-03-25 19:33:33,buble.js,5,5,buble.json,jeilsonsales25,2026-03-25 19:33:33,2026-03-25,19
if,2026-03-25 19:34:17,buble.js,6,9,buble.json,jeilsonsales25,2026-03-25 19:34:17,2026-03-25,19
parseInt,2026-02-27 20:47:51,domingos.js,1,15,domingos.json,elenizarocha0411-cyber,2026-02-27 20:47:51,2026-02-27,20
prompt,2026-02-27 20:48:39,domingos.js,1,24,domingos.json,elenizarocha0411-cyber,2026-02-27 20:48:39,2026-02-27,20
prompt,2026-02-27 20:48:59,domingos.js,1,24,domingos.json,elenizarocha0411-cyber,2026-02-27 20:48:59,2026-02-27,20
parseInt,2026-02-27 20:49:46,domingos.js,2,23,domingos.json,elenizarocha0411-cyber,2026-02-27 20:49:46,2026-02-27,20
prompt,2026-02-27 20:49:54,domingos.js,2,32,domingos.json,elenizarocha0411-cyber,2026-02-27 20:49:54,2026-02-27,20
for,2026-02-27 20:50:36,domingos.js,5,1,domingos.json,elenizarocha0411-cyber,2026-02-27 20:50:36,2026-02-27,20
for,2026-02-27 20:54:34,domingos.js,8,1,domingos.json,elenizarocha0411-cyber,2026-02-27 20:54:34,2026-02-27,20
alert,2026-03-12 20:31:06,domingos.js,14,1,domingos.json,elenizarocha0411-cyber,2026-03-12 20:31:06,2026-03-12,20
parseInt,2026-03-03 19:57:35,exercicio03.js,2,14,exercicio03.json,elenizarocha0411-cyber,2026-03-03 19:57:35,2026-03-03,19
prompt,2026-03-03 19:57:43,exercicio03.js,2,23,exercicio03.json,elenizarocha0411-cyber,2026-03-03 19:57:43,2026-03-03,19
if,2026-03-03 20:00:51,exercicio03.js,4,1,exercicio03.json,elenizarocha0411-cyber,2026-03-03 20:00:51,2026-03-03,20
alert,2026-03-03 20:01:41,exercicio03.js,5,5,exercicio03.json,elenizarocha0411-cyber,2026-03-03 20:01:41,2026-03-03,20
alert,2026-03-03 20:03:42,exercicio03.js,7,9,exercicio03.json,elenizarocha0411-cyber,2026-03-03 20:03:42,2026-03-03,20
const,2026-03-12 19:45:55,vaquinha.js,1,1,vaquinha.json,elenizarocha0411-cyber,2026-03-12 19:45:55,2026-03-12,19
for,2026-03-12 19:49:53,vaquinha.js,3,1,vaquinha.json,elenizarocha0411-cyber,2026-03-12 19:49:53,2026-03-12,19
parseInt,2026-03-12 19:52:52,vaquinha.js,3,14,vaquinha.json,elenizarocha0411-cyber,2026-03-12 19:52:52,2026-03-12,19
prompt,2026-03-12 19:53:26,vaquinha.js,3,23,vaquinha.json,elenizarocha0411-cyber,2026-03-12 19:53:26,2026-03-12,19
parseFloat,2026-03-12 19:57:45,vaquinha.js,5,15,vaquinha.json,elenizarocha0411-cyber,2026-03-12 19:57:45,2026-03-12,19
prompt,2026-03-12 19:57:59,vaquinha.js,5,26,vaquinha.json,elenizarocha0411-cyber,2026-03-12 19:57:59,2026-03-12,19
alert,2026-03-12 19:59:39,vaquinha.js,8,1,vaquinha.json,elenizarocha0411-cyber,2026-03-12 19:59:39,2026-03-12,19
prompt,2026-03-03 20:31:02,exercicio04.js,2,11,exercicio04.json,elenizarocha0411-cyber,2026-03-03 20:31:02,2026-03-03,20
parseInt,2026-03-03 20:39:58,exercicio04.js,1,12,exercicio04.json,elenizarocha0411-cyber,2026-03-03 20:39:58,2026-03-03,20
prompt,2026-03-03 20:40:09,exercicio04.js,1,21,exercicio04.json,elenizarocha0411-cyber,2026-03-03 20:40:09,2026-03-03,20
parseInt,2026-03-03 20:46:03,exercicio04.js,2,12,exercicio04.json,elenizarocha0411-cyber,2026-03-03 20:46:03,2026-03-03,20
prompt,2026-03-03 20:47:19,exercicio04.js,2,21,exercicio04.json,elenizarocha0411-cyber,2026-03-03 20:47:19,2026-03-03,20
prompt,2026-03-03 21:20:09,exercicio04.js,1,11,exercicio04.json,elenizarocha0411-cyber,2026-03-03 21:20:09,2026-03-03,21
if,2026-03-03 21:20:49,exercicio04.js,2,1,exercicio04.json,elenizarocha0411-cyber,2026-03-03 21:20:49,2026-03-03,21
alert,2026-03-03 21:21:21,exercicio04.js,3,5,exercicio04.json,elenizarocha0411-cyber,2026-03-03 21:21:21,2026-03-03,21
else,2026-03-03 21:22:19,exercicio04.js,5,2,exercicio04.json,elenizarocha0411-cyber,2026-03-03 21:22:19,2026-03-03,21
else,2026-03-03 21:24:15,exercicio04.js,4,6,exercicio04.json,elenizarocha0411-cyber,2026-03-03 21:24:15,2026-03-03,21
alert,2026-03-03 21:24:40,exercicio04.js,5,9,exercicio04.json,elenizarocha0411-cyber,2026-03-03 21:24:40,2026-03-03,21
function,2026-03-25 21:17:39,funcaosoma.js,1,1,funcaosoma.json,elenizarocha0411-cyber,2026-03-25 21:17:39,2026-03-25,21
return,2026-03-25 21:18:32,funcaosoma.js,2,5,funcaosoma.json,elenizarocha0411-cyber,2026-03-25 21:18:32,2026-03-25,21
parseInt,2026-03-25 21:19:14,funcaosoma.js,4,7,funcaosoma.json,elenizarocha0411-cyber,2026-03-25 21:19:14,2026-03-25,21
prompt,2026-03-25 21:19:27,funcaosoma.js,4,17,funcaosoma.json,elenizarocha0411-cyber,2026-03-25 21:19:27,2026-03-25,21
parseInt,2026-03-25 21:20:04,funcaosoma.js,5,7,funcaosoma.json,elenizarocha0411-cyber,2026-03-25 21:20:04,2026-03-25,21
prompt,2026-03-25 21:20:11,funcaosoma.js,5,16,funcaosoma.json,elenizarocha0411-cyber,2026-03-25 21:20:11,2026-03-25,21
alert,2026-03-25 21:20:41,funcaosoma.js,6,1,funcaosoma.json,elenizarocha0411-cyber,2026-03-25 21:20:41,2026-03-25,21
function,2026-03-25 21:53:21,funcaosoma.js,5,1,funcaosoma.json,elenizarocha0411-cyber,2026-03-25 21:53:21,2026-03-25,21
return,2026-03-25 21:54:05,funcaosoma.js,6,5,funcaosoma.json,elenizarocha0411-cyber,2026-03-25 21:54:05,2026-03-25,21
function,2026-03-25 21:56:09,funcaosoma.js,8,1,funcaosoma.json,elenizarocha0411-cyber,2026-03-25 21:56:09,2026-03-25,21
return,2026-03-25 21:56:38,funcaosoma.js,9,5,funcaosoma.json,elenizarocha0411-cyber,2026-03-25 21:56:38,2026-03-25,21
prompt,2026-03-25 21:57:36,funcaosoma.js,11,12,funcaosoma.json,elenizarocha0411-cyber,2026-03-25 21:57:36,2026-03-25,21
prompt,2026-03-25 22:02:32,funcaosoma.js,12,12,funcaosoma.json,elenizarocha0411-cyber,2026-03-25 22:02:32,2026-03-25,22
parseInt,2026-03-25 22:03:17,funcaosoma.js,12,9,funcaosoma.json,elenizarocha0411-cyber,2026-03-25 22:03:17,2026-03-25,22
prompt,2026-03-25 22:03:27,funcaosoma.js,12,18,funcaosoma.json,elenizarocha0411-cyber,2026-03-25 22:03:27,2026-03-25,22
parseFloat,2026-03-25 22:03:59,funcaosoma.js,13,9,funcaosoma.json,elenizarocha0411-cyber,2026-03-25 22:03:59,2026-03-25,22
parseInt,2026-03-25 22:04:07,funcaosoma.js,13,9,funcaosoma.json,elenizarocha0411-cyber,2026-03-25 22:04:07,2026-03-25,22
prompt,2026-03-25 22:04:14,funcaosoma.js,13,18,funcaosoma.json,elenizarocha0411-cyber,2026-03-25 22:04:14,2026-03-25,22
switch,2026-03-25 22:04:41,funcaosoma.js,14,1,funcaosoma.json,elenizarocha0411-cyber,2026-03-25 22:04:41,2026-03-25,22
var,2026-03-25 22:05:42,funcaosoma.js,16,1,funcaosoma.json,elenizarocha0411-cyber,2026-03-25 22:05:42,2026-03-25,22
prompt,2026-03-25 22:05:42,funcaosoma.js,16,12,funcaosoma.json,elenizarocha0411-cyber,2026-03-25 22:05:42,2026-03-25,22
var,2026-03-25 22:06:04,funcaosoma.js,17,1,funcaosoma.json,elenizarocha0411-cyber,2026-03-25 22:06:04,2026-03-25,22
parseInt,2026-03-25 22:06:04,funcaosoma.js,17,9,funcaosoma.json,elenizarocha0411-cyber,2026-03-25 22:06:04,2026-03-25,22
prompt,2026-03-25 22:06:04,funcaosoma.js,17,18,funcaosoma.json,elenizarocha0411-cyber,2026-03-25 22:06:04,2026-03-25,22
parseInt,2026-03-25 22:08:17,funcaosoma.js,13,9,funcaosoma.json,elenizarocha0411-cyber,2026-03-25 22:08:17,2026-03-25,22
parseInt,2026-03-25 22:15:35,funcaosoma.js,12,9,funcaosoma.json,elenizarocha0411-cyber,2026-03-25 22:15:35,2026-03-25,22
const,2026-03-12 21:29:53,vetor-par-impar.js,1,1,vetor-par-impar.json,elenizarocha0411-cyber,2026-03-12 21:29:53,2026-03-12,21
const,2026-03-12 21:30:16,vetor-par-impar.js,1,1,vetor-par-impar.json,elenizarocha0411-cyber,2026-03-12 21:30:16,2026-03-12,21
const,2026-03-12 21:32:08,vetor-par-impar.js,1,1,vetor-par-impar.json,elenizarocha0411-cyber,2026-03-12 21:32:08,2026-03-12,21
const,2026-03-12 21:32:37,vetor-par-impar.js,1,1,vetor-par-impar.json,elenizarocha0411-cyber,2026-03-12 21:32:37,2026-03-12,21
const,2026-03-12 21:33:34,vetor-par-impar.js,1,1,vetor-par-impar.json,elenizarocha0411-cyber,2026-03-12 21:33:34,2026-03-12,21
const,2026-03-12 21:35:12,vetor-par-impar.js,2,1,vetor-par-impar.json,elenizarocha0411-cyber,2026-03-12 21:35:12,2026-03-12,21
parseInt,2026-03-12 21:42:40,vetor-par-impar.js,3,16,vetor-par-impar.json,elenizarocha0411-cyber,2026-03-12 21:42:40,2026-03-12,21
const,2026-03-12 21:46:01,vetor-par-impar.js,2,1,vetor-par-impar.json,elenizarocha0411-cyber,2026-03-12 21:46:01,2026-03-12,21
parseInt,2026-03-12 21:50:18,vetor-par-impar.js,3,13,vetor-par-impar.json,elenizarocha0411-cyber,2026-03-12 21:50:18,2026-03-12,21
prompt,2026-03-12 21:50:29,vetor-par-impar.js,3,22,vetor-par-impar.json,elenizarocha0411-cyber,2026-03-12 21:50:29,2026-03-12,21
parseFloat,2026-03-12 21:56:18,vetor-par-impar.js,2,10,vetor-par-impar.json,elenizarocha0411-cyber,2026-03-12 21:56:18,2026-03-12,21
parseFloat,2026-03-12 21:56:24,vetor-par-impar.js,2,10,vetor-par-impar.json,elenizarocha0411-cyber,2026-03-12 21:56:24,2026-03-12,21
parseInt,2026-03-12 21:56:30,vetor-par-impar.js,2,10,vetor-par-impar.json,elenizarocha0411-cyber,2026-03-12 21:56:30,2026-03-12,21
prompt,2026-03-12 21:56:37,vetor-par-impar.js,2,19,vetor-par-impar.json,elenizarocha0411-cyber,2026-03-12 21:56:37,2026-03-12,21
const,2026-03-12 21:58:51,vetor-par-impar.js,3,5,vetor-par-impar.json,elenizarocha0411-cyber,2026-03-12 21:58:51,2026-03-12,21
parseInt,2026-03-12 22:02:52,vetor-par-impar.js,5,18,vetor-par-impar.json,elenizarocha0411-cyber,2026-03-12 22:02:52,2026-03-12,22
prompt,2026-03-12 22:03:08,vetor-par-impar.js,5,27,vetor-par-impar.json,elenizarocha0411-cyber,2026-03-12 22:03:08,2026-03-12,22
var,2026-03-12 22:05:58,vetor-par-impar.js,7,9,vetor-par-impar.json,elenizarocha0411-cyber,2026-03-12 22:05:58,2026-03-12,22
else,2026-03-12 22:07:02,vetor-par-impar.js,10,5,vetor-par-impar.json,elenizarocha0411-cyber,2026-03-12 22:07:02,2026-03-12,22
for,2026-03-12 22:08:53,vetor-par-impar.js,16,1,vetor-par-impar.json,elenizarocha0411-cyber,2026-03-12 22:08:53,2026-03-12,22
for,2026-03-12 22:11:53,vetor-par-impar.js,20,1,vetor-par-impar.json,elenizarocha0411-cyber,2026-03-12 22:11:53,2026-03-12,22
parseInt,2026-03-24 21:48:44,supermercado_revisão.js,1,11,supermercado_revisão.json,elenizarocha0411-cyber,2026-03-24 21:48:44,2026-03-24,21
prompt,2026-03-24 21:48:54,supermercado_revisão.js,1,20,supermercado_revisão.json,elenizarocha0411-cyber,2026-03-24 21:48:54,2026-03-24,21
parseInt,2026-03-24 22:02:37,supermercado_revisão.js,4,16,supermercado_revisão.json,elenizarocha0411-cyber,2026-03-24 22:02:37,2026-03-24,22
parseFloat,2026-03-24 22:02:47,supermercado_revisão.js,4,16,supermercado_revisão.json,elenizarocha0411-cyber,2026-03-24 22:02:47,2026-03-24,22
prompt,2026-03-24 22:02:56,supermercado_revisão.js,4,27,supermercado_revisão.json,elenizarocha0411-cyber,2026-03-24 22:02:56,2026-03-24,22
alert,2026-03-24 22:04:17,supermercado_revisão.js,7,1,supermercado_revisão.json,elenizarocha0411-cyber,2026-03-24 22:04:17,2026-03-24,22
parseInt,2026-03-10 20:24:35,idade.js,1,11,idade.json,elenizarocha0411-cyber,2026-03-10 20:24:35,2026-03-10,20
prompt,2026-03-10 20:24:40,idade.js,1,20,idade.json,elenizarocha0411-cyber,2026-03-10 20:24:40,2026-03-10,20
parseFloat,2026-03-10 20:25:28,idade.js,1,11,idade.json,elenizarocha0411-cyber,2026-03-10 20:25:28,2026-03-10,20
parseInt,2026-03-10 20:25:36,idade.js,1,11,idade.json,elenizarocha0411-cyber,2026-03-10 20:25:36,2026-03-10,20
prompt,2026-03-10 20:25:47,idade.js,1,20,idade.json,elenizarocha0411-cyber,2026-03-10 20:25:47,2026-03-10,20
if,2026-03-10 20:27:19,idade.js,2,1,idade.json,elenizarocha0411-cyber,2026-03-10 20:27:19,2026-03-10,20
alert,2026-03-10 20:27:43,idade.js,3,5,idade.json,elenizarocha0411-cyber,2026-03-10 20:27:43,2026-03-10,20
E,2026-03-10 20:27:52,idade.js,3,12,idade.json,elenizarocha0411-cyber,2026-03-10 20:27:52,2026-03-10,20
else,2026-03-10 20:28:39,idade.js,4,2,idade.json,elenizarocha0411-cyber,2026-03-10 20:28:39,2026-03-10,20
alert,2026-03-10 20:28:49,idade.js,5,5,idade.json,elenizarocha0411-cyber,2026-03-10 20:28:49,2026-03-10,20
E,2026-03-10 20:28:56,idade.js,5,12,idade.json,elenizarocha0411-cyber,2026-03-10 20:28:56,2026-03-10,20
const,2026-03-20 19:44:39,espalhamento minimo.js,1,1,espalhamentominimo.json,elenizarocha0411-cyber,2026-03-20 19:44:39,2026-03-20,19
for,2026-03-20 19:45:52,espalhamento minimo.js,2,1,espalhamentominimo.json,elenizarocha0411-cyber,2026-03-20 19:45:52,2026-03-20,19
length,2026-03-20 19:46:28,espalhamento minimo.js,2,23,espalhamentominimo.json,elenizarocha0411-cyber,2026-03-20 19:46:28,2026-03-20,19
Math,2026-03-20 19:46:59,espalhamento minimo.js,3,13,espalhamentominimo.json,elenizarocha0411-cyber,2026-03-20 19:46:59,2026-03-20,19
max,2026-03-20 19:47:04,espalhamento minimo.js,3,18,espalhamentominimo.json,elenizarocha0411-cyber,2026-03-20 19:47:04,2026-03-20,19
alert,2026-03-20 19:49:07,espalhamento minimo.js,2,1,espalhamentominimo.json,elenizarocha0411-cyber,2026-03-20 19:49:07,2026-03-20,19
length,2026-03-20 19:50:16,espalhamento minimo.js,2,25,espalhamentominimo.json,elenizarocha0411-cyber,2026-03-20 19:50:16,2026-03-20,19
min,2026-03-20 19:55:01,espalhamentominimo.js,2,12,espalhamentominimo.json,elenizarocha0411-cyber,2026-03-20 19:55:01,2026-03-20,19
alert,2026-03-19 22:14:26,maiordetresmath.js,3,1,maiordetresmath.json,elenizarocha0411-cyber,2026-03-19 22:14:26,2026-03-19,22
Math,2026-03-19 22:15:15,maiordetresmath.js,3,7,maiordetresmath.json,elenizarocha0411-cyber,2026-03-19 22:15:15,2026-03-19,22
max,2026-03-19 22:15:44,maiordetresmath.js,3,12,maiordetresmath.json,elenizarocha0411-cyber,2026-03-19 22:15:44,2026-03-19,22
parseInt,2026-03-10 20:06:05,caixa eletronico.js,1,12,caixa eletronico.json,elenizarocha0411-cyber,2026-03-10 20:06:05,2026-03-10,20
prompt,2026-03-10 20:06:10,caixa eletronico.js,1,21,caixa eletronico.json,elenizarocha0411-cyber,2026-03-10 20:06:10,2026-03-10,20
while,2026-03-10 20:09:27,caixa eletronico.js,4,1,caixa eletronico.json,elenizarocha0411-cyber,2026-03-10 20:09:27,2026-03-10,20
alert,2026-03-10 20:10:52,caixa eletronico.js,5,5,caixa eletronico.json,elenizarocha0411-cyber,2026-03-10 20:10:52,2026-03-10,20
while,2026-03-10 21:36:54,caixa eletronico.js,3,1,caixa eletronico.json,elenizarocha0411-cyber,2026-03-10 21:36:54,2026-03-10,21
alert,2026-03-10 21:38:44,caixa eletronico.js,8,1,caixa eletronico.json,elenizarocha0411-cyber,2026-03-10 21:38:44,2026-03-10,21
function,2026-03-25 20:41:28,Quick sort.js,1,1,Quick sort.json,elenizarocha0411-cyber,2026-03-25 20:41:28,2026-03-25,20
if,2026-03-25 20:41:28,Quick sort.js,2,5,Quick sort.json,elenizarocha0411-cyber,2026-03-25 20:41:28,2026-03-25,20
length,2026-03-25 20:41:28,Quick sort.js,2,13,Quick sort.json,elenizarocha0411-cyber,2026-03-25 20:41:28,2026-03-25,20
return,2026-03-25 20:41:28,Quick sort.js,3,9,Quick sort.json,elenizarocha0411-cyber,2026-03-25 20:41:28,2026-03-25,20
let,2026-03-25 20:41:28,Quick sort.js,6,5,Quick sort.json,elenizarocha0411-cyber,2026-03-25 20:41:28,2026-03-25,20
length,2026-03-25 20:41:28,Quick sort.js,2,13,Quick sort.json,elenizarocha0411-cyber,2026-03-25 20:41:28,2026-03-25,20
let,2026-03-25 20:41:28,Quick sort.js,6,5,Quick sort.json,elenizarocha0411-cyber,2026-03-25 20:41:28,2026-03-25,20
let,2026-03-25 20:41:28,Quick sort.js,6,5,Quick sort.json,elenizarocha0411-cyber,2026-03-25 20:41:28,2026-03-25,20
for,2026-03-25 20:41:28,Quick sort.js,10,5,Quick sort.json,elenizarocha0411-cyber,2026-03-25 20:41:28,2026-03-25,20
let,2026-03-25 20:41:28,Quick sort.js,6,5,Quick sort.json,elenizarocha0411-cyber,2026-03-25 20:41:28,2026-03-25,20
length,2026-03-25 20:41:28,Quick sort.js,2,13,Quick sort.json,elenizarocha0411-cyber,2026-03-25 20:41:28,2026-03-25,20
if,2026-03-25 20:41:28,Quick sort.js,2,5,Quick sort.json,elenizarocha0411-cyber,2026-03-25 20:41:28,2026-03-25,20
push,2026-03-25 20:41:28,Quick sort.js,12,22,Quick sort.json,elenizarocha0411-cyber,2026-03-25 20:41:28,2026-03-25,20
else,2026-03-25 20:41:28,Quick sort.js,13,11,Quick sort.json,elenizarocha0411-cyber,2026-03-25 20:41:28,2026-03-25,20
push,2026-03-25 20:41:28,Quick sort.js,12,22,Quick sort.json,elenizarocha0411-cyber,2026-03-25 20:41:28,2026-03-25,20
return,2026-03-25 20:41:28,Quick sort.js,3,9,Quick sort.json,elenizarocha0411-cyber,2026-03-25 20:41:28,2026-03-25,20
function,2026-03-25 20:44:39,Quick sort.js,1,1,Quick sort.json,elenizarocha0411-cyber,2026-03-25 20:44:39,2026-03-25,20
length,2026-03-25 20:44:39,Quick sort.js,1,47,Quick sort.json,elenizarocha0411-cyber,2026-03-25 20:44:39,2026-03-25,20
if,2026-03-25 20:44:39,Quick sort.js,2,5,Quick sort.json,elenizarocha0411-cyber,2026-03-25 20:44:39,2026-03-25,20
let,2026-03-25 20:44:39,Quick sort.js,3,9,Quick sort.json,elenizarocha0411-cyber,2026-03-25 20:44:39,2026-03-25,20
return,2026-03-25 20:44:39,Quick sort.js,7,5,Quick sort.json,elenizarocha0411-cyber,2026-03-25 20:44:39,2026-03-25,20
function,2026-03-25 20:44:39,Quick sort.js,1,1,Quick sort.json,elenizarocha0411-cyber,2026-03-25 20:44:39,2026-03-25,20
let,2026-03-25 20:44:39,Quick sort.js,3,9,Quick sort.json,elenizarocha0411-cyber,2026-03-25 20:44:39,2026-03-25,20
let,2026-03-25 20:44:39,Quick sort.js,3,9,Quick sort.json,elenizarocha0411-cyber,2026-03-25 20:44:39,2026-03-25,20
for,2026-03-25 20:44:39,Quick sort.js,14,5,Quick sort.json,elenizarocha0411-cyber,2026-03-25 20:44:39,2026-03-25,20
let,2026-03-25 20:44:39,Quick sort.js,3,9,Quick sort.json,elenizarocha0411-cyber,2026-03-25 20:44:39,2026-03-25,20
if,2026-03-25 20:44:39,Quick sort.js,2,5,Quick sort.json,elenizarocha0411-cyber,2026-03-25 20:44:39,2026-03-25,20
return,2026-03-25 20:44:39,Quick sort.js,7,5,Quick sort.json,elenizarocha0411-cyber,2026-03-25 20:44:39,2026-03-25,20
alert,2026-02-20 20:37:07,main.js,1,1,main.json,elenizarocha0411-cyber,2026-02-20 20:37:07,2026-02-20,20
let,2026-02-20 20:39:38,main.js,1,1,main.json,elenizarocha0411-cyber,2026-02-20 20:39:38,2026-02-20,20
prompt,2026-02-20 20:39:50,main.js,1,10,main.json,elenizarocha0411-cyber,2026-02-20 20:39:50,2026-02-20,20
alert,2026-02-20 20:40:16,main.js,2,1,main.json,elenizarocha0411-cyber,2026-02-20 20:40:16,2026-02-20,20
parseInt,2026-03-24 21:29:41,evento_revisão.js,1,11,evento_revisão.json,elenizarocha0411-cyber,2026-03-24 21:29:41,2026-03-24,21
prompt,2026-03-24 21:30:00,evento_revisão.js,1,20,evento_revisão.json,elenizarocha0411-cyber,2026-03-24 21:30:00,2026-03-24,21
true,2026-03-24 21:30:41,evento_revisão.js,2,18,evento_revisão.json,elenizarocha0411-cyber,2026-03-24 21:30:41,2026-03-24,21
true,2026-03-24 21:31:45,evento_revisão.js,3,32,evento_revisão.json,elenizarocha0411-cyber,2026-03-24 21:31:45,2026-03-24,21
true,2026-03-24 21:31:55,evento_revisão.js,3,32,evento_revisão.json,elenizarocha0411-cyber,2026-03-24 21:31:55,2026-03-24,21
alert,2026-03-24 21:32:18,evento_revisão.js,4,5,evento_revisão.json,elenizarocha0411-cyber,2026-03-24 21:32:18,2026-03-24,21
else,2026-03-24 21:32:44,evento_revisão.js,5,2,evento_revisão.json,elenizarocha0411-cyber,2026-03-24 21:32:44,2026-03-24,21
alert,2026-03-24 21:32:48,evento_revisão.js,6,5,evento_revisão.json,elenizarocha0411-cyber,2026-03-24 21:32:48,2026-03-24,21
prompt,2026-03-10 19:33:59,exercicio07.js,2,17,exercicio07.json,elenizarocha0411-cyber,2026-03-10 19:33:59,2026-03-10,19
while,2026-03-10 19:34:39,exercicio07.js,3,2,exercicio07.json,elenizarocha0411-cyber,2026-03-10 19:34:39,2026-03-10,19
function,2026-03-26 20:17:56,funcao.js,1,1,funcao.json,elenizarocha0411-cyber,2026-03-26 20:17:56,2026-03-26,20
function,2026-03-26 20:20:52,funcao.js,1,1,funcao.json,elenizarocha0411-cyber,2026-03-26 20:20:52,2026-03-26,20
function,2026-03-26 20:29:50,funcao.js,1,1,funcao.json,elenizarocha0411-cyber,2026-03-26 20:29:50,2026-03-26,20
const,2026-03-26 21:16:40,funcao.js,1,1,funcao.json,elenizarocha0411-cyber,2026-03-26 21:16:40,2026-03-26,21
parseInt,2026-03-26 21:17:14,funcao.js,2,14,funcao.json,elenizarocha0411-cyber,2026-03-26 21:17:14,2026-03-26,21
prompt,2026-03-26 21:17:23,funcao.js,2,23,funcao.json,elenizarocha0411-cyber,2026-03-26 21:17:23,2026-03-26,21
function,2026-03-26 21:17:36,funcao.js,3,1,funcao.json,elenizarocha0411-cyber,2026-03-26 21:17:36,2026-03-26,21
for,2026-03-26 21:18:20,funcao.js,4,5,funcao.json,elenizarocha0411-cyber,2026-03-26 21:18:20,2026-03-26,21
parseInt,2026-03-26 21:19:58,funcao.js,5,22,funcao.json,elenizarocha0411-cyber,2026-03-26 21:19:58,2026-03-26,21
prompt,2026-03-26 21:20:11,funcao.js,5,31,funcao.json,elenizarocha0411-cyber,2026-03-26 21:20:11,2026-03-26,21
function,2026-03-26 21:22:44,funcao.js,8,1,funcao.json,elenizarocha0411-cyber,2026-03-26 21:22:44,2026-03-26,21
for,2026-03-26 21:24:33,funcao.js,9,5,funcao.json,elenizarocha0411-cyber,2026-03-26 21:24:33,2026-03-26,21
prompt,2026-02-24 22:10:34,exercicio02.js,1,18,exercicio02.json,elenizarocha0411-cyber,2026-02-24 22:10:34,2026-02-24,22
parseFloat,2026-02-24 22:14:33,exercicio02.js,1,18,exercicio02.json,elenizarocha0411-cyber,2026-02-24 22:14:33,2026-02-24,22
prompt,2026-02-24 22:14:54,exercicio02.js,1,29,exercicio02.json,elenizarocha0411-cyber,2026-02-24 22:14:54,2026-02-24,22
alert,2026-02-24 22:24:51,exercicio02.js,3,1,exercicio02.json,elenizarocha0411-cyber,2026-02-24 22:24:51,2026-02-24,22
const,2026-03-26 19:35:59,revisao_vetor.js,1,1,revisao_vetor.json,elenizarocha0411-cyber,2026-03-26 19:35:59,2026-03-26,19
prompt,2026-03-26 19:36:31,revisao_vetor.js,1,12,revisao_vetor.json,elenizarocha0411-cyber,2026-03-26 19:36:31,2026-03-26,19
const,2026-03-26 19:37:00,revisao_vetor.js,2,1,revisao_vetor.json,elenizarocha0411-cyber,2026-03-26 19:37:00,2026-03-26,19
prompt,2026-03-26 19:37:26,revisao_vetor.js,2,12,revisao_vetor.json,elenizarocha0411-cyber,2026-03-26 19:37:26,2026-03-26,19
prompt,2026-03-26 19:39:12,revisao_vetor.js,1,12,revisao_vetor.json,elenizarocha0411-cyber,2026-03-26 19:39:12,2026-03-26,19
parseInt,2026-03-26 19:42:14,revisao_vetor.js,1,11,revisao_vetor.json,elenizarocha0411-cyber,2026-03-26 19:42:14,2026-03-26,19
parseInt,2026-03-26 19:47:13,revisao_vetor.js,1,10,revisao_vetor.json,elenizarocha0411-cyber,2026-03-26 19:47:13,2026-03-26,19
prompt,2026-03-26 19:47:38,revisao_vetor.js,1,19,revisao_vetor.json,elenizarocha0411-cyber,2026-03-26 19:47:38,2026-03-26,19
prompt,2026-03-26 19:48:48,revisao_vetor.js,1,11,revisao_vetor.json,elenizarocha0411-cyber,2026-03-26 19:48:48,2026-03-26,19
parseInt,2026-03-26 19:56:38,revisao_vetor.js,2,13,revisao_vetor.json,elenizarocha0411-cyber,2026-03-26 19:56:38,2026-03-26,19
prompt,2026-03-26 19:57:18,revisao_vetor.js,2,22,revisao_vetor.json,elenizarocha0411-cyber,2026-03-26 19:57:18,2026-03-26,19
prompt,2026-03-26 19:58:53,revisao_vetor.js,4,24,revisao_vetor.json,elenizarocha0411-cyber,2026-03-26 19:58:53,2026-03-26,19
for,2026-03-26 19:59:09,revisao_vetor.js,6,1,revisao_vetor.json,elenizarocha0411-cyber,2026-03-26 19:59:09,2026-03-26,19
const,2026-03-13 19:38:58,vetor_tabuada.js,1,1,vetor_tabuada.json,elenizarocha0411-cyber,2026-03-13 19:38:58,2026-03-13,19
const,2026-03-13 19:39:30,vetor_tabuada.js,2,1,vetor_tabuada.json,elenizarocha0411-cyber,2026-03-13 19:39:30,2026-03-13,19
parseInt,2026-03-13 19:41:02,vetor_tabuada.js,3,13,vetor_tabuada.json,elenizarocha0411-cyber,2026-03-13 19:41:02,2026-03-13,19
prompt,2026-03-13 19:42:06,vetor_tabuada.js,3,22,vetor_tabuada.json,elenizarocha0411-cyber,2026-03-13 19:42:06,2026-03-13,19
for,2026-03-13 19:57:05,vetor_tabuada.js,4,1,vetor_tabuada.json,elenizarocha0411-cyber,2026-03-13 19:57:05,2026-03-13,19
for,2026-03-13 19:59:50,vetor_tabuada.js,7,1,vetor_tabuada.json,elenizarocha0411-cyber,2026-03-13 19:59:50,2026-03-13,19
for,2026-02-20 21:26:56,for.js,1,1,for.json,elenizarocha0411-cyber,2026-02-20 21:26:56,2026-02-20,21
for,2026-02-20 21:31:39,for.js,5,1,for.json,elenizarocha0411-cyber,2026-02-20 21:31:39,2026-02-20,21
for,2026-02-20 21:35:45,for.js,9,1,for.json,elenizarocha0411-cyber,2026-02-20 21:35:45,2026-02-20,21
console,2026-03-19 22:28:34,espalhamento.js,1,1,espalhamento.json,elenizarocha0411-cyber,2026-03-19 22:28:34,2026-03-19,22
const,2026-03-19 22:28:41,espalhamento.js,1,1,espalhamento.json,elenizarocha0411-cyber,2026-03-19 22:28:41,2026-03-19,22
alert,2026-03-19 22:29:25,espalhamento.js,2,1,espalhamento.json,elenizarocha0411-cyber,2026-03-19 22:29:25,2026-03-19,22
Math,2026-03-19 22:29:35,espalhamento.js,2,7,espalhamento.json,elenizarocha0411-cyber,2026-03-19 22:29:35,2026-03-19,22
max,2026-03-19 22:29:40,espalhamento.js,2,12,espalhamento.json,elenizarocha0411-cyber,2026-03-19 22:29:40,2026-03-19,22
parseInt,2026-02-27 19:40:41,par-impar.js,2,14,par-impar.json,elenizarocha0411-cyber,2026-02-27 19:40:41,2026-02-27,19
prompt,2026-02-27 19:41:19,par-impar.js,2,23,par-impar.json,elenizarocha0411-cyber,2026-02-27 19:41:19,2026-02-27,19
for,2026-02-27 19:42:12,par-impar.js,3,1,par-impar.json,elenizarocha0411-cyber,2026-02-27 19:42:12,2026-02-27,19
parseInt,2026-02-27 19:43:36,par-impar.js,4,14,par-impar.json,elenizarocha0411-cyber,2026-02-27 19:43:36,2026-02-27,19
prompt,2026-02-27 19:43:44,par-impar.js,4,23,par-impar.json,elenizarocha0411-cyber,2026-02-27 19:43:44,2026-02-27,19
if,2026-02-27 19:43:59,par-impar.js,5,5,par-impar.json,elenizarocha0411-cyber,2026-02-27 19:43:59,2026-02-27,19
else,2026-02-27 19:44:53,par-impar.js,8,5,par-impar.json,elenizarocha0411-cyber,2026-02-27 19:44:53,2026-02-27,19
alert,2026-02-27 19:45:09,par-impar.js,10,5,par-impar.json,elenizarocha0411-cyber,2026-02-27 19:45:09,2026-02-27,19
prompt,2026-03-10 19:53:45,tarefas.js,3,16,tarefas.json,elenizarocha0411-cyber,2026-03-10 19:53:45,2026-03-10,19
Number,2026-03-24 20:10:46,viagem_revisão.js,1,16,viagem_revisão.json,elenizarocha0411-cyber,2026-03-24 20:10:46,2026-03-24,20
prompt,2026-03-24 20:11:03,viagem_revisão.js,1,16,viagem_revisão.json,elenizarocha0411-cyber,2026-03-24 20:11:03,2026-03-24,20
prompt,2026-03-24 20:20:00,viagem_revisão.js,2,19,viagem_revisão.json,elenizarocha0411-cyber,2026-03-24 20:20:00,2026-03-24,20
prompt,2026-03-24 20:20:32,viagem_revisão.js,2,18,viagem_revisão.json,elenizarocha0411-cyber,2026-03-24 20:20:32,2026-03-24,20
alert,2026-03-24 20:36:08,viagem_revisão.js,4,1,viagem_revisão.json,elenizarocha0411-cyber,2026-03-24 20:36:08,2026-03-24,20
alert,2026-03-24 20:40:11,viagem_revisão.js,4,1,viagem_revisão.json,elenizarocha0411-cyber,2026-03-24 20:40:11,2026-03-24,20
parseInt,2026-03-24 22:22:28,celular_revisão.js,1,11,celular_revisão.json,elenizarocha0411-cyber,2026-03-24 22:22:28,2026-03-24,22
prompt,2026-03-24 22:22:34,celular_revisão.js,1,20,celular_revisão.json,elenizarocha0411-cyber,2026-03-24 22:22:34,2026-03-24,22
while,2026-03-24 22:22:59,celular_revisão.js,2,1,celular_revisão.json,elenizarocha0411-cyber,2026-03-24 22:22:59,2026-03-24,22
for,2026-03-19 21:48:08,maiordetres.js,2,1,maiordetres.json,elenizarocha0411-cyber,2026-03-19 21:48:08,2026-03-19,21
if,2026-03-19 21:58:31,maiordetres.js,2,1,maiordetres.json,elenizarocha0411-cyber,2026-03-19 21:58:31,2026-03-19,21
alert,2026-03-19 21:59:14,maiordetres.js,3,5,maiordetres.json,elenizarocha0411-cyber,2026-03-19 21:59:14,2026-03-19,21
else,2026-03-19 21:59:31,maiordetres.js,4,1,maiordetres.json,elenizarocha0411-cyber,2026-03-19 21:59:31,2026-03-19,21
alert,2026-03-19 22:00:37,maiordetres.js,5,5,maiordetres.json,elenizarocha0411-cyber,2026-03-19 22:00:37,2026-03-19,22
else,2026-03-19 22:00:48,maiordetres.js,6,1,maiordetres.json,elenizarocha0411-cyber,2026-03-19 22:00:48,2026-03-19,22
if,2026-03-19 22:00:54,maiordetres.js,6,6,maiordetres.json,elenizarocha0411-cyber,2026-03-19 22:00:54,2026-03-19,22
alert,2026-03-19 22:01:42,maiordetres.js,7,5,maiordetres.json,elenizarocha0411-cyber,2026-03-19 22:01:42,2026-03-19,22
else,2026-03-19 22:02:02,maiordetres.js,8,1,maiordetres.json,elenizarocha0411-cyber,2026-03-19 22:02:02,2026-03-19,22
alert,2026-03-19 22:02:10,maiordetres.js,9,5,maiordetres.json,elenizarocha0411-cyber,2026-03-19 22:02:10,2026-03-19,22
alert,2026-03-20 20:31:59,troca.js,2,1,troca.json,elenizarocha0411-cyber,2026-03-20 20:31:59,2026-03-20,20
alert,2026-03-20 20:34:36,troca.js,6,1,troca.json,elenizarocha0411-cyber,2026-03-20 20:34:36,2026-03-20,20
parseInt,2026-02-24 21:23:06,exercicio01.js,1,12,exercicio01.json,elenizarocha0411-cyber,2026-02-24 21:23:06,2026-02-24,21
prompt,2026-02-24 21:23:16,exercicio01.js,1,21,exercicio01.json,elenizarocha0411-cyber,2026-02-24 21:23:16,2026-02-24,21
parseInt,2026-02-24 21:24:01,exercicio01.js,2,11,exercicio01.json,elenizarocha0411-cyber,2026-02-24 21:24:01,2026-02-24,21
prompt,2026-02-24 21:24:07,exercicio01.js,2,20,exercicio01.json,elenizarocha0411-cyber,2026-02-24 21:24:07,2026-02-24,21
alert,2026-02-24 21:27:32,exercicio01.js,5,1,exercicio01.json,elenizarocha0411-cyber,2026-02-24 21:27:32,2026-02-24,21
const,2026-03-12 20:16:14,vetor_jogos.js,1,1,vetor_jogos.json,elenizarocha0411-cyber,2026-03-12 20:16:14,2026-03-12,20
const,2026-03-12 20:23:57,vetor_jogos.js,1,1,vetor_jogos.json,elenizarocha0411-cyber,2026-03-12 20:23:57,2026-03-12,20
for,2026-03-12 20:43:09,vetor_jogos.js,4,1,vetor_jogos.json,elenizarocha0411-cyber,2026-03-12 20:43:09,2026-03-12,20
for,2026-03-12 20:45:32,vetor_jogos.js,8,1,vetor_jogos.json,elenizarocha0411-cyber,2026-03-12 20:45:32,2026-03-12,20
parseInt,2026-03-03 21:40:40,exercicio05.js,2,13,exercicio05.json,elenizarocha0411-cyber,2026-03-03 21:40:40,2026-03-03,21
prompt,2026-03-03 21:50:22,exercicio05.js,2,23,exercicio05.json,elenizarocha0411-cyber,2026-03-03 21:50:22,2026-03-03,21
alert,2026-03-03 22:00:23,exercicio05.js,5,5,exercicio05.json,elenizarocha0411-cyber,2026-03-03 22:00:23,2026-03-03,22
alert,2026-03-03 22:12:50,exercicio05.js,7,5,exercicio05.json,elenizarocha0411-cyber,2026-03-03 22:12:50,2026-03-03,22
else,2026-03-03 22:13:20,exercicio05.js,8,2,exercicio05.json,elenizarocha0411-cyber,2026-03-03 22:13:20,2026-03-03,22
alert,2026-03-03 22:13:27,exercicio05.js,9,5,exercicio05.json,elenizarocha0411-cyber,2026-03-03 22:13:27,2026-03-03,22
if,2026-03-19 21:51:38,maior.js,2,1,maior.json,genilsonsouzzaa-alt,2026-03-19 21:51:38,2026-03-19,21
alert,2026-03-19 21:55:03,maior.js,5,5,maior.json,genilsonsouzzaa-alt,2026-03-19 21:55:03,2026-03-19,21
else,2026-03-19 22:02:55,maior.js,8,1,maior.json,genilsonsouzzaa-alt,2026-03-19 22:02:55,2026-03-19,22
alert,2026-03-19 22:03:04,maior.js,9,5,maior.json,genilsonsouzzaa-alt,2026-03-19 22:03:04,2026-03-19,22
alert,2026-03-12 19:45:33,vaquinha.js,4,5,vaquinha.json,genilsonsouzzaa-alt,2026-03-12 19:45:33,2026-03-12,19
parseInt,2026-03-12 19:53:31,vaquinha.js,3,15,vaquinha.json,genilsonsouzzaa-alt,2026-03-12 19:53:31,2026-03-12,19
E,2026-03-12 19:55:38,vaquinha.js,5,6,vaquinha.json,genilsonsouzzaa-alt,2026-03-12 19:55:38,2026-03-12,19
parseFloat,2026-03-12 19:55:59,vaquinha.js,5,16,vaquinha.json,genilsonsouzzaa-alt,2026-03-12 19:55:59,2026-03-12,19
function,2026-03-25 21:17:16,funcaosoma.js,1,1,funcaosoma.json,genilsonsouzzaa-alt,2026-03-25 21:17:16,2026-03-25,21
return,2026-03-25 21:18:04,funcaosoma.js,2,5,funcaosoma.json,genilsonsouzzaa-alt,2026-03-25 21:18:04,2026-03-25,21
parseInt,2026-03-25 21:18:25,funcaosoma.js,4,9,funcaosoma.json,genilsonsouzzaa-alt,2026-03-25 21:18:25,2026-03-25,21
prompt,2026-03-25 21:18:31,funcaosoma.js,4,18,funcaosoma.json,genilsonsouzzaa-alt,2026-03-25 21:18:31,2026-03-25,21
var,2026-03-25 21:19:01,funcaosoma.js,5,1,funcaosoma.json,genilsonsouzzaa-alt,2026-03-25 21:19:01,2026-03-25,21
parseInt,2026-03-25 21:19:01,funcaosoma.js,5,9,funcaosoma.json,genilsonsouzzaa-alt,2026-03-25 21:19:01,2026-03-25,21
prompt,2026-03-25 21:19:01,funcaosoma.js,5,18,funcaosoma.json,genilsonsouzzaa-alt,2026-03-25 21:19:01,2026-03-25,21
alert,2026-03-25 21:19:14,funcaosoma.js,6,1,funcaosoma.json,genilsonsouzzaa-alt,2026-03-25 21:19:14,2026-03-25,21
return,2026-03-25 21:31:29,funcaosoma.js,3,5,funcaosoma.json,genilsonsouzzaa-alt,2026-03-25 21:31:29,2026-03-25,21
return,2026-03-25 21:31:57,funcaosoma.js,4,5,funcaosoma.json,genilsonsouzzaa-alt,2026-03-25 21:31:57,2026-03-25,21
return,2026-03-25 21:32:26,funcaosoma.js,5,5,funcaosoma.json,genilsonsouzzaa-alt,2026-03-25 21:32:26,2026-03-25,21
prompt,2026-03-25 21:35:00,funcaosoma.js,1,14,funcaosoma.json,genilsonsouzzaa-alt,2026-03-25 21:35:00,2026-03-25,21
function,2026-03-25 21:36:03,funcaosoma.js,6,1,funcaosoma.json,genilsonsouzzaa-alt,2026-03-25 21:36:03,2026-03-25,21
return,2026-03-25 21:37:03,funcaosoma.js,7,5,funcaosoma.json,genilsonsouzzaa-alt,2026-03-25 21:37:03,2026-03-25,21
var,2026-03-25 21:38:00,funcaosoma.js,6,1,funcaosoma.json,genilsonsouzzaa-alt,2026-03-25 21:38:00,2026-03-25,21
parseInt,2026-03-25 21:38:00,funcaosoma.js,6,9,funcaosoma.json,genilsonsouzzaa-alt,2026-03-25 21:38:00,2026-03-25,21
prompt,2026-03-25 21:38:00,funcaosoma.js,6,18,funcaosoma.json,genilsonsouzzaa-alt,2026-03-25 21:38:00,2026-03-25,21
var,2026-03-25 21:38:12,funcaosoma.js,7,1,funcaosoma.json,genilsonsouzzaa-alt,2026-03-25 21:38:12,2026-03-25,21
parseInt,2026-03-25 21:38:12,funcaosoma.js,7,9,funcaosoma.json,genilsonsouzzaa-alt,2026-03-25 21:38:12,2026-03-25,21
prompt,2026-03-25 21:38:12,funcaosoma.js,7,18,funcaosoma.json,genilsonsouzzaa-alt,2026-03-25 21:38:12,2026-03-25,21
alert,2026-03-25 21:38:26,funcaosoma.js,8,1,funcaosoma.json,genilsonsouzzaa-alt,2026-03-25 21:38:26,2026-03-25,21
return,2026-03-25 21:44:22,funcaosoma.js,3,5,funcaosoma.json,genilsonsouzzaa-alt,2026-03-25 21:44:22,2026-03-25,21
return,2026-03-25 21:44:22,funcaosoma.js,4,5,funcaosoma.json,genilsonsouzzaa-alt,2026-03-25 21:44:22,2026-03-25,21
return,2026-03-25 21:44:22,funcaosoma.js,5,5,funcaosoma.json,genilsonsouzzaa-alt,2026-03-25 21:44:22,2026-03-25,21
let,2026-03-25 21:44:24,funcaosoma.js,1,20,funcaosoma.json,genilsonsouzzaa-alt,2026-03-25 21:44:24,2026-03-25,21
let,2026-03-25 21:44:24,funcaosoma.js,1,16,funcaosoma.json,genilsonsouzzaa-alt,2026-03-25 21:44:24,2026-03-25,21
function,2026-03-25 21:45:22,funcaosoma.js,1,1,funcaosoma.json,genilsonsouzzaa-alt,2026-03-25 21:45:22,2026-03-25,21
return,2026-03-25 21:49:39,funcaosoma.js,2,5,funcaosoma.json,genilsonsouzzaa-alt,2026-03-25 21:49:39,2026-03-25,21
function,2026-03-25 21:49:50,funcaosoma.js,4,1,funcaosoma.json,genilsonsouzzaa-alt,2026-03-25 21:49:50,2026-03-25,21
function,2026-03-25 21:50:01,funcaosoma.js,2,14,funcaosoma.json,genilsonsouzzaa-alt,2026-03-25 21:50:01,2026-03-25,21
break,2026-03-25 21:50:11,funcaosoma.js,2,16,funcaosoma.json,genilsonsouzzaa-alt,2026-03-25 21:50:11,2026-03-25,21
function,2026-03-25 21:50:21,funcaosoma.js,4,1,funcaosoma.json,genilsonsouzzaa-alt,2026-03-25 21:50:21,2026-03-25,21
return,2026-03-25 21:50:45,funcaosoma.js,5,5,funcaosoma.json,genilsonsouzzaa-alt,2026-03-25 21:50:45,2026-03-25,21
function,2026-03-25 21:50:57,funcaosoma.js,7,1,funcaosoma.json,genilsonsouzzaa-alt,2026-03-25 21:50:57,2026-03-25,21
return,2026-03-25 21:51:20,funcaosoma.js,8,5,funcaosoma.json,genilsonsouzzaa-alt,2026-03-25 21:51:20,2026-03-25,21
function,2026-03-25 21:51:32,funcaosoma.js,10,1,funcaosoma.json,genilsonsouzzaa-alt,2026-03-25 21:51:32,2026-03-25,21
return,2026-03-25 21:52:04,funcaosoma.js,11,5,funcaosoma.json,genilsonsouzzaa-alt,2026-03-25 21:52:04,2026-03-25,21
prompt,2026-03-25 21:52:45,funcaosoma.js,13,13,funcaosoma.json,genilsonsouzzaa-alt,2026-03-25 21:52:45,2026-03-25,21
parseInt,2026-03-25 21:53:09,funcaosoma.js,14,9,funcaosoma.json,genilsonsouzzaa-alt,2026-03-25 21:53:09,2026-03-25,21
prompt,2026-03-25 21:53:14,funcaosoma.js,14,18,funcaosoma.json,genilsonsouzzaa-alt,2026-03-25 21:53:14,2026-03-25,21
parseInt,2026-03-25 21:53:33,funcaosoma.js,15,9,funcaosoma.json,genilsonsouzzaa-alt,2026-03-25 21:53:33,2026-03-25,21
prompt,2026-03-25 21:53:39,funcaosoma.js,15,18,funcaosoma.json,genilsonsouzzaa-alt,2026-03-25 21:53:39,2026-03-25,21
switch,2026-03-25 21:54:04,funcaosoma.js,16,1,funcaosoma.json,genilsonsouzzaa-alt,2026-03-25 21:54:04,2026-03-25,21
alert,2026-03-25 21:54:45,funcaosoma.js,18,9,funcaosoma.json,genilsonsouzzaa-alt,2026-03-25 21:54:45,2026-03-25,21
break,2026-03-25 21:55:26,funcaosoma.js,18,26,funcaosoma.json,genilsonsouzzaa-alt,2026-03-25 21:55:26,2026-03-25,21
case,2026-03-25 21:55:45,funcaosoma.js,19,9,funcaosoma.json,genilsonsouzzaa-alt,2026-03-25 21:55:45,2026-03-25,21
alert,2026-03-25 21:56:05,funcaosoma.js,20,9,funcaosoma.json,genilsonsouzzaa-alt,2026-03-25 21:56:05,2026-03-25,21
break,2026-03-25 21:56:36,funcaosoma.js,20,31,funcaosoma.json,genilsonsouzzaa-alt,2026-03-25 21:56:36,2026-03-25,21
case,2026-03-25 21:56:59,funcaosoma.js,21,9,funcaosoma.json,genilsonsouzzaa-alt,2026-03-25 21:56:59,2026-03-25,21
break,2026-03-25 21:57:37,funcaosoma.js,22,36,funcaosoma.json,genilsonsouzzaa-alt,2026-03-25 21:57:37,2026-03-25,21
break,2026-03-25 21:58:40,funcaosoma.js,24,30,funcaosoma.json,genilsonsouzzaa-alt,2026-03-25 21:58:40,2026-03-25,21
alert,2026-03-25 21:58:52,funcaosoma.js,26,9,funcaosoma.json,genilsonsouzzaa-alt,2026-03-25 21:58:52,2026-03-25,21
var,2026-03-25 22:11:52,funcaosoma.js,15,1,funcaosoma.json,genilsonsouzzaa-alt,2026-03-25 22:11:52,2026-03-25,22
prompt,2026-03-25 22:11:52,funcaosoma.js,15,13,funcaosoma.json,genilsonsouzzaa-alt,2026-03-25 22:11:52,2026-03-25,22
while,2026-03-25 22:12:19,funcaosoma.js,28,2,funcaosoma.json,genilsonsouzzaa-alt,2026-03-25 22:12:19,2026-03-25,22
while,2026-03-25 22:13:07,funcaosoma.js,29,2,funcaosoma.json,genilsonsouzzaa-alt,2026-03-25 22:13:07,2026-03-25,22
let,2026-03-03 20:23:51,exercicio_05.js,1,1,exercicio_05.json,genilsonsouzzaa-alt,2026-03-03 20:23:51,2026-03-03,20
let,2026-03-03 20:23:51,exercicio_05.js,1,1,exercicio_05.json,genilsonsouzzaa-alt,2026-03-03 20:23:51,2026-03-03,20
parseInt,2026-03-03 20:23:51,exercicio_05.js,2,15,exercicio_05.json,genilsonsouzzaa-alt,2026-03-03 20:23:51,2026-03-03,20
prompt,2026-03-03 20:23:51,exercicio_05.js,2,25,exercicio_05.json,genilsonsouzzaa-alt,2026-03-03 20:23:51,2026-03-03,20
E,2026-03-03 20:23:51,exercicio_05.js,2,40,exercicio_05.json,genilsonsouzzaa-alt,2026-03-03 20:23:51,2026-03-03,20
if,2026-03-03 20:23:51,exercicio_05.js,3,1,exercicio_05.json,genilsonsouzzaa-alt,2026-03-03 20:23:51,2026-03-03,20
alert,2026-03-03 20:23:51,exercicio_05.js,4,5,exercicio_05.json,genilsonsouzzaa-alt,2026-03-03 20:23:51,2026-03-03,20
else,2026-03-03 20:23:51,exercicio_05.js,5,2,exercicio_05.json,genilsonsouzzaa-alt,2026-03-03 20:23:51,2026-03-03,20
alert,2026-03-03 20:23:51,exercicio_05.js,4,5,exercicio_05.json,genilsonsouzzaa-alt,2026-03-03 20:23:51,2026-03-03,20
let,2026-03-03 20:24:12,exercicio_05.js,1,1,exercicio_05.json,genilsonsouzzaa-alt,2026-03-03 20:24:12,2026-03-03,20
prompt,2026-03-03 20:24:12,exercicio_05.js,1,13,exercicio_05.json,genilsonsouzzaa-alt,2026-03-03 20:24:12,2026-03-03,20
if,2026-03-03 20:24:12,exercicio_05.js,2,1,exercicio_05.json,genilsonsouzzaa-alt,2026-03-03 20:24:12,2026-03-03,20
alert,2026-03-03 20:24:12,exercicio_05.js,3,5,exercicio_05.json,genilsonsouzzaa-alt,2026-03-03 20:24:12,2026-03-03,20
else,2026-03-03 20:24:12,exercicio_05.js,4,1,exercicio_05.json,genilsonsouzzaa-alt,2026-03-03 20:24:12,2026-03-03,20
alert,2026-03-03 20:24:12,exercicio_05.js,3,5,exercicio_05.json,genilsonsouzzaa-alt,2026-03-03 20:24:12,2026-03-03,20
parseInt,2026-03-03 20:27:02,exercicio_05.js,1,13,exercicio_05.json,genilsonsouzzaa-alt,2026-03-03 20:27:02,2026-03-03,20
Math,2026-03-20 19:45:28,espalhamentominimo.js,2,7,espalhamentominimo.json,genilsonsouzzaa-alt,2026-03-20 19:45:28,2026-03-20,19
max,2026-03-20 19:45:34,espalhamentominimo.js,2,12,espalhamentominimo.json,genilsonsouzzaa-alt,2026-03-20 19:45:34,2026-03-20,19
min,2026-03-20 19:47:04,espalhamentominimo.js,2,12,espalhamentominimo.json,genilsonsouzzaa-alt,2026-03-20 19:47:04,2026-03-20,19
alert,2026-03-19 22:14:26,maiordetresmath.js,2,1,maiordetresmath.json,genilsonsouzzaa-alt,2026-03-19 22:14:26,2026-03-19,22
Math,2026-03-19 22:14:41,maiordetresmath.js,2,7,maiordetresmath.json,genilsonsouzzaa-alt,2026-03-19 22:14:41,2026-03-19,22
max,2026-03-19 22:15:45,maiordetresmath.js,2,12,maiordetresmath.json,genilsonsouzzaa-alt,2026-03-19 22:15:45,2026-03-19,22
alert,2026-02-26 19:42:11,jogos.js,4,4,jogos.json,genilsonsouzzaa-alt,2026-02-26 19:42:11,2026-02-26,19
alert,2026-02-26 19:42:42,jogos.js,6,1,jogos.json,genilsonsouzzaa-alt,2026-02-26 19:42:42,2026-02-26,19
alert,2026-02-26 19:44:46,jogos.js,9,5,jogos.json,genilsonsouzzaa-alt,2026-02-26 19:44:46,2026-02-26,19
alert,2026-02-26 19:58:24,jogos.js,6,1,jogos.json,genilsonsouzzaa-alt,2026-02-26 19:58:24,2026-02-26,19
for,2026-02-26 19:58:24,jogos.js,7,1,jogos.json,genilsonsouzzaa-alt,2026-02-26 19:58:24,2026-02-26,19
let,2026-02-26 19:58:24,jogos.js,7,6,jogos.json,genilsonsouzzaa-alt,2026-02-26 19:58:24,2026-02-26,19
alert,2026-02-26 19:58:24,jogos.js,6,1,jogos.json,genilsonsouzzaa-alt,2026-02-26 19:58:24,2026-02-26,19
let,2026-02-26 20:25:32,jogos.js,1,1,jogos.json,genilsonsouzzaa-alt,2026-02-26 20:25:32,2026-02-26,20
for,2026-02-26 20:25:32,jogos.js,2,1,jogos.json,genilsonsouzzaa-alt,2026-02-26 20:25:32,2026-02-26,20
let,2026-02-26 20:25:32,jogos.js,1,1,jogos.json,genilsonsouzzaa-alt,2026-02-26 20:25:32,2026-02-26,20
for,2026-02-26 20:25:32,jogos.js,2,1,jogos.json,genilsonsouzzaa-alt,2026-02-26 20:25:32,2026-02-26,20
let,2026-02-26 20:25:32,jogos.js,1,1,jogos.json,genilsonsouzzaa-alt,2026-02-26 20:25:32,2026-02-26,20
alert,2026-02-26 20:33:10,jogos.js,6,1,jogos.json,genilsonsouzzaa-alt,2026-02-26 20:33:10,2026-02-26,20
alert,2026-02-26 20:33:32,jogos.js,12,1,jogos.json,genilsonsouzzaa-alt,2026-02-26 20:33:32,2026-02-26,20
toExponential,2026-02-26 20:34:40,jogos.js,11,26,jogos.json,genilsonsouzzaa-alt,2026-02-26 20:34:40,2026-02-26,20
toExponential,2026-02-26 20:34:41,jogos.js,11,50,jogos.json,genilsonsouzzaa-alt,2026-02-26 20:34:41,2026-02-26,20
alert,2026-02-20 20:36:47,main.js,1,1,main.json,genilsonsouzzaa-alt,2026-02-20 20:36:47,2026-02-20,20
prompt,2026-02-20 20:39:59,main.js,1,12,main.json,genilsonsouzzaa-alt,2026-02-20 20:39:59,2026-02-20,20
parseInt,2026-02-24 20:48:23,exercicio_01.js,1,12,exercicio_01.json,genilsonsouzzaa-alt,2026-02-24 20:48:23,2026-02-24,20
let,2026-02-24 20:49:07,exercicio_01.js,1,1,exercicio_01.json,genilsonsouzzaa-alt,2026-02-24 20:49:07,2026-02-24,20
parseInt,2026-02-24 20:49:07,exercicio_01.js,1,12,exercicio_01.json,genilsonsouzzaa-alt,2026-02-24 20:49:07,2026-02-24,20
prompt,2026-02-24 20:49:07,exercicio_01.js,1,21,exercicio_01.json,genilsonsouzzaa-alt,2026-02-24 20:49:07,2026-02-24,20
let,2026-02-24 20:49:12,exercicio_01.js,2,1,exercicio_01.json,genilsonsouzzaa-alt,2026-02-24 20:49:12,2026-02-24,20
parseInt,2026-02-24 20:49:12,exercicio_01.js,2,12,exercicio_01.json,genilsonsouzzaa-alt,2026-02-24 20:49:12,2026-02-24,20
prompt,2026-02-24 20:49:12,exercicio_01.js,2,21,exercicio_01.json,genilsonsouzzaa-alt,2026-02-24 20:49:12,2026-02-24,20
parseFloat,2026-02-24 21:28:38,exercicio_01.js,1,12,exercicio_01.json,genilsonsouzzaa-alt,2026-02-24 21:28:38,2026-02-24,21
parseFloat,2026-02-24 21:28:45,exercicio_01.js,2,12,exercicio_01.json,genilsonsouzzaa-alt,2026-02-24 21:28:45,2026-02-24,21
parseFloat,2026-02-24 21:45:36,exercicio_01.js,2,12,exercicio_01.json,genilsonsouzzaa-alt,2026-02-24 21:45:36,2026-02-24,21
alert,2026-03-03 22:03:33,exercicio_08.js,3,1,exercicio_08.json,genilsonsouzzaa-alt,2026-03-03 22:03:33,2026-03-03,22
while,2026-03-03 22:06:21,exercicio_08.js,7,1,exercicio_08.json,genilsonsouzzaa-alt,2026-03-03 22:06:21,2026-03-03,22
alert,2026-03-03 22:07:46,exercicio_08.js,8,5,exercicio_08.json,genilsonsouzzaa-alt,2026-03-03 22:07:46,2026-03-03,22
prompt,2026-03-03 22:08:40,exercicio_08.js,1,16,exercicio_08.json,genilsonsouzzaa-alt,2026-03-03 22:08:40,2026-03-03,22
prompt,2026-03-10 19:44:02,exercicio_08.js,1,20,exercicio_08.json,genilsonsouzzaa-alt,2026-03-10 19:44:02,2026-03-10,19
while,2026-03-10 19:46:39,exercicio_08.js,3,4,exercicio_08.json,genilsonsouzzaa-alt,2026-03-10 19:46:39,2026-03-10,19
alert,2026-03-10 19:49:35,exercicio_08.js,4,5,exercicio_08.json,genilsonsouzzaa-alt,2026-03-10 19:49:35,2026-03-10,19
parseInt,2026-02-26 22:05:19,par_impar.js,1,9,par_impar.json,genilsonsouzzaa-alt,2026-02-26 22:05:19,2026-02-26,22
prompt,2026-02-26 22:05:24,par_impar.js,1,18,par_impar.json,genilsonsouzzaa-alt,2026-02-26 22:05:24,2026-02-26,22
alert,2026-02-26 22:06:29,par_impar.js,3,5,par_impar.json,genilsonsouzzaa-alt,2026-02-26 22:06:29,2026-02-26,22
else,2026-02-26 22:07:06,par_impar.js,4,1,par_impar.json,genilsonsouzzaa-alt,2026-02-26 22:07:06,2026-02-26,22
alert,2026-02-26 22:11:42,par_impar.js,3,5,par_impar.json,genilsonsouzzaa-alt,2026-02-26 22:11:42,2026-02-26,22
else,2026-02-26 22:14:58,par_impar.js,4,1,par_impar.json,genilsonsouzzaa-alt,2026-02-26 22:14:58,2026-02-26,22
alert,2026-02-26 22:15:54,par_impar.js,5,5,par_impar.json,genilsonsouzzaa-alt,2026-02-26 22:15:54,2026-02-26,22
parseInt,2026-02-26 22:22:04,par_impar.js,2,12,par_impar.json,genilsonsouzzaa-alt,2026-02-26 22:22:04,2026-02-26,22
prompt,2026-02-26 22:22:10,par_impar.js,2,21,par_impar.json,genilsonsouzzaa-alt,2026-02-26 22:22:10,2026-02-26,22
for,2026-02-26 22:22:26,par_impar.js,3,1,par_impar.json,genilsonsouzzaa-alt,2026-02-26 22:22:26,2026-02-26,22
parseInt,2026-02-26 22:23:03,par_impar.js,4,13,par_impar.json,genilsonsouzzaa-alt,2026-02-26 22:23:03,2026-02-26,22
prompt,2026-02-26 22:23:26,par_impar.js,4,24,par_impar.json,genilsonsouzzaa-alt,2026-02-26 22:23:26,2026-02-26,22
if,2026-02-26 22:23:47,par_impar.js,5,5,par_impar.json,genilsonsouzzaa-alt,2026-02-26 22:23:47,2026-02-26,22
else,2026-02-26 22:24:37,par_impar.js,8,1,par_impar.json,genilsonsouzzaa-alt,2026-02-26 22:24:37,2026-02-26,22
alert,2026-02-26 22:25:13,par_impar.js,10,1,par_impar.json,genilsonsouzzaa-alt,2026-02-26 22:25:13,2026-02-26,22
alert,2026-02-26 22:28:34,par_impar.js,10,2,par_impar.json,genilsonsouzzaa-alt,2026-02-26 22:28:34,2026-02-26,22
else,2026-02-26 22:28:52,par_impar.js,10,1,par_impar.json,genilsonsouzzaa-alt,2026-02-26 22:28:52,2026-02-26,22
else,2026-02-26 22:28:54,par_impar.js,8,1,par_impar.json,genilsonsouzzaa-alt,2026-02-26 22:28:54,2026-02-26,22
else,2026-02-26 22:29:43,par_impar.js,8,1,par_impar.json,genilsonsouzzaa-alt,2026-02-26 22:29:43,2026-02-26,22
else,2026-02-27 19:34:08,par_impar.js,8,1,par_impar.json,genilsonsouzzaa-alt,2026-02-27 19:34:08,2026-02-27,19
else,2026-02-27 19:34:21,par_impar.js,8,1,par_impar.json,genilsonsouzzaa-alt,2026-02-27 19:34:21,2026-02-27,19
else,2026-02-27 19:34:22,par_impar.js,8,4,par_impar.json,genilsonsouzzaa-alt,2026-02-27 19:34:22,2026-02-27,19
alert,2026-02-27 19:34:22,par_impar.js,10,1,par_impar.json,genilsonsouzzaa-alt,2026-02-27 19:34:22,2026-02-27,19
let,2026-03-24 22:20:38,atividade4.js,1,1,atividade4.json,genilsonsouzzaa-alt,2026-03-24 22:20:38,2026-03-24,22
parseInt,2026-03-24 22:20:38,atividade4.js,1,13,atividade4.json,genilsonsouzzaa-alt,2026-03-24 22:20:38,2026-03-24,22
prompt,2026-03-24 22:20:38,atividade4.js,1,22,atividade4.json,genilsonsouzzaa-alt,2026-03-24 22:20:38,2026-03-24,22
while,2026-03-24 22:20:38,atividade4.js,4,1,atividade4.json,genilsonsouzzaa-alt,2026-03-24 22:20:38,2026-03-24,22
alert,2026-03-24 22:20:38,atividade4.js,5,5,atividade4.json,genilsonsouzzaa-alt,2026-03-24 22:20:38,2026-03-24,22
parseInt,2026-03-24 22:20:38,atividade4.js,1,13,atividade4.json,genilsonsouzzaa-alt,2026-03-24 22:20:38,2026-03-24,22
prompt,2026-03-24 22:20:38,atividade4.js,1,22,atividade4.json,genilsonsouzzaa-alt,2026-03-24 22:20:38,2026-03-24,22
alert,2026-03-24 22:20:38,atividade4.js,5,5,atividade4.json,genilsonsouzzaa-alt,2026-03-24 22:20:38,2026-03-24,22
parseFloat,2026-02-24 21:52:14,exercicio_02.js,1,19,exercicio_02.json,genilsonsouzzaa-alt,2026-02-24 21:52:14,2026-02-24,21
alert,2026-02-24 21:56:52,exercicio_02.js,3,1,exercicio_02.json,genilsonsouzzaa-alt,2026-02-24 21:56:52,2026-02-24,21
let,2026-03-25 20:27:47,selecition2.js,1,1,selecition2.json,genilsonsouzzaa-alt,2026-03-25 20:27:47,2026-03-25,20
console,2026-03-25 20:27:47,selecition2.js,3,1,selecition2.json,genilsonsouzzaa-alt,2026-03-25 20:27:47,2026-03-25,20
log,2026-03-25 20:27:47,selecition2.js,3,9,selecition2.json,genilsonsouzzaa-alt,2026-03-25 20:27:47,2026-03-25,20
for,2026-03-25 20:27:47,selecition2.js,6,1,selecition2.json,genilsonsouzzaa-alt,2026-03-25 20:27:47,2026-03-25,20
let,2026-03-25 20:27:47,selecition2.js,1,1,selecition2.json,genilsonsouzzaa-alt,2026-03-25 20:27:47,2026-03-25,20
length,2026-03-25 20:27:47,selecition2.js,6,27,selecition2.json,genilsonsouzzaa-alt,2026-03-25 20:27:47,2026-03-25,20
let,2026-03-25 20:27:47,selecition2.js,1,1,selecition2.json,genilsonsouzzaa-alt,2026-03-25 20:27:47,2026-03-25,20
for,2026-03-25 20:27:47,selecition2.js,6,1,selecition2.json,genilsonsouzzaa-alt,2026-03-25 20:27:47,2026-03-25,20
let,2026-03-25 20:27:47,selecition2.js,1,1,selecition2.json,genilsonsouzzaa-alt,2026-03-25 20:27:47,2026-03-25,20
length,2026-03-25 20:27:47,selecition2.js,6,27,selecition2.json,genilsonsouzzaa-alt,2026-03-25 20:27:47,2026-03-25,20
if,2026-03-25 20:27:47,selecition2.js,9,9,selecition2.json,genilsonsouzzaa-alt,2026-03-25 20:27:47,2026-03-25,20
let,2026-03-25 20:27:47,selecition2.js,1,1,selecition2.json,genilsonsouzzaa-alt,2026-03-25 20:27:47,2026-03-25,20
console,2026-03-25 20:27:47,selecition2.js,3,1,selecition2.json,genilsonsouzzaa-alt,2026-03-25 20:27:47,2026-03-25,20
log,2026-03-25 20:27:47,selecition2.js,3,9,selecition2.json,genilsonsouzzaa-alt,2026-03-25 20:27:47,2026-03-25,20
length,2026-03-25 20:31:48,selecition2.js,8,35,selecition2.json,genilsonsouzzaa-alt,2026-03-25 20:31:48,2026-03-25,20
length,2026-03-25 20:34:18,selecition2.js,6,27,selecition2.json,genilsonsouzzaa-alt,2026-03-25 20:34:18,2026-03-25,20
length,2026-03-25 20:34:21,selecition2.js,8,35,selecition2.json,genilsonsouzzaa-alt,2026-03-25 20:34:21,2026-03-25,20
if,2026-03-26 19:35:54,revisaovetor.js,2,12,revisaovetor.json,genilsonsouzzaa-alt,2026-03-26 19:35:54,2026-03-26,19
prompt,2026-03-26 19:39:40,revisaovetor.js,1,13,revisaovetor.json,genilsonsouzzaa-alt,2026-03-26 19:39:40,2026-03-26,19
let,2026-03-26 19:41:29,revisaovetor.js,1,1,revisaovetor.json,genilsonsouzzaa-alt,2026-03-26 19:41:29,2026-03-26,19
while,2026-03-26 19:44:15,revisaovetor.js,3,1,revisaovetor.json,genilsonsouzzaa-alt,2026-03-26 19:44:15,2026-03-26,19
do,2026-03-26 19:44:40,revisaovetor.js,3,1,revisaovetor.json,genilsonsouzzaa-alt,2026-03-26 19:44:40,2026-03-26,19
parseInt,2026-03-26 19:46:26,revisaovetor.js,4,15,revisaovetor.json,genilsonsouzzaa-alt,2026-03-26 19:46:26,2026-03-26,19
for,2026-03-26 19:47:29,revisaovetor.js,5,1,revisaovetor.json,genilsonsouzzaa-alt,2026-03-26 19:47:29,2026-03-26,19
let,2026-03-26 19:47:29,revisaovetor.js,5,6,revisaovetor.json,genilsonsouzzaa-alt,2026-03-26 19:47:29,2026-03-26,19
let,2026-03-26 19:47:30,revisaovetor.js,4,5,revisaovetor.json,genilsonsouzzaa-alt,2026-03-26 19:47:30,2026-03-26,19
prompt,2026-03-26 19:47:30,revisaovetor.js,4,19,revisaovetor.json,genilsonsouzzaa-alt,2026-03-26 19:47:30,2026-03-26,19
let,2026-03-26 19:47:46,revisaovetor.js,2,1,revisaovetor.json,genilsonsouzzaa-alt,2026-03-26 19:47:46,2026-03-26,19
prompt,2026-03-26 19:47:46,revisaovetor.js,2,15,revisaovetor.json,genilsonsouzzaa-alt,2026-03-26 19:47:46,2026-03-26,19
for,2026-03-26 19:47:46,revisaovetor.js,3,5,revisaovetor.json,genilsonsouzzaa-alt,2026-03-26 19:47:46,2026-03-26,19
let,2026-03-26 19:47:46,revisaovetor.js,3,10,revisaovetor.json,genilsonsouzzaa-alt,2026-03-26 19:47:46,2026-03-26,19
alert,2026-03-26 19:47:48,revisaovetor.js,6,1,revisaovetor.json,genilsonsouzzaa-alt,2026-03-26 19:47:48,2026-03-26,19
alert,2026-03-26 19:47:51,revisaovetor.js,8,1,revisaovetor.json,genilsonsouzzaa-alt,2026-03-26 19:47:51,2026-03-26,19
for,2026-03-26 19:47:52,revisaovetor.js,5,9,revisaovetor.json,genilsonsouzzaa-alt,2026-03-26 19:47:52,2026-03-26,19
let,2026-03-26 19:47:52,revisaovetor.js,5,14,revisaovetor.json,genilsonsouzzaa-alt,2026-03-26 19:47:52,2026-03-26,19
parseInt,2026-03-26 19:49:08,revisaovetor.js,3,15,revisaovetor.json,genilsonsouzzaa-alt,2026-03-26 19:49:08,2026-03-26,19
prompt,2026-03-26 19:49:14,revisaovetor.js,3,24,revisaovetor.json,genilsonsouzzaa-alt,2026-03-26 19:49:14,2026-03-26,19
const,2026-03-26 19:52:09,revisaovetor.js,1,1,revisaovetor.json,genilsonsouzzaa-alt,2026-03-26 19:52:09,2026-03-26,19
parseInt,2026-03-26 19:56:08,revisaovetor.js,4,23,revisaovetor.json,genilsonsouzzaa-alt,2026-03-26 19:56:08,2026-03-26,19
prompt,2026-03-26 19:56:14,revisaovetor.js,4,32,revisaovetor.json,genilsonsouzzaa-alt,2026-03-26 19:56:14,2026-03-26,19
parseInt,2026-03-26 20:02:44,revisaovetor.js,2,15,revisaovetor.json,genilsonsouzzaa-alt,2026-03-26 20:02:44,2026-03-26,20
const,2026-03-26 20:05:12,revisaovetor.js,1,1,revisaovetor.json,genilsonsouzzaa-alt,2026-03-26 20:05:12,2026-03-26,20
var,2026-03-26 20:05:12,revisaovetor.js,2,5,revisaovetor.json,genilsonsouzzaa-alt,2026-03-26 20:05:12,2026-03-26,20
parseInt,2026-03-26 20:05:12,revisaovetor.js,2,19,revisaovetor.json,genilsonsouzzaa-alt,2026-03-26 20:05:12,2026-03-26,20
prompt,2026-03-26 20:05:12,revisaovetor.js,2,28,revisaovetor.json,genilsonsouzzaa-alt,2026-03-26 20:05:12,2026-03-26,20
for,2026-03-26 20:05:12,revisaovetor.js,3,5,revisaovetor.json,genilsonsouzzaa-alt,2026-03-26 20:05:12,2026-03-26,20
let,2026-03-26 20:05:12,revisaovetor.js,3,10,revisaovetor.json,genilsonsouzzaa-alt,2026-03-26 20:05:12,2026-03-26,20
parseInt,2026-03-26 20:05:12,revisaovetor.js,2,19,revisaovetor.json,genilsonsouzzaa-alt,2026-03-26 20:05:12,2026-03-26,20
prompt,2026-03-26 20:05:12,revisaovetor.js,2,28,revisaovetor.json,genilsonsouzzaa-alt,2026-03-26 20:05:12,2026-03-26,20
for,2026-03-26 20:05:12,revisaovetor.js,3,5,revisaovetor.json,genilsonsouzzaa-alt,2026-03-26 20:05:12,2026-03-26,20
let,2026-03-26 20:05:12,revisaovetor.js,3,10,revisaovetor.json,genilsonsouzzaa-alt,2026-03-26 20:05:12,2026-03-26,20
parseInt,2026-03-24 20:31:04,atividade2.js,1,14,atividade2.json,genilsonsouzzaa-alt,2026-03-24 20:31:04,2026-03-24,20
prompt,2026-03-24 20:31:09,atividade2.js,1,23,atividade2.json,genilsonsouzzaa-alt,2026-03-24 20:31:09,2026-03-24,20
false,2026-03-24 20:31:55,atividade2.js,2,19,atividade2.json,genilsonsouzzaa-alt,2026-03-24 20:31:55,2026-03-24,20
true,2026-03-24 20:32:06,atividade2.js,3,15,atividade2.json,genilsonsouzzaa-alt,2026-03-24 20:32:06,2026-03-24,20
true,2026-03-24 20:34:39,atividade2.js,4,35,atividade2.json,genilsonsouzzaa-alt,2026-03-24 20:34:39,2026-03-24,20
alert,2026-03-24 20:35:10,atividade2.js,5,5,atividade2.json,genilsonsouzzaa-alt,2026-03-24 20:35:10,2026-03-24,20
alert,2026-03-24 20:35:55,atividade2.js,7,5,atividade2.json,genilsonsouzzaa-alt,2026-03-24 20:35:55,2026-03-24,20
true,2026-03-24 20:36:50,atividade2.js,2,19,atividade2.json,genilsonsouzzaa-alt,2026-03-24 20:36:50,2026-03-24,20
true,2026-03-24 20:37:08,atividade2.js,4,35,atividade2.json,genilsonsouzzaa-alt,2026-03-24 20:37:08,2026-03-24,20
else,2026-03-24 20:41:50,atividade2.js,6,2,atividade2.json,genilsonsouzzaa-alt,2026-03-24 20:41:50,2026-03-24,20
alert,2026-03-24 20:41:50,atividade2.js,7,5,atividade2.json,genilsonsouzzaa-alt,2026-03-24 20:41:50,2026-03-24,20
parseFloat,2026-03-24 20:05:28,atividade1.js,1,17,atividade1.json,genilsonsouzzaa-alt,2026-03-24 20:05:28,2026-03-24,20
E,2026-03-24 20:05:32,atividade1.js,1,29,atividade1.json,genilsonsouzzaa-alt,2026-03-24 20:05:32,2026-03-24,20
prompt,2026-03-24 20:05:36,atividade1.js,1,28,atividade1.json,genilsonsouzzaa-alt,2026-03-24 20:05:36,2026-03-24,20
parseInt,2026-03-24 20:06:05,atividade1.js,2,19,atividade1.json,genilsonsouzzaa-alt,2026-03-24 20:06:05,2026-03-24,20
prompt,2026-03-24 20:06:14,atividade1.js,2,28,atividade1.json,genilsonsouzzaa-alt,2026-03-24 20:06:14,2026-03-24,20
E,2026-03-24 20:06:25,atividade1.js,2,45,atividade1.json,genilsonsouzzaa-alt,2026-03-24 20:06:25,2026-03-24,20
E,2026-03-24 20:06:28,atividade1.js,2,44,atividade1.json,genilsonsouzzaa-alt,2026-03-24 20:06:28,2026-03-24,20
E,2026-03-24 20:06:32,atividade1.js,2,55,atividade1.json,genilsonsouzzaa-alt,2026-03-24 20:06:32,2026-03-24,20
alert,2026-03-24 20:07:04,atividade1.js,4,1,atividade1.json,genilsonsouzzaa-alt,2026-03-24 20:07:04,2026-03-24,20
E,2026-02-27 19:43:07,calendario.js,2,7,calendario.json,genilsonsouzzaa-alt,2026-02-27 19:43:07,2026-02-27,19
for,2026-02-27 19:50:57,calendario.js,2,1,calendario.json,genilsonsouzzaa-alt,2026-02-27 19:50:57,2026-02-27,19
let,2026-02-27 19:50:57,calendario.js,2,6,calendario.json,genilsonsouzzaa-alt,2026-02-27 19:50:57,2026-02-27,19
prompt,2026-02-27 19:51:08,calendario.js,1,21,calendario.json,genilsonsouzzaa-alt,2026-02-27 19:51:08,2026-02-27,19
parseFloat,2026-03-05 19:38:29,aprovacao.js,1,13,aprovacao.json,genilsonsouzzaa-alt,2026-03-05 19:38:29,2026-03-05,19
parseFloat,2026-03-05 19:39:18,aprovacao.js,2,13,aprovacao.json,genilsonsouzzaa-alt,2026-03-05 19:39:18,2026-03-05,19
while,2026-03-05 19:42:58,aprovacao.js,7,1,aprovacao.json,genilsonsouzzaa-alt,2026-03-05 19:42:58,2026-03-05,19
alert,2026-03-05 19:53:16,aprovacao.js,5,5,aprovacao.json,genilsonsouzzaa-alt,2026-03-05 19:53:16,2026-03-05,19
else,2026-03-05 19:53:37,aprovacao.js,6,4,aprovacao.json,genilsonsouzzaa-alt,2026-03-05 19:53:37,2026-03-05,19
alert,2026-03-05 19:54:12,aprovacao.js,7,1,aprovacao.json,genilsonsouzzaa-alt,2026-03-05 19:54:12,2026-03-05,19
else,2026-03-05 19:54:27,aprovacao.js,6,1,aprovacao.json,genilsonsouzzaa-alt,2026-03-05 19:54:27,2026-03-05,19
if,2026-03-05 19:54:34,aprovacao.js,6,6,aprovacao.json,genilsonsouzzaa-alt,2026-03-05 19:54:34,2026-03-05,19
else,2026-03-05 19:58:02,aprovacao.js,8,1,aprovacao.json,genilsonsouzzaa-alt,2026-03-05 19:58:02,2026-03-05,19
const,2026-03-05 19:58:47,aprovacao.js,3,1,aprovacao.json,genilsonsouzzaa-alt,2026-03-05 19:58:47,2026-03-05,19
alert,2026-03-05 20:00:16,aprovacao.js,10,1,aprovacao.json,genilsonsouzzaa-alt,2026-03-05 20:00:16,2026-03-05,20
else,2026-03-05 20:00:40,aprovacao.js,11,1,aprovacao.json,genilsonsouzzaa-alt,2026-03-05 20:00:40,2026-03-05,20
alert,2026-03-05 20:00:47,aprovacao.js,12,1,aprovacao.json,genilsonsouzzaa-alt,2026-03-05 20:00:47,2026-03-05,20
else,2026-03-05 20:07:57,aprovacao.js,7,1,aprovacao.json,genilsonsouzzaa-alt,2026-03-05 20:07:57,2026-03-05,20
alert,2026-03-05 20:08:01,aprovacao.js,8,5,aprovacao.json,genilsonsouzzaa-alt,2026-03-05 20:08:01,2026-03-05,20
while,2026-03-05 20:10:32,aprovacao.js,16,1,aprovacao.json,genilsonsouzzaa-alt,2026-03-05 20:10:32,2026-03-05,20
alert,2026-03-05 20:14:03,aprovacao.js,12,5,aprovacao.json,genilsonsouzzaa-alt,2026-03-05 20:14:03,2026-03-05,20
while,2026-03-05 20:43:14,aprovacao.js,13,2,aprovacao.json,genilsonsouzzaa-alt,2026-03-05 20:43:14,2026-03-05,20
const,2026-03-05 21:16:34,aprovacao.js,5,1,aprovacao.json,genilsonsouzzaa-alt,2026-03-05 21:16:34,2026-03-05,21
let,2026-03-05 21:16:39,aprovacao.js,3,1,aprovacao.json,genilsonsouzzaa-alt,2026-03-05 21:16:39,2026-03-05,21
parseFloat,2026-03-05 21:25:40,aprovacao.js,9,18,aprovacao.json,genilsonsouzzaa-alt,2026-03-05 21:25:40,2026-03-05,21
prompt,2026-03-05 21:25:45,aprovacao.js,9,29,aprovacao.json,genilsonsouzzaa-alt,2026-03-05 21:25:45,2026-03-05,21
else,2026-03-05 21:27:04,aprovacao.js,14,1,aprovacao.json,genilsonsouzzaa-alt,2026-03-05 21:27:04,2026-03-05,21
else,2026-03-05 21:28:23,aprovacao.js,16,1,aprovacao.json,genilsonsouzzaa-alt,2026-03-05 21:28:23,2026-03-05,21
alert,2026-03-05 21:28:28,aprovacao.js,17,5,aprovacao.json,genilsonsouzzaa-alt,2026-03-05 21:28:28,2026-03-05,21
let,2026-03-05 21:29:53,aprovacao.js,5,1,aprovacao.json,genilsonsouzzaa-alt,2026-03-05 21:29:53,2026-03-05,21
let,2026-03-05 21:29:54,aprovacao.js,4,1,aprovacao.json,genilsonsouzzaa-alt,2026-03-05 21:29:54,2026-03-05,21
parseFloat,2026-03-05 21:29:54,aprovacao.js,4,13,aprovacao.json,genilsonsouzzaa-alt,2026-03-05 21:29:54,2026-03-05,21
prompt,2026-03-05 21:29:54,aprovacao.js,4,24,aprovacao.json,genilsonsouzzaa-alt,2026-03-05 21:29:54,2026-03-05,21
let,2026-03-05 21:29:54,aprovacao.js,3,1,aprovacao.json,genilsonsouzzaa-alt,2026-03-05 21:29:54,2026-03-05,21
parseFloat,2026-03-05 21:29:54,aprovacao.js,3,13,aprovacao.json,genilsonsouzzaa-alt,2026-03-05 21:29:54,2026-03-05,21
prompt,2026-03-05 21:29:54,aprovacao.js,3,24,aprovacao.json,genilsonsouzzaa-alt,2026-03-05 21:29:54,2026-03-05,21
while,2026-03-06 19:48:01,aprovacao.js,21,2,aprovacao.json,genilsonsouzzaa-alt,2026-03-06 19:48:01,2026-03-06,19
alert,2026-03-06 19:48:45,aprovacao.js,14,5,aprovacao.json,genilsonsouzzaa-alt,2026-03-06 19:48:45,2026-03-06,19
alert,2026-03-06 19:48:57,aprovacao.js,16,4,aprovacao.json,genilsonsouzzaa-alt,2026-03-06 19:48:57,2026-03-06,19
if,2026-03-06 19:48:57,aprovacao.js,15,4,aprovacao.json,genilsonsouzzaa-alt,2026-03-06 19:48:57,2026-03-06,19
else,2026-03-06 19:49:06,aprovacao.js,9,35,aprovacao.json,genilsonsouzzaa-alt,2026-03-06 19:49:06,2026-03-06,19
if,2026-03-06 19:49:06,aprovacao.js,10,5,aprovacao.json,genilsonsouzzaa-alt,2026-03-06 19:49:06,2026-03-06,19
alert,2026-03-06 19:49:07,aprovacao.js,9,5,aprovacao.json,genilsonsouzzaa-alt,2026-03-06 19:49:07,2026-03-06,19
alert,2026-03-06 19:49:12,aprovacao.js,7,5,aprovacao.json,genilsonsouzzaa-alt,2026-03-06 19:49:12,2026-03-06,19
else,2026-03-06 19:49:13,aprovacao.js,8,5,aprovacao.json,genilsonsouzzaa-alt,2026-03-06 19:49:13,2026-03-06,19
if,2026-03-06 19:49:13,aprovacao.js,8,10,aprovacao.json,genilsonsouzzaa-alt,2026-03-06 19:49:13,2026-03-06,19
alert,2026-03-06 19:49:15,aprovacao.js,9,9,aprovacao.json,genilsonsouzzaa-alt,2026-03-06 19:49:15,2026-03-06,19
parseFloat,2026-03-06 19:49:16,aprovacao.js,10,22,aprovacao.json,genilsonsouzzaa-alt,2026-03-06 19:49:16,2026-03-06,19
prompt,2026-03-06 19:49:16,aprovacao.js,10,33,aprovacao.json,genilsonsouzzaa-alt,2026-03-06 19:49:16,2026-03-06,19
parseFloat,2026-03-06 19:49:17,aprovacao.js,12,22,aprovacao.json,genilsonsouzzaa-alt,2026-03-06 19:49:17,2026-03-06,19
prompt,2026-03-06 19:49:17,aprovacao.js,12,33,aprovacao.json,genilsonsouzzaa-alt,2026-03-06 19:49:17,2026-03-06,19
alert,2026-03-06 19:49:18,aprovacao.js,11,9,aprovacao.json,genilsonsouzzaa-alt,2026-03-06 19:49:18,2026-03-06,19
alert,2026-03-06 19:49:34,aprovacao.js,9,9,aprovacao.json,genilsonsouzzaa-alt,2026-03-06 19:49:34,2026-03-06,19
parseFloat,2026-03-06 19:49:35,aprovacao.js,10,22,aprovacao.json,genilsonsouzzaa-alt,2026-03-06 19:49:35,2026-03-06,19
prompt,2026-03-06 19:49:35,aprovacao.js,10,33,aprovacao.json,genilsonsouzzaa-alt,2026-03-06 19:49:35,2026-03-06,19
if,2026-03-06 19:49:36,aprovacao.js,13,9,aprovacao.json,genilsonsouzzaa-alt,2026-03-06 19:49:36,2026-03-06,19
alert,2026-03-06 19:49:36,aprovacao.js,14,13,aprovacao.json,genilsonsouzzaa-alt,2026-03-06 19:49:36,2026-03-06,19
else,2026-03-06 19:49:36,aprovacao.js,15,9,aprovacao.json,genilsonsouzzaa-alt,2026-03-06 19:49:36,2026-03-06,19
alert,2026-03-06 19:49:36,aprovacao.js,16,13,aprovacao.json,genilsonsouzzaa-alt,2026-03-06 19:49:36,2026-03-06,19
alert,2026-03-06 19:49:38,aprovacao.js,19,2,aprovacao.json,genilsonsouzzaa-alt,2026-03-06 19:49:38,2026-03-06,19
else,2026-03-06 19:49:38,aprovacao.js,17,13,aprovacao.json,genilsonsouzzaa-alt,2026-03-06 19:49:38,2026-03-06,19
alert,2026-03-06 19:49:39,aprovacao.js,16,9,aprovacao.json,genilsonsouzzaa-alt,2026-03-06 19:49:39,2026-03-06,19
if,2026-03-06 19:49:39,aprovacao.js,15,13,aprovacao.json,genilsonsouzzaa-alt,2026-03-06 19:49:39,2026-03-06,19
if,2026-03-06 19:50:40,aprovacao.js,13,9,aprovacao.json,genilsonsouzzaa-alt,2026-03-06 19:50:40,2026-03-06,19
alert,2026-03-06 19:50:40,aprovacao.js,14,13,aprovacao.json,genilsonsouzzaa-alt,2026-03-06 19:50:40,2026-03-06,19
else,2026-03-06 19:50:40,aprovacao.js,15,9,aprovacao.json,genilsonsouzzaa-alt,2026-03-06 19:50:40,2026-03-06,19
alert,2026-03-06 19:50:41,aprovacao.js,16,13,aprovacao.json,genilsonsouzzaa-alt,2026-03-06 19:50:41,2026-03-06,19
else,2026-03-06 19:50:41,aprovacao.js,18,5,aprovacao.json,genilsonsouzzaa-alt,2026-03-06 19:50:41,2026-03-06,19
alert,2026-03-06 19:50:42,aprovacao.js,19,9,aprovacao.json,genilsonsouzzaa-alt,2026-03-06 19:50:42,2026-03-06,19
while,2026-03-06 19:50:42,aprovacao.js,20,2,aprovacao.json,genilsonsouzzaa-alt,2026-03-06 19:50:42,2026-03-06,19
while,2026-03-06 19:50:44,aprovacao.js,21,19,aprovacao.json,genilsonsouzzaa-alt,2026-03-06 19:50:44,2026-03-06,19
alert,2026-03-06 19:50:44,aprovacao.js,21,5,aprovacao.json,genilsonsouzzaa-alt,2026-03-06 19:50:44,2026-03-06,19
else,2026-03-06 19:50:44,aprovacao.js,20,9,aprovacao.json,genilsonsouzzaa-alt,2026-03-06 19:50:44,2026-03-06,19
alert,2026-03-06 19:50:45,aprovacao.js,19,2,aprovacao.json,genilsonsouzzaa-alt,2026-03-06 19:50:45,2026-03-06,19
else,2026-03-06 19:50:45,aprovacao.js,17,13,aprovacao.json,genilsonsouzzaa-alt,2026-03-06 19:50:45,2026-03-06,19
alert,2026-03-06 19:50:45,aprovacao.js,16,9,aprovacao.json,genilsonsouzzaa-alt,2026-03-06 19:50:45,2026-03-06,19
if,2026-03-06 19:50:45,aprovacao.js,15,13,aprovacao.json,genilsonsouzzaa-alt,2026-03-06 19:50:45,2026-03-06,19
parseFloat,2026-03-06 19:50:46,aprovacao.js,12,22,aprovacao.json,genilsonsouzzaa-alt,2026-03-06 19:50:46,2026-03-06,19
prompt,2026-03-06 19:50:46,aprovacao.js,12,33,aprovacao.json,genilsonsouzzaa-alt,2026-03-06 19:50:46,2026-03-06,19
parseFloat,2026-03-06 19:50:52,aprovacao.js,10,22,aprovacao.json,genilsonsouzzaa-alt,2026-03-06 19:50:52,2026-03-06,19
prompt,2026-03-06 19:50:52,aprovacao.js,10,33,aprovacao.json,genilsonsouzzaa-alt,2026-03-06 19:50:52,2026-03-06,19
parseFloat,2026-03-06 19:51:00,aprovacao.js,12,22,aprovacao.json,genilsonsouzzaa-alt,2026-03-06 19:51:00,2026-03-06,19
prompt,2026-03-06 19:51:00,aprovacao.js,12,33,aprovacao.json,genilsonsouzzaa-alt,2026-03-06 19:51:00,2026-03-06,19
parseFloat,2026-03-06 19:53:34,aprovacao.js,10,22,aprovacao.json,genilsonsouzzaa-alt,2026-03-06 19:53:34,2026-03-06,19
prompt,2026-03-06 19:53:34,aprovacao.js,10,33,aprovacao.json,genilsonsouzzaa-alt,2026-03-06 19:53:34,2026-03-06,19
parseFloat,2026-03-06 19:53:34,aprovacao.js,12,22,aprovacao.json,genilsonsouzzaa-alt,2026-03-06 19:53:34,2026-03-06,19
prompt,2026-03-06 19:53:34,aprovacao.js,12,33,aprovacao.json,genilsonsouzzaa-alt,2026-03-06 19:53:34,2026-03-06,19
parseFloat,2026-03-06 19:53:34,aprovacao.js,10,22,aprovacao.json,genilsonsouzzaa-alt,2026-03-06 19:53:34,2026-03-06,19
prompt,2026-03-06 19:53:34,aprovacao.js,10,33,aprovacao.json,genilsonsouzzaa-alt,2026-03-06 19:53:34,2026-03-06,19
if,2026-03-06 19:53:35,aprovacao.js,13,9,aprovacao.json,genilsonsouzzaa-alt,2026-03-06 19:53:35,2026-03-06,19
alert,2026-03-06 19:53:35,aprovacao.js,14,13,aprovacao.json,genilsonsouzzaa-alt,2026-03-06 19:53:35,2026-03-06,19
else,2026-03-06 19:53:35,aprovacao.js,15,9,aprovacao.json,genilsonsouzzaa-alt,2026-03-06 19:53:35,2026-03-06,19
alert,2026-03-06 19:53:35,aprovacao.js,16,13,aprovacao.json,genilsonsouzzaa-alt,2026-03-06 19:53:35,2026-03-06,19
else,2026-03-06 19:53:36,aprovacao.js,18,5,aprovacao.json,genilsonsouzzaa-alt,2026-03-06 19:53:36,2026-03-06,19
alert,2026-03-06 19:53:36,aprovacao.js,19,9,aprovacao.json,genilsonsouzzaa-alt,2026-03-06 19:53:36,2026-03-06,19
while,2026-03-06 19:53:36,aprovacao.js,20,2,aprovacao.json,genilsonsouzzaa-alt,2026-03-06 19:53:36,2026-03-06,19
while,2026-03-06 19:53:36,aprovacao.js,21,19,aprovacao.json,genilsonsouzzaa-alt,2026-03-06 19:53:36,2026-03-06,19
alert,2026-03-06 19:53:36,aprovacao.js,21,5,aprovacao.json,genilsonsouzzaa-alt,2026-03-06 19:53:36,2026-03-06,19
else,2026-03-06 19:53:36,aprovacao.js,20,9,aprovacao.json,genilsonsouzzaa-alt,2026-03-06 19:53:36,2026-03-06,19
alert,2026-03-06 19:53:36,aprovacao.js,19,2,aprovacao.json,genilsonsouzzaa-alt,2026-03-06 19:53:36,2026-03-06,19
else,2026-03-06 19:53:37,aprovacao.js,17,13,aprovacao.json,genilsonsouzzaa-alt,2026-03-06 19:53:37,2026-03-06,19
alert,2026-03-06 19:53:37,aprovacao.js,16,9,aprovacao.json,genilsonsouzzaa-alt,2026-03-06 19:53:37,2026-03-06,19
if,2026-03-06 19:53:37,aprovacao.js,15,13,aprovacao.json,genilsonsouzzaa-alt,2026-03-06 19:53:37,2026-03-06,19
if,2026-03-06 19:53:37,aprovacao.js,13,9,aprovacao.json,genilsonsouzzaa-alt,2026-03-06 19:53:37,2026-03-06,19
alert,2026-03-06 19:53:37,aprovacao.js,14,13,aprovacao.json,genilsonsouzzaa-alt,2026-03-06 19:53:37,2026-03-06,19
else,2026-03-06 19:53:37,aprovacao.js,15,9,aprovacao.json,genilsonsouzzaa-alt,2026-03-06 19:53:37,2026-03-06,19
alert,2026-03-06 19:53:38,aprovacao.js,16,13,aprovacao.json,genilsonsouzzaa-alt,2026-03-06 19:53:38,2026-03-06,19
alert,2026-03-06 19:53:38,aprovacao.js,19,5,aprovacao.json,genilsonsouzzaa-alt,2026-03-06 19:53:38,2026-03-06,19
else,2026-03-06 19:53:39,aprovacao.js,17,13,aprovacao.json,genilsonsouzzaa-alt,2026-03-06 19:53:39,2026-03-06,19
alert,2026-03-06 19:53:39,aprovacao.js,17,3,aprovacao.json,genilsonsouzzaa-alt,2026-03-06 19:53:39,2026-03-06,19
if,2026-03-06 19:53:39,aprovacao.js,15,13,aprovacao.json,genilsonsouzzaa-alt,2026-03-06 19:53:39,2026-03-06,19
parseFloat,2026-03-06 19:53:40,aprovacao.js,12,22,aprovacao.json,genilsonsouzzaa-alt,2026-03-06 19:53:40,2026-03-06,19
prompt,2026-03-06 19:53:40,aprovacao.js,12,33,aprovacao.json,genilsonsouzzaa-alt,2026-03-06 19:53:40,2026-03-06,19
alert,2026-03-06 19:53:41,aprovacao.js,11,9,aprovacao.json,genilsonsouzzaa-alt,2026-03-06 19:53:41,2026-03-06,19
alert,2026-03-06 19:53:42,aprovacao.js,9,9,aprovacao.json,genilsonsouzzaa-alt,2026-03-06 19:53:42,2026-03-06,19
parseFloat,2026-03-06 19:53:42,aprovacao.js,10,22,aprovacao.json,genilsonsouzzaa-alt,2026-03-06 19:53:42,2026-03-06,19
prompt,2026-03-06 19:53:42,aprovacao.js,10,33,aprovacao.json,genilsonsouzzaa-alt,2026-03-06 19:53:42,2026-03-06,19
parseFloat,2026-03-06 19:53:43,aprovacao.js,12,22,aprovacao.json,genilsonsouzzaa-alt,2026-03-06 19:53:43,2026-03-06,19
prompt,2026-03-06 19:53:43,aprovacao.js,12,33,aprovacao.json,genilsonsouzzaa-alt,2026-03-06 19:53:43,2026-03-06,19
alert,2026-03-06 19:53:43,aprovacao.js,11,13,aprovacao.json,genilsonsouzzaa-alt,2026-03-06 19:53:43,2026-03-06,19
else,2026-03-06 19:53:44,aprovacao.js,10,5,aprovacao.json,genilsonsouzzaa-alt,2026-03-06 19:53:44,2026-03-06,19
if,2026-03-06 19:53:44,aprovacao.js,10,10,aprovacao.json,genilsonsouzzaa-alt,2026-03-06 19:53:44,2026-03-06,19
alert,2026-03-06 19:53:44,aprovacao.js,9,5,aprovacao.json,genilsonsouzzaa-alt,2026-03-06 19:53:44,2026-03-06,19
alert,2026-03-06 19:53:44,aprovacao.js,7,5,aprovacao.json,genilsonsouzzaa-alt,2026-03-06 19:53:44,2026-03-06,19
else,2026-03-06 19:53:45,aprovacao.js,8,1,aprovacao.json,genilsonsouzzaa-alt,2026-03-06 19:53:45,2026-03-06,19
if,2026-03-06 19:53:45,aprovacao.js,8,6,aprovacao.json,genilsonsouzzaa-alt,2026-03-06 19:53:45,2026-03-06,19
if,2026-03-06 19:53:45,aprovacao.js,13,4,aprovacao.json,genilsonsouzzaa-alt,2026-03-06 19:53:45,2026-03-06,19
alert,2026-03-06 19:53:46,aprovacao.js,14,5,aprovacao.json,genilsonsouzzaa-alt,2026-03-06 19:53:46,2026-03-06,19
alert,2026-03-06 19:53:47,aprovacao.js,16,4,aprovacao.json,genilsonsouzzaa-alt,2026-03-06 19:53:47,2026-03-06,19
E,2026-03-06 20:12:49,aprovacao.js,18,1,aprovacao.json,genilsonsouzzaa-alt,2026-03-06 20:12:49,2026-03-06,20
else,2026-03-06 20:15:08,aprovacao.js,15,1,aprovacao.json,genilsonsouzzaa-alt,2026-03-06 20:15:08,2026-03-06,20
alert,2026-03-06 20:17:25,aprovacao.js,20,5,aprovacao.json,genilsonsouzzaa-alt,2026-03-06 20:17:25,2026-03-06,20
else,2026-03-06 20:17:30,aprovacao.js,19,1,aprovacao.json,genilsonsouzzaa-alt,2026-03-06 20:17:30,2026-03-06,20
alert,2026-03-06 20:17:31,aprovacao.js,20,5,aprovacao.json,genilsonsouzzaa-alt,2026-03-06 20:17:31,2026-03-06,20
else,2026-03-06 20:17:39,aprovacao.js,15,1,aprovacao.json,genilsonsouzzaa-alt,2026-03-06 20:17:39,2026-03-06,20
E,2026-03-06 20:18:36,aprovacao.js,1,55,aprovacao.json,genilsonsouzzaa-alt,2026-03-06 20:18:36,2026-03-06,20
E,2026-03-06 20:20:02,aprovacao.js,10,9,aprovacao.json,genilsonsouzzaa-alt,2026-03-06 20:20:02,2026-03-06,20
while,2026-03-06 20:21:32,aprovacao.js,22,2,aprovacao.json,genilsonsouzzaa-alt,2026-03-06 20:21:32,2026-03-06,20
E,2026-03-06 20:23:17,aprovacao.js,1,19,aprovacao.json,genilsonsouzzaa-alt,2026-03-06 20:23:17,2026-03-06,20
do,2026-03-06 21:15:43,aprovacao.js,1,1,aprovacao.json,genilsonsouzzaa-alt,2026-03-06 21:15:43,2026-03-06,21
var,2026-03-06 21:15:43,aprovacao.js,2,5,aprovacao.json,genilsonsouzzaa-alt,2026-03-06 21:15:43,2026-03-06,21
var,2026-03-06 21:15:43,aprovacao.js,2,5,aprovacao.json,genilsonsouzzaa-alt,2026-03-06 21:15:43,2026-03-06,21
parseFloat,2026-03-06 21:15:43,aprovacao.js,3,16,aprovacao.json,genilsonsouzzaa-alt,2026-03-06 21:15:43,2026-03-06,21
prompt,2026-03-06 21:15:43,aprovacao.js,3,27,aprovacao.json,genilsonsouzzaa-alt,2026-03-06 21:15:43,2026-03-06,21
var,2026-03-06 21:15:43,aprovacao.js,2,5,aprovacao.json,genilsonsouzzaa-alt,2026-03-06 21:15:43,2026-03-06,21
parseFloat,2026-03-06 21:15:43,aprovacao.js,3,16,aprovacao.json,genilsonsouzzaa-alt,2026-03-06 21:15:43,2026-03-06,21
prompt,2026-03-06 21:15:43,aprovacao.js,3,27,aprovacao.json,genilsonsouzzaa-alt,2026-03-06 21:15:43,2026-03-06,21
var,2026-03-06 21:15:43,aprovacao.js,2,5,aprovacao.json,genilsonsouzzaa-alt,2026-03-06 21:15:43,2026-03-06,21
alert,2026-03-06 21:15:43,aprovacao.js,6,3,aprovacao.json,genilsonsouzzaa-alt,2026-03-06 21:15:43,2026-03-06,21
if,2026-03-06 21:15:43,aprovacao.js,7,1,aprovacao.json,genilsonsouzzaa-alt,2026-03-06 21:15:43,2026-03-06,21
alert,2026-03-06 21:15:43,aprovacao.js,6,3,aprovacao.json,genilsonsouzzaa-alt,2026-03-06 21:15:43,2026-03-06,21
else,2026-03-06 21:15:43,aprovacao.js,11,1,aprovacao.json,genilsonsouzzaa-alt,2026-03-06 21:15:43,2026-03-06,21
if,2026-03-06 21:15:43,aprovacao.js,7,1,aprovacao.json,genilsonsouzzaa-alt,2026-03-06 21:15:43,2026-03-06,21
alert,2026-03-06 21:15:43,aprovacao.js,6,3,aprovacao.json,genilsonsouzzaa-alt,2026-03-06 21:15:43,2026-03-06,21
parseFloat,2026-03-06 21:15:43,aprovacao.js,3,16,aprovacao.json,genilsonsouzzaa-alt,2026-03-06 21:15:43,2026-03-06,21
prompt,2026-03-06 21:15:43,aprovacao.js,3,27,aprovacao.json,genilsonsouzzaa-alt,2026-03-06 21:15:43,2026-03-06,21
if,2026-03-06 21:15:43,aprovacao.js,7,1,aprovacao.json,genilsonsouzzaa-alt,2026-03-06 21:15:43,2026-03-06,21
alert,2026-03-06 21:15:43,aprovacao.js,6,3,aprovacao.json,genilsonsouzzaa-alt,2026-03-06 21:15:43,2026-03-06,21
else,2026-03-06 21:15:43,aprovacao.js,11,1,aprovacao.json,genilsonsouzzaa-alt,2026-03-06 21:15:43,2026-03-06,21
alert,2026-03-06 21:15:43,aprovacao.js,6,3,aprovacao.json,genilsonsouzzaa-alt,2026-03-06 21:15:43,2026-03-06,21
else,2026-03-06 21:15:43,aprovacao.js,11,1,aprovacao.json,genilsonsouzzaa-alt,2026-03-06 21:15:43,2026-03-06,21
alert,2026-03-06 21:15:43,aprovacao.js,6,3,aprovacao.json,genilsonsouzzaa-alt,2026-03-06 21:15:43,2026-03-06,21
while,2026-03-06 21:15:43,aprovacao.js,29,2,aprovacao.json,genilsonsouzzaa-alt,2026-03-06 21:15:43,2026-03-06,21
alert,2026-03-06 21:15:43,aprovacao.js,6,3,aprovacao.json,genilsonsouzzaa-alt,2026-03-06 21:15:43,2026-03-06,21
do,2026-03-06 21:20:15,aprovacao.js,1,1,aprovacao.json,genilsonsouzzaa-alt,2026-03-06 21:20:15,2026-03-06,21
var,2026-03-06 21:20:15,aprovacao.js,2,5,aprovacao.json,genilsonsouzzaa-alt,2026-03-06 21:20:15,2026-03-06,21
let,2026-03-06 21:20:15,aprovacao.js,3,1,aprovacao.json,genilsonsouzzaa-alt,2026-03-06 21:20:15,2026-03-06,21
parseFloat,2026-03-06 21:20:15,aprovacao.js,3,13,aprovacao.json,genilsonsouzzaa-alt,2026-03-06 21:20:15,2026-03-06,21
prompt,2026-03-06 21:20:15,aprovacao.js,3,24,aprovacao.json,genilsonsouzzaa-alt,2026-03-06 21:20:15,2026-03-06,21
let,2026-03-06 21:20:15,aprovacao.js,3,1,aprovacao.json,genilsonsouzzaa-alt,2026-03-06 21:20:15,2026-03-06,21
parseFloat,2026-03-06 21:20:15,aprovacao.js,3,13,aprovacao.json,genilsonsouzzaa-alt,2026-03-06 21:20:15,2026-03-06,21
prompt,2026-03-06 21:20:15,aprovacao.js,3,24,aprovacao.json,genilsonsouzzaa-alt,2026-03-06 21:20:15,2026-03-06,21
let,2026-03-06 21:20:15,aprovacao.js,3,1,aprovacao.json,genilsonsouzzaa-alt,2026-03-06 21:20:15,2026-03-06,21
if,2026-03-06 21:20:15,aprovacao.js,6,2,aprovacao.json,genilsonsouzzaa-alt,2026-03-06 21:20:15,2026-03-06,21
alert,2026-03-06 21:20:15,aprovacao.js,7,5,aprovacao.json,genilsonsouzzaa-alt,2026-03-06 21:20:15,2026-03-06,21
else,2026-03-06 21:20:15,aprovacao.js,10,2,aprovacao.json,genilsonsouzzaa-alt,2026-03-06 21:20:15,2026-03-06,21
if,2026-03-06 21:20:15,aprovacao.js,6,2,aprovacao.json,genilsonsouzzaa-alt,2026-03-06 21:20:15,2026-03-06,21
alert,2026-03-06 21:20:15,aprovacao.js,7,5,aprovacao.json,genilsonsouzzaa-alt,2026-03-06 21:20:15,2026-03-06,21
parseFloat,2026-03-06 21:20:15,aprovacao.js,3,13,aprovacao.json,genilsonsouzzaa-alt,2026-03-06 21:20:15,2026-03-06,21
prompt,2026-03-06 21:20:15,aprovacao.js,3,24,aprovacao.json,genilsonsouzzaa-alt,2026-03-06 21:20:15,2026-03-06,21
if,2026-03-06 21:20:15,aprovacao.js,6,2,aprovacao.json,genilsonsouzzaa-alt,2026-03-06 21:20:15,2026-03-06,21
alert,2026-03-06 21:20:15,aprovacao.js,7,5,aprovacao.json,genilsonsouzzaa-alt,2026-03-06 21:20:15,2026-03-06,21
else,2026-03-06 21:20:15,aprovacao.js,10,2,aprovacao.json,genilsonsouzzaa-alt,2026-03-06 21:20:15,2026-03-06,21
alert,2026-03-06 21:20:15,aprovacao.js,7,5,aprovacao.json,genilsonsouzzaa-alt,2026-03-06 21:20:15,2026-03-06,21
else,2026-03-06 21:20:15,aprovacao.js,10,2,aprovacao.json,genilsonsouzzaa-alt,2026-03-06 21:20:15,2026-03-06,21
alert,2026-03-06 21:20:15,aprovacao.js,7,5,aprovacao.json,genilsonsouzzaa-alt,2026-03-06 21:20:15,2026-03-06,21
while,2026-03-06 21:20:15,aprovacao.js,23,2,aprovacao.json,genilsonsouzzaa-alt,2026-03-06 21:20:15,2026-03-06,21
for,2026-03-10 20:00:17,exercicio_09.js,2,1,exercicio_09.json,genilsonsouzzaa-alt,2026-03-10 20:00:17,2026-03-10,20
prompt,2026-03-10 20:06:04,exercicio_09.js,1,17,exercicio_09.json,genilsonsouzzaa-alt,2026-03-10 20:06:04,2026-03-10,20
let,2026-03-10 20:07:50,exercicio_09.js,1,1,exercicio_09.json,genilsonsouzzaa-alt,2026-03-10 20:07:50,2026-03-10,20
for,2026-03-10 20:07:50,exercicio_09.js,2,1,exercicio_09.json,genilsonsouzzaa-alt,2026-03-10 20:07:50,2026-03-10,20
alert,2026-03-10 20:08:45,exercicio_09.js,2,1,exercicio_09.json,genilsonsouzzaa-alt,2026-03-10 20:08:45,2026-03-10,20
console,2026-03-10 20:12:42,exercicio_09.js,2,1,exercicio_09.json,genilsonsouzzaa-alt,2026-03-10 20:12:42,2026-03-10,20
log,2026-03-10 20:12:44,exercicio_09.js,2,9,exercicio_09.json,genilsonsouzzaa-alt,2026-03-10 20:12:44,2026-03-10,20
E,2026-03-10 22:18:34,exercicio_09.js,1,2,exercicio_09.json,genilsonsouzzaa-alt,2026-03-10 22:18:34,2026-03-10,22
prompt,2026-03-10 22:20:08,exercicio_09.js,3,17,exercicio_09.json,genilsonsouzzaa-alt,2026-03-10 22:20:08,2026-03-10,22
for,2026-02-26 21:29:43,copa.js,2,1,copa.json,genilsonsouzzaa-alt,2026-02-26 21:29:43,2026-02-26,21
alert,2026-02-26 21:32:17,copa.js,3,5,copa.json,genilsonsouzzaa-alt,2026-02-26 21:32:17,2026-02-26,21
alert,2026-02-26 21:37:42,copa.js,5,5,copa.json,genilsonsouzzaa-alt,2026-02-26 21:37:42,2026-02-26,21
parseFloat,2026-02-20 21:22:53,for.js,1,14,for.json,genilsonsouzzaa-alt,2026-02-20 21:22:53,2026-02-20,21
parseInt,2026-02-20 21:23:04,for.js,1,14,for.json,genilsonsouzzaa-alt,2026-02-20 21:23:04,2026-02-20,21
for,2026-02-20 21:23:56,for.js,1,1,for.json,genilsonsouzzaa-alt,2026-02-20 21:23:56,2026-02-20,21
for,2026-02-20 21:24:03,for.js,1,1,for.json,genilsonsouzzaa-alt,2026-02-20 21:24:03,2026-02-20,21
let,2026-02-20 21:24:03,for.js,1,6,for.json,genilsonsouzzaa-alt,2026-02-20 21:24:03,2026-02-20,21
length,2026-02-20 21:24:03,for.js,1,35,for.json,genilsonsouzzaa-alt,2026-02-20 21:24:03,2026-02-20,21
const,2026-02-20 21:24:03,for.js,2,5,for.json,genilsonsouzzaa-alt,2026-02-20 21:24:03,2026-02-20,21
do,2026-02-20 21:31:20,for.js,8,1,for.json,genilsonsouzzaa-alt,2026-02-20 21:31:20,2026-02-20,21
alert,2026-02-20 21:32:27,for.js,10,5,for.json,genilsonsouzzaa-alt,2026-02-20 21:32:27,2026-02-20,21
alert,2026-02-20 21:43:32,for.js,10,1,for.json,genilsonsouzzaa-alt,2026-02-20 21:43:32,2026-02-20,21
console,2026-02-24 20:06:23,for.js,10,1,for.json,genilsonsouzzaa-alt,2026-02-24 20:06:23,2026-02-24,20
log,2026-02-24 20:06:27,for.js,10,9,for.json,genilsonsouzzaa-alt,2026-02-24 20:06:27,2026-02-24,20
else,2026-02-24 22:15:30,exercicio_03.js,4,1,exercicio_03.json,genilsonsouzzaa-alt,2026-02-24 22:15:30,2026-02-24,22
alert,2026-02-24 22:15:47,exercicio_03.js,5,5,exercicio_03.json,genilsonsouzzaa-alt,2026-02-24 22:15:47,2026-02-24,22
alert,2026-03-03 19:40:01,exercicio_03.js,3,5,exercicio_03.json,genilsonsouzzaa-alt,2026-03-03 19:40:01,2026-03-03,19
parseInt,2026-03-06 21:54:14,decremento.js,1,13,decremento.json,genilsonsouzzaa-alt,2026-03-06 21:54:14,2026-03-06,21
prompt,2026-03-06 21:54:21,decremento.js,1,22,decremento.json,genilsonsouzzaa-alt,2026-03-06 21:54:21,2026-03-06,21
while,2026-03-06 21:54:38,decremento.js,2,1,decremento.json,genilsonsouzzaa-alt,2026-03-06 21:54:38,2026-03-06,21
alert,2026-03-06 21:55:37,decremento.js,3,5,decremento.json,genilsonsouzzaa-alt,2026-03-06 21:55:37,2026-03-06,21
alert,2026-03-06 22:00:28,decremento.js,3,5,decremento.json,genilsonsouzzaa-alt,2026-03-06 22:00:28,2026-03-06,22
prompt,2026-03-06 22:01:30,decremento.js,1,13,decremento.json,genilsonsouzzaa-alt,2026-03-06 22:01:30,2026-03-06,22
parseInt,2026-03-24 21:22:27,ativade3.js,1,15,ativade3.json,genilsonsouzzaa-alt,2026-03-24 21:22:27,2026-03-24,21
alert,2026-03-24 21:24:09,ativade3.js,3,5,ativade3.json,genilsonsouzzaa-alt,2026-03-24 21:24:09,2026-03-24,21
parseFloat,2026-03-24 21:33:02,ativade3.js,2,13,ativade3.json,genilsonsouzzaa-alt,2026-03-24 21:33:02,2026-03-24,21
prompt,2026-03-24 21:33:09,ativade3.js,2,24,ativade3.json,genilsonsouzzaa-alt,2026-03-24 21:33:09,2026-03-24,21
while,2026-03-24 21:49:03,ativade3.js,3,1,ativade3.json,genilsonsouzzaa-alt,2026-03-24 21:49:03,2026-03-24,21
do,2026-03-24 21:52:58,ativade3.js,2,45,ativade3.json,genilsonsouzzaa-alt,2026-03-24 21:52:58,2026-03-24,21
let,2026-03-24 21:52:58,ativade3.js,3,1,ativade3.json,genilsonsouzzaa-alt,2026-03-24 21:52:58,2026-03-24,21
while,2026-03-24 21:52:58,ativade3.js,4,1,ativade3.json,genilsonsouzzaa-alt,2026-03-24 21:52:58,2026-03-24,21
alert,2026-03-24 21:52:58,ativade3.js,5,5,ativade3.json,genilsonsouzzaa-alt,2026-03-24 21:52:58,2026-03-24,21
for,2026-03-24 21:52:59,ativade3.js,3,1,ativade3.json,genilsonsouzzaa-alt,2026-03-24 21:52:59,2026-03-24,21
let,2026-03-24 21:52:59,ativade3.js,3,6,ativade3.json,genilsonsouzzaa-alt,2026-03-24 21:52:59,2026-03-24,21
parseInt,2026-03-24 21:54:02,ativade3.js,1,18,ativade3.json,genilsonsouzzaa-alt,2026-03-24 21:54:02,2026-03-24,21
prompt,2026-03-24 21:54:08,ativade3.js,1,27,ativade3.json,genilsonsouzzaa-alt,2026-03-24 21:54:08,2026-03-24,21
let,2026-03-24 22:05:14,ativade3.js,1,1,ativade3.json,genilsonsouzzaa-alt,2026-03-24 22:05:14,2026-03-24,22
parseInt,2026-03-24 22:05:14,ativade3.js,1,13,ativade3.json,genilsonsouzzaa-alt,2026-03-24 22:05:14,2026-03-24,22
prompt,2026-03-24 22:05:14,ativade3.js,1,22,ativade3.json,genilsonsouzzaa-alt,2026-03-24 22:05:14,2026-03-24,22
let,2026-03-24 22:05:14,ativade3.js,1,1,ativade3.json,genilsonsouzzaa-alt,2026-03-24 22:05:14,2026-03-24,22
for,2026-03-24 22:05:14,ativade3.js,4,1,ativade3.json,genilsonsouzzaa-alt,2026-03-24 22:05:14,2026-03-24,22
let,2026-03-24 22:05:14,ativade3.js,1,1,ativade3.json,genilsonsouzzaa-alt,2026-03-24 22:05:14,2026-03-24,22
let,2026-03-24 22:05:14,ativade3.js,1,1,ativade3.json,genilsonsouzzaa-alt,2026-03-24 22:05:14,2026-03-24,22
parseFloat,2026-03-24 22:05:14,ativade3.js,5,17,ativade3.json,genilsonsouzzaa-alt,2026-03-24 22:05:14,2026-03-24,22
prompt,2026-03-24 22:05:14,ativade3.js,1,22,ativade3.json,genilsonsouzzaa-alt,2026-03-24 22:05:14,2026-03-24,22
do,2026-03-24 22:05:14,ativade3.js,1,68,ativade3.json,genilsonsouzzaa-alt,2026-03-24 22:05:14,2026-03-24,22
alert,2026-03-24 22:05:14,ativade3.js,9,1,ativade3.json,genilsonsouzzaa-alt,2026-03-24 22:05:14,2026-03-24,22
toFixed,2026-03-24 22:05:14,ativade3.js,9,35,ativade3.json,genilsonsouzzaa-alt,2026-03-24 22:05:14,2026-03-24,22
let,2026-03-24 22:07:50,ativade3.js,1,1,ativade3.json,genilsonsouzzaa-alt,2026-03-24 22:07:50,2026-03-24,22
parseInt,2026-03-24 22:07:50,ativade3.js,1,13,ativade3.json,genilsonsouzzaa-alt,2026-03-24 22:07:50,2026-03-24,22
prompt,2026-03-24 22:07:50,ativade3.js,1,22,ativade3.json,genilsonsouzzaa-alt,2026-03-24 22:07:50,2026-03-24,22
let,2026-03-24 22:07:50,ativade3.js,1,1,ativade3.json,genilsonsouzzaa-alt,2026-03-24 22:07:50,2026-03-24,22
for,2026-03-24 22:07:50,ativade3.js,4,1,ativade3.json,genilsonsouzzaa-alt,2026-03-24 22:07:50,2026-03-24,22
let,2026-03-24 22:07:50,ativade3.js,1,1,ativade3.json,genilsonsouzzaa-alt,2026-03-24 22:07:50,2026-03-24,22
let,2026-03-24 22:07:50,ativade3.js,1,1,ativade3.json,genilsonsouzzaa-alt,2026-03-24 22:07:50,2026-03-24,22
parseFloat,2026-03-24 22:07:50,ativade3.js,5,17,ativade3.json,genilsonsouzzaa-alt,2026-03-24 22:07:50,2026-03-24,22
prompt,2026-03-24 22:07:50,ativade3.js,1,22,ativade3.json,genilsonsouzzaa-alt,2026-03-24 22:07:50,2026-03-24,22
do,2026-03-24 22:07:50,ativade3.js,1,68,ativade3.json,genilsonsouzzaa-alt,2026-03-24 22:07:50,2026-03-24,22
alert,2026-03-24 22:07:50,ativade3.js,9,1,ativade3.json,genilsonsouzzaa-alt,2026-03-24 22:07:50,2026-03-24,22
toFixed,2026-03-24 22:07:50,ativade3.js,9,35,ativade3.json,genilsonsouzzaa-alt,2026-03-24 22:07:50,2026-03-24,22
alert,2026-03-19 22:27:58,espalhamento.js,2,1,espalhamento.json,genilsonsouzzaa-alt,2026-03-19 22:27:58,2026-03-19,22
Math,2026-03-19 22:28:06,espalhamento.js,2,7,espalhamento.json,genilsonsouzzaa-alt,2026-03-19 22:28:06,2026-03-19,22
max,2026-03-19 22:28:11,espalhamento.js,2,12,espalhamento.json,genilsonsouzzaa-alt,2026-03-19 22:28:11,2026-03-19,22
for,2026-02-26 20:41:34,pan.js,2,1,pan.json,genilsonsouzzaa-alt,2026-02-26 20:41:34,2026-02-26,20
parseInt,2026-03-12 21:26:03,vetor_par_impar.js,3,11,vetor_par_impar.json,genilsonsouzzaa-alt,2026-03-12 21:26:03,2026-03-12,21
parseInt,2026-03-12 21:37:03,vetor_par_impar.js,3,11,vetor_par_impar.json,genilsonsouzzaa-alt,2026-03-12 21:37:03,2026-03-12,21
parseInt,2026-03-12 21:37:28,vetor_par_impar.js,4,11,vetor_par_impar.json,genilsonsouzzaa-alt,2026-03-12 21:37:28,2026-03-12,21
parseInt,2026-03-12 21:37:41,vetor_par_impar.js,4,13,vetor_par_impar.json,genilsonsouzzaa-alt,2026-03-12 21:37:41,2026-03-12,21
prompt,2026-03-12 21:37:49,vetor_par_impar.js,4,22,vetor_par_impar.json,genilsonsouzzaa-alt,2026-03-12 21:37:49,2026-03-12,21
alert,2026-03-12 21:38:54,vetor_par_impar.js,6,5,vetor_par_impar.json,genilsonsouzzaa-alt,2026-03-12 21:38:54,2026-03-12,21
parseInt,2026-03-12 21:48:40,vetor_par_impar.js,3,18,vetor_par_impar.json,genilsonsouzzaa-alt,2026-03-12 21:48:40,2026-03-12,21
alert,2026-03-12 21:49:51,vetor_par_impar.js,6,9,vetor_par_impar.json,genilsonsouzzaa-alt,2026-03-12 21:49:51,2026-03-12,21
else,2026-03-12 21:50:33,vetor_par_impar.js,7,5,vetor_par_impar.json,genilsonsouzzaa-alt,2026-03-12 21:50:33,2026-03-12,21
alert,2026-03-12 21:50:41,vetor_par_impar.js,8,9,vetor_par_impar.json,genilsonsouzzaa-alt,2026-03-12 21:50:41,2026-03-12,21
parseFloat,2026-03-12 21:55:51,vetor_par_impar.js,5,19,vetor_par_impar.json,genilsonsouzzaa-alt,2026-03-12 21:55:51,2026-03-12,21
parseInt,2026-03-12 21:55:57,vetor_par_impar.js,5,19,vetor_par_impar.json,genilsonsouzzaa-alt,2026-03-12 21:55:57,2026-03-12,21
prompt,2026-03-12 21:56:11,vetor_par_impar.js,5,28,vetor_par_impar.json,genilsonsouzzaa-alt,2026-03-12 21:56:11,2026-03-12,21
alert,2026-03-12 22:11:48,vetor_par_impar.js,10,9,vetor_par_impar.json,genilsonsouzzaa-alt,2026-03-12 22:11:48,2026-03-12,22
alert,2026-03-12 22:11:57,vetor_par_impar.js,15,9,vetor_par_impar.json,genilsonsouzzaa-alt,2026-03-12 22:11:57,2026-03-12,22
function,2026-03-25 22:15:45,funcaovetor.js,1,1,funcaovetor.json,genilsonsouzzaa-alt,2026-03-25 22:15:45,2026-03-25,22
return,2026-03-25 22:18:50,funcaovetor.js,2,5,funcaovetor.json,genilsonsouzzaa-alt,2026-03-25 22:18:50,2026-03-25,22
function,2026-03-25 22:19:03,funcaovetor.js,4,1,funcaovetor.json,genilsonsouzzaa-alt,2026-03-25 22:19:03,2026-03-25,22
return,2026-03-25 22:19:24,funcaovetor.js,5,5,funcaovetor.json,genilsonsouzzaa-alt,2026-03-25 22:19:24,2026-03-25,22
prompt,2026-03-25 22:19:57,funcaovetor.js,1,15,funcaovetor.json,genilsonsouzzaa-alt,2026-03-25 22:19:57,2026-03-25,22
function,2026-03-25 22:21:10,funcaovetor.js,1,1,funcaovetor.json,genilsonsouzzaa-alt,2026-03-25 22:21:10,2026-03-25,22
return,2026-03-25 22:21:11,funcaovetor.js,2,5,funcaovetor.json,genilsonsouzzaa-alt,2026-03-25 22:21:11,2026-03-25,22
alert,2026-03-25 22:22:03,funcaovetor.js,7,2,funcaovetor.json,genilsonsouzzaa-alt,2026-03-25 22:22:03,2026-03-25,22
const,2026-03-26 20:19:47,funcaovetor.js,4,1,funcaovetor.json,genilsonsouzzaa-alt,2026-03-26 20:19:47,2026-03-26,20
var,2026-03-26 20:20:13,funcaovetor.js,5,2,funcaovetor.json,genilsonsouzzaa-alt,2026-03-26 20:20:13,2026-03-26,20
parseInt,2026-03-26 20:20:13,funcaovetor.js,5,16,funcaovetor.json,genilsonsouzzaa-alt,2026-03-26 20:20:13,2026-03-26,20
prompt,2026-03-26 20:20:13,funcaovetor.js,5,25,funcaovetor.json,genilsonsouzzaa-alt,2026-03-26 20:20:13,2026-03-26,20
parseInt,2026-03-26 20:20:32,funcaovetor.js,6,16,funcaovetor.json,genilsonsouzzaa-alt,2026-03-26 20:20:32,2026-03-26,20
prompt,2026-03-26 20:20:32,funcaovetor.js,6,25,funcaovetor.json,genilsonsouzzaa-alt,2026-03-26 20:20:32,2026-03-26,20
for,2026-03-26 20:23:55,funcaovetor.js,5,1,funcaovetor.json,genilsonsouzzaa-alt,2026-03-26 20:23:55,2026-03-26,20
let,2026-03-26 20:23:55,funcaovetor.js,5,6,funcaovetor.json,genilsonsouzzaa-alt,2026-03-26 20:23:55,2026-03-26,20
alert,2026-03-26 20:24:32,funcaovetor.js,2,4,funcaovetor.json,genilsonsouzzaa-alt,2026-03-26 20:24:32,2026-03-26,20
var,2026-03-26 20:25:09,funcaovetor.js,5,50,funcaovetor.json,genilsonsouzzaa-alt,2026-03-26 20:25:09,2026-03-26,20
parseInt,2026-03-26 20:25:09,funcaovetor.js,5,50,funcaovetor.json,genilsonsouzzaa-alt,2026-03-26 20:25:09,2026-03-26,20
prompt,2026-03-26 20:25:09,funcaovetor.js,5,50,funcaovetor.json,genilsonsouzzaa-alt,2026-03-26 20:25:09,2026-03-26,20
let,2026-03-26 20:26:43,funcaovetor.js,2,3,funcaovetor.json,genilsonsouzzaa-alt,2026-03-26 20:26:43,2026-03-26,20
prompt,2026-03-26 20:26:56,funcaovetor.js,2,17,funcaovetor.json,genilsonsouzzaa-alt,2026-03-26 20:26:56,2026-03-26,20
parseInt,2026-03-26 20:28:45,funcaovetor.js,2,17,funcaovetor.json,genilsonsouzzaa-alt,2026-03-26 20:28:45,2026-03-26,20
E,2026-03-26 20:43:41,funcaovetor.js,5,20,funcaovetor.json,genilsonsouzzaa-alt,2026-03-26 20:43:41,2026-03-26,20
const,2026-03-26 20:47:50,funcaovetor.js,1,1,funcaovetor.json,genilsonsouzzaa-alt,2026-03-26 20:47:50,2026-03-26,20
var,2026-03-26 20:47:50,funcaovetor.js,2,5,funcaovetor.json,genilsonsouzzaa-alt,2026-03-26 20:47:50,2026-03-26,20
parseInt,2026-03-26 20:47:50,funcaovetor.js,2,19,funcaovetor.json,genilsonsouzzaa-alt,2026-03-26 20:47:50,2026-03-26,20
prompt,2026-03-26 20:47:50,funcaovetor.js,2,28,funcaovetor.json,genilsonsouzzaa-alt,2026-03-26 20:47:50,2026-03-26,20
for,2026-03-26 20:47:50,funcaovetor.js,3,5,funcaovetor.json,genilsonsouzzaa-alt,2026-03-26 20:47:50,2026-03-26,20
let,2026-03-26 20:47:50,funcaovetor.js,3,10,funcaovetor.json,genilsonsouzzaa-alt,2026-03-26 20:47:50,2026-03-26,20
parseInt,2026-03-26 20:47:50,funcaovetor.js,2,19,funcaovetor.json,genilsonsouzzaa-alt,2026-03-26 20:47:50,2026-03-26,20
prompt,2026-03-26 20:47:50,funcaovetor.js,2,28,funcaovetor.json,genilsonsouzzaa-alt,2026-03-26 20:47:50,2026-03-26,20
for,2026-03-26 20:47:50,funcaovetor.js,3,5,funcaovetor.json,genilsonsouzzaa-alt,2026-03-26 20:47:50,2026-03-26,20
let,2026-03-26 20:47:50,funcaovetor.js,3,10,funcaovetor.json,genilsonsouzzaa-alt,2026-03-26 20:47:50,2026-03-26,20
function,2026-03-26 20:48:01,funcaovetor.js,3,5,funcaovetor.json,genilsonsouzzaa-alt,2026-03-26 20:48:01,2026-03-26,20
function,2026-03-26 20:49:03,funcaovetor.js,8,1,funcaovetor.json,genilsonsouzzaa-alt,2026-03-26 20:49:03,2026-03-26,20
do,2026-03-06 21:20:42,aprovacao2.js,1,1,aprovacao2.json,genilsonsouzzaa-alt,2026-03-06 21:20:42,2026-03-06,21
var,2026-03-06 21:20:42,aprovacao2.js,2,5,aprovacao2.json,genilsonsouzzaa-alt,2026-03-06 21:20:42,2026-03-06,21
var,2026-03-06 21:20:42,aprovacao2.js,2,5,aprovacao2.json,genilsonsouzzaa-alt,2026-03-06 21:20:42,2026-03-06,21
parseFloat,2026-03-06 21:20:42,aprovacao2.js,3,16,aprovacao2.json,genilsonsouzzaa-alt,2026-03-06 21:20:42,2026-03-06,21
prompt,2026-03-06 21:20:42,aprovacao2.js,3,27,aprovacao2.json,genilsonsouzzaa-alt,2026-03-06 21:20:42,2026-03-06,21
var,2026-03-06 21:20:42,aprovacao2.js,2,5,aprovacao2.json,genilsonsouzzaa-alt,2026-03-06 21:20:42,2026-03-06,21
parseFloat,2026-03-06 21:20:42,aprovacao2.js,3,16,aprovacao2.json,genilsonsouzzaa-alt,2026-03-06 21:20:42,2026-03-06,21
prompt,2026-03-06 21:20:42,aprovacao2.js,3,27,aprovacao2.json,genilsonsouzzaa-alt,2026-03-06 21:20:42,2026-03-06,21
var,2026-03-06 21:20:42,aprovacao2.js,2,5,aprovacao2.json,genilsonsouzzaa-alt,2026-03-06 21:20:42,2026-03-06,21
alert,2026-03-06 21:20:42,aprovacao2.js,6,3,aprovacao2.json,genilsonsouzzaa-alt,2026-03-06 21:20:42,2026-03-06,21
if,2026-03-06 21:20:42,aprovacao2.js,7,1,aprovacao2.json,genilsonsouzzaa-alt,2026-03-06 21:20:42,2026-03-06,21
alert,2026-03-06 21:20:42,aprovacao2.js,6,3,aprovacao2.json,genilsonsouzzaa-alt,2026-03-06 21:20:42,2026-03-06,21
else,2026-03-06 21:20:42,aprovacao2.js,11,1,aprovacao2.json,genilsonsouzzaa-alt,2026-03-06 21:20:42,2026-03-06,21
if,2026-03-06 21:20:42,aprovacao2.js,7,1,aprovacao2.json,genilsonsouzzaa-alt,2026-03-06 21:20:42,2026-03-06,21
alert,2026-03-06 21:20:42,aprovacao2.js,6,3,aprovacao2.json,genilsonsouzzaa-alt,2026-03-06 21:20:42,2026-03-06,21
parseFloat,2026-03-06 21:20:42,aprovacao2.js,3,16,aprovacao2.json,genilsonsouzzaa-alt,2026-03-06 21:20:42,2026-03-06,21
prompt,2026-03-06 21:20:42,aprovacao2.js,3,27,aprovacao2.json,genilsonsouzzaa-alt,2026-03-06 21:20:42,2026-03-06,21
if,2026-03-06 21:20:42,aprovacao2.js,7,1,aprovacao2.json,genilsonsouzzaa-alt,2026-03-06 21:20:42,2026-03-06,21
alert,2026-03-06 21:20:42,aprovacao2.js,6,3,aprovacao2.json,genilsonsouzzaa-alt,2026-03-06 21:20:42,2026-03-06,21
else,2026-03-06 21:20:42,aprovacao2.js,11,1,aprovacao2.json,genilsonsouzzaa-alt,2026-03-06 21:20:42,2026-03-06,21
alert,2026-03-06 21:20:42,aprovacao2.js,6,3,aprovacao2.json,genilsonsouzzaa-alt,2026-03-06 21:20:42,2026-03-06,21
else,2026-03-06 21:20:42,aprovacao2.js,11,1,aprovacao2.json,genilsonsouzzaa-alt,2026-03-06 21:20:42,2026-03-06,21
alert,2026-03-06 21:20:42,aprovacao2.js,6,3,aprovacao2.json,genilsonsouzzaa-alt,2026-03-06 21:20:42,2026-03-06,21
while,2026-03-06 21:20:42,aprovacao2.js,29,2,aprovacao2.json,genilsonsouzzaa-alt,2026-03-06 21:20:42,2026-03-06,21
alert,2026-03-06 21:20:42,aprovacao2.js,6,3,aprovacao2.json,genilsonsouzzaa-alt,2026-03-06 21:20:42,2026-03-06,21
alert,2026-03-06 21:23:28,aprovacao2.js,10,5,aprovacao2.json,genilsonsouzzaa-alt,2026-03-06 21:23:28,2026-03-06,21
alert,2026-03-06 21:23:40,aprovacao2.js,14,5,aprovacao2.json,genilsonsouzzaa-alt,2026-03-06 21:23:40,2026-03-06,21
alert,2026-03-06 21:23:51,aprovacao2.js,29,5,aprovacao2.json,genilsonsouzzaa-alt,2026-03-06 21:23:51,2026-03-06,21
do,2026-03-06 21:32:36,aprovacao2.js,3,5,aprovacao2.json,genilsonsouzzaa-alt,2026-03-06 21:32:36,2026-03-06,21
parseInt,2026-03-03 20:28:34,exercicio_06.js,2,18,exercicio_06.json,genilsonsouzzaa-alt,2026-03-03 20:28:34,2026-03-03,20
alert,2026-03-03 20:30:01,exercicio_06.js,4,5,exercicio_06.json,genilsonsouzzaa-alt,2026-03-03 20:30:01,2026-03-03,20
else,2026-03-03 20:30:18,exercicio_06.js,5,1,exercicio_06.json,genilsonsouzzaa-alt,2026-03-03 20:30:18,2026-03-03,20
let,2026-03-03 21:21:13,exercicio_06.js,2,1,exercicio_06.json,genilsonsouzzaa-alt,2026-03-03 21:21:13,2026-03-03,21
parseInt,2026-03-03 21:21:13,exercicio_06.js,2,18,exercicio_06.json,genilsonsouzzaa-alt,2026-03-03 21:21:13,2026-03-03,21
prompt,2026-03-03 21:21:13,exercicio_06.js,2,27,exercicio_06.json,genilsonsouzzaa-alt,2026-03-03 21:21:13,2026-03-03,21
prompt,2026-03-05 21:52:52,time.js,1,12,time.json,genilsonsouzzaa-alt,2026-03-05 21:52:52,2026-03-05,21
while,2026-03-05 21:53:56,time.js,6,1,time.json,genilsonsouzzaa-alt,2026-03-05 21:53:56,2026-03-05,21
while,2026-03-05 21:54:06,time.js,5,2,time.json,genilsonsouzzaa-alt,2026-03-05 21:54:06,2026-03-05,21
alert,2026-03-05 21:54:33,time.js,6,5,time.json,genilsonsouzzaa-alt,2026-03-05 21:54:33,2026-03-05,21
let,2026-03-05 22:04:57,time.js,1,1,time.json,genilsonsouzzaa-alt,2026-03-05 22:04:57,2026-03-05,22
do,2026-03-05 22:04:57,time.js,2,1,time.json,genilsonsouzzaa-alt,2026-03-05 22:04:57,2026-03-05,22
toUpperCase,2026-03-05 22:10:31,time.js,3,40,time.json,genilsonsouzzaa-alt,2026-03-05 22:10:31,2026-03-05,22
alert,2026-03-05 22:10:40,time.js,4,5,time.json,genilsonsouzzaa-alt,2026-03-05 22:10:40,2026-03-05,22
toUpperCase,2026-03-05 22:16:38,time.js,3,42,time.json,genilsonsouzzaa-alt,2026-03-05 22:16:38,2026-03-05,22
E,2026-03-05 22:25:36,time.js,5,22,time.json,genilsonsouzzaa-alt,2026-03-05 22:25:36,2026-03-05,22
let,2026-02-27 20:03:22,domingo.js,3,5,domingo.json,genilsonsouzzaa-alt,2026-02-27 20:03:22,2026-02-27,20
parseInt,2026-02-27 20:03:38,domingo.js,3,16,domingo.json,genilsonsouzzaa-alt,2026-02-27 20:03:38,2026-02-27,20
parseInt,2026-02-27 20:04:35,domingo.js,4,16,domingo.json,genilsonsouzzaa-alt,2026-02-27 20:04:35,2026-02-27,20
prompt,2026-02-27 20:04:48,domingo.js,4,25,domingo.json,genilsonsouzzaa-alt,2026-02-27 20:04:48,2026-02-27,20
for,2026-02-27 20:05:13,domingo.js,4,5,domingo.json,genilsonsouzzaa-alt,2026-02-27 20:05:13,2026-02-27,20
let,2026-02-27 20:05:13,domingo.js,4,10,domingo.json,genilsonsouzzaa-alt,2026-02-27 20:05:13,2026-02-27,20
let,2026-02-27 20:05:14,domingo.js,3,1,domingo.json,genilsonsouzzaa-alt,2026-02-27 20:05:14,2026-02-27,20
let,2026-02-27 20:05:19,domingo.js,1,1,domingo.json,genilsonsouzzaa-alt,2026-02-27 20:05:19,2026-02-27,20
for,2026-02-27 20:05:20,domingo.js,2,1,domingo.json,genilsonsouzzaa-alt,2026-02-27 20:05:20,2026-02-27,20
let,2026-02-27 20:05:20,domingo.js,2,6,domingo.json,genilsonsouzzaa-alt,2026-02-27 20:05:20,2026-02-27,20
for,2026-02-27 20:05:37,domingo.js,4,5,domingo.json,genilsonsouzzaa-alt,2026-02-27 20:05:37,2026-02-27,20
let,2026-02-27 20:05:37,domingo.js,4,10,domingo.json,genilsonsouzzaa-alt,2026-02-27 20:05:37,2026-02-27,20
let,2026-02-27 20:05:38,domingo.js,3,1,domingo.json,genilsonsouzzaa-alt,2026-02-27 20:05:38,2026-02-27,20
let,2026-02-27 20:10:27,domingo.js,1,1,domingo.json,genilsonsouzzaa-alt,2026-02-27 20:10:27,2026-02-27,20
for,2026-02-27 20:10:27,domingo.js,2,1,domingo.json,genilsonsouzzaa-alt,2026-02-27 20:10:27,2026-02-27,20
let,2026-02-27 20:10:27,domingo.js,1,1,domingo.json,genilsonsouzzaa-alt,2026-02-27 20:10:27,2026-02-27,20
let,2026-02-27 20:16:42,domingo.js,1,1,domingo.json,genilsonsouzzaa-alt,2026-02-27 20:16:42,2026-02-27,20
let,2026-02-27 20:16:43,domingo.js,1,1,domingo.json,genilsonsouzzaa-alt,2026-02-27 20:16:43,2026-02-27,20
for,2026-02-27 20:16:43,domingo.js,2,1,domingo.json,genilsonsouzzaa-alt,2026-02-27 20:16:43,2026-02-27,20
let,2026-02-27 20:16:43,domingo.js,1,1,domingo.json,genilsonsouzzaa-alt,2026-02-27 20:16:43,2026-02-27,20
let,2026-02-27 20:16:45,domingo.js,2,1,domingo.json,genilsonsouzzaa-alt,2026-02-27 20:16:45,2026-02-27,20
parseInt,2026-02-27 20:16:45,domingo.js,1,12,domingo.json,genilsonsouzzaa-alt,2026-02-27 20:16:45,2026-02-27,20
prompt,2026-02-27 20:16:45,domingo.js,1,21,domingo.json,genilsonsouzzaa-alt,2026-02-27 20:16:45,2026-02-27,20
let,2026-02-27 20:16:46,domingo.js,1,1,domingo.json,genilsonsouzzaa-alt,2026-02-27 20:16:46,2026-02-27,20
for,2026-02-27 20:16:46,domingo.js,2,1,domingo.json,genilsonsouzzaa-alt,2026-02-27 20:16:46,2026-02-27,20
let,2026-02-27 20:16:46,domingo.js,2,6,domingo.json,genilsonsouzzaa-alt,2026-02-27 20:16:46,2026-02-27,20
for,2026-02-27 20:16:46,domingo.js,4,5,domingo.json,genilsonsouzzaa-alt,2026-02-27 20:16:46,2026-02-27,20
let,2026-02-27 20:16:46,domingo.js,4,10,domingo.json,genilsonsouzzaa-alt,2026-02-27 20:16:46,2026-02-27,20
let,2026-02-27 20:16:46,domingo.js,3,1,domingo.json,genilsonsouzzaa-alt,2026-02-27 20:16:46,2026-02-27,20
let,2026-02-27 20:16:47,domingo.js,1,1,domingo.json,genilsonsouzzaa-alt,2026-02-27 20:16:47,2026-02-27,20
for,2026-02-27 20:16:47,domingo.js,2,1,domingo.json,genilsonsouzzaa-alt,2026-02-27 20:16:47,2026-02-27,20
let,2026-02-27 20:16:47,domingo.js,2,6,domingo.json,genilsonsouzzaa-alt,2026-02-27 20:16:47,2026-02-27,20
let,2026-02-27 20:16:50,domingo.js,2,1,domingo.json,genilsonsouzzaa-alt,2026-02-27 20:16:50,2026-02-27,20
let,2026-02-27 20:16:51,domingo.js,3,5,domingo.json,genilsonsouzzaa-alt,2026-02-27 20:16:51,2026-02-27,20
parseInt,2026-02-27 20:16:51,domingo.js,3,16,domingo.json,genilsonsouzzaa-alt,2026-02-27 20:16:51,2026-02-27,20
let,2026-02-27 20:16:53,domingo.js,3,5,domingo.json,genilsonsouzzaa-alt,2026-02-27 20:16:53,2026-02-27,20
let,2026-02-27 20:16:56,domingo.js,2,1,domingo.json,genilsonsouzzaa-alt,2026-02-27 20:16:56,2026-02-27,20
let,2026-02-27 20:16:56,domingo.js,2,1,domingo.json,genilsonsouzzaa-alt,2026-02-27 20:16:56,2026-02-27,20
parseInt,2026-02-27 20:17:38,domingo.js,1,12,domingo.json,genilsonsouzzaa-alt,2026-02-27 20:17:38,2026-02-27,20
let,2026-02-27 20:21:07,domingo.js,2,6,domingo.json,genilsonsouzzaa-alt,2026-02-27 20:21:07,2026-02-27,20
let,2026-02-27 20:21:07,domingo.js,1,1,domingo.json,genilsonsouzzaa-alt,2026-02-27 20:21:07,2026-02-27,20
let,2026-02-27 20:21:07,domingo.js,1,1,domingo.json,genilsonsouzzaa-alt,2026-02-27 20:21:07,2026-02-27,20
let,2026-02-27 20:21:07,domingo.js,1,1,domingo.json,genilsonsouzzaa-alt,2026-02-27 20:21:07,2026-02-27,20
let,2026-02-27 20:21:07,domingo.js,1,12,domingo.json,genilsonsouzzaa-alt,2026-02-27 20:21:07,2026-02-27,20
parseInt,2026-02-27 20:21:07,domingo.js,1,12,domingo.json,genilsonsouzzaa-alt,2026-02-27 20:21:07,2026-02-27,20
prompt,2026-02-27 20:21:07,domingo.js,1,21,domingo.json,genilsonsouzzaa-alt,2026-02-27 20:21:07,2026-02-27,20
let,2026-02-27 20:24:10,domingo.js,1,1,domingo.json,genilsonsouzzaa-alt,2026-02-27 20:24:10,2026-02-27,20
parseInt,2026-02-27 20:24:21,domingo.js,1,12,domingo.json,genilsonsouzzaa-alt,2026-02-27 20:24:21,2026-02-27,20
alert,2026-02-27 20:24:40,domingo.js,2,1,domingo.json,genilsonsouzzaa-alt,2026-02-27 20:24:40,2026-02-27,20
alert,2026-02-27 20:26:07,domingo.js,3,5,domingo.json,genilsonsouzzaa-alt,2026-02-27 20:26:07,2026-02-27,20
parseInt,2026-02-27 20:47:15,domingo.js,1,16,domingo.json,genilsonsouzzaa-alt,2026-02-27 20:47:15,2026-02-27,20
parseInt,2026-02-27 20:48:18,domingo.js,2,23,domingo.json,genilsonsouzzaa-alt,2026-02-27 20:48:18,2026-02-27,20
alert,2026-02-27 22:25:36,domingo.js,14,1,domingo.json,genilsonsouzzaa-alt,2026-02-27 22:25:36,2026-02-27,22
parseInt,2026-03-03 19:50:52,exercicio_04.js,2,15,exercicio_04.json,genilsonsouzzaa-alt,2026-03-03 19:50:52,2026-03-03,19
prompt,2026-03-03 19:51:04,exercicio_04.js,2,25,exercicio_04.json,genilsonsouzzaa-alt,2026-03-03 19:51:04,2026-03-03,19
E,2026-03-03 19:51:14,exercicio_04.js,2,40,exercicio_04.json,genilsonsouzzaa-alt,2026-03-03 19:51:14,2026-03-03,19
E,2026-03-03 19:51:19,exercicio_04.js,2,47,exercicio_04.json,genilsonsouzzaa-alt,2026-03-03 19:51:19,2026-03-03,19
E,2026-03-03 19:51:23,exercicio_04.js,2,52,exercicio_04.json,genilsonsouzzaa-alt,2026-03-03 19:51:23,2026-03-03,19
E,2026-03-03 19:51:24,exercicio_04.js,2,56,exercicio_04.json,genilsonsouzzaa-alt,2026-03-03 19:51:24,2026-03-03,19
E,2026-03-03 19:51:27,exercicio_04.js,2,60,exercicio_04.json,genilsonsouzzaa-alt,2026-03-03 19:51:27,2026-03-03,19
E,2026-03-03 19:51:46,exercicio_04.js,3,11,exercicio_04.json,genilsonsouzzaa-alt,2026-03-03 19:51:46,2026-03-03,19
E,2026-03-03 19:51:52,exercicio_04.js,3,20,exercicio_04.json,genilsonsouzzaa-alt,2026-03-03 19:51:52,2026-03-03,19
E,2026-03-03 19:52:03,exercicio_04.js,4,7,exercicio_04.json,genilsonsouzzaa-alt,2026-03-03 19:52:03,2026-03-03,19
alert,2026-03-03 19:52:14,exercicio_04.js,4,5,exercicio_04.json,genilsonsouzzaa-alt,2026-03-03 19:52:14,2026-03-03,19
alert,2026-03-03 19:54:33,exercicio_04.js,6,5,exercicio_04.json,genilsonsouzzaa-alt,2026-03-03 19:54:33,2026-03-03,19
if,2026-03-03 19:55:37,exercicio_04.js,3,1,exercicio_04.json,genilsonsouzzaa-alt,2026-03-03 19:55:37,2026-03-03,19
let,2026-03-03 20:23:35,exercicio_04.js,1,1,exercicio_04.json,genilsonsouzzaa-alt,2026-03-03 20:23:35,2026-03-03,20
let,2026-03-03 20:23:35,exercicio_04.js,1,1,exercicio_04.json,genilsonsouzzaa-alt,2026-03-03 20:23:35,2026-03-03,20
parseInt,2026-03-03 20:23:35,exercicio_04.js,2,15,exercicio_04.json,genilsonsouzzaa-alt,2026-03-03 20:23:35,2026-03-03,20
prompt,2026-03-03 20:23:35,exercicio_04.js,2,25,exercicio_04.json,genilsonsouzzaa-alt,2026-03-03 20:23:35,2026-03-03,20
E,2026-03-03 20:23:35,exercicio_04.js,2,40,exercicio_04.json,genilsonsouzzaa-alt,2026-03-03 20:23:35,2026-03-03,20
if,2026-03-03 20:23:35,exercicio_04.js,3,1,exercicio_04.json,genilsonsouzzaa-alt,2026-03-03 20:23:35,2026-03-03,20
alert,2026-03-03 20:23:35,exercicio_04.js,4,5,exercicio_04.json,genilsonsouzzaa-alt,2026-03-03 20:23:35,2026-03-03,20
else,2026-03-03 20:23:35,exercicio_04.js,5,2,exercicio_04.json,genilsonsouzzaa-alt,2026-03-03 20:23:35,2026-03-03,20
alert,2026-03-03 20:23:35,exercicio_04.js,4,5,exercicio_04.json,genilsonsouzzaa-alt,2026-03-03 20:23:35,2026-03-03,20
let,2026-03-03 20:23:46,exercicio_04.js,1,1,exercicio_04.json,genilsonsouzzaa-alt,2026-03-03 20:23:46,2026-03-03,20
let,2026-03-03 20:23:46,exercicio_04.js,1,1,exercicio_04.json,genilsonsouzzaa-alt,2026-03-03 20:23:46,2026-03-03,20
parseInt,2026-03-03 20:23:46,exercicio_04.js,2,15,exercicio_04.json,genilsonsouzzaa-alt,2026-03-03 20:23:46,2026-03-03,20
prompt,2026-03-03 20:23:46,exercicio_04.js,2,25,exercicio_04.json,genilsonsouzzaa-alt,2026-03-03 20:23:46,2026-03-03,20
E,2026-03-03 20:23:46,exercicio_04.js,2,40,exercicio_04.json,genilsonsouzzaa-alt,2026-03-03 20:23:46,2026-03-03,20
if,2026-03-03 20:23:46,exercicio_04.js,3,1,exercicio_04.json,genilsonsouzzaa-alt,2026-03-03 20:23:46,2026-03-03,20
alert,2026-03-03 20:23:46,exercicio_04.js,4,5,exercicio_04.json,genilsonsouzzaa-alt,2026-03-03 20:23:46,2026-03-03,20
else,2026-03-03 20:23:46,exercicio_04.js,5,2,exercicio_04.json,genilsonsouzzaa-alt,2026-03-03 20:23:46,2026-03-03,20
alert,2026-03-03 20:23:46,exercicio_04.js,4,5,exercicio_04.json,genilsonsouzzaa-alt,2026-03-03 20:23:46,2026-03-03,20
parseInt,2026-03-03 20:33:17,exercicio_07.js,1,13,exercicio_07.json,genilsonsouzzaa-alt,2026-03-03 20:33:17,2026-03-03,20
while,2026-03-03 20:33:38,exercicio_07.js,2,1,exercicio_07.json,genilsonsouzzaa-alt,2026-03-03 20:33:38,2026-03-03,20
alert,2026-03-03 20:36:02,exercicio_07.js,3,5,exercicio_07.json,genilsonsouzzaa-alt,2026-03-03 20:36:02,2026-03-03,20
parseInt,2026-03-03 21:33:26,exercicio_07.js,1,13,exercicio_07.json,genilsonsouzzaa-alt,2026-03-03 21:33:26,2026-03-03,21
while,2026-03-03 21:34:10,exercicio_07.js,2,1,exercicio_07.json,genilsonsouzzaa-alt,2026-03-03 21:34:10,2026-03-03,21
alert,2026-03-03 21:35:28,exercicio_07.js,3,5,exercicio_07.json,genilsonsouzzaa-alt,2026-03-03 21:35:28,2026-03-03,21
parseFloat,2026-03-10 21:39:01,exercicio_07.js,1,13,exercicio_07.json,genilsonsouzzaa-alt,2026-03-10 21:39:01,2026-03-10,21
console,2026-03-10 21:39:55,exercicio_07.js,5,5,exercicio_07.json,genilsonsouzzaa-alt,2026-03-10 21:39:55,2026-03-10,21
parseInt,2026-03-13 19:44:46,tabuada.js,3,15,tabuada.json,genilsonsouzzaa-alt,2026-03-13 19:44:46,2026-03-13,19
prompt,2026-03-13 19:44:53,tabuada.js,3,24,tabuada.json,genilsonsouzzaa-alt,2026-03-13 19:44:53,2026-03-13,19
parseInt,2026-03-13 19:47:12,tabuada.js,5,16,tabuada.json,genilsonsouzzaa-alt,2026-03-13 19:47:12,2026-03-13,19
prompt,2026-03-13 19:47:23,tabuada.js,5,25,tabuada.json,genilsonsouzzaa-alt,2026-03-13 19:47:23,2026-03-13,19
for,2026-03-13 19:48:28,tabuada.js,7,1,tabuada.json,genilsonsouzzaa-alt,2026-03-13 19:48:28,2026-03-13,19
let,2026-03-13 19:48:28,tabuada.js,7,1,tabuada.json,genilsonsouzzaa-alt,2026-03-13 19:48:28,2026-03-13,19
let,2026-03-13 19:48:29,tabuada.js,5,1,tabuada.json,genilsonsouzzaa-alt,2026-03-13 19:48:29,2026-03-13,19
parseInt,2026-03-13 19:48:29,tabuada.js,5,15,tabuada.json,genilsonsouzzaa-alt,2026-03-13 19:48:29,2026-03-13,19
prompt,2026-03-13 19:48:29,tabuada.js,5,24,tabuada.json,genilsonsouzzaa-alt,2026-03-13 19:48:29,2026-03-13,19
let,2026-03-13 19:48:33,tabuada.js,3,1,tabuada.json,genilsonsouzzaa-alt,2026-03-13 19:48:33,2026-03-13,19
parseInt,2026-03-13 19:48:33,tabuada.js,3,15,tabuada.json,genilsonsouzzaa-alt,2026-03-13 19:48:33,2026-03-13,19
prompt,2026-03-13 19:48:33,tabuada.js,3,24,tabuada.json,genilsonsouzzaa-alt,2026-03-13 19:48:33,2026-03-13,19
let,2026-03-13 19:49:29,tabuada.js,5,1,tabuada.json,genilsonsouzzaa-alt,2026-03-13 19:49:29,2026-03-13,19
parseInt,2026-03-13 19:49:37,tabuada.js,3,11,tabuada.json,genilsonsouzzaa-alt,2026-03-13 19:49:37,2026-03-13,19
prompt,2026-03-13 19:49:43,tabuada.js,3,20,tabuada.json,genilsonsouzzaa-alt,2026-03-13 19:49:43,2026-03-13,19
const,2026-03-13 19:53:43,tabuada.js,1,1,tabuada.json,genilsonsouzzaa-alt,2026-03-13 19:53:43,2026-03-13,19
for,2026-03-13 19:56:42,tabuada.js,7,1,tabuada.json,genilsonsouzzaa-alt,2026-03-13 19:56:42,2026-03-13,19
let,2026-03-13 19:56:42,tabuada.js,7,7,tabuada.json,genilsonsouzzaa-alt,2026-03-13 19:56:42,2026-03-13,19
alert,2026-03-20 20:05:05,troca.js,3,2,troca.json,genilsonsouzzaa-alt,2026-03-20 20:05:05,2026-03-20,20
if,2026-03-20 20:07:48,troca.js,4,2,troca.json,genilsonsouzzaa-alt,2026-03-20 20:07:48,2026-03-20,20
alert,2026-03-20 20:34:52,troca.js,6,2,troca.json,genilsonsouzzaa-alt,2026-03-20 20:34:52,2026-03-20,20
let,2026-03-25 19:33:56,select.js,1,1,select.json,genilsonsouzzaa-alt,2026-03-25 19:33:56,2026-03-25,19
for,2026-03-25 19:33:56,select.js,3,1,select.json,genilsonsouzzaa-alt,2026-03-25 19:33:56,2026-03-25,19
let,2026-03-25 19:33:56,select.js,1,1,select.json,genilsonsouzzaa-alt,2026-03-25 19:33:56,2026-03-25,19
undefined,2026-03-25 19:33:56,select.js,3,25,select.json,genilsonsouzzaa-alt,2026-03-25 19:33:56,2026-03-25,19
let,2026-03-25 19:33:56,select.js,1,1,select.json,genilsonsouzzaa-alt,2026-03-25 19:33:56,2026-03-25,19
for,2026-03-25 19:33:56,select.js,3,1,select.json,genilsonsouzzaa-alt,2026-03-25 19:33:56,2026-03-25,19
let,2026-03-25 19:33:56,select.js,1,1,select.json,genilsonsouzzaa-alt,2026-03-25 19:33:56,2026-03-25,19
undefined,2026-03-25 19:33:56,select.js,3,25,select.json,genilsonsouzzaa-alt,2026-03-25 19:33:56,2026-03-25,19
if,2026-03-25 19:33:56,select.js,7,5,select.json,genilsonsouzzaa-alt,2026-03-25 19:33:56,2026-03-25,19
let,2026-03-25 19:33:56,select.js,1,1,select.json,genilsonsouzzaa-alt,2026-03-25 19:33:56,2026-03-25,19
alert,2026-03-25 19:33:56,select.js,14,1,select.json,genilsonsouzzaa-alt,2026-03-25 19:33:56,2026-03-25,19
function,2026-03-25 20:16:58,select.js,1,2,select.json,genilsonsouzzaa-alt,2026-03-25 20:16:58,2026-03-25,20
let,2026-03-25 20:16:58,select.js,2,3,select.json,genilsonsouzzaa-alt,2026-03-25 20:16:58,2026-03-25,20
do,2026-03-25 20:16:58,select.js,2,43,select.json,genilsonsouzzaa-alt,2026-03-25 20:16:58,2026-03-25,20
for,2026-03-25 20:16:58,select.js,4,3,select.json,genilsonsouzzaa-alt,2026-03-25 20:16:58,2026-03-25,20
let,2026-03-25 20:16:58,select.js,2,3,select.json,genilsonsouzzaa-alt,2026-03-25 20:16:58,2026-03-25,20
let,2026-03-25 20:16:58,select.js,2,3,select.json,genilsonsouzzaa-alt,2026-03-25 20:16:58,2026-03-25,20
do,2026-03-25 20:16:58,select.js,2,43,select.json,genilsonsouzzaa-alt,2026-03-25 20:16:58,2026-03-25,20
do,2026-03-25 20:16:58,select.js,2,43,select.json,genilsonsouzzaa-alt,2026-03-25 20:16:58,2026-03-25,20
for,2026-03-25 20:16:58,select.js,4,3,select.json,genilsonsouzzaa-alt,2026-03-25 20:16:58,2026-03-25,20
let,2026-03-25 20:16:58,select.js,2,3,select.json,genilsonsouzzaa-alt,2026-03-25 20:16:58,2026-03-25,20
if,2026-03-25 20:16:58,select.js,9,7,select.json,genilsonsouzzaa-alt,2026-03-25 20:16:58,2026-03-25,20
let,2026-03-25 20:16:58,select.js,2,3,select.json,genilsonsouzzaa-alt,2026-03-25 20:16:58,2026-03-25,20
console,2026-03-25 20:16:58,select.js,21,3,select.json,genilsonsouzzaa-alt,2026-03-25 20:16:58,2026-03-25,20
log,2026-03-25 20:16:58,select.js,21,11,select.json,genilsonsouzzaa-alt,2026-03-25 20:16:58,2026-03-25,20
console,2026-03-25 20:18:53,select.js,14,3,select.json,genilsonsouzzaa-alt,2026-03-25 20:18:53,2026-03-25,20
log,2026-03-25 20:18:53,select.js,14,11,select.json,genilsonsouzzaa-alt,2026-03-25 20:18:53,2026-03-25,20
do,2026-03-25 20:18:58,select.js,6,31,select.json,genilsonsouzzaa-alt,2026-03-25 20:18:58,2026-03-25,20
do,2026-03-25 20:18:58,select.js,6,31,select.json,genilsonsouzzaa-alt,2026-03-25 20:18:58,2026-03-25,20
do,2026-03-25 20:18:58,select.js,2,43,select.json,genilsonsouzzaa-alt,2026-03-25 20:18:58,2026-03-25,20
parseInt,2026-03-12 20:16:28,vetor_jogos.js,4,16,vetor_jogos.json,genilsonsouzzaa-alt,2026-03-12 20:16:28,2026-03-12,20
alert,2026-03-12 20:17:22,vetor_jogos.js,6,1,vetor_jogos.json,genilsonsouzzaa-alt,2026-03-12 20:17:22,2026-03-12,20
for,2026-03-12 20:42:55,vetor_jogos.js,8,1,vetor_jogos.json,genilsonsouzzaa-alt,2026-03-12 20:42:55,2026-03-12,20
while,2026-03-06 22:08:34,jogos2.js,2,1,jogos2.json,genilsonsouzzaa-alt,2026-03-06 22:08:34,2026-03-06,22
parseInt,2026-03-12 19:55:52,vaquinha.js,3,15,vaquinha.json,natanaelalvesf92-eng,2026-03-12 19:55:52,2026-03-12,19
prompt,2026-03-12 19:56:07,vaquinha.js,3,24,vaquinha.json,natanaelalvesf92-eng,2026-03-12 19:56:07,2026-03-12,19
parseFloat,2026-03-12 20:00:46,vaquinha.js,5,14,vaquinha.json,natanaelalvesf92-eng,2026-03-12 20:00:46,2026-03-12,20
prompt,2026-03-12 20:00:59,vaquinha.js,5,25,vaquinha.json,natanaelalvesf92-eng,2026-03-12 20:00:59,2026-03-12,20
alert,2026-03-12 20:03:47,vaquinha.js,8,1,vaquinha.json,natanaelalvesf92-eng,2026-03-12 20:03:47,2026-03-12,20
for,2026-03-12 20:10:47,vaquinha.js,9,1,vaquinha.json,natanaelalvesf92-eng,2026-03-12 20:10:47,2026-03-12,20
parseInt,2026-03-26 22:05:39,funcaoagua.js,1,10,funcaoagua.json,natanaelalvesf92-eng,2026-03-26 22:05:39,2026-03-26,22
prompt,2026-03-26 22:05:50,funcaoagua.js,1,19,funcaoagua.json,natanaelalvesf92-eng,2026-03-26 22:05:50,2026-03-26,22
parseFloat,2026-03-26 22:22:20,funcaoagua.js,4,10,funcaoagua.json,natanaelalvesf92-eng,2026-03-26 22:22:20,2026-03-26,22
prompt,2026-03-26 22:22:33,funcaoagua.js,4,21,funcaoagua.json,natanaelalvesf92-eng,2026-03-26 22:22:33,2026-03-26,22
parseInt,2026-03-25 21:21:39,funcaosoma.js,4,8,funcaosoma.json,natanaelalvesf92-eng,2026-03-25 21:21:39,2026-03-25,21
parseInt,2026-03-25 21:23:55,funcaosoma.js,5,8,funcaosoma.json,natanaelalvesf92-eng,2026-03-25 21:23:55,2026-03-25,21
prompt,2026-03-25 21:28:32,funcaosoma.js,5,17,funcaosoma.json,natanaelalvesf92-eng,2026-03-25 21:28:32,2026-03-25,21
for,2026-03-12 21:44:02,vetor par inpar.js,4,1,vetor-par-impar.json,natanaelalvesf92-eng,2026-03-12 21:44:02,2026-03-12,21
if,2026-03-12 21:47:16,vetor par inpar.js,5,5,vetor-par-impar.json,natanaelalvesf92-eng,2026-03-12 21:47:16,2026-03-12,21
parseInt,2026-03-12 21:59:07,vetor par inpar.js,2,15,vetor-par-impar.json,natanaelalvesf92-eng,2026-03-12 21:59:07,2026-03-12,21
prompt,2026-03-12 21:59:39,vetor par inpar.js,2,24,vetor-par-impar.json,natanaelalvesf92-eng,2026-03-12 21:59:39,2026-03-12,21
for,2026-03-12 22:01:25,vetor par inpar.js,4,1,vetor-par-impar.json,natanaelalvesf92-eng,2026-03-12 22:01:25,2026-03-12,22
parseInt,2026-03-12 22:07:20,vetor par inpar.js,5,16,vetor-par-impar.json,natanaelalvesf92-eng,2026-03-12 22:07:20,2026-03-12,22
prompt,2026-03-12 22:07:36,vetor par inpar.js,5,25,vetor-par-impar.json,natanaelalvesf92-eng,2026-03-12 22:07:36,2026-03-12,22
if,2026-03-12 22:08:23,vetor par inpar.js,6,5,vetor-par-impar.json,natanaelalvesf92-eng,2026-03-12 22:08:23,2026-03-12,22
for,2026-03-12 22:18:05,vetor par inpar.js,16,5,vetor-par-impar.json,natanaelalvesf92-eng,2026-03-12 22:18:05,2026-03-12,22
for,2026-03-12 22:27:11,vetor par inpar.js,20,5,vetor-par-impar.json,natanaelalvesf92-eng,2026-03-12 22:27:11,2026-03-12,22
alert,2026-03-19 22:14:28,maiordetresmath.js,1,1,maiordetresmath.json,natanaelalvesf92-eng,2026-03-19 22:14:28,2026-03-19,22
Math,2026-03-19 22:15:13,maiordetresmath.js,1,7,maiordetresmath.json,natanaelalvesf92-eng,2026-03-19 22:15:13,2026-03-19,22
alert,2026-03-19 22:16:45,maiordetresmath.js,2,1,maiordetresmath.json,natanaelalvesf92-eng,2026-03-19 22:16:45,2026-03-19,22
Math,2026-03-19 22:17:14,maiordetresmath.js,2,7,maiordetresmath.json,natanaelalvesf92-eng,2026-03-19 22:17:14,2026-03-19,22
max,2026-03-19 22:17:31,maiordetresmath.js,2,12,maiordetresmath.json,natanaelalvesf92-eng,2026-03-19 22:17:31,2026-03-19,22
return,2026-03-27 20:19:18,funcaofatorial.js,6,5,funcaofatorial.json,natanaelalvesf92-eng,2026-03-27 20:19:18,2026-03-27,20
console,2026-03-27 20:19:44,funcaofatorial.js,7,5,funcaofatorial.json,natanaelalvesf92-eng,2026-03-27 20:19:44,2026-03-27,20
log,2026-03-27 20:19:50,funcaofatorial.js,7,13,funcaofatorial.json,natanaelalvesf92-eng,2026-03-27 20:19:50,2026-03-27,20
while,2026-03-27 20:33:52,funcaofatorial.js,3,5,funcaofatorial.json,natanaelalvesf92-eng,2026-03-27 20:33:52,2026-03-27,20
parseInt,2026-03-27 20:36:57,funcaofatorial.js,7,16,funcaofatorial.json,natanaelalvesf92-eng,2026-03-27 20:36:57,2026-03-27,20
prompt,2026-03-27 20:37:12,funcaofatorial.js,7,25,funcaofatorial.json,natanaelalvesf92-eng,2026-03-27 20:37:12,2026-03-27,20
alert,2026-03-27 20:37:51,funcaofatorial.js,8,5,funcaofatorial.json,natanaelalvesf92-eng,2026-03-27 20:37:51,2026-03-27,20
parseInt,2026-03-25 21:39:27,funcaosoma2.js,4,7,funcaosoma2.json,natanaelalvesf92-eng,2026-03-25 21:39:27,2026-03-25,21
prompt,2026-03-25 21:59:41,funcaosoma2.js,14,13,funcaosoma2.json,natanaelalvesf92-eng,2026-03-25 21:59:41,2026-03-25,21
parseInt,2026-03-25 22:02:39,funcaosoma2.js,15,9,funcaosoma2.json,natanaelalvesf92-eng,2026-03-25 22:02:39,2026-03-25,22
prompt,2026-03-25 22:03:31,funcaosoma2.js,15,18,funcaosoma2.json,natanaelalvesf92-eng,2026-03-25 22:03:31,2026-03-25,22
parseInt,2026-03-25 22:04:21,funcaosoma2.js,16,9,funcaosoma2.json,natanaelalvesf92-eng,2026-03-25 22:04:21,2026-03-25,22
prompt,2026-03-25 22:04:33,funcaosoma2.js,16,18,funcaosoma2.json,natanaelalvesf92-eng,2026-03-25 22:04:33,2026-03-25,22
switch,2026-03-25 22:05:19,funcaosoma2.js,17,1,funcaosoma2.json,natanaelalvesf92-eng,2026-03-25 22:05:19,2026-03-25,22
alert,2026-03-25 22:06:38,funcaosoma2.js,19,9,funcaosoma2.json,natanaelalvesf92-eng,2026-03-25 22:06:38,2026-03-25,22
break,2026-03-25 22:09:03,funcaosoma2.js,19,27,funcaosoma2.json,natanaelalvesf92-eng,2026-03-25 22:09:03,2026-03-25,22
alert,2026-03-25 22:13:51,funcaosoma2.js,21,13,funcaosoma2.json,natanaelalvesf92-eng,2026-03-25 22:13:51,2026-03-25,22
break,2026-03-25 22:17:11,funcaosoma2.js,21,35,funcaosoma2.json,natanaelalvesf92-eng,2026-03-25 22:17:11,2026-03-25,22
alert,2026-03-25 22:19:57,funcaosoma2.js,23,17,funcaosoma2.json,natanaelalvesf92-eng,2026-03-25 22:19:57,2026-03-25,22
break,2026-03-25 22:20:54,funcaosoma2.js,23,43,funcaosoma2.json,natanaelalvesf92-eng,2026-03-25 22:20:54,2026-03-25,22
toFixed,2026-03-25 22:24:04,funcaosoma2.js,25,24,funcaosoma2.json,natanaelalvesf92-eng,2026-03-25 22:24:04,2026-03-25,22
break,2026-03-25 22:24:40,funcaosoma2.js,25,36,funcaosoma2.json,natanaelalvesf92-eng,2026-03-25 22:24:40,2026-03-25,22
alert,2026-03-25 22:26:04,funcaosoma2.js,27,9,funcaosoma2.json,natanaelalvesf92-eng,2026-03-25 22:26:04,2026-03-25,22
parseInt,2026-03-10 20:07:58,exercicio_2.js,2,16,exercicio_2.json,natanaelalvesf92-eng,2026-03-10 20:07:58,2026-03-10,20
prompt,2026-03-10 20:08:17,exercicio_2.js,2,25,exercicio_2.json,natanaelalvesf92-eng,2026-03-10 20:08:17,2026-03-10,20
if,2026-03-10 20:13:13,exercicio_2.js,4,1,exercicio_2.json,natanaelalvesf92-eng,2026-03-10 20:13:13,2026-03-10,20
alert,2026-03-10 20:14:08,exercicio_2.js,5,5,exercicio_2.json,natanaelalvesf92-eng,2026-03-10 20:14:08,2026-03-10,20
alert,2026-03-10 20:17:09,exercicio_2.js,7,5,exercicio_2.json,natanaelalvesf92-eng,2026-03-10 20:17:09,2026-03-10,20
parseFloat,2026-03-24 20:45:52,estruturapo1.js,1,24,estruturapo1.json,natanaelalvesf92-eng,2026-03-24 20:45:52,2026-03-24,20
prompt,2026-03-24 20:47:10,estruturapo1.js,1,29,estruturapo1.json,natanaelalvesf92-eng,2026-03-24 20:47:10,2026-03-24,20
prompt,2026-03-24 20:48:40,estruturapo1.js,1,30,estruturapo1.json,natanaelalvesf92-eng,2026-03-24 20:48:40,2026-03-24,20
parseFloat,2026-03-24 21:31:38,estruturapo1.js,2,16,estruturapo1.json,natanaelalvesf92-eng,2026-03-24 21:31:38,2026-03-24,21
prompt,2026-03-24 21:32:09,estruturapo1.js,2,29,estruturapo1.json,natanaelalvesf92-eng,2026-03-24 21:32:09,2026-03-24,21
while,2026-03-06 22:24:08,jogospan.js,2,1,jogospan.json,natanaelalvesf92-eng,2026-03-06 22:24:08,2026-03-06,22
Number,2026-02-24 21:58:12,exercicio_02.js,1,10,exercicio_02.json,natanaelalvesf92-eng,2026-02-24 21:58:12,2026-02-24,21
parseFloat,2026-02-24 21:58:31,exercicio_02.js,1,18,exercicio_02.json,natanaelalvesf92-eng,2026-02-24 21:58:31,2026-02-24,21
alert,2026-02-24 22:06:14,exercicio_02.js,5,1,exercicio_02.json,natanaelalvesf92-eng,2026-02-24 22:06:14,2026-02-24,22
E,2026-02-24 22:06:37,exercicio_02.js,5,15,exercicio_02.json,natanaelalvesf92-eng,2026-02-24 22:06:37,2026-02-24,22
E,2026-02-24 22:08:17,exercicio_02.js,5,39,exercicio_02.json,natanaelalvesf92-eng,2026-02-24 22:08:17,2026-02-24,22
parseFloat,2026-02-24 22:13:12,exercicio_02.js,1,13,exercicio_02.json,natanaelalvesf92-eng,2026-02-24 22:13:12,2026-02-24,22
parseInt,2026-02-24 22:13:23,exercicio_02.js,1,13,exercicio_02.json,natanaelalvesf92-eng,2026-02-24 22:13:23,2026-02-24,22
prompt,2026-02-24 22:13:39,exercicio_02.js,1,23,exercicio_02.json,natanaelalvesf92-eng,2026-02-24 22:13:39,2026-02-24,22
if,2026-02-24 22:14:37,exercicio_02.js,2,1,exercicio_02.json,natanaelalvesf92-eng,2026-02-24 22:14:37,2026-02-24,22
else,2026-02-24 22:15:49,exercicio_02.js,4,1,exercicio_02.json,natanaelalvesf92-eng,2026-02-24 22:15:49,2026-02-24,22
parseInt,2026-03-26 19:53:37,revisaovetor.js,2,13,revisaovetor.json,natanaelalvesf92-eng,2026-03-26 19:53:37,2026-03-26,19
prompt,2026-03-26 19:53:50,revisaovetor.js,2,22,revisaovetor.json,natanaelalvesf92-eng,2026-03-26 19:53:50,2026-03-26,19
for,2026-03-26 19:54:32,revisaovetor.js,3,1,revisaovetor.json,natanaelalvesf92-eng,2026-03-26 19:54:32,2026-03-26,19
parseInt,2026-03-26 20:00:21,revisaovetor.js,4,16,revisaovetor.json,natanaelalvesf92-eng,2026-03-26 20:00:21,2026-03-26,20
for,2026-03-26 20:02:04,revisaovetor.js,6,1,revisaovetor.json,natanaelalvesf92-eng,2026-03-26 20:02:04,2026-03-26,20
parseInt,2026-03-10 21:47:43,05.2.js,1,11,05.2.json,natanaelalvesf92-eng,2026-03-10 21:47:43,2026-03-10,21
while,2026-03-10 21:51:37,05.2.js,3,1,05.2.json,natanaelalvesf92-eng,2026-03-10 21:51:37,2026-03-10,21
alert,2026-03-10 21:53:15,05.2.js,6,5,05.2.json,natanaelalvesf92-eng,2026-03-10 21:53:15,2026-03-10,21
parseInt,2026-03-24 22:09:31,estruturapo2.js,1,13,estruturapo2.json,natanaelalvesf92-eng,2026-03-24 22:09:31,2026-03-24,22
prompt,2026-03-24 22:09:47,estruturapo2.js,1,22,estruturapo2.json,natanaelalvesf92-eng,2026-03-24 22:09:47,2026-03-24,22
parseFloat,2026-03-24 22:11:57,estruturapo2.js,2,19,estruturapo2.json,natanaelalvesf92-eng,2026-03-24 22:11:57,2026-03-24,22
alert,2026-03-24 22:26:54,estruturapo2.js,5,2,estruturapo2.json,natanaelalvesf92-eng,2026-03-24 22:26:54,2026-03-24,22
alert,2026-03-24 22:29:01,estruturapo2.js,4,5,estruturapo2.json,natanaelalvesf92-eng,2026-03-24 22:29:01,2026-03-24,22
alert,2026-03-10 19:54:02,06.js,6,3,06.json,natanaelalvesf92-eng,2026-03-10 19:54:02,2026-03-10,19
alert,2026-03-10 19:54:08,06.js,7,1,06.json,natanaelalvesf92-eng,2026-03-10 19:54:08,2026-03-10,19
parseInt,2026-03-03 20:55:47,04.js,1,13,04.json,natanaelalvesf92-eng,2026-03-03 20:55:47,2026-03-03,20
prompt,2026-03-03 20:55:50,04.js,1,22,04.json,natanaelalvesf92-eng,2026-03-03 20:55:50,2026-03-03,20
alert,2026-03-03 20:56:15,04.js,3,5,04.json,natanaelalvesf92-eng,2026-03-03 20:56:15,2026-03-03,20
E,2026-03-03 20:56:18,04.js,3,12,04.json,natanaelalvesf92-eng,2026-03-03 20:56:18,2026-03-03,20
else,2026-03-03 20:56:30,04.js,4,1,04.json,natanaelalvesf92-eng,2026-03-03 20:56:30,2026-03-03,20
alert,2026-03-03 20:56:35,04.js,5,5,04.json,natanaelalvesf92-eng,2026-03-03 20:56:35,2026-03-03,20
parseFloat,2026-03-26 22:27:32,funcaoidade.js,1,11,funcaoidade.json,natanaelalvesf92-eng,2026-03-26 22:27:32,2026-03-26,22
prompt,2026-03-26 22:28:16,funcaoidade.js,1,22,funcaoidade.json,natanaelalvesf92-eng,2026-03-26 22:28:16,2026-03-26,22
function,2026-03-26 22:29:45,funcaoidade.js,1,1,funcaoidade.json,natanaelalvesf92-eng,2026-03-26 22:29:45,2026-03-26,22
parseInt,2026-03-26 22:31:23,funcaoidade.js,4,9,funcaoidade.json,natanaelalvesf92-eng,2026-03-26 22:31:23,2026-03-26,22
prompt,2026-03-26 22:31:32,funcaoidade.js,4,18,funcaoidade.json,natanaelalvesf92-eng,2026-03-26 22:31:32,2026-03-26,22
if,2026-03-26 22:32:32,funcaoidade.js,5,1,funcaoidade.json,natanaelalvesf92-eng,2026-03-26 22:32:32,2026-03-26,22
parseInt,2026-03-27 19:39:46,funcaoidade.js,5,11,funcaoidade.json,natanaelalvesf92-eng,2026-03-27 19:39:46,2026-03-27,19
prompt,2026-03-27 19:40:22,funcaoidade.js,5,20,funcaoidade.json,natanaelalvesf92-eng,2026-03-27 19:40:22,2026-03-27,19
if,2026-03-27 19:41:29,funcaoidade.js,7,1,funcaoidade.json,natanaelalvesf92-eng,2026-03-27 19:41:29,2026-03-27,19
alert,2026-03-27 19:44:57,funcaoidade.js,8,5,funcaoidade.json,natanaelalvesf92-eng,2026-03-27 19:44:57,2026-03-27,19
else,2026-03-27 19:46:58,funcaoidade.js,9,1,funcaoidade.json,natanaelalvesf92-eng,2026-03-27 19:46:58,2026-03-27,19
alert,2026-03-27 19:47:12,funcaoidade.js,10,5,funcaoidade.json,natanaelalvesf92-eng,2026-03-27 19:47:12,2026-03-27,19
alert,2026-03-27 19:50:47,funcaoidade.js,6,1,funcaoidade.json,natanaelalvesf92-eng,2026-03-27 19:50:47,2026-03-27,19
parseFloat,2026-03-05 20:21:27,aprovacao.js,1,14,aprovacao.json,natanaelalvesf92-eng,2026-03-05 20:21:27,2026-03-05,20
parseFloat,2026-03-05 20:23:59,aprovacao.js,2,13,aprovacao.json,natanaelalvesf92-eng,2026-03-05 20:23:59,2026-03-05,20
else,2026-03-05 20:39:45,aprovacao.js,7,1,aprovacao.json,natanaelalvesf92-eng,2026-03-05 20:39:45,2026-03-05,20
alert,2026-03-05 20:40:51,aprovacao.js,8,5,aprovacao.json,natanaelalvesf92-eng,2026-03-05 20:40:51,2026-03-05,20
parseFloat,2026-03-05 21:27:39,aprovacao.js,9,22,aprovacao.json,natanaelalvesf92-eng,2026-03-05 21:27:39,2026-03-05,21
E,2026-03-05 21:29:37,aprovacao.js,9,10,aprovacao.json,natanaelalvesf92-eng,2026-03-05 21:29:37,2026-03-05,21
if,2026-03-05 21:34:02,aprovacao.js,11,5,aprovacao.json,natanaelalvesf92-eng,2026-03-05 21:34:02,2026-03-05,21
alert,2026-03-05 21:35:14,aprovacao.js,12,9,aprovacao.json,natanaelalvesf92-eng,2026-03-05 21:35:14,2026-03-05,21
else,2026-03-05 21:35:59,aprovacao.js,13,5,aprovacao.json,natanaelalvesf92-eng,2026-03-05 21:35:59,2026-03-05,21
alert,2026-03-05 21:42:05,aprovacao.js,17,23,aprovacao.json,natanaelalvesf92-eng,2026-03-05 21:42:05,2026-03-05,21
else,2026-03-05 21:42:07,aprovacao.js,17,5,aprovacao.json,natanaelalvesf92-eng,2026-03-05 21:42:07,2026-03-05,21
else,2026-03-05 21:42:08,aprovacao.js,16,2,aprovacao.json,natanaelalvesf92-eng,2026-03-05 21:42:08,2026-03-05,21
alert,2026-03-05 21:42:08,aprovacao.js,14,5,aprovacao.json,natanaelalvesf92-eng,2026-03-05 21:42:08,2026-03-05,21
if,2026-03-05 21:42:08,aprovacao.js,13,9,aprovacao.json,natanaelalvesf92-eng,2026-03-05 21:42:08,2026-03-05,21
parseFloat,2026-03-05 21:42:08,aprovacao.js,11,20,aprovacao.json,natanaelalvesf92-eng,2026-03-05 21:42:08,2026-03-05,21
alert,2026-03-05 21:42:09,aprovacao.js,10,5,aprovacao.json,natanaelalvesf92-eng,2026-03-05 21:42:09,2026-03-05,21
else,2026-03-05 21:42:09,aprovacao.js,9,5,aprovacao.json,natanaelalvesf92-eng,2026-03-05 21:42:09,2026-03-05,21
if,2026-03-05 21:42:09,aprovacao.js,9,10,aprovacao.json,natanaelalvesf92-eng,2026-03-05 21:42:09,2026-03-05,21
alert,2026-03-05 21:42:09,aprovacao.js,7,28,aprovacao.json,natanaelalvesf92-eng,2026-03-05 21:42:09,2026-03-05,21
if,2026-03-05 21:42:09,aprovacao.js,7,5,aprovacao.json,natanaelalvesf92-eng,2026-03-05 21:42:09,2026-03-05,21
alert,2026-03-05 21:42:09,aprovacao.js,6,1,aprovacao.json,natanaelalvesf92-eng,2026-03-05 21:42:09,2026-03-05,21
let,2026-03-05 21:42:10,aprovacao.js,5,1,aprovacao.json,natanaelalvesf92-eng,2026-03-05 21:42:10,2026-03-05,21
let,2026-03-05 21:42:10,aprovacao.js,4,1,aprovacao.json,natanaelalvesf92-eng,2026-03-05 21:42:10,2026-03-05,21
parseFloat,2026-03-05 21:42:10,aprovacao.js,4,13,aprovacao.json,natanaelalvesf92-eng,2026-03-05 21:42:10,2026-03-05,21
prompt,2026-03-05 21:42:10,aprovacao.js,4,25,aprovacao.json,natanaelalvesf92-eng,2026-03-05 21:42:10,2026-03-05,21
let,2026-03-05 21:42:10,aprovacao.js,3,1,aprovacao.json,natanaelalvesf92-eng,2026-03-05 21:42:10,2026-03-05,21
parseFloat,2026-03-05 21:42:10,aprovacao.js,3,13,aprovacao.json,natanaelalvesf92-eng,2026-03-05 21:42:10,2026-03-05,21
parseFloat,2026-03-06 20:09:33,aprovacao.js,18,21,aprovacao.json,natanaelalvesf92-eng,2026-03-06 20:09:33,2026-03-06,20
if,2026-03-06 20:16:19,aprovacao.js,20,5,aprovacao.json,natanaelalvesf92-eng,2026-03-06 20:16:19,2026-03-06,20
alert,2026-03-06 20:17:26,aprovacao.js,21,9,aprovacao.json,natanaelalvesf92-eng,2026-03-06 20:17:26,2026-03-06,20
alert,2026-03-20 19:47:08,espalhamento-minimo.js,2,1,espalhamento-minimo.json,natanaelalvesf92-eng,2026-03-20 19:47:08,2026-03-20,19
Math,2026-03-20 19:47:41,espalhamento-minimo.js,2,7,espalhamento-minimo.json,natanaelalvesf92-eng,2026-03-20 19:47:41,2026-03-20,19
max,2026-03-20 19:54:23,espalhamento-minimo.js,2,12,espalhamento-minimo.json,natanaelalvesf92-eng,2026-03-20 19:54:23,2026-03-20,19
parseInt,2026-03-06 21:55:03,decremento.js,1,13,decremento.json,natanaelalvesf92-eng,2026-03-06 21:55:03,2026-03-06,21
while,2026-03-06 21:58:13,decremento.js,2,1,decremento.json,natanaelalvesf92-eng,2026-03-06 21:58:13,2026-03-06,21
while,2026-03-06 22:00:14,decremento.js,2,1,decremento.json,natanaelalvesf92-eng,2026-03-06 22:00:14,2026-03-06,22
alert,2026-03-19 22:28:55,espalhamento.js,2,1,espalhamento.json,natanaelalvesf92-eng,2026-03-19 22:28:55,2026-03-19,22
Math,2026-03-19 22:29:13,espalhamento.js,2,7,espalhamento.json,natanaelalvesf92-eng,2026-03-19 22:29:13,2026-03-19,22
max,2026-03-19 22:29:21,espalhamento.js,2,12,espalhamento.json,natanaelalvesf92-eng,2026-03-19 22:29:21,2026-03-19,22
parseInt,2026-03-26 20:22:50,funcaovetor.js,2,15,funcaovetor.json,natanaelalvesf92-eng,2026-03-26 20:22:50,2026-03-26,20
prompt,2026-03-26 20:23:13,funcaovetor.js,2,24,funcaovetor.json,natanaelalvesf92-eng,2026-03-26 20:23:13,2026-03-26,20
return,2026-03-26 20:28:19,funcaovetor.js,3,1,funcaovetor.json,natanaelalvesf92-eng,2026-03-26 20:28:19,2026-03-26,20
parseInt,2026-03-26 20:31:20,funcaovetor.js,4,5,funcaovetor.json,natanaelalvesf92-eng,2026-03-26 20:31:20,2026-03-26,20
parseInt,2026-03-26 20:33:59,funcaovetor.js,4,15,funcaovetor.json,natanaelalvesf92-eng,2026-03-26 20:33:59,2026-03-26,20
prompt,2026-03-26 20:34:10,funcaovetor.js,4,24,funcaovetor.json,natanaelalvesf92-eng,2026-03-26 20:34:10,2026-03-26,20
parseInt,2026-03-26 20:35:24,funcaovetor.js,4,12,funcaovetor.json,natanaelalvesf92-eng,2026-03-26 20:35:24,2026-03-26,20
parseInt,2026-03-26 20:48:59,funcaovetor.js,2,13,funcaovetor.json,natanaelalvesf92-eng,2026-03-26 20:48:59,2026-03-26,20
prompt,2026-03-26 20:49:13,funcaovetor.js,2,22,funcaovetor.json,natanaelalvesf92-eng,2026-03-26 20:49:13,2026-03-26,20
for,2026-03-26 20:50:58,funcaovetor.js,4,5,funcaovetor.json,natanaelalvesf92-eng,2026-03-26 20:50:58,2026-03-26,20
parseInt,2026-03-26 20:52:59,funcaovetor.js,5,19,funcaovetor.json,natanaelalvesf92-eng,2026-03-26 20:52:59,2026-03-26,20
prompt,2026-03-26 20:53:14,funcaovetor.js,5,28,funcaovetor.json,natanaelalvesf92-eng,2026-03-26 20:53:14,2026-03-26,20
for,2026-03-26 21:17:37,funcaovetor.js,10,5,funcaovetor.json,natanaelalvesf92-eng,2026-03-26 21:17:37,2026-03-26,21
do,2026-03-06 20:53:46,aprovacao2.js,1,1,aprovacao2.json,natanaelalvesf92-eng,2026-03-06 20:53:46,2026-03-06,20
var,2026-03-06 20:53:46,aprovacao2.js,2,5,aprovacao2.json,natanaelalvesf92-eng,2026-03-06 20:53:46,2026-03-06,20
var,2026-03-06 20:53:46,aprovacao2.js,2,5,aprovacao2.json,natanaelalvesf92-eng,2026-03-06 20:53:46,2026-03-06,20
parseFloat,2026-03-06 20:53:46,aprovacao2.js,3,16,aprovacao2.json,natanaelalvesf92-eng,2026-03-06 20:53:46,2026-03-06,20
prompt,2026-03-06 20:53:46,aprovacao2.js,3,27,aprovacao2.json,natanaelalvesf92-eng,2026-03-06 20:53:46,2026-03-06,20
var,2026-03-06 20:53:46,aprovacao2.js,2,5,aprovacao2.json,natanaelalvesf92-eng,2026-03-06 20:53:46,2026-03-06,20
parseFloat,2026-03-06 20:53:46,aprovacao2.js,3,16,aprovacao2.json,natanaelalvesf92-eng,2026-03-06 20:53:46,2026-03-06,20
prompt,2026-03-06 20:53:46,aprovacao2.js,3,27,aprovacao2.json,natanaelalvesf92-eng,2026-03-06 20:53:46,2026-03-06,20
var,2026-03-06 20:53:46,aprovacao2.js,2,5,aprovacao2.json,natanaelalvesf92-eng,2026-03-06 20:53:46,2026-03-06,20
alert,2026-03-06 20:53:46,aprovacao2.js,6,3,aprovacao2.json,natanaelalvesf92-eng,2026-03-06 20:53:46,2026-03-06,20
if,2026-03-06 20:53:46,aprovacao2.js,7,1,aprovacao2.json,natanaelalvesf92-eng,2026-03-06 20:53:46,2026-03-06,20
alert,2026-03-06 20:53:46,aprovacao2.js,6,3,aprovacao2.json,natanaelalvesf92-eng,2026-03-06 20:53:46,2026-03-06,20
else,2026-03-06 20:53:46,aprovacao2.js,11,1,aprovacao2.json,natanaelalvesf92-eng,2026-03-06 20:53:46,2026-03-06,20
if,2026-03-06 20:53:46,aprovacao2.js,7,1,aprovacao2.json,natanaelalvesf92-eng,2026-03-06 20:53:46,2026-03-06,20
alert,2026-03-06 20:53:46,aprovacao2.js,6,3,aprovacao2.json,natanaelalvesf92-eng,2026-03-06 20:53:46,2026-03-06,20
parseFloat,2026-03-06 20:53:46,aprovacao2.js,3,16,aprovacao2.json,natanaelalvesf92-eng,2026-03-06 20:53:46,2026-03-06,20
prompt,2026-03-06 20:53:46,aprovacao2.js,3,27,aprovacao2.json,natanaelalvesf92-eng,2026-03-06 20:53:46,2026-03-06,20
if,2026-03-06 20:53:46,aprovacao2.js,7,1,aprovacao2.json,natanaelalvesf92-eng,2026-03-06 20:53:46,2026-03-06,20
alert,2026-03-06 20:53:46,aprovacao2.js,6,3,aprovacao2.json,natanaelalvesf92-eng,2026-03-06 20:53:46,2026-03-06,20
else,2026-03-06 20:53:46,aprovacao2.js,11,1,aprovacao2.json,natanaelalvesf92-eng,2026-03-06 20:53:46,2026-03-06,20
alert,2026-03-06 20:53:46,aprovacao2.js,6,3,aprovacao2.json,natanaelalvesf92-eng,2026-03-06 20:53:46,2026-03-06,20
else,2026-03-06 20:53:46,aprovacao2.js,11,1,aprovacao2.json,natanaelalvesf92-eng,2026-03-06 20:53:46,2026-03-06,20
alert,2026-03-06 20:53:46,aprovacao2.js,6,3,aprovacao2.json,natanaelalvesf92-eng,2026-03-06 20:53:46,2026-03-06,20
while,2026-03-06 20:53:46,aprovacao2.js,29,2,aprovacao2.json,natanaelalvesf92-eng,2026-03-06 20:53:46,2026-03-06,20
alert,2026-03-06 20:53:46,aprovacao2.js,6,3,aprovacao2.json,natanaelalvesf92-eng,2026-03-06 20:53:46,2026-03-06,20
var,2026-03-06 21:33:11,aprovacao2.js,2,96,aprovacao2.json,natanaelalvesf92-eng,2026-03-06 21:33:11,2026-03-06,21
var,2026-03-06 21:36:10,aprovacao2.js,1,1,aprovacao2.json,natanaelalvesf92-eng,2026-03-06 21:36:10,2026-03-06,21
var,2026-03-06 21:36:12,aprovacao2.js,2,1,aprovacao2.json,natanaelalvesf92-eng,2026-03-06 21:36:12,2026-03-06,21
var,2026-03-06 21:36:15,aprovacao2.js,1,1,aprovacao2.json,natanaelalvesf92-eng,2026-03-06 21:36:15,2026-03-06,21
do,2026-03-06 21:36:15,aprovacao2.js,2,1,aprovacao2.json,natanaelalvesf92-eng,2026-03-06 21:36:15,2026-03-06,21
do,2026-03-06 21:36:28,aprovacao2.js,4,4,aprovacao2.json,natanaelalvesf92-eng,2026-03-06 21:36:28,2026-03-06,21
var,2026-03-06 21:36:30,aprovacao2.js,3,1,aprovacao2.json,natanaelalvesf92-eng,2026-03-06 21:36:30,2026-03-06,21
if,2026-03-03 20:30:10,exercicio_4.js,2,1,exercicio_4.json,natanaelalvesf92-eng,2026-03-03 20:30:10,2026-03-03,20
toExponential,2026-03-03 20:30:31,exercicio_4.js,2,11,exercicio_4.json,natanaelalvesf92-eng,2026-03-03 20:30:31,2026-03-03,20
console,2026-03-03 20:37:59,exercicio_4.js,5,5,exercicio_4.json,natanaelalvesf92-eng,2026-03-03 20:37:59,2026-03-03,20
parseInt,2026-03-03 20:42:25,exercicio_4.js,1,6,exercicio_4.json,natanaelalvesf92-eng,2026-03-03 20:42:25,2026-03-03,20
prompt,2026-03-03 20:42:42,exercicio_4.js,1,16,exercicio_4.json,natanaelalvesf92-eng,2026-03-03 20:42:42,2026-03-03,20
alert,2026-03-03 20:51:25,exercicio_4.js,3,1,exercicio_4.json,natanaelalvesf92-eng,2026-03-03 20:51:25,2026-03-03,20
if,2026-03-03 20:52:05,exercicio_4.js,2,1,exercicio_4.json,natanaelalvesf92-eng,2026-03-03 20:52:05,2026-03-03,20
alert,2026-03-03 20:52:25,exercicio_4.js,3,5,exercicio_4.json,natanaelalvesf92-eng,2026-03-03 20:52:25,2026-03-03,20
E,2026-03-03 20:52:33,exercicio_4.js,3,12,exercicio_4.json,natanaelalvesf92-eng,2026-03-03 20:52:33,2026-03-03,20
alert,2026-03-03 20:52:49,exercicio_4.js,6,5,exercicio_4.json,natanaelalvesf92-eng,2026-03-03 20:52:49,2026-03-03,20
E,2026-03-03 20:52:52,exercicio_4.js,6,12,exercicio_4.json,natanaelalvesf92-eng,2026-03-03 20:52:52,2026-03-03,20
parseFloat,2026-02-24 21:33:38,Exercicio_01.js,1,12,Exercicio_01.json,natanaelalvesf92-eng,2026-02-24 21:33:38,2026-02-24,21
let,2026-02-24 22:11:26,Exercicio_01.js,1,1,Exercicio_01.json,natanaelalvesf92-eng,2026-02-24 22:11:26,2026-02-24,22
Number,2026-02-24 22:11:26,Exercicio_01.js,1,10,Exercicio_01.json,natanaelalvesf92-eng,2026-02-24 22:11:26,2026-02-24,22
prompt,2026-02-24 22:11:26,Exercicio_01.js,1,18,Exercicio_01.json,natanaelalvesf92-eng,2026-02-24 22:11:26,2026-02-24,22
let,2026-02-24 22:11:26,Exercicio_01.js,1,1,Exercicio_01.json,natanaelalvesf92-eng,2026-02-24 22:11:26,2026-02-24,22
prompt,2026-02-24 22:11:26,Exercicio_01.js,1,18,Exercicio_01.json,natanaelalvesf92-eng,2026-02-24 22:11:26,2026-02-24,22
let,2026-02-24 22:11:26,Exercicio_01.js,1,1,Exercicio_01.json,natanaelalvesf92-eng,2026-02-24 22:11:26,2026-02-24,22
let,2026-02-24 22:11:26,Exercicio_01.js,1,1,Exercicio_01.json,natanaelalvesf92-eng,2026-02-24 22:11:26,2026-02-24,22
alert,2026-02-24 22:11:26,Exercicio_01.js,5,1,Exercicio_01.json,natanaelalvesf92-eng,2026-02-24 22:11:26,2026-02-24,22
if,2026-03-10 20:31:41,Exercicio_01.js,6,1,Exercicio_01.json,natanaelalvesf92-eng,2026-03-10 20:31:41,2026-03-10,20
parseInt,2026-03-05 21:54:27,time.js,1,12,time.json,natanaelalvesf92-eng,2026-03-05 21:54:27,2026-03-05,21
while,2026-03-05 22:09:28,time.js,3,2,time.json,natanaelalvesf92-eng,2026-03-05 22:09:28,2026-03-05,22
E,2026-03-05 22:09:40,time.js,3,20,time.json,natanaelalvesf92-eng,2026-03-05 22:09:40,2026-03-05,22
toUpperCase,2026-03-05 22:09:57,time.js,2,37,time.json,natanaelalvesf92-eng,2026-03-05 22:09:57,2026-03-05,22
parseInt,2026-03-13 19:57:22,tabuada.js,3,14,tabuada.json,natanaelalvesf92-eng,2026-03-13 19:57:22,2026-03-13,19
prompt,2026-03-13 19:57:35,tabuada.js,3,23,tabuada.json,natanaelalvesf92-eng,2026-03-13 19:57:35,2026-03-13,19
for,2026-03-13 20:03:57,tabuada.js,7,1,tabuada.json,natanaelalvesf92-eng,2026-03-13 20:03:57,2026-03-13,20
alert,2026-03-19 21:46:19,maiordetres.js,2,1,maiordetres.json,natanaelalvesf92-eng,2026-03-19 21:46:19,2026-03-19,21
if,2026-03-19 21:52:29,maiordetres.js,6,1,maiordetres.json,natanaelalvesf92-eng,2026-03-19 21:52:29,2026-03-19,21
alert,2026-03-19 21:54:53,maiordetres.js,7,5,maiordetres.json,natanaelalvesf92-eng,2026-03-19 21:54:53,2026-03-19,21
if,2026-03-19 22:02:04,maiordetres.js,2,2,maiordetres.json,natanaelalvesf92-eng,2026-03-19 22:02:04,2026-03-19,22
alert,2026-03-19 22:05:37,maiordetres.js,3,5,maiordetres.json,natanaelalvesf92-eng,2026-03-19 22:05:37,2026-03-19,22
if,2026-03-19 22:06:07,maiordetres.js,4,6,maiordetres.json,natanaelalvesf92-eng,2026-03-19 22:06:07,2026-03-19,22
alert,2026-03-19 22:07:33,maiordetres.js,5,5,maiordetres.json,natanaelalvesf92-eng,2026-03-19 22:07:33,2026-03-19,22
if,2026-03-19 22:08:39,maiordetres.js,6,6,maiordetres.json,natanaelalvesf92-eng,2026-03-19 22:08:39,2026-03-19,22
alert,2026-03-19 22:09:55,maiordetres.js,7,5,maiordetres.json,natanaelalvesf92-eng,2026-03-19 22:09:55,2026-03-19,22
else,2026-03-19 22:10:23,maiordetres.js,8,1,maiordetres.json,natanaelalvesf92-eng,2026-03-19 22:10:23,2026-03-19,22
alert,2026-03-19 22:10:36,maiordetres.js,9,5,maiordetres.json,natanaelalvesf92-eng,2026-03-19 22:10:36,2026-03-19,22
alert,2026-03-20 20:37:29,troca.js,6,1,troca.json,natanaelalvesf92-eng,2026-03-20 20:37:29,2026-03-20,20
parseFloat,2026-03-03 21:27:19,05.js,1,15,05.json,natanaelalvesf92-eng,2026-03-03 21:27:19,2026-03-03,21
parseFloat,2026-03-03 21:32:31,05.js,2,19,05.json,natanaelalvesf92-eng,2026-03-03 21:32:31,2026-03-03,21
parseInt,2026-02-27 20:02:02,domingos.js,2,8,domingos.json,ketilaAnjos,2026-02-27 20:02:02,2026-02-27,20
parseInt,2026-02-27 20:02:52,domingos.js,3,11,domingos.json,ketilaAnjos,2026-02-27 20:02:52,2026-02-27,20
E,2026-02-27 20:03:03,domingos.js,3,28,domingos.json,ketilaAnjos,2026-02-27 20:03:03,2026-02-27,20
for,2026-02-27 20:03:32,domingos.js,4,1,domingos.json,ketilaAnjos,2026-02-27 20:03:32,2026-02-27,20
for,2026-02-27 20:06:08,domingos.js,4,1,domingos.json,ketilaAnjos,2026-02-27 20:06:08,2026-02-27,20
for,2026-02-27 20:07:04,domingos.js,4,1,domingos.json,ketilaAnjos,2026-02-27 20:07:04,2026-02-27,20
for,2026-02-27 20:11:27,domingos.js,4,1,domingos.json,ketilaAnjos,2026-02-27 20:11:27,2026-02-27,20
for,2026-02-27 20:49:45,domingos.js,7,1,domingos.json,ketilaAnjos,2026-02-27 20:49:45,2026-02-27,20
for,2026-02-27 22:24:25,domingos.js,11,1,domingos.json,ketilaAnjos,2026-02-27 22:24:25,2026-02-27,22
alert,2026-02-27 22:26:30,domingos.js,14,1,domingos.json,ketilaAnjos,2026-02-27 22:26:30,2026-02-27,22
parseInt,2026-03-12 20:03:36,vaquinha.js,3,15,vaquinha.json,ketilaAnjos,2026-03-12 20:03:36,2026-03-12,20
parseFloat,2026-03-12 20:05:45,vaquinha.js,5,16,vaquinha.json,ketilaAnjos,2026-03-12 20:05:45,2026-03-12,20
alert,2026-03-12 20:06:57,vaquinha.js,8,1,vaquinha.json,ketilaAnjos,2026-03-12 20:06:57,2026-03-12,20
for,2026-03-12 20:10:19,vaquinha.js,9,1,vaquinha.json,ketilaAnjos,2026-03-12 20:10:19,2026-03-12,20
for,2026-03-24 20:33:29,exercicio3.js,3,1,exercicio3.json,ketilaAnjos,2026-03-24 20:33:29,2026-03-24,20
E,2026-03-24 20:34:27,exercicio3.js,4,2,exercicio3.json,ketilaAnjos,2026-03-24 20:34:27,2026-03-24,20
E,2026-03-24 20:34:28,exercicio3.js,4,7,exercicio3.json,ketilaAnjos,2026-03-24 20:34:28,2026-03-24,20
E,2026-03-24 20:34:38,exercicio3.js,4,15,exercicio3.json,ketilaAnjos,2026-03-24 20:34:38,2026-03-24,20
E,2026-03-24 20:34:47,exercicio3.js,4,2,exercicio3.json,ketilaAnjos,2026-03-24 20:34:47,2026-03-24,20
alert,2026-03-24 20:36:48,exercicio3.js,7,1,exercicio3.json,ketilaAnjos,2026-03-24 20:36:48,2026-03-24,20
toFixed,2026-03-24 20:37:23,exercicio3.js,7,26,exercicio3.json,ketilaAnjos,2026-03-24 20:37:23,2026-03-24,20
for,2026-03-10 20:42:07,atividade5.js,2,1,atividade5.json,ketilaAnjos,2026-03-10 20:42:07,2026-03-10,20
function,2026-03-25 21:18:21,funcaosoma.js,1,1,funcaosoma.json,ketilaAnjos,2026-03-25 21:18:21,2026-03-25,21
prompt,2026-03-25 21:20:07,funcaosoma.js,4,18,funcaosoma.json,ketilaAnjos,2026-03-25 21:20:07,2026-03-25,21
alert,2026-03-25 21:20:57,funcaosoma.js,6,1,funcaosoma.json,ketilaAnjos,2026-03-25 21:20:57,2026-03-25,21
for,2026-03-25 21:35:07,funcaosoma.js,5,1,funcaosoma.json,ketilaAnjos,2026-03-25 21:35:07,2026-03-25,21
if,2026-03-25 21:35:30,funcaosoma.js,5,1,funcaosoma.json,ketilaAnjos,2026-03-25 21:35:30,2026-03-25,21
alert,2026-03-25 21:36:46,funcaosoma.js,6,5,funcaosoma.json,ketilaAnjos,2026-03-25 21:36:46,2026-03-25,21
alert,2026-03-25 21:39:14,funcaosoma.js,7,5,funcaosoma.json,ketilaAnjos,2026-03-25 21:39:14,2026-03-25,21
function,2026-03-25 21:42:24,funcaosoma.js,7,1,funcaosoma.json,ketilaAnjos,2026-03-25 21:42:24,2026-03-25,21
switch,2026-03-25 21:47:35,funcaosoma.js,16,1,funcaosoma.json,ketilaAnjos,2026-03-25 21:47:35,2026-03-25,21
alert,2026-03-25 21:49:34,funcaosoma.js,18,5,funcaosoma.json,ketilaAnjos,2026-03-25 21:49:34,2026-03-25,21
break,2026-03-25 21:49:46,funcaosoma.js,18,22,funcaosoma.json,ketilaAnjos,2026-03-25 21:49:46,2026-03-25,21
alert,2026-03-25 21:50:19,funcaosoma.js,20,5,funcaosoma.json,ketilaAnjos,2026-03-25 21:50:19,2026-03-25,21
break,2026-03-25 21:50:42,funcaosoma.js,20,27,funcaosoma.json,ketilaAnjos,2026-03-25 21:50:42,2026-03-25,21
alert,2026-03-25 21:51:01,funcaosoma.js,22,5,funcaosoma.json,ketilaAnjos,2026-03-25 21:51:01,2026-03-25,21
break,2026-03-25 21:51:46,funcaosoma.js,22,31,funcaosoma.json,ketilaAnjos,2026-03-25 21:51:46,2026-03-25,21
alert,2026-03-25 21:52:06,funcaosoma.js,24,5,funcaosoma.json,ketilaAnjos,2026-03-25 21:52:06,2026-03-25,21
break,2026-03-25 21:52:59,funcaosoma.js,24,25,funcaosoma.json,ketilaAnjos,2026-03-25 21:52:59,2026-03-25,21
toFixed,2026-03-25 21:53:36,funcaosoma.js,24,24,funcaosoma.json,ketilaAnjos,2026-03-25 21:53:36,2026-03-25,21
alert,2026-03-25 21:54:07,funcaosoma.js,26,9,funcaosoma.json,ketilaAnjos,2026-03-25 21:54:07,2026-03-25,21
for,2026-03-12 21:37:41,vetorpar_impar.js,4,1,vetorpar_impar.json,ketilaAnjos,2026-03-12 21:37:41,2026-03-12,21
if,2026-03-12 21:40:22,vetorpar_impar.js,6,5,vetorpar_impar.json,ketilaAnjos,2026-03-12 21:40:22,2026-03-12,21
if,2026-03-12 21:47:16,vetorpar_impar.js,9,5,vetorpar_impar.json,ketilaAnjos,2026-03-12 21:47:16,2026-03-12,21
else,2026-03-12 21:47:45,vetorpar_impar.js,12,1,vetorpar_impar.json,ketilaAnjos,2026-03-12 21:47:45,2026-03-12,21
else,2026-03-12 21:49:30,vetorpar_impar.js,13,5,vetorpar_impar.json,ketilaAnjos,2026-03-12 21:49:30,2026-03-12,21
alert,2026-03-12 21:50:47,vetorpar_impar.js,13,6,vetorpar_impar.json,ketilaAnjos,2026-03-12 21:50:47,2026-03-12,21
for,2026-03-12 22:10:36,vetorpar_impar.js,15,1,vetorpar_impar.json,ketilaAnjos,2026-03-12 22:10:36,2026-03-12,22
alert,2026-03-20 19:50:59,espalhamentominimo.js,2,1,espalhamentominimo.json,ketilaAnjos,2026-03-20 19:50:59,2026-03-20,19
Math,2026-03-20 19:51:05,espalhamentominimo.js,2,7,espalhamentominimo.json,ketilaAnjos,2026-03-20 19:51:05,2026-03-20,19
min,2026-03-20 19:51:08,espalhamentominimo.js,2,12,espalhamentominimo.json,ketilaAnjos,2026-03-20 19:51:08,2026-03-20,19
for,2026-02-20 21:47:01,jogos.js,1,1,jogos.json,ketilaAnjos,2026-02-20 21:47:01,2026-02-20,21
for,2026-02-26 19:43:00,jogos.js,3,1,jogos.json,ketilaAnjos,2026-02-26 19:43:00,2026-02-26,19
alert,2026-02-26 20:26:54,jogos.js,5,5,jogos.json,ketilaAnjos,2026-02-26 20:26:54,2026-02-26,20
alert,2026-02-26 20:27:47,jogos.js,6,5,jogos.json,ketilaAnjos,2026-02-26 20:27:47,2026-02-26,20
alert,2026-02-26 20:29:06,jogos.js,12,5,jogos.json,ketilaAnjos,2026-02-26 20:29:06,2026-02-26,20
alert,2026-02-26 20:33:04,jogos.js,10,5,jogos.json,ketilaAnjos,2026-02-26 20:33:04,2026-02-26,20
alert,2026-02-26 20:38:50,jogos.js,12,5,jogos.json,ketilaAnjos,2026-02-26 20:38:50,2026-02-26,20
alert,2026-02-26 20:40:23,jogos.js,6,5,jogos.json,ketilaAnjos,2026-02-26 20:40:23,2026-02-26,20
alert,2026-02-26 20:42:44,jogos.js,6,5,jogos.json,ketilaAnjos,2026-02-26 20:42:44,2026-02-26,20
alert,2026-03-19 22:14:42,maiorde3math.js,2,1,maiorde3math.json,ketilaAnjos,2026-03-19 22:14:42,2026-03-19,22
Math,2026-03-19 22:14:49,maiorde3math.js,2,7,maiorde3math.json,ketilaAnjos,2026-03-19 22:14:49,2026-03-19,22
max,2026-03-19 22:15:15,maiorde3math.js,2,12,maiorde3math.json,ketilaAnjos,2026-03-19 22:15:15,2026-03-19,22
prompt,2026-02-24 21:19:23,exercicio_01.js,1,15,exercicio_01.json,ketilaAnjos,2026-02-24 21:19:23,2026-02-24,21
parseInt,2026-02-24 21:20:47,exercicio_01.js,1,15,exercicio_01.json,ketilaAnjos,2026-02-24 21:20:47,2026-02-24,21
alert,2026-02-24 21:24:14,exercicio_01.js,5,1,exercicio_01.json,ketilaAnjos,2026-02-24 21:24:14,2026-02-24,21
parseInt,2026-02-26 22:06:29,par_impar.js,1,15,par_impar.json,ketilaAnjos,2026-02-26 22:06:29,2026-02-26,22
if,2026-02-26 22:14:32,par_impar.js,4,1,par_impar.json,ketilaAnjos,2026-02-26 22:14:32,2026-02-26,22
if,2026-02-26 22:14:40,par_impar.js,4,1,par_impar.json,ketilaAnjos,2026-02-26 22:14:40,2026-02-26,22
parseInt,2026-02-26 22:17:17,par_impar.js,2,15,par_impar.json,ketilaAnjos,2026-02-26 22:17:17,2026-02-26,22
for,2026-02-26 22:22:12,par_impar.js,4,1,par_impar.json,ketilaAnjos,2026-02-26 22:22:12,2026-02-26,22
parseInt,2026-02-26 22:23:06,par_impar.js,4,15,par_impar.json,ketilaAnjos,2026-02-26 22:23:06,2026-02-26,22
prompt,2026-02-26 22:23:06,par_impar.js,4,24,par_impar.json,ketilaAnjos,2026-02-26 22:23:06,2026-02-26,22
if,2026-02-26 22:23:18,par_impar.js,5,5,par_impar.json,ketilaAnjos,2026-02-26 22:23:18,2026-02-26,22
else,2026-02-26 22:24:21,par_impar.js,8,2,par_impar.json,ketilaAnjos,2026-02-26 22:24:21,2026-02-26,22
alert,2026-02-26 22:24:41,par_impar.js,10,1,par_impar.json,ketilaAnjos,2026-02-26 22:24:41,2026-02-26,22
alert,2026-03-20 19:45:10,espalhamentominino.js,2,1,espalhamentominino.json,ketilaAnjos,2026-03-20 19:45:10,2026-03-20,19
Math,2026-03-20 19:45:23,espalhamentominino.js,2,7,espalhamentominino.json,ketilaAnjos,2026-03-20 19:45:23,2026-03-20,19
min,2026-03-20 19:45:27,espalhamentominino.js,2,12,espalhamentominino.json,ketilaAnjos,2026-03-20 19:45:27,2026-03-20,19
min,2026-03-20 19:45:40,espalhamentominino.js,2,12,espalhamentominino.json,ketilaAnjos,2026-03-20 19:45:40,2026-03-20,19
if,2026-03-10 20:36:12,atividade4.js,5,5,atividade4.json,ketilaAnjos,2026-03-10 20:36:12,2026-03-10,20
break,2026-03-10 20:37:29,atividade4.js,6,9,atividade4.json,ketilaAnjos,2026-03-10 20:37:29,2026-03-10,20
push,2026-03-10 20:38:11,atividade4.js,7,17,atividade4.json,ketilaAnjos,2026-03-10 20:38:11,2026-03-10,20
while,2026-03-10 20:38:37,atividade4.js,9,1,atividade4.json,ketilaAnjos,2026-03-10 20:38:37,2026-03-10,20
alert,2026-03-10 20:39:31,atividade4.js,10,5,atividade4.json,ketilaAnjos,2026-03-10 20:39:31,2026-03-10,20
parseInt,2026-03-26 19:35:28,revisaovetor.js,2,12,revisaovetor.json,ketilaAnjos,2026-03-26 19:35:28,2026-03-26,19
prompt,2026-03-26 19:35:34,revisaovetor.js,2,21,revisaovetor.json,ketilaAnjos,2026-03-26 19:35:34,2026-03-26,19
parseInt,2026-03-26 19:37:10,revisaovetor.js,1,16,revisaovetor.json,ketilaAnjos,2026-03-26 19:37:10,2026-03-26,19
alert,2026-03-26 19:38:56,revisaovetor.js,4,1,revisaovetor.json,ketilaAnjos,2026-03-26 19:38:56,2026-03-26,19
alert,2026-03-26 19:43:26,revisaovetor.js,5,5,revisaovetor.json,ketilaAnjos,2026-03-26 19:43:26,2026-03-26,19
parseInt,2026-03-26 19:45:57,revisaovetor.js,4,13,revisaovetor.json,ketilaAnjos,2026-03-26 19:45:57,2026-03-26,19
prompt,2026-03-26 19:45:57,revisaovetor.js,4,22,revisaovetor.json,ketilaAnjos,2026-03-26 19:45:57,2026-03-26,19
let,2026-03-26 19:52:43,revisaovetor.js,2,1,revisaovetor.json,ketilaAnjos,2026-03-26 19:52:43,2026-03-26,19
parseInt,2026-03-26 19:52:43,revisaovetor.js,2,16,revisaovetor.json,ketilaAnjos,2026-03-26 19:52:43,2026-03-26,19
prompt,2026-03-26 19:52:43,revisaovetor.js,2,25,revisaovetor.json,ketilaAnjos,2026-03-26 19:52:43,2026-03-26,19
for,2026-03-26 19:56:06,revisaovetor.js,7,1,revisaovetor.json,ketilaAnjos,2026-03-26 19:56:06,2026-03-26,19
parseInt,2026-03-24 20:43:23,exercicio5.js,1,14,exercicio5.json,ketilaAnjos,2026-03-24 20:43:23,2026-03-24,20
for,2026-03-24 20:45:20,exercicio5.js,3,1,exercicio5.json,ketilaAnjos,2026-03-24 20:45:20,2026-03-24,20
parseFloat,2026-03-24 20:48:29,exercicio5.js,4,14,exercicio5.json,ketilaAnjos,2026-03-24 20:48:29,2026-03-24,20
if,2026-03-24 21:24:35,exercicio5.js,8,1,exercicio5.json,ketilaAnjos,2026-03-24 21:24:35,2026-03-24,21
alert,2026-03-24 21:24:59,exercicio5.js,9,5,exercicio5.json,ketilaAnjos,2026-03-24 21:24:59,2026-03-24,21
toFixed,2026-03-24 21:25:28,exercicio5.js,9,31,exercicio5.json,ketilaAnjos,2026-03-24 21:25:28,2026-03-24,21
alert,2026-03-24 21:26:29,exercicio5.js,11,5,exercicio5.json,ketilaAnjos,2026-03-24 21:26:29,2026-03-24,21
toFixed,2026-03-24 21:43:29,exercicio5.js,9,41,exercicio5.json,ketilaAnjos,2026-03-24 21:43:29,2026-03-24,21
toFixed,2026-03-24 21:43:38,exercicio5.js,11,42,exercicio5.json,ketilaAnjos,2026-03-24 21:43:38,2026-03-24,21
if,2026-03-10 20:18:35,atividade2.js,4,1,atividade2.json,ketilaAnjos,2026-03-10 20:18:35,2026-03-10,20
if,2026-03-10 20:18:40,atividade2.js,4,1,atividade2.json,ketilaAnjos,2026-03-10 20:18:40,2026-03-10,20
alert,2026-03-10 20:19:19,atividade2.js,5,5,atividade2.json,ketilaAnjos,2026-03-10 20:19:19,2026-03-10,20
alert,2026-03-10 20:19:59,atividade2.js,7,5,atividade2.json,ketilaAnjos,2026-03-10 20:19:59,2026-03-10,20
alert,2026-03-24 20:13:08,exercicio1.js,4,1,exercicio1.json,ketilaAnjos,2026-03-24 20:13:08,2026-03-24,20
toFixed,2026-03-24 20:14:09,exercicio1.js,4,37,exercicio1.json,ketilaAnjos,2026-03-24 20:14:09,2026-03-24,20
toFixed,2026-03-24 20:15:51,exercicio1.js,4,37,exercicio1.json,ketilaAnjos,2026-03-24 20:15:51,2026-03-24,20
parseInt,2026-03-10 20:26:47,atividade3.js,1,12,atividade3.json,ketilaAnjos,2026-03-10 20:26:47,2026-03-10,20
while,2026-03-10 20:27:48,atividade3.js,3,1,atividade3.json,ketilaAnjos,2026-03-10 20:27:48,2026-03-10,20
alert,2026-03-10 20:28:42,atividade3.js,7,1,atividade3.json,ketilaAnjos,2026-03-10 20:28:42,2026-03-10,20
if,2026-03-24 20:23:53,exercicio2.js,3,1,exercicio2.json,ketilaAnjos,2026-03-24 20:23:53,2026-03-24,20
alert,2026-03-24 20:24:46,exercicio2.js,4,5,exercicio2.json,ketilaAnjos,2026-03-24 20:24:46,2026-03-24,20
alert,2026-03-24 20:25:06,exercicio2.js,6,5,exercicio2.json,ketilaAnjos,2026-03-24 20:25:06,2026-03-24,20
toUpperCase,2026-03-24 20:29:04,exercicio2.js,2,61,exercicio2.json,ketilaAnjos,2026-03-24 20:29:04,2026-03-24,20
E,2026-03-24 20:29:25,exercicio2.js,3,35,exercicio2.json,ketilaAnjos,2026-03-24 20:29:25,2026-03-24,20
parseInt,2026-03-10 19:49:55,atividade1.js,1,14,atividade1.json,ketilaAnjos,2026-03-10 19:49:55,2026-03-10,19
prompt,2026-03-10 19:50:09,atividade1.js,1,22,atividade1.json,ketilaAnjos,2026-03-10 19:50:09,2026-03-10,19
if,2026-03-10 19:52:28,atividade1.js,2,1,atividade1.json,ketilaAnjos,2026-03-10 19:52:28,2026-03-10,19
alert,2026-03-10 19:54:09,atividade1.js,3,5,atividade1.json,ketilaAnjos,2026-03-10 19:54:09,2026-03-10,19
E,2026-03-10 19:54:12,atividade1.js,3,12,atividade1.json,ketilaAnjos,2026-03-10 19:54:12,2026-03-10,19
alert,2026-03-10 19:55:33,atividade1.js,5,5,atividade1.json,ketilaAnjos,2026-03-10 19:55:33,2026-03-10,19
E,2026-03-10 19:57:46,atividade1.js,5,12,atividade1.json,ketilaAnjos,2026-03-10 19:57:46,2026-03-10,19
for,2026-03-12 21:22:09,vetor_jogos2.js,8,1,vetor_jogos2.json,ketilaAnjos,2026-03-12 21:22:09,2026-03-12,21
for,2026-03-13 19:44:26,tabuada_vetor.js,3,1,tabuada_vetor.json,ketilaAnjos,2026-03-13 19:44:26,2026-03-13,19
alert,2026-03-13 19:51:40,tabuada_vetor.js,6,1,tabuada_vetor.json,ketilaAnjos,2026-03-13 19:51:40,2026-03-13,19
parseFloat,2026-02-24 21:54:02,Exercicio_02.js,1,15,Exercicio_02.json,ketilaAnjos,2026-02-24 21:54:02,2026-02-24,21
function,2026-03-25 19:48:36,quicksort.js,1,1,quicksort.json,ketilaAnjos,2026-03-25 19:48:36,2026-03-25,19
if,2026-03-25 19:49:12,quicksort.js,2,5,quicksort.json,ketilaAnjos,2026-03-25 19:49:12,2026-03-25,19
E,2026-03-25 19:50:12,quicksort.js,3,10,quicksort.json,ketilaAnjos,2026-03-25 19:50:12,2026-03-25,19
if,2026-03-25 19:52:33,quicksort.js,9,9,quicksort.json,ketilaAnjos,2026-03-25 19:52:33,2026-03-25,19
push,2026-03-25 19:53:22,quicksort.js,10,21,quicksort.json,ketilaAnjos,2026-03-25 19:53:22,2026-03-25,19
E,2026-03-25 19:55:33,quicksort.js,11,10,quicksort.json,ketilaAnjos,2026-03-25 19:55:33,2026-03-25,19
E,2026-03-25 19:55:34,quicksort.js,11,13,quicksort.json,ketilaAnjos,2026-03-25 19:55:34,2026-03-25,19
else,2026-03-25 19:55:35,quicksort.js,11,10,quicksort.json,ketilaAnjos,2026-03-25 19:55:35,2026-03-25,19
E,2026-03-25 19:56:23,quicksort.js,12,18,quicksort.json,ketilaAnjos,2026-03-25 19:56:23,2026-03-25,19
push,2026-03-25 19:56:29,quicksort.js,12,21,quicksort.json,ketilaAnjos,2026-03-25 19:56:29,2026-03-25,19
alert,2026-03-25 19:59:41,quicksort.js,19,1,quicksort.json,ketilaAnjos,2026-03-25 19:59:41,2026-03-25,19
parseInt,2026-03-25 20:10:37,quicksort.js,17,14,quicksort.json,ketilaAnjos,2026-03-25 20:10:37,2026-03-25,20
let,2026-03-25 20:13:48,quicksort.js,8,10,quicksort.json,ketilaAnjos,2026-03-25 20:13:48,2026-03-25,20
for,2026-03-25 20:16:41,quicksort.js,18,2,quicksort.json,ketilaAnjos,2026-03-25 20:16:41,2026-03-25,20
let,2026-03-25 20:17:35,quicksort.js,17,1,quicksort.json,ketilaAnjos,2026-03-25 20:17:35,2026-03-25,20
alert,2026-03-25 20:38:46,quicksort.js,22,2,quicksort.json,ketilaAnjos,2026-03-25 20:38:46,2026-03-25,20
alert,2026-02-26 21:39:33,copa.js,4,1,copa.json,ketilaAnjos,2026-02-26 21:39:33,2026-02-26,21
if,2026-02-26 21:44:28,copa.js,3,1,copa.json,ketilaAnjos,2026-02-26 21:44:28,2026-02-26,21
if,2026-02-26 21:49:30,copa.js,3,5,copa.json,ketilaAnjos,2026-02-26 21:49:30,2026-02-26,21
alert,2026-02-20 21:24:06,for.js,2,5,for.json,ketilaAnjos,2026-02-20 21:24:06,2026-02-20,21
for,2026-02-20 21:26:05,for.js,4,1,for.json,ketilaAnjos,2026-02-20 21:26:05,2026-02-20,21
for,2026-02-20 21:32:52,for.js,9,1,for.json,ketilaAnjos,2026-02-20 21:32:52,2026-02-20,21
alert,2026-02-20 21:33:40,for.js,10,5,for.json,ketilaAnjos,2026-02-20 21:33:40,2026-02-20,21
if,2026-03-19 21:48:50,maiorde3.js,2,1,maiorde3.json,ketilaAnjos,2026-03-19 21:48:50,2026-03-19,21
alert,2026-03-19 21:52:27,maiorde3.js,3,5,maiorde3.json,ketilaAnjos,2026-03-19 21:52:27,2026-03-19,21
else,2026-03-19 21:52:54,maiorde3.js,5,4,maiorde3.json,ketilaAnjos,2026-03-19 21:52:54,2026-03-19,21
if,2026-03-19 21:53:01,maiorde3.js,5,1,maiorde3.json,ketilaAnjos,2026-03-19 21:53:01,2026-03-19,21
else,2026-03-19 21:53:01,maiorde3.js,7,3,maiorde3.json,ketilaAnjos,2026-03-19 21:53:01,2026-03-19,21
else,2026-03-19 21:54:04,maiorde3.js,5,4,maiorde3.json,ketilaAnjos,2026-03-19 21:54:04,2026-03-19,21
alert,2026-03-19 21:55:48,maiorde3.js,6,5,maiorde3.json,ketilaAnjos,2026-03-19 21:55:48,2026-03-19,21
else,2026-03-19 21:56:09,maiorde3.js,8,1,maiorde3.json,ketilaAnjos,2026-03-19 21:56:09,2026-03-19,21
else,2026-03-19 21:56:29,maiorde3.js,7,2,maiorde3.json,ketilaAnjos,2026-03-19 21:56:29,2026-03-19,21
else,2026-03-19 21:56:54,maiorde3.js,8,1,maiorde3.json,ketilaAnjos,2026-03-19 21:56:54,2026-03-19,21
alert,2026-03-19 22:00:05,maiorde3.js,9,5,maiorde3.json,ketilaAnjos,2026-03-19 22:00:05,2026-03-19,22
else,2026-03-19 22:01:12,maiorde3.js,11,1,maiorde3.json,ketilaAnjos,2026-03-19 22:01:12,2026-03-19,22
alert,2026-03-19 22:01:22,maiorde3.js,12,5,maiorde3.json,ketilaAnjos,2026-03-19 22:01:22,2026-03-19,22
alert,2026-03-19 22:29:04,espalhamento.js,2,1,espalhamento.json,ketilaAnjos,2026-03-19 22:29:04,2026-03-19,22
Math,2026-03-19 22:29:09,espalhamento.js,2,7,espalhamento.json,ketilaAnjos,2026-03-19 22:29:09,2026-03-19,22
max,2026-03-19 22:29:15,espalhamento.js,2,12,espalhamento.json,ketilaAnjos,2026-03-19 22:29:15,2026-03-19,22
return,2026-03-25 22:19:59,funcaovetor.js,2,1,funcaovetor.json,ketilaAnjos,2026-03-25 22:19:59,2026-03-25,22
for,2026-03-25 22:21:37,funcaovetor.js,8,1,funcaovetor.json,ketilaAnjos,2026-03-25 22:21:37,2026-03-25,22
E,2026-03-25 22:24:38,funcaovetor.js,7,2,funcaovetor.json,ketilaAnjos,2026-03-25 22:24:38,2026-03-25,22
parseInt,2026-03-25 22:24:56,funcaovetor.js,8,7,funcaovetor.json,ketilaAnjos,2026-03-25 22:24:56,2026-03-25,22
var,2026-03-25 22:26:20,funcaovetor.js,8,16,funcaovetor.json,ketilaAnjos,2026-03-25 22:26:20,2026-03-25,22
parseInt,2026-03-25 22:26:20,funcaovetor.js,8,24,funcaovetor.json,ketilaAnjos,2026-03-25 22:26:20,2026-03-25,22
prompt,2026-03-25 22:26:20,funcaovetor.js,8,33,funcaovetor.json,ketilaAnjos,2026-03-25 22:26:20,2026-03-25,22
var,2026-03-25 22:26:20,funcaovetor.js,8,16,funcaovetor.json,ketilaAnjos,2026-03-25 22:26:20,2026-03-25,22
parseInt,2026-03-25 22:26:20,funcaovetor.js,8,24,funcaovetor.json,ketilaAnjos,2026-03-25 22:26:20,2026-03-25,22
prompt,2026-03-25 22:26:20,funcaovetor.js,8,33,funcaovetor.json,ketilaAnjos,2026-03-25 22:26:20,2026-03-25,22
alert,2026-03-25 22:26:20,funcaovetor.js,10,1,funcaovetor.json,ketilaAnjos,2026-03-25 22:26:20,2026-03-25,22
parseInt,2026-03-25 22:26:42,funcaovetor.js,8,16,funcaovetor.json,ketilaAnjos,2026-03-25 22:26:42,2026-03-25,22
prompt,2026-03-25 22:26:50,funcaovetor.js,8,25,funcaovetor.json,ketilaAnjos,2026-03-25 22:26:50,2026-03-25,22
for,2026-03-25 22:28:12,funcaovetor.js,10,1,funcaovetor.json,ketilaAnjos,2026-03-25 22:28:12,2026-03-25,22
alert,2026-03-25 22:29:01,funcaovetor.js,11,5,funcaovetor.json,ketilaAnjos,2026-03-25 22:29:01,2026-03-25,22
for,2026-03-26 20:14:33,funcaovetor.js,3,5,funcaovetor.json,ketilaAnjos,2026-03-26 20:14:33,2026-03-26,20
for,2026-03-26 20:17:08,funcaovetor.js,8,5,funcaovetor.json,ketilaAnjos,2026-03-26 20:17:08,2026-03-26,20
length,2026-03-26 20:17:33,funcaovetor.js,8,29,funcaovetor.json,ketilaAnjos,2026-03-26 20:17:33,2026-03-26,20
alert,2026-03-26 20:17:46,funcaovetor.js,9,9,funcaovetor.json,ketilaAnjos,2026-03-26 20:17:46,2026-03-26,20
return,2026-03-26 20:20:13,funcaovetor.js,3,5,funcaovetor.json,ketilaAnjos,2026-03-26 20:20:13,2026-03-26,20
return,2026-03-26 20:20:31,funcaovetor.js,9,5,funcaovetor.json,ketilaAnjos,2026-03-26 20:20:31,2026-03-26,20
length,2026-03-26 20:27:25,funcaovetor.js,9,29,funcaovetor.json,ketilaAnjos,2026-03-26 20:27:25,2026-03-26,20
let,2026-03-26 20:31:01,funcaovetor.js,6,2,funcaovetor.json,ketilaAnjos,2026-03-26 20:31:01,2026-03-26,20
parseInt,2026-03-26 20:31:01,funcaovetor.js,6,16,funcaovetor.json,ketilaAnjos,2026-03-26 20:31:01,2026-03-26,20
prompt,2026-03-26 20:31:01,funcaovetor.js,6,25,funcaovetor.json,ketilaAnjos,2026-03-26 20:31:01,2026-03-26,20
function,2026-03-26 20:31:16,funcaovetor.js,4,2,funcaovetor.json,ketilaAnjos,2026-03-26 20:31:16,2026-03-26,20
return,2026-03-26 20:31:24,funcaovetor.js,5,5,funcaovetor.json,ketilaAnjos,2026-03-26 20:31:24,2026-03-26,20
length,2026-03-26 20:44:10,funcaovetor.js,12,29,funcaovetor.json,ketilaAnjos,2026-03-26 20:44:10,2026-03-26,20
let,2026-03-26 20:46:00,funcaovetor.js,2,2,funcaovetor.json,ketilaAnjos,2026-03-26 20:46:00,2026-03-26,20
parseInt,2026-03-26 20:46:00,funcaovetor.js,2,16,funcaovetor.json,ketilaAnjos,2026-03-26 20:46:00,2026-03-26,20
prompt,2026-03-26 20:46:00,funcaovetor.js,2,25,funcaovetor.json,ketilaAnjos,2026-03-26 20:46:00,2026-03-26,20
for,2026-03-26 20:46:31,funcaovetor.js,4,1,funcaovetor.json,ketilaAnjos,2026-03-26 20:46:31,2026-03-26,20
let,2026-03-26 20:46:31,funcaovetor.js,4,5,funcaovetor.json,ketilaAnjos,2026-03-26 20:46:31,2026-03-26,20
parseInt,2026-03-26 20:46:31,funcaovetor.js,5,20,funcaovetor.json,ketilaAnjos,2026-03-26 20:46:31,2026-03-26,20
prompt,2026-03-26 20:46:31,funcaovetor.js,5,29,funcaovetor.json,ketilaAnjos,2026-03-26 20:46:31,2026-03-26,20
for,2026-03-26 20:47:51,funcaovetor.js,11,5,funcaovetor.json,ketilaAnjos,2026-03-26 20:47:51,2026-03-26,20
let,2026-03-26 20:47:51,funcaovetor.js,11,9,funcaovetor.json,ketilaAnjos,2026-03-26 20:47:51,2026-03-26,20
parseInt,2026-03-26 20:47:51,funcaovetor.js,12,20,funcaovetor.json,ketilaAnjos,2026-03-26 20:47:51,2026-03-26,20
prompt,2026-03-26 20:47:51,funcaovetor.js,12,29,funcaovetor.json,ketilaAnjos,2026-03-26 20:47:51,2026-03-26,20
for,2026-03-26 20:48:11,funcaovetor.js,8,2,funcaovetor.json,ketilaAnjos,2026-03-26 20:48:11,2026-03-26,20
alert,2026-03-24 21:38:54,exercicio4.js,3,5,exercicio4.json,ketilaAnjos,2026-03-24 21:38:54,2026-03-24,21
alert,2026-03-24 21:40:01,exercicio4.js,6,1,exercicio4.json,ketilaAnjos,2026-03-24 21:40:01,2026-03-24,21
alert,2026-02-24 22:15:22,Exercicio_03.js,3,5,Exercicio_03.json,ketilaAnjos,2026-02-24 22:15:22,2026-02-24,22
else,2026-02-24 22:15:40,Exercicio_03.js,4,5,Exercicio_03.json,ketilaAnjos,2026-02-24 22:15:40,2026-02-24,22
toUpperCase,2026-03-12 20:21:52,time.js,3,37,time.json,ketilaAnjos,2026-03-12 20:21:52,2026-03-12,20
alert,2026-03-12 20:22:17,time.js,4,5,time.json,ketilaAnjos,2026-03-12 20:22:17,2026-03-12,20
E,2026-03-12 20:23:36,time.js,6,18,time.json,ketilaAnjos,2026-03-12 20:23:36,2026-03-12,20
alert,2026-03-20 20:05:20,troca.js,2,1,troca.json,ketilaAnjos,2026-03-20 20:05:20,2026-03-20,20
alert,2026-03-20 20:06:07,troca.js,3,1,troca.json,ketilaAnjos,2026-03-20 20:06:07,2026-03-20,20
alert,2026-03-20 20:19:29,troca.js,2,1,troca.json,ketilaAnjos,2026-03-20 20:19:29,2026-03-20,20
alert,2026-03-20 20:27:27,troca.js,2,1,troca.json,ketilaAnjos,2026-03-20 20:27:27,2026-03-20,20
alert,2026-03-20 20:34:32,troca.js,6,1,troca.json,ketilaAnjos,2026-03-20 20:34:32,2026-03-20,20
for,2026-03-12 20:36:59,vetor_jogos.js,7,1,vetor_jogos.json,ketilaAnjos,2026-03-12 20:36:59,2026-03-12,20
for,2026-03-12 20:38:32,vetor_jogos.js,11,1,vetor_jogos.json,ketilaAnjos,2026-03-12 20:38:32,2026-03-12,20
alert,2026-03-19 22:14:27,maior_de_tresMath.js,2,1,maior_de_tresMath.json,jady2025,2026-03-19 22:14:27,2026-03-19,22
Math,2026-03-19 22:15:01,maior_de_tresMath.js,2,7,maior_de_tresMath.json,jady2025,2026-03-19 22:15:01,2026-03-19,22
max,2026-03-19 22:15:11,maior_de_tresMath.js,2,12,maior_de_tresMath.json,jady2025,2026-03-19 22:15:11,2026-03-19,22
const,2026-03-20 19:45:03,espalhamento_minimo.js,1,1,espalhamento_minimo.json,jady2025,2026-03-20 19:45:03,2026-03-20,19
Math,2026-03-20 19:51:33,espalhamento_minimo.js,2,8,espalhamento_minimo.json,jady2025,2026-03-20 19:51:33,2026-03-20,19
min,2026-03-20 19:51:40,espalhamento_minimo.js,2,13,espalhamento_minimo.json,jady2025,2026-03-20 19:51:40,2026-03-20,19
E,2026-03-19 21:42:53,maior_de_tres.js,2,5,maior_de_tres.json,jady2025,2026-03-19 21:42:53,2026-03-19,21
alert,2026-03-19 21:45:34,maior_de_tres.js,3,5,maior_de_tres.json,jady2025,2026-03-19 21:45:34,2026-03-19,21
alert,2026-03-19 22:04:02,maior_de_tres.js,7,5,maior_de_tres.json,jady2025,2026-03-19 22:04:02,2026-03-19,22
alert,2026-03-19 22:04:21,maior_de_tres.js,9,5,maior_de_tres.json,jady2025,2026-03-19 22:04:21,2026-03-19,22
alert,2026-03-19 22:28:54,espalhamento.js,2,1,espalhamento.json,jady2025,2026-03-19 22:28:54,2026-03-19,22
Math,2026-03-19 22:28:57,espalhamento.js,2,7,espalhamento.json,jady2025,2026-03-19 22:28:57,2026-03-19,22
max,2026-03-19 22:28:57,espalhamento.js,2,12,espalhamento.json,jady2025,2026-03-19 22:28:57,2026-03-19,22
alert,2026-03-20 20:31:20,troca.js,2,1,troca.json,jady2025,2026-03-20 20:31:20,2026-03-20,20
E,2026-03-20 20:32:05,troca.js,2,23,troca.json,jady2025,2026-03-20 20:32:05,2026-03-20,20
alert,2026-03-20 20:34:36,troca.js,6,1,troca.json,jady2025,2026-03-20 20:34:36,2026-03-20,20
alert,2026-03-20 20:35:29,troca.js,7,1,troca.json,jady2025,2026-03-20 20:35:29,2026-03-20,20
parseInt,2026-02-27 20:03:25,domingos.js,2,2,domingos.json,aliciargn,2026-02-27 20:03:25,2026-02-27,20
prompt,2026-02-27 20:03:25,domingos.js,2,11,domingos.json,aliciargn,2026-02-27 20:03:25,2026-02-27,20
for,2026-02-27 20:07:03,domingos.js,2,1,domingos.json,aliciargn,2026-02-27 20:07:03,2026-02-27,20
for,2026-02-27 20:11:50,domingos.js,3,5,domingos.json,aliciargn,2026-02-27 20:11:50,2026-02-27,20
for,2026-02-27 20:19:23,domingos.js,2,5,domingos.json,aliciargn,2026-02-27 20:19:23,2026-02-27,20
for,2026-02-27 20:23:41,domingos.js,2,1,domingos.json,aliciargn,2026-02-27 20:23:41,2026-02-27,20
for,2026-02-27 20:46:40,domingos.js,5,1,domingos.json,aliciargn,2026-02-27 20:46:40,2026-02-27,20
for,2026-02-27 20:48:35,domingos.js,8,1,domingos.json,aliciargn,2026-02-27 20:48:35,2026-02-27,20
for,2026-02-27 22:23:32,domingos.js,12,1,domingos.json,aliciargn,2026-02-27 22:23:32,2026-02-27,22
alert,2026-02-27 22:26:10,domingos.js,15,1,domingos.json,aliciargn,2026-02-27 22:26:10,2026-02-27,22
for,2026-03-12 19:52:29,vaquinha.js,4,1,vaquinha.json,aliciargn,2026-03-12 19:52:29,2026-03-12,19
alert,2026-03-12 19:55:13,vaquinha.js,8,1,vaquinha.json,aliciargn,2026-03-12 19:55:13,2026-03-12,19
var,2026-03-20 22:09:44,selection.js,1,1,selection.json,aliciargn,2026-03-20 22:09:44,2026-03-20,22
new,2026-03-20 22:09:44,selection.js,1,15,selection.json,aliciargn,2026-03-20 22:09:44,2026-03-20,22
Array,2026-03-20 22:09:44,selection.js,1,19,selection.json,aliciargn,2026-03-20 22:09:44,2026-03-20,22
function,2026-03-25 20:21:54,selection.js,1,1,selection.json,aliciargn,2026-03-25 20:21:54,2026-03-25,20
let,2026-03-25 20:21:54,selection.js,2,3,selection.json,aliciargn,2026-03-25 20:21:54,2026-03-25,20
length,2026-03-25 20:21:54,selection.js,2,15,selection.json,aliciargn,2026-03-25 20:21:54,2026-03-25,20
for,2026-03-25 20:21:54,selection.js,4,3,selection.json,aliciargn,2026-03-25 20:21:54,2026-03-25,20
let,2026-03-25 20:21:54,selection.js,2,3,selection.json,aliciargn,2026-03-25 20:21:54,2026-03-25,20
let,2026-03-25 20:21:54,selection.js,2,3,selection.json,aliciargn,2026-03-25 20:21:54,2026-03-25,20
do,2026-03-25 20:21:54,selection.js,8,45,selection.json,aliciargn,2026-03-25 20:21:54,2026-03-25,20
for,2026-03-25 20:21:54,selection.js,4,3,selection.json,aliciargn,2026-03-25 20:21:54,2026-03-25,20
let,2026-03-25 20:21:54,selection.js,2,3,selection.json,aliciargn,2026-03-25 20:21:54,2026-03-25,20
if,2026-03-25 20:21:54,selection.js,10,7,selection.json,aliciargn,2026-03-25 20:21:54,2026-03-25,20
if,2026-03-25 20:21:54,selection.js,10,7,selection.json,aliciargn,2026-03-25 20:21:54,2026-03-25,20
let,2026-03-25 20:21:54,selection.js,2,3,selection.json,aliciargn,2026-03-25 20:21:54,2026-03-25,20
return,2026-03-25 20:21:54,selection.js,23,3,selection.json,aliciargn,2026-03-25 20:21:54,2026-03-25,20
let,2026-03-25 20:21:54,selection.js,2,3,selection.json,aliciargn,2026-03-25 20:21:54,2026-03-25,20
console,2026-03-25 20:21:54,selection.js,28,1,selection.json,aliciargn,2026-03-25 20:21:54,2026-03-25,20
log,2026-03-25 20:21:54,selection.js,28,9,selection.json,aliciargn,2026-03-25 20:21:54,2026-03-25,20
alert,2026-03-25 21:19:09,funcaosoma.js,6,1,funcaosoma.json,aliciargn,2026-03-25 21:19:09,2026-03-25,21
if,2026-03-25 21:33:50,funcaosoma.js,2,1,funcaosoma.json,aliciargn,2026-03-25 21:33:50,2026-03-25,21
function,2026-03-25 21:34:16,funcaosoma.js,10,1,funcaosoma.json,aliciargn,2026-03-25 21:34:16,2026-03-25,21
return,2026-03-25 21:34:16,funcaosoma.js,11,5,funcaosoma.json,aliciargn,2026-03-25 21:34:16,2026-03-25,21
var,2026-03-25 21:34:16,funcaosoma.js,13,1,funcaosoma.json,aliciargn,2026-03-25 21:34:16,2026-03-25,21
parseInt,2026-03-25 21:34:16,funcaosoma.js,13,9,funcaosoma.json,aliciargn,2026-03-25 21:34:16,2026-03-25,21
prompt,2026-03-25 21:34:16,funcaosoma.js,13,18,funcaosoma.json,aliciargn,2026-03-25 21:34:16,2026-03-25,21
var,2026-03-25 21:34:16,funcaosoma.js,13,1,funcaosoma.json,aliciargn,2026-03-25 21:34:16,2026-03-25,21
parseInt,2026-03-25 21:34:16,funcaosoma.js,13,9,funcaosoma.json,aliciargn,2026-03-25 21:34:16,2026-03-25,21
prompt,2026-03-25 21:34:16,funcaosoma.js,13,18,funcaosoma.json,aliciargn,2026-03-25 21:34:16,2026-03-25,21
alert,2026-03-25 21:34:16,funcaosoma.js,15,1,funcaosoma.json,aliciargn,2026-03-25 21:34:16,2026-03-25,21
function,2026-03-25 21:35:55,funcaosoma.js,17,1,funcaosoma.json,aliciargn,2026-03-25 21:35:55,2026-03-25,21
return,2026-03-25 21:35:55,funcaosoma.js,18,5,funcaosoma.json,aliciargn,2026-03-25 21:35:55,2026-03-25,21
var,2026-03-25 21:35:55,funcaosoma.js,20,1,funcaosoma.json,aliciargn,2026-03-25 21:35:55,2026-03-25,21
parseInt,2026-03-25 21:35:55,funcaosoma.js,20,9,funcaosoma.json,aliciargn,2026-03-25 21:35:55,2026-03-25,21
prompt,2026-03-25 21:35:55,funcaosoma.js,20,18,funcaosoma.json,aliciargn,2026-03-25 21:35:55,2026-03-25,21
var,2026-03-25 21:35:55,funcaosoma.js,20,1,funcaosoma.json,aliciargn,2026-03-25 21:35:55,2026-03-25,21
parseInt,2026-03-25 21:35:55,funcaosoma.js,20,9,funcaosoma.json,aliciargn,2026-03-25 21:35:55,2026-03-25,21
prompt,2026-03-25 21:35:55,funcaosoma.js,20,18,funcaosoma.json,aliciargn,2026-03-25 21:35:55,2026-03-25,21
alert,2026-03-25 21:35:55,funcaosoma.js,22,1,funcaosoma.json,aliciargn,2026-03-25 21:35:55,2026-03-25,21
function,2026-03-25 21:37:08,funcaosoma.js,24,1,funcaosoma.json,aliciargn,2026-03-25 21:37:08,2026-03-25,21
return,2026-03-25 21:37:08,funcaosoma.js,25,5,funcaosoma.json,aliciargn,2026-03-25 21:37:08,2026-03-25,21
var,2026-03-25 21:37:08,funcaosoma.js,27,1,funcaosoma.json,aliciargn,2026-03-25 21:37:08,2026-03-25,21
parseInt,2026-03-25 21:37:08,funcaosoma.js,27,9,funcaosoma.json,aliciargn,2026-03-25 21:37:08,2026-03-25,21
prompt,2026-03-25 21:37:08,funcaosoma.js,27,18,funcaosoma.json,aliciargn,2026-03-25 21:37:08,2026-03-25,21
var,2026-03-25 21:37:08,funcaosoma.js,27,1,funcaosoma.json,aliciargn,2026-03-25 21:37:08,2026-03-25,21
parseInt,2026-03-25 21:37:08,funcaosoma.js,27,9,funcaosoma.json,aliciargn,2026-03-25 21:37:08,2026-03-25,21
prompt,2026-03-25 21:37:08,funcaosoma.js,27,18,funcaosoma.json,aliciargn,2026-03-25 21:37:08,2026-03-25,21
alert,2026-03-25 21:37:08,funcaosoma.js,29,1,funcaosoma.json,aliciargn,2026-03-25 21:37:08,2026-03-25,21
switch,2026-03-25 21:50:45,funcaosoma.js,16,1,funcaosoma.json,aliciargn,2026-03-25 21:50:45,2026-03-25,21
alert,2026-03-25 21:51:19,funcaosoma.js,18,9,funcaosoma.json,aliciargn,2026-03-25 21:51:19,2026-03-25,21
break,2026-03-25 21:51:46,funcaosoma.js,18,26,funcaosoma.json,aliciargn,2026-03-25 21:51:46,2026-03-25,21
alert,2026-03-25 21:52:07,funcaosoma.js,20,9,funcaosoma.json,aliciargn,2026-03-25 21:52:07,2026-03-25,21
break,2026-03-25 21:52:31,funcaosoma.js,20,31,funcaosoma.json,aliciargn,2026-03-25 21:52:31,2026-03-25,21
alert,2026-03-25 21:52:55,funcaosoma.js,22,9,funcaosoma.json,aliciargn,2026-03-25 21:52:55,2026-03-25,21
break,2026-03-25 21:53:13,funcaosoma.js,22,35,funcaosoma.json,aliciargn,2026-03-25 21:53:13,2026-03-25,21
alert,2026-03-25 21:53:37,funcaosoma.js,24,9,funcaosoma.json,aliciargn,2026-03-25 21:53:37,2026-03-25,21
break,2026-03-25 21:54:22,funcaosoma.js,24,40,funcaosoma.json,aliciargn,2026-03-25 21:54:22,2026-03-25,21
alert,2026-03-25 21:54:53,funcaosoma.js,26,9,funcaosoma.json,aliciargn,2026-03-25 21:54:53,2026-03-25,21
while,2026-03-25 22:12:06,funcaosoma.js,29,2,funcaosoma.json,aliciargn,2026-03-25 22:12:06,2026-03-25,22
if,2026-03-03 20:23:43,exercicio_05.js,2,1,exercicio_05.json,aliciargn,2026-03-03 20:23:43,2026-03-03,20
alert,2026-03-03 20:24:02,exercicio_05.js,3,5,exercicio_05.json,aliciargn,2026-03-03 20:24:02,2026-03-03,20
E,2026-03-03 20:24:23,exercicio_05.js,3,11,exercicio_05.json,aliciargn,2026-03-03 20:24:23,2026-03-03,20
E,2026-03-03 20:24:28,exercicio_05.js,3,12,exercicio_05.json,aliciargn,2026-03-03 20:24:28,2026-03-03,20
else,2026-03-03 20:25:04,exercicio_05.js,4,1,exercicio_05.json,aliciargn,2026-03-03 20:25:04,2026-03-03,20
alert,2026-03-03 20:25:16,exercicio_05.js,5,5,exercicio_05.json,aliciargn,2026-03-03 20:25:16,2026-03-03,20
E,2026-03-03 20:25:22,exercicio_05.js,5,11,exercicio_05.json,aliciargn,2026-03-03 20:25:22,2026-03-03,20
E,2026-03-03 20:25:27,exercicio_05.js,5,12,exercicio_05.json,aliciargn,2026-03-03 20:25:27,2026-03-03,20
alert,2026-03-20 19:45:34,espalhamento_minimo.js,2,1,espalhamento_minimo.json,aliciargn,2026-03-20 19:45:34,2026-03-20,19
Math,2026-03-20 19:46:23,espalhamento_minimo.js,2,7,espalhamento_minimo.json,aliciargn,2026-03-20 19:46:23,2026-03-20,19
min,2026-03-20 19:46:40,espalhamento_minimo.js,2,12,espalhamento_minimo.json,aliciargn,2026-03-20 19:46:40,2026-03-20,19
alert,2026-03-19 22:14:28,maiordetresmath.js,2,1,maiordetresmath.json,aliciargn,2026-03-19 22:14:28,2026-03-19,22
Math,2026-03-19 22:14:42,maiordetresmath.js,2,7,maiordetresmath.json,aliciargn,2026-03-19 22:14:42,2026-03-19,22
max,2026-03-19 22:15:10,maiordetresmath.js,2,12,maiordetresmath.json,aliciargn,2026-03-19 22:15:10,2026-03-19,22
for,2026-02-26 20:11:37,jogos.js,7,5,jogos.json,aliciargn,2026-02-26 20:11:37,2026-02-26,20
alert,2026-02-26 20:18:05,jogos.js,10,5,jogos.json,aliciargn,2026-02-26 20:18:05,2026-02-26,20
alert,2026-02-26 20:26:27,jogos.js,11,1,jogos.json,aliciargn,2026-02-26 20:26:27,2026-02-26,20
alert,2026-02-26 20:28:52,jogos.js,6,1,jogos.json,aliciargn,2026-02-26 20:28:52,2026-02-26,20
for,2026-02-26 20:41:47,jogos.js,2,1,jogos.json,aliciargn,2026-02-26 20:41:47,2026-02-26,20
alert,2026-02-20 20:36:43,main.js,1,1,main.json,aliciargn,2026-02-20 20:36:43,2026-02-20,20
alert,2026-02-20 20:40:21,main.js,2,1,main.json,aliciargn,2026-02-20 20:40:21,2026-02-20,20
alert,2026-02-24 21:27:10,exercicio_01.js,5,1,exercicio_01.json,aliciargn,2026-02-24 21:27:10,2026-02-24,21
alert,2026-03-03 21:42:50,exercicio_08.js,3,5,exercicio_08.json,aliciargn,2026-03-03 21:42:50,2026-03-03,21
if,2026-03-03 22:02:27,exercicio_08.js,4,5,exercicio_08.json,aliciargn,2026-03-03 22:02:27,2026-03-03,22
alert,2026-03-03 22:03:23,exercicio_08.js,5,9,exercicio_08.json,aliciargn,2026-03-03 22:03:23,2026-03-03,22
while,2026-03-03 22:07:14,exercicio_08.js,5,1,exercicio_08.json,aliciargn,2026-03-03 22:07:14,2026-03-03,22
alert,2026-03-03 22:08:35,exercicio_08.js,6,5,exercicio_08.json,aliciargn,2026-03-03 22:08:35,2026-03-03,22
alert,2026-02-24 21:56:49,exercicio_02.js,3,1,exercicio_02.json,aliciargn,2026-02-24 21:56:49,2026-02-24,21
let,2026-03-26 19:35:55,revisaovetor.js,1,1,revisaovetor.json,aliciargn,2026-03-26 19:35:55,2026-03-26,19
parseInt,2026-03-26 19:35:55,revisaovetor.js,1,18,revisaovetor.json,aliciargn,2026-03-26 19:35:55,2026-03-26,19
prompt,2026-03-26 19:35:55,revisaovetor.js,1,27,revisaovetor.json,aliciargn,2026-03-26 19:35:55,2026-03-26,19
let,2026-03-26 19:37:45,revisaovetor.js,3,45,revisaovetor.json,aliciargn,2026-03-26 19:37:45,2026-03-26,19
parseInt,2026-03-26 19:37:45,revisaovetor.js,3,45,revisaovetor.json,aliciargn,2026-03-26 19:37:45,2026-03-26,19
prompt,2026-03-26 19:37:45,revisaovetor.js,3,45,revisaovetor.json,aliciargn,2026-03-26 19:37:45,2026-03-26,19
let,2026-03-26 19:37:46,revisaovetor.js,3,1,revisaovetor.json,aliciargn,2026-03-26 19:37:46,2026-03-26,19
parseInt,2026-03-26 19:37:46,revisaovetor.js,3,18,revisaovetor.json,aliciargn,2026-03-26 19:37:46,2026-03-26,19
prompt,2026-03-26 19:37:46,revisaovetor.js,3,27,revisaovetor.json,aliciargn,2026-03-26 19:37:46,2026-03-26,19
let,2026-03-26 19:39:28,revisaovetor.js,1,1,revisaovetor.json,aliciargn,2026-03-26 19:39:28,2026-03-26,19
parseInt,2026-03-26 19:39:28,revisaovetor.js,1,18,revisaovetor.json,aliciargn,2026-03-26 19:39:28,2026-03-26,19
prompt,2026-03-26 19:39:28,revisaovetor.js,1,27,revisaovetor.json,aliciargn,2026-03-26 19:39:28,2026-03-26,19
let,2026-03-26 19:44:13,revisaovetor.js,3,1,revisaovetor.json,aliciargn,2026-03-26 19:44:13,2026-03-26,19
parseInt,2026-03-26 19:44:13,revisaovetor.js,3,18,revisaovetor.json,aliciargn,2026-03-26 19:44:13,2026-03-26,19
prompt,2026-03-26 19:44:13,revisaovetor.js,3,27,revisaovetor.json,aliciargn,2026-03-26 19:44:13,2026-03-26,19
for,2026-03-26 19:45:39,revisaovetor.js,3,1,revisaovetor.json,aliciargn,2026-03-26 19:45:39,2026-03-26,19
for,2026-03-26 19:46:17,revisaovetor.js,5,1,revisaovetor.json,aliciargn,2026-03-26 19:46:17,2026-03-26,19
let,2026-03-26 19:46:17,revisaovetor.js,6,1,revisaovetor.json,aliciargn,2026-03-26 19:46:17,2026-03-26,19
for,2026-03-26 19:50:29,revisaovetor.js,3,1,revisaovetor.json,aliciargn,2026-03-26 19:50:29,2026-03-26,19
let,2026-03-26 19:50:29,revisaovetor.js,3,5,revisaovetor.json,aliciargn,2026-03-26 19:50:29,2026-03-26,19
for,2026-03-26 19:50:39,revisaovetor.js,5,5,revisaovetor.json,aliciargn,2026-03-26 19:50:39,2026-03-26,19
let,2026-03-26 19:50:39,revisaovetor.js,5,9,revisaovetor.json,aliciargn,2026-03-26 19:50:39,2026-03-26,19
parseInt,2026-03-26 19:53:41,revisaovetor.js,5,15,revisaovetor.json,aliciargn,2026-03-26 19:53:41,2026-03-26,19
prompt,2026-03-26 19:53:41,revisaovetor.js,5,24,revisaovetor.json,aliciargn,2026-03-26 19:53:41,2026-03-26,19
for,2026-03-26 19:54:19,revisaovetor.js,6,1,revisaovetor.json,aliciargn,2026-03-26 19:54:19,2026-03-26,19
for,2026-03-13 19:55:57,tabuada_vetor.js,7,1,tabuada_vetor.json,aliciargn,2026-03-13 19:55:57,2026-03-13,19
break,2026-03-13 19:57:11,tabuada_vetor.js,8,34,tabuada_vetor.json,aliciargn,2026-03-13 19:57:11,2026-03-13,19
if,2026-03-05 19:49:01,aprovacao.js,3,1,aprovacao.json,aliciargn,2026-03-05 19:49:01,2026-03-05,19
if,2026-03-05 19:54:21,aprovacao.js,4,1,aprovacao.json,aliciargn,2026-03-05 19:54:21,2026-03-05,19
E,2026-03-05 20:00:43,aprovacao.js,8,8,aprovacao.json,aliciargn,2026-03-05 20:00:43,2026-03-05,20
if,2026-03-05 20:03:54,aprovacao.js,9,6,aprovacao.json,aliciargn,2026-03-05 20:03:54,2026-03-05,20
E,2026-03-05 20:03:58,aprovacao.js,9,10,aprovacao.json,aliciargn,2026-03-05 20:03:58,2026-03-05,20
alert,2026-03-05 20:05:50,aprovacao.js,5,1,aprovacao.json,aliciargn,2026-03-05 20:05:50,2026-03-05,20
while,2026-03-05 20:09:54,aprovacao.js,10,2,aprovacao.json,aliciargn,2026-03-05 20:09:54,2026-03-05,20
else,2026-03-05 20:17:13,aprovacao.js,9,1,aprovacao.json,aliciargn,2026-03-05 20:17:13,2026-03-05,20
alert,2026-03-05 20:17:19,aprovacao.js,10,5,aprovacao.json,aliciargn,2026-03-05 20:17:19,2026-03-05,20
alert,2026-03-05 20:28:54,aprovacao.js,13,5,aprovacao.json,aliciargn,2026-03-05 20:28:54,2026-03-05,20
else,2026-03-05 20:29:28,aprovacao.js,14,1,aprovacao.json,aliciargn,2026-03-05 20:29:28,2026-03-05,20
alert,2026-03-05 20:29:32,aprovacao.js,15,5,aprovacao.json,aliciargn,2026-03-05 20:29:32,2026-03-05,20
else,2026-03-05 20:40:38,aprovacao.js,18,1,aprovacao.json,aliciargn,2026-03-05 20:40:38,2026-03-05,20
alert,2026-03-05 20:40:43,aprovacao.js,19,5,aprovacao.json,aliciargn,2026-03-05 20:40:43,2026-03-05,20
while,2026-03-05 20:43:02,aprovacao.js,21,2,aprovacao.json,aliciargn,2026-03-05 20:43:02,2026-03-05,20
E,2026-03-05 21:23:52,aprovacao.js,5,21,aprovacao.json,aliciargn,2026-03-05 21:23:52,2026-03-05,21
E,2026-03-06 19:45:54,aprovacao.js,10,9,aprovacao.json,aliciargn,2026-03-06 19:45:54,2026-03-06,19
E,2026-03-06 19:46:40,aprovacao.js,14,9,aprovacao.json,aliciargn,2026-03-06 19:46:40,2026-03-06,19
E,2026-03-06 19:49:04,aprovacao.js,13,5,aprovacao.json,aliciargn,2026-03-06 19:49:04,2026-03-06,19
while,2026-03-06 20:00:10,aprovacao.js,23,2,aprovacao.json,aliciargn,2026-03-06 20:00:10,2026-03-06,20
E,2026-03-06 20:19:48,aprovacao.js,23,99,aprovacao.json,aliciargn,2026-03-06 20:19:48,2026-03-06,20
E,2026-03-06 20:20:13,aprovacao.js,23,124,aprovacao.json,aliciargn,2026-03-06 20:20:13,2026-03-06,20
alert,2026-03-06 20:25:03,aprovacao.js,26,1,aprovacao.json,aliciargn,2026-03-06 20:25:03,2026-03-06,20
alert,2026-03-06 20:25:09,aprovacao.js,6,1,aprovacao.json,aliciargn,2026-03-06 20:25:09,2026-03-06,20
var,2026-03-06 20:25:10,aprovacao.js,5,1,aprovacao.json,aliciargn,2026-03-06 20:25:10,2026-03-06,20
let,2026-03-06 20:25:10,aprovacao.js,4,1,aprovacao.json,aliciargn,2026-03-06 20:25:10,2026-03-06,20
parseFloat,2026-03-06 20:25:10,aprovacao.js,4,13,aprovacao.json,aliciargn,2026-03-06 20:25:10,2026-03-06,20
prompt,2026-03-06 20:25:10,aprovacao.js,4,24,aprovacao.json,aliciargn,2026-03-06 20:25:10,2026-03-06,20
let,2026-03-06 20:25:10,aprovacao.js,3,1,aprovacao.json,aliciargn,2026-03-06 20:25:10,2026-03-06,20
parseFloat,2026-03-06 20:25:10,aprovacao.js,3,13,aprovacao.json,aliciargn,2026-03-06 20:25:10,2026-03-06,20
prompt,2026-03-06 20:25:10,aprovacao.js,3,24,aprovacao.json,aliciargn,2026-03-06 20:25:10,2026-03-06,20
var,2026-03-06 20:25:30,aprovacao.js,2,5,aprovacao.json,aliciargn,2026-03-06 20:25:30,2026-03-06,20
E,2026-03-06 20:32:11,aprovacao.js,23,3,aprovacao.json,aliciargn,2026-03-06 20:32:11,2026-03-06,20
alert,2026-03-06 20:32:19,aprovacao.js,23,5,aprovacao.json,aliciargn,2026-03-06 20:32:19,2026-03-06,20
var,2026-03-06 21:39:05,aprovacao.js,1,1,aprovacao.json,aliciargn,2026-03-06 21:39:05,2026-03-06,21
for,2026-03-03 22:16:09,exercicio_09.js,2,1,exercicio_09.json,aliciargn,2026-03-03 22:16:09,2026-03-03,22
for,2026-03-03 22:20:39,exercicio_09.js,2,1,exercicio_09.json,aliciargn,2026-03-03 22:20:39,2026-03-03,22
for,2026-03-10 19:52:57,exercicio_09.js,5,1,exercicio_09.json,aliciargn,2026-03-10 19:52:57,2026-03-10,19
break,2026-03-10 19:57:36,exercicio_09.js,6,43,exercicio_09.json,aliciargn,2026-03-10 19:57:36,2026-03-10,19
alert,2026-02-26 21:37:18,copa.js,5,5,copa.json,aliciargn,2026-02-26 21:37:18,2026-02-26,21
alert,2026-02-26 21:38:05,copa.js,6,1,copa.json,aliciargn,2026-02-26 21:38:05,2026-02-26,21
if,2026-02-26 21:44:29,copa.js,3,5,copa.json,aliciargn,2026-02-26 21:44:29,2026-02-26,21
alert,2026-02-20 21:18:14,for.js,1,1,for.json,aliciargn,2026-02-20 21:18:14,2026-02-20,21
alert,2026-02-20 21:21:01,for.js,2,5,for.json,aliciargn,2026-02-20 21:21:01,2026-02-20,21
for,2026-02-20 21:22:52,for.js,4,1,for.json,aliciargn,2026-02-20 21:22:52,2026-02-20,21
for,2026-02-20 21:24:42,for.js,4,1,for.json,aliciargn,2026-02-20 21:24:42,2026-02-20,21
alert,2026-02-20 21:25:23,for.js,5,5,for.json,aliciargn,2026-02-20 21:25:23,2026-02-20,21
alert,2026-02-20 21:31:31,for.js,10,5,for.json,aliciargn,2026-02-20 21:31:31,2026-02-20,21
alert,2026-02-24 22:11:42,exercicio_03.js,3,5,exercicio_03.json,aliciargn,2026-02-24 22:11:42,2026-02-24,22
else,2026-02-24 22:12:08,exercicio_03.js,4,1,exercicio_03.json,aliciargn,2026-02-24 22:12:08,2026-02-24,22
alert,2026-02-24 22:12:21,exercicio_03.js,5,5,exercicio_03.json,aliciargn,2026-02-24 22:12:21,2026-02-24,22
if,2026-03-19 21:42:10,maiorde3.js,2,1,maiorde3.json,aliciargn,2026-03-19 21:42:10,2026-03-19,21
if,2026-03-19 21:42:22,maiorde3.js,2,1,maiorde3.json,aliciargn,2026-03-19 21:42:22,2026-03-19,21
alert,2026-03-19 21:43:05,maiorde3.js,3,5,maiorde3.json,aliciargn,2026-03-19 21:43:05,2026-03-19,21
if,2026-03-19 21:45:05,maiorde3.js,2,1,maiorde3.json,aliciargn,2026-03-19 21:45:05,2026-03-19,21
if,2026-03-19 21:51:25,maiorde3.js,2,1,maiorde3.json,aliciargn,2026-03-19 21:51:25,2026-03-19,21
alert,2026-03-19 21:52:28,maiorde3.js,3,5,maiorde3.json,aliciargn,2026-03-19 21:52:28,2026-03-19,21
if,2026-03-19 21:53:27,maiorde3.js,4,6,maiorde3.json,aliciargn,2026-03-19 21:53:27,2026-03-19,21
alert,2026-03-19 21:54:03,maiorde3.js,5,5,maiorde3.json,aliciargn,2026-03-19 21:54:03,2026-03-19,21
else,2026-03-19 21:54:14,maiorde3.js,6,1,maiorde3.json,aliciargn,2026-03-19 21:54:14,2026-03-19,21
if,2026-03-19 21:57:57,maiorde3.js,6,6,maiorde3.json,aliciargn,2026-03-19 21:57:57,2026-03-19,21
alert,2026-03-19 21:58:55,maiorde3.js,7,5,maiorde3.json,aliciargn,2026-03-19 21:58:55,2026-03-19,21
else,2026-03-19 22:00:08,maiorde3.js,8,1,maiorde3.json,aliciargn,2026-03-19 22:00:08,2026-03-19,22
alert,2026-03-19 22:00:15,maiorde3.js,9,5,maiorde3.json,aliciargn,2026-03-19 22:00:15,2026-03-19,22
while,2026-03-06 21:54:56,decremento.js,2,1,decremento.json,aliciargn,2026-03-06 21:54:56,2026-03-06,21
alert,2026-03-19 22:27:47,espalhamento.js,2,1,espalhamento.json,aliciargn,2026-03-19 22:27:47,2026-03-19,22
Math,2026-03-19 22:27:53,espalhamento.js,2,7,espalhamento.json,aliciargn,2026-03-19 22:27:53,2026-03-19,22
while,2026-03-06 22:10:36,pan.js,2,1,pan.json,aliciargn,2026-03-06 22:10:36,2026-03-06,22
alert,2026-03-06 22:11:20,pan.js,3,5,pan.json,aliciargn,2026-03-06 22:11:20,2026-03-06,22
if,2026-03-06 22:17:01,pan.js,3,5,pan.json,aliciargn,2026-03-06 22:17:01,2026-03-06,22
E,2026-03-06 22:26:54,pan.js,1,9,pan.json,aliciargn,2026-03-06 22:26:54,2026-03-06,22
E,2026-03-06 22:27:33,pan.js,6,6,pan.json,aliciargn,2026-03-06 22:27:33,2026-03-06,22
alert,2026-03-06 22:27:44,pan.js,8,1,pan.json,aliciargn,2026-03-06 22:27:44,2026-03-06,22
E,2026-03-06 22:28:15,pan.js,8,20,pan.json,aliciargn,2026-03-06 22:28:15,2026-03-06,22
let,2026-03-12 21:26:57,vetor_par_impar.js,1,1,vetor_par_impar.json,aliciargn,2026-03-12 21:26:57,2026-03-12,21
parseInt,2026-03-12 21:26:57,vetor_par_impar.js,2,14,vetor_par_impar.json,aliciargn,2026-03-12 21:26:57,2026-03-12,21
prompt,2026-03-12 21:26:57,vetor_par_impar.js,2,23,vetor_par_impar.json,aliciargn,2026-03-12 21:26:57,2026-03-12,21
for,2026-03-12 21:26:57,vetor_par_impar.js,3,1,vetor_par_impar.json,aliciargn,2026-03-12 21:26:57,2026-03-12,21
let,2026-03-12 21:26:57,vetor_par_impar.js,1,1,vetor_par_impar.json,aliciargn,2026-03-12 21:26:57,2026-03-12,21
parseInt,2026-03-12 21:26:57,vetor_par_impar.js,2,14,vetor_par_impar.json,aliciargn,2026-03-12 21:26:57,2026-03-12,21
prompt,2026-03-12 21:26:57,vetor_par_impar.js,2,23,vetor_par_impar.json,aliciargn,2026-03-12 21:26:57,2026-03-12,21
if,2026-03-12 21:26:57,vetor_par_impar.js,5,5,vetor_par_impar.json,aliciargn,2026-03-12 21:26:57,2026-03-12,21
else,2026-03-12 21:26:57,vetor_par_impar.js,8,5,vetor_par_impar.json,aliciargn,2026-03-12 21:26:57,2026-03-12,21
alert,2026-03-12 21:26:57,vetor_par_impar.js,11,5,vetor_par_impar.json,aliciargn,2026-03-12 21:26:57,2026-03-12,21
for,2026-03-12 21:33:51,vetor_par_impar.js,7,5,vetor_par_impar.json,aliciargn,2026-03-12 21:33:51,2026-03-12,21
for,2026-03-12 21:34:13,vetor_par_impar.js,7,5,vetor_par_impar.json,aliciargn,2026-03-12 21:34:13,2026-03-12,21
for,2026-03-12 21:35:07,vetor_par_impar.js,11,9,vetor_par_impar.json,aliciargn,2026-03-12 21:35:07,2026-03-12,21
let,2026-03-12 21:35:07,vetor_par_impar.js,11,13,vetor_par_impar.json,aliciargn,2026-03-12 21:35:07,2026-03-12,21
var,2026-03-12 21:37:04,vetor_par_impar.js,2,7,vetor_par_impar.json,aliciargn,2026-03-12 21:37:04,2026-03-12,21
for,2026-03-12 21:43:54,vetor_par_impar.js,13,9,vetor_par_impar.json,aliciargn,2026-03-12 21:43:54,2026-03-12,21
let,2026-03-12 21:43:54,vetor_par_impar.js,13,13,vetor_par_impar.json,aliciargn,2026-03-12 21:43:54,2026-03-12,21
for,2026-03-12 22:04:34,vetor_par_impar.js,22,1,vetor_par_impar.json,aliciargn,2026-03-12 22:04:34,2026-03-12,22
const,2026-03-26 20:21:08,funcaovetor.js,7,1,funcaovetor.json,aliciargn,2026-03-26 20:21:08,2026-03-26,20
let,2026-03-26 20:21:08,funcaovetor.js,8,1,funcaovetor.json,aliciargn,2026-03-26 20:21:08,2026-03-26,20
parseInt,2026-03-26 20:21:08,funcaovetor.js,8,15,funcaovetor.json,aliciargn,2026-03-26 20:21:08,2026-03-26,20
prompt,2026-03-26 20:21:08,funcaovetor.js,8,24,funcaovetor.json,aliciargn,2026-03-26 20:21:08,2026-03-26,20
for,2026-03-26 20:21:08,funcaovetor.js,9,1,funcaovetor.json,aliciargn,2026-03-26 20:21:08,2026-03-26,20
let,2026-03-26 20:21:08,funcaovetor.js,8,1,funcaovetor.json,aliciargn,2026-03-26 20:21:08,2026-03-26,20
parseInt,2026-03-26 20:21:08,funcaovetor.js,8,15,funcaovetor.json,aliciargn,2026-03-26 20:21:08,2026-03-26,20
prompt,2026-03-26 20:21:08,funcaovetor.js,8,24,funcaovetor.json,aliciargn,2026-03-26 20:21:08,2026-03-26,20
for,2026-03-26 20:21:08,funcaovetor.js,9,1,funcaovetor.json,aliciargn,2026-03-26 20:21:08,2026-03-26,20
let,2026-03-26 20:21:08,funcaovetor.js,8,1,funcaovetor.json,aliciargn,2026-03-26 20:21:08,2026-03-26,20
for,2026-03-26 20:47:34,funcaovetor.js,3,5,funcaovetor.json,aliciargn,2026-03-26 20:47:34,2026-03-26,20
let,2026-03-26 20:47:34,funcaovetor.js,3,9,funcaovetor.json,aliciargn,2026-03-26 20:47:34,2026-03-26,20
parseInt,2026-03-26 20:47:46,funcaovetor.js,4,22,funcaovetor.json,aliciargn,2026-03-26 20:47:46,2026-03-26,20
prompt,2026-03-26 20:47:46,funcaovetor.js,4,31,funcaovetor.json,aliciargn,2026-03-26 20:47:46,2026-03-26,20
for,2026-03-26 20:48:04,funcaovetor.js,7,5,funcaovetor.json,aliciargn,2026-03-26 20:48:04,2026-03-26,20
let,2026-03-26 20:48:04,funcaovetor.js,7,9,funcaovetor.json,aliciargn,2026-03-26 20:48:04,2026-03-26,20
let,2026-03-26 20:48:36,funcaovetor.js,2,1,funcaovetor.json,aliciargn,2026-03-26 20:48:36,2026-03-26,20
parseInt,2026-03-26 20:48:36,funcaovetor.js,2,15,funcaovetor.json,aliciargn,2026-03-26 20:48:36,2026-03-26,20
prompt,2026-03-26 20:48:36,funcaovetor.js,2,24,funcaovetor.json,aliciargn,2026-03-26 20:48:36,2026-03-26,20
const,2026-03-26 20:51:01,funcaovetor.js,13,1,funcaovetor.json,aliciargn,2026-03-26 20:51:01,2026-03-26,20
let,2026-03-26 20:51:01,funcaovetor.js,14,1,funcaovetor.json,aliciargn,2026-03-26 20:51:01,2026-03-26,20
parseInt,2026-03-26 20:51:01,funcaovetor.js,14,15,funcaovetor.json,aliciargn,2026-03-26 20:51:01,2026-03-26,20
prompt,2026-03-26 20:51:01,funcaovetor.js,14,24,funcaovetor.json,aliciargn,2026-03-26 20:51:01,2026-03-26,20
for,2026-03-26 20:51:01,funcaovetor.js,15,1,funcaovetor.json,aliciargn,2026-03-26 20:51:01,2026-03-26,20
let,2026-03-26 20:51:01,funcaovetor.js,14,1,funcaovetor.json,aliciargn,2026-03-26 20:51:01,2026-03-26,20
parseInt,2026-03-26 20:51:01,funcaovetor.js,14,15,funcaovetor.json,aliciargn,2026-03-26 20:51:01,2026-03-26,20
prompt,2026-03-26 20:51:01,funcaovetor.js,14,24,funcaovetor.json,aliciargn,2026-03-26 20:51:01,2026-03-26,20
for,2026-03-26 20:51:01,funcaovetor.js,15,1,funcaovetor.json,aliciargn,2026-03-26 20:51:01,2026-03-26,20
let,2026-03-26 20:51:01,funcaovetor.js,14,1,funcaovetor.json,aliciargn,2026-03-26 20:51:01,2026-03-26,20
if,2026-02-26 22:08:10,par-impar.js,2,1,par-impar.json,aliciargn,2026-02-26 22:08:10,2026-02-26,22
alert,2026-02-26 22:08:32,par-impar.js,3,5,par-impar.json,aliciargn,2026-02-26 22:08:32,2026-02-26,22
else,2026-02-26 22:08:46,par-impar.js,4,1,par-impar.json,aliciargn,2026-02-26 22:08:46,2026-02-26,22
alert,2026-02-26 22:08:52,par-impar.js,5,5,par-impar.json,aliciargn,2026-02-26 22:08:52,2026-02-26,22
E,2026-02-26 22:17:34,par-impar.js,1,14,par-impar.json,aliciargn,2026-02-26 22:17:34,2026-02-26,22
for,2026-02-26 22:19:45,par-impar.js,3,1,par-impar.json,aliciargn,2026-02-26 22:19:45,2026-02-26,22
if,2026-02-26 22:20:51,par-impar.js,5,5,par-impar.json,aliciargn,2026-02-26 22:20:51,2026-02-26,22
else,2026-02-26 22:21:31,par-impar.js,8,5,par-impar.json,aliciargn,2026-02-26 22:21:31,2026-02-26,22
alert,2026-02-26 22:21:55,par-impar.js,10,5,par-impar.json,aliciargn,2026-02-26 22:21:55,2026-02-26,22
for,2026-02-27 22:23:09,par-impar.js,12,1,par-impar.json,aliciargn,2026-02-27 22:23:09,2026-02-27,22
do,2026-03-06 21:15:34,aprovacao2.js,1,1,aprovacao2.json,aliciargn,2026-03-06 21:15:34,2026-03-06,21
var,2026-03-06 21:15:34,aprovacao2.js,2,5,aprovacao2.json,aliciargn,2026-03-06 21:15:34,2026-03-06,21
var,2026-03-06 21:15:34,aprovacao2.js,2,5,aprovacao2.json,aliciargn,2026-03-06 21:15:34,2026-03-06,21
parseFloat,2026-03-06 21:15:34,aprovacao2.js,3,16,aprovacao2.json,aliciargn,2026-03-06 21:15:34,2026-03-06,21
prompt,2026-03-06 21:15:34,aprovacao2.js,3,27,aprovacao2.json,aliciargn,2026-03-06 21:15:34,2026-03-06,21
var,2026-03-06 21:15:34,aprovacao2.js,2,5,aprovacao2.json,aliciargn,2026-03-06 21:15:34,2026-03-06,21
parseFloat,2026-03-06 21:15:34,aprovacao2.js,3,16,aprovacao2.json,aliciargn,2026-03-06 21:15:34,2026-03-06,21
prompt,2026-03-06 21:15:34,aprovacao2.js,3,27,aprovacao2.json,aliciargn,2026-03-06 21:15:34,2026-03-06,21
var,2026-03-06 21:15:34,aprovacao2.js,2,5,aprovacao2.json,aliciargn,2026-03-06 21:15:34,2026-03-06,21
alert,2026-03-06 21:15:34,aprovacao2.js,6,3,aprovacao2.json,aliciargn,2026-03-06 21:15:34,2026-03-06,21
if,2026-03-06 21:15:34,aprovacao2.js,7,1,aprovacao2.json,aliciargn,2026-03-06 21:15:34,2026-03-06,21
alert,2026-03-06 21:15:34,aprovacao2.js,6,3,aprovacao2.json,aliciargn,2026-03-06 21:15:34,2026-03-06,21
else,2026-03-06 21:15:34,aprovacao2.js,11,1,aprovacao2.json,aliciargn,2026-03-06 21:15:34,2026-03-06,21
if,2026-03-06 21:15:34,aprovacao2.js,7,1,aprovacao2.json,aliciargn,2026-03-06 21:15:34,2026-03-06,21
alert,2026-03-06 21:15:34,aprovacao2.js,6,3,aprovacao2.json,aliciargn,2026-03-06 21:15:34,2026-03-06,21
parseFloat,2026-03-06 21:15:34,aprovacao2.js,3,16,aprovacao2.json,aliciargn,2026-03-06 21:15:34,2026-03-06,21
prompt,2026-03-06 21:15:34,aprovacao2.js,3,27,aprovacao2.json,aliciargn,2026-03-06 21:15:34,2026-03-06,21
if,2026-03-06 21:15:34,aprovacao2.js,7,1,aprovacao2.json,aliciargn,2026-03-06 21:15:34,2026-03-06,21
alert,2026-03-06 21:15:34,aprovacao2.js,6,3,aprovacao2.json,aliciargn,2026-03-06 21:15:34,2026-03-06,21
else,2026-03-06 21:15:34,aprovacao2.js,11,1,aprovacao2.json,aliciargn,2026-03-06 21:15:34,2026-03-06,21
alert,2026-03-06 21:15:34,aprovacao2.js,6,3,aprovacao2.json,aliciargn,2026-03-06 21:15:34,2026-03-06,21
else,2026-03-06 21:15:34,aprovacao2.js,11,1,aprovacao2.json,aliciargn,2026-03-06 21:15:34,2026-03-06,21
alert,2026-03-06 21:15:34,aprovacao2.js,6,3,aprovacao2.json,aliciargn,2026-03-06 21:15:34,2026-03-06,21
while,2026-03-06 21:15:34,aprovacao2.js,29,2,aprovacao2.json,aliciargn,2026-03-06 21:15:34,2026-03-06,21
alert,2026-03-06 21:15:34,aprovacao2.js,6,3,aprovacao2.json,aliciargn,2026-03-06 21:15:34,2026-03-06,21
var,2026-03-06 21:32:23,aprovacao2.js,1,1,aprovacao2.json,aliciargn,2026-03-06 21:32:23,2026-03-06,21
var,2026-03-06 21:32:23,aprovacao2.js,2,1,aprovacao2.json,aliciargn,2026-03-06 21:32:23,2026-03-06,21
parseFloat,2026-03-06 21:32:23,aprovacao2.js,2,12,aprovacao2.json,aliciargn,2026-03-06 21:32:23,2026-03-06,21
prompt,2026-03-06 21:32:23,aprovacao2.js,2,23,aprovacao2.json,aliciargn,2026-03-06 21:32:23,2026-03-06,21
var,2026-03-06 21:32:24,aprovacao2.js,3,1,aprovacao2.json,aliciargn,2026-03-06 21:32:24,2026-03-06,21
parseFloat,2026-03-06 21:32:24,aprovacao2.js,3,12,aprovacao2.json,aliciargn,2026-03-06 21:32:24,2026-03-06,21
prompt,2026-03-06 21:32:24,aprovacao2.js,3,23,aprovacao2.json,aliciargn,2026-03-06 21:32:24,2026-03-06,21
var,2026-03-06 21:32:24,aprovacao2.js,4,1,aprovacao2.json,aliciargn,2026-03-06 21:32:24,2026-03-06,21
alert,2026-03-06 21:32:25,aprovacao2.js,5,3,aprovacao2.json,aliciargn,2026-03-06 21:32:25,2026-03-06,21
if,2026-03-06 21:32:25,aprovacao2.js,6,1,aprovacao2.json,aliciargn,2026-03-06 21:32:25,2026-03-06,21
alert,2026-03-06 21:32:26,aprovacao2.js,7,5,aprovacao2.json,aliciargn,2026-03-06 21:32:26,2026-03-06,21
alert,2026-03-06 21:32:55,aprovacao2.js,9,5,aprovacao2.json,aliciargn,2026-03-06 21:32:55,2026-03-06,21
if,2026-03-06 21:32:55,aprovacao2.js,8,5,aprovacao2.json,aliciargn,2026-03-06 21:32:55,2026-03-06,21
alert,2026-03-06 21:32:56,aprovacao2.js,7,3,aprovacao2.json,aliciargn,2026-03-06 21:32:56,2026-03-06,21
var,2026-03-06 21:32:56,aprovacao2.js,6,1,aprovacao2.json,aliciargn,2026-03-06 21:32:56,2026-03-06,21
var,2026-03-06 21:32:56,aprovacao2.js,5,1,aprovacao2.json,aliciargn,2026-03-06 21:32:56,2026-03-06,21
parseFloat,2026-03-06 21:32:56,aprovacao2.js,5,12,aprovacao2.json,aliciargn,2026-03-06 21:32:56,2026-03-06,21
prompt,2026-03-06 21:32:56,aprovacao2.js,5,23,aprovacao2.json,aliciargn,2026-03-06 21:32:56,2026-03-06,21
var,2026-03-06 21:32:57,aprovacao2.js,4,1,aprovacao2.json,aliciargn,2026-03-06 21:32:57,2026-03-06,21
parseFloat,2026-03-06 21:32:57,aprovacao2.js,4,12,aprovacao2.json,aliciargn,2026-03-06 21:32:57,2026-03-06,21
prompt,2026-03-06 21:32:57,aprovacao2.js,4,23,aprovacao2.json,aliciargn,2026-03-06 21:32:57,2026-03-06,21
E,2026-03-06 21:40:04,aprovacao2.js,14,12,aprovacao2.json,aliciargn,2026-03-06 21:40:04,2026-03-06,21
if,2026-03-03 20:28:52,exercicio_06.js,3,1,exercicio_06.json,aliciargn,2026-03-03 20:28:52,2026-03-03,20
alert,2026-03-03 20:31:46,exercicio_06.js,4,5,exercicio_06.json,aliciargn,2026-03-03 20:31:46,2026-03-03,20
else,2026-03-03 20:32:04,exercicio_06.js,5,1,exercicio_06.json,aliciargn,2026-03-03 20:32:04,2026-03-03,20
else,2026-03-03 20:34:08,exercicio_06.js,5,1,exercicio_06.json,aliciargn,2026-03-03 20:34:08,2026-03-03,20
alert,2026-03-03 20:34:22,exercicio_06.js,6,5,exercicio_06.json,aliciargn,2026-03-03 20:34:22,2026-03-03,20
while,2026-03-05 21:54:12,time.js,3,1,time.json,aliciargn,2026-03-05 21:54:12,2026-03-05,21
alert,2026-03-05 22:04:29,time.js,6,5,time.json,aliciargn,2026-03-05 22:04:29,2026-03-05,22
toUpperCase,2026-03-05 22:05:42,time.js,5,19,time.json,aliciargn,2026-03-05 22:05:42,2026-03-05,22
toUpperCase,2026-03-05 22:08:15,time.js,8,22,time.json,aliciargn,2026-03-05 22:08:15,2026-03-05,22
alert,2026-03-05 22:08:15,time.js,9,5,time.json,aliciargn,2026-03-05 22:08:15,2026-03-05,22
toUpperCase,2026-03-05 22:08:48,time.js,5,18,time.json,aliciargn,2026-03-05 22:08:48,2026-03-05,22
alert,2026-03-05 22:09:38,time.js,6,1,time.json,aliciargn,2026-03-05 22:09:38,2026-03-05,22
let,2026-03-05 22:11:43,time.js,4,1,time.json,aliciargn,2026-03-05 22:11:43,2026-03-05,22
let,2026-03-05 22:11:47,time.js,3,1,time.json,aliciargn,2026-03-05 22:11:47,2026-03-05,22
E,2026-03-05 22:12:21,time.js,4,22,time.json,aliciargn,2026-03-05 22:12:21,2026-03-05,22
alert,2026-02-24 22:21:59,exercicio_04.js,5,5,exercicio_04.json,aliciargn,2026-02-24 22:21:59,2026-02-24,22
else,2026-02-24 22:23:09,exercicio_04.js,6,1,exercicio_04.json,aliciargn,2026-02-24 22:23:09,2026-02-24,22
alert,2026-02-24 22:23:16,exercicio_04.js,7,5,exercicio_04.json,aliciargn,2026-02-24 22:23:16,2026-02-24,22
E,2026-03-03 21:24:53,exercicio_07.js,1,106,exercicio_07.json,aliciargn,2026-03-03 21:24:53,2026-03-03,21
while,2026-03-03 21:35:00,exercicio_07.js,4,1,exercicio_07.json,aliciargn,2026-03-03 21:35:00,2026-03-03,21
while,2026-03-03 21:50:18,exercicio_07.js,4,1,exercicio_07.json,aliciargn,2026-03-03 21:50:18,2026-03-03,21
console,2026-03-03 21:51:00,exercicio_07.js,8,1,exercicio_07.json,aliciargn,2026-03-03 21:51:00,2026-03-03,21
log,2026-03-03 21:51:04,exercicio_07.js,8,9,exercicio_07.json,aliciargn,2026-03-03 21:51:04,2026-03-03,21
alert,2026-03-20 20:04:21,troca.js,2,1,troca.json,aliciargn,2026-03-20 20:04:21,2026-03-20,20
alert,2026-03-20 20:18:29,troca.js,3,1,troca.json,aliciargn,2026-03-20 20:18:29,2026-03-20,20
alert,2026-03-20 20:20:22,troca.js,5,1,troca.json,aliciargn,2026-03-20 20:20:22,2026-03-20,20
let,2026-03-20 20:27:09,troca.js,1,18,troca.json,aliciargn,2026-03-20 20:27:09,2026-03-20,20
alert,2026-03-20 20:34:41,troca.js,6,1,troca.json,aliciargn,2026-03-20 20:34:41,2026-03-20,20
var,2026-03-12 20:14:44,vetor_jogos.js,1,1,vetor_jogos.json,aliciargn,2026-03-12 20:14:44,2026-03-12,20
let,2026-03-12 20:14:44,vetor_jogos.js,2,1,vetor_jogos.json,aliciargn,2026-03-12 20:14:44,2026-03-12,20
while,2026-03-12 20:14:44,vetor_jogos.js,3,1,vetor_jogos.json,aliciargn,2026-03-12 20:14:44,2026-03-12,20
alert,2026-03-12 20:14:44,vetor_jogos.js,8,1,vetor_jogos.json,aliciargn,2026-03-12 20:14:44,2026-03-12,20
for,2026-03-12 20:17:54,vetor_jogos.js,10,1,vetor_jogos.json,aliciargn,2026-03-12 20:17:54,2026-03-12,20
E,2026-03-12 20:18:18,vetor_jogos.js,10,23,vetor_jogos.json,aliciargn,2026-03-12 20:18:18,2026-03-12,20
for,2026-03-12 20:24:35,vetor_jogos.js,9,1,vetor_jogos.json,aliciargn,2026-03-12 20:24:35,2026-03-12,20
for,2026-03-12 20:25:06,vetor_jogos.js,8,1,vetor_jogos.json,aliciargn,2026-03-12 20:25:06,2026-03-12,20
for,2026-03-12 20:26:09,vetor_jogos.js,7,1,vetor_jogos.json,aliciargn,2026-03-12 20:26:09,2026-03-12,20
alert,2026-03-12 20:30:48,vetor_jogos.js,5,1,vetor_jogos.json,aliciargn,2026-03-12 20:30:48,2026-03-12,20
for,2026-03-12 20:33:26,vetor_jogos.js,9,1,vetor_jogos.json,aliciargn,2026-03-12 20:33:26,2026-03-12,20
for,2026-03-12 20:40:01,vetor_jogos.js,4,1,vetor_jogos.json,aliciargn,2026-03-12 20:40:01,2026-03-12,20
for,2026-03-12 20:42:14,vetor_jogos.js,9,1,vetor_jogos.json,aliciargn,2026-03-12 20:42:14,2026-03-12,20
parseInt,2026-02-27 20:47:16,domingos.js,1,15,domingos.json,veronica2006sabrina-bot,2026-02-27 20:47:16,2026-02-27,20
for,2026-02-27 20:48:48,domingos.js,5,1,domingos.json,veronica2006sabrina-bot,2026-02-27 20:48:48,2026-02-27,20
for,2026-02-27 20:50:40,domingos.js,8,1,domingos.json,veronica2006sabrina-bot,2026-02-27 20:50:40,2026-02-27,20
parseInt,2026-03-12 19:52:26,vaquinha.js,3,13,vaquinha.json,veronica2006sabrina-bot,2026-03-12 19:52:26,2026-03-12,19
E,2026-03-12 19:52:42,vaquinha.js,3,39,vaquinha.json,veronica2006sabrina-bot,2026-03-12 19:52:42,2026-03-12,19
parseFloat,2026-03-12 19:55:36,vaquinha.js,5,14,vaquinha.json,veronica2006sabrina-bot,2026-03-12 19:55:36,2026-03-12,19
alert,2026-03-12 19:56:42,vaquinha.js,8,1,vaquinha.json,veronica2006sabrina-bot,2026-03-12 19:56:42,2026-03-12,19
for,2026-03-12 20:07:12,vaquinha.js,9,1,vaquinha.json,veronica2006sabrina-bot,2026-03-12 20:07:12,2026-03-12,20
E,2026-03-10 21:40:08,atv6.js,1,2,atv6.json,veronica2006sabrina-bot,2026-03-10 21:40:08,2026-03-10,21
while,2026-03-10 21:41:18,atv6.js,3,1,atv6.json,veronica2006sabrina-bot,2026-03-10 21:41:18,2026-03-10,21
alert,2026-03-10 21:42:03,atv6.js,7,1,atv6.json,veronica2006sabrina-bot,2026-03-10 21:42:03,2026-03-10,21
function,2026-03-25 18:15:06,selection.js,1,1,selection.json,veronica2006sabrina-bot,2026-03-25 18:15:06,2026-03-25,18
if,2026-03-25 18:20:17,selection.js,7,13,selection.json,veronica2006sabrina-bot,2026-03-25 18:20:17,2026-03-25,18
while,2026-03-10 22:16:41,atv.7.js,3,2,atv.7.json,veronica2006sabrina-bot,2026-03-10 22:16:41,2026-03-10,22
var,2026-03-10 22:18:19,atv.7.js,2,5,atv.7.json,veronica2006sabrina-bot,2026-03-10 22:18:19,2026-03-10,22
E,2026-03-10 22:20:58,atv.7.js,3,27,atv.7.json,veronica2006sabrina-bot,2026-03-10 22:20:58,2026-03-10,22
toLowerCase,2026-03-10 22:21:12,atv.7.js,3,15,atv.7.json,veronica2006sabrina-bot,2026-03-10 22:21:12,2026-03-10,22
if,2026-03-24 22:05:12,login.js,2,1,login.json,veronica2006sabrina-bot,2026-03-24 22:05:12,2026-03-24,22
do,2026-03-24 22:08:39,login.js,1,1,login.json,veronica2006sabrina-bot,2026-03-24 22:08:39,2026-03-24,22
while,2026-03-24 22:10:25,login.js,3,1,login.json,veronica2006sabrina-bot,2026-03-24 22:10:25,2026-03-24,22
alert,2026-03-24 22:12:03,login.js,3,1,login.json,veronica2006sabrina-bot,2026-03-24 22:12:03,2026-03-24,22
alert,2026-03-24 22:12:55,login.js,6,1,login.json,veronica2006sabrina-bot,2026-03-24 22:12:55,2026-03-24,22
alert,2026-03-19 22:14:26,maiorde3Math.js,1,1,maiorde3Math.json,veronica2006sabrina-bot,2026-03-19 22:14:26,2026-03-19,22
Math,2026-03-19 22:14:40,maiorde3Math.js,1,7,maiorde3Math.json,veronica2006sabrina-bot,2026-03-19 22:14:40,2026-03-19,22
max,2026-03-19 22:15:04,maiorde3Math.js,1,12,maiorde3Math.json,veronica2006sabrina-bot,2026-03-19 22:15:04,2026-03-19,22
parseInt,2026-03-24 22:16:08,desempenho.js,1,12,desempenho.json,veronica2006sabrina-bot,2026-03-24 22:16:08,2026-03-24,22
prompt,2026-03-24 22:16:14,desempenho.js,1,21,desempenho.json,veronica2006sabrina-bot,2026-03-24 22:16:14,2026-03-24,22
parseInt,2026-03-24 22:21:15,desempenho.js,2,11,desempenho.json,veronica2006sabrina-bot,2026-03-24 22:21:15,2026-03-24,22
parseFloat,2026-03-24 22:21:25,desempenho.js,2,11,desempenho.json,veronica2006sabrina-bot,2026-03-24 22:21:25,2026-03-24,22
for,2026-03-24 22:21:51,desempenho.js,3,1,desempenho.json,veronica2006sabrina-bot,2026-03-24 22:21:51,2026-03-24,22
return,2026-03-25 19:09:55,funcao_soma.js,2,1,funcao_soma.json,veronica2006sabrina-bot,2026-03-25 19:09:55,2026-03-25,19
parseInt,2026-03-25 19:10:26,funcao_soma.js,4,8,funcao_soma.json,veronica2006sabrina-bot,2026-03-25 19:10:26,2026-03-25,19
parseInt,2026-03-25 19:10:54,funcao_soma.js,5,8,funcao_soma.json,veronica2006sabrina-bot,2026-03-25 19:10:54,2026-03-25,19
prompt,2026-03-25 19:10:59,funcao_soma.js,5,17,funcao_soma.json,veronica2006sabrina-bot,2026-03-25 19:10:59,2026-03-25,19
alert,2026-03-25 19:11:21,funcao_soma.js,6,1,funcao_soma.json,veronica2006sabrina-bot,2026-03-25 19:11:21,2026-03-25,19
function,2026-03-25 19:31:57,funcao_soma.js,3,1,funcao_soma.json,veronica2006sabrina-bot,2026-03-25 19:31:57,2026-03-25,19
function,2026-03-25 19:37:56,funcao_soma.js,10,1,funcao_soma.json,veronica2006sabrina-bot,2026-03-25 19:37:56,2026-03-25,19
alert,2026-03-25 19:48:21,funcao_soma.js,18,5,funcao_soma.json,veronica2006sabrina-bot,2026-03-25 19:48:21,2026-03-25,19
break,2026-03-25 19:48:51,funcao_soma.js,18,22,funcao_soma.json,veronica2006sabrina-bot,2026-03-25 19:48:51,2026-03-25,19
alert,2026-03-25 19:49:21,funcao_soma.js,20,5,funcao_soma.json,veronica2006sabrina-bot,2026-03-25 19:49:21,2026-03-25,19
break,2026-03-25 19:51:23,funcao_soma.js,20,27,funcao_soma.json,veronica2006sabrina-bot,2026-03-25 19:51:23,2026-03-25,19
alert,2026-03-25 19:52:04,funcao_soma.js,22,5,funcao_soma.json,veronica2006sabrina-bot,2026-03-25 19:52:04,2026-03-25,19
toFixed,2026-03-25 19:53:55,funcao_soma.js,24,28,funcao_soma.json,veronica2006sabrina-bot,2026-03-25 19:53:55,2026-03-25,19
break,2026-03-25 19:54:13,funcao_soma.js,24,40,funcao_soma.json,veronica2006sabrina-bot,2026-03-25 19:54:13,2026-03-25,19
alert,2026-03-25 19:54:33,funcao_soma.js,26,13,funcao_soma.json,veronica2006sabrina-bot,2026-03-25 19:54:33,2026-03-25,19
parseInt,2026-03-26 19:53:09,revisao_vetor.js,2,14,revisao_vetor.json,veronica2006sabrina-bot,2026-03-26 19:53:09,2026-03-26,19
prompt,2026-03-26 19:53:15,revisao_vetor.js,2,23,revisao_vetor.json,veronica2006sabrina-bot,2026-03-26 19:53:15,2026-03-26,19
for,2026-03-26 19:53:27,revisao_vetor.js,3,1,revisao_vetor.json,veronica2006sabrina-bot,2026-03-26 19:53:27,2026-03-26,19
parseInt,2026-03-26 19:54:17,revisao_vetor.js,4,16,revisao_vetor.json,veronica2006sabrina-bot,2026-03-26 19:54:17,2026-03-26,19
prompt,2026-03-26 19:54:25,revisao_vetor.js,4,25,revisao_vetor.json,veronica2006sabrina-bot,2026-03-26 19:54:25,2026-03-26,19
for,2026-03-26 20:03:09,revisao_vetor.js,6,1,revisao_vetor.json,veronica2006sabrina-bot,2026-03-26 20:03:09,2026-03-26,20
parseFloat,2026-03-05 19:58:50,aprovacao.js,1,10,aprovacao.json,veronica2006sabrina-bot,2026-03-05 19:58:50,2026-03-05,19
parseFloat,2026-03-05 19:59:49,aprovacao.js,2,12,aprovacao.json,veronica2006sabrina-bot,2026-03-05 19:59:49,2026-03-05,19
if,2026-03-05 20:02:58,aprovacao.js,4,1,aprovacao.json,veronica2006sabrina-bot,2026-03-05 20:02:58,2026-03-05,20
alert,2026-03-05 20:03:55,aprovacao.js,5,5,aprovacao.json,veronica2006sabrina-bot,2026-03-05 20:03:55,2026-03-05,20
alert,2026-03-05 20:07:00,aprovacao.js,9,1,aprovacao.json,veronica2006sabrina-bot,2026-03-05 20:07:00,2026-03-05,20
while,2026-03-05 20:11:52,aprovacao.js,9,2,aprovacao.json,veronica2006sabrina-bot,2026-03-05 20:11:52,2026-03-05,20
while,2026-03-05 20:14:49,aprovacao.js,8,2,aprovacao.json,veronica2006sabrina-bot,2026-03-05 20:14:49,2026-03-05,20
alert,2026-03-05 20:19:16,aprovacao.js,9,1,aprovacao.json,veronica2006sabrina-bot,2026-03-05 20:19:16,2026-03-05,20
E,2026-03-05 20:43:27,aprovacao.js,9,12,aprovacao.json,veronica2006sabrina-bot,2026-03-05 20:43:27,2026-03-05,20
else,2026-03-05 20:43:35,aprovacao.js,10,1,aprovacao.json,veronica2006sabrina-bot,2026-03-05 20:43:35,2026-03-05,20
alert,2026-03-05 20:43:37,aprovacao.js,11,5,aprovacao.json,veronica2006sabrina-bot,2026-03-05 20:43:37,2026-03-05,20
alert,2026-03-05 20:45:00,aprovacao.js,8,1,aprovacao.json,veronica2006sabrina-bot,2026-03-05 20:45:00,2026-03-05,20
alert,2026-03-05 20:45:02,aprovacao.js,10,1,aprovacao.json,veronica2006sabrina-bot,2026-03-05 20:45:02,2026-03-05,20
alert,2026-03-05 20:45:05,aprovacao.js,10,9,aprovacao.json,veronica2006sabrina-bot,2026-03-05 20:45:05,2026-03-05,20
E,2026-03-05 20:45:24,aprovacao.js,5,9,aprovacao.json,veronica2006sabrina-bot,2026-03-05 20:45:24,2026-03-05,20
parseFloat,2026-03-05 20:45:37,aprovacao.js,11,22,aprovacao.json,veronica2006sabrina-bot,2026-03-05 20:45:37,2026-03-05,20
prompt,2026-03-05 20:45:41,aprovacao.js,11,33,aprovacao.json,veronica2006sabrina-bot,2026-03-05 20:45:41,2026-03-05,20
if,2026-03-05 20:45:51,aprovacao.js,12,5,aprovacao.json,veronica2006sabrina-bot,2026-03-05 20:45:51,2026-03-05,20
alert,2026-03-05 20:47:06,aprovacao.js,14,9,aprovacao.json,veronica2006sabrina-bot,2026-03-05 20:47:06,2026-03-05,20
else,2026-03-05 20:47:13,aprovacao.js,15,5,aprovacao.json,veronica2006sabrina-bot,2026-03-05 20:47:13,2026-03-05,20
alert,2026-03-05 20:47:15,aprovacao.js,16,9,aprovacao.json,veronica2006sabrina-bot,2026-03-05 20:47:15,2026-03-05,20
E,2026-03-05 21:24:27,aprovacao.js,1,24,aprovacao.json,veronica2006sabrina-bot,2026-03-05 21:24:27,2026-03-05,21
do,2026-03-06 21:19:21,aprovacao.js,26,1,aprovacao.json,veronica2006sabrina-bot,2026-03-06 21:19:21,2026-03-06,21
var,2026-03-06 21:19:21,aprovacao.js,27,5,aprovacao.json,veronica2006sabrina-bot,2026-03-06 21:19:21,2026-03-06,21
var,2026-03-06 21:19:21,aprovacao.js,27,5,aprovacao.json,veronica2006sabrina-bot,2026-03-06 21:19:21,2026-03-06,21
parseFloat,2026-03-06 21:19:21,aprovacao.js,28,16,aprovacao.json,veronica2006sabrina-bot,2026-03-06 21:19:21,2026-03-06,21
prompt,2026-03-06 21:19:21,aprovacao.js,28,27,aprovacao.json,veronica2006sabrina-bot,2026-03-06 21:19:21,2026-03-06,21
var,2026-03-06 21:19:21,aprovacao.js,27,5,aprovacao.json,veronica2006sabrina-bot,2026-03-06 21:19:21,2026-03-06,21
parseFloat,2026-03-06 21:19:21,aprovacao.js,28,16,aprovacao.json,veronica2006sabrina-bot,2026-03-06 21:19:21,2026-03-06,21
prompt,2026-03-06 21:19:21,aprovacao.js,28,27,aprovacao.json,veronica2006sabrina-bot,2026-03-06 21:19:21,2026-03-06,21
var,2026-03-06 21:19:21,aprovacao.js,27,5,aprovacao.json,veronica2006sabrina-bot,2026-03-06 21:19:21,2026-03-06,21
alert,2026-03-06 21:19:21,aprovacao.js,31,3,aprovacao.json,veronica2006sabrina-bot,2026-03-06 21:19:21,2026-03-06,21
if,2026-03-06 21:19:21,aprovacao.js,32,1,aprovacao.json,veronica2006sabrina-bot,2026-03-06 21:19:21,2026-03-06,21
alert,2026-03-06 21:19:21,aprovacao.js,31,3,aprovacao.json,veronica2006sabrina-bot,2026-03-06 21:19:21,2026-03-06,21
else,2026-03-06 21:19:21,aprovacao.js,36,1,aprovacao.json,veronica2006sabrina-bot,2026-03-06 21:19:21,2026-03-06,21
if,2026-03-06 21:19:21,aprovacao.js,32,1,aprovacao.json,veronica2006sabrina-bot,2026-03-06 21:19:21,2026-03-06,21
alert,2026-03-06 21:19:21,aprovacao.js,31,3,aprovacao.json,veronica2006sabrina-bot,2026-03-06 21:19:21,2026-03-06,21
parseFloat,2026-03-06 21:19:21,aprovacao.js,28,16,aprovacao.json,veronica2006sabrina-bot,2026-03-06 21:19:21,2026-03-06,21
prompt,2026-03-06 21:19:21,aprovacao.js,28,27,aprovacao.json,veronica2006sabrina-bot,2026-03-06 21:19:21,2026-03-06,21
if,2026-03-06 21:19:21,aprovacao.js,32,1,aprovacao.json,veronica2006sabrina-bot,2026-03-06 21:19:21,2026-03-06,21
alert,2026-03-06 21:19:21,aprovacao.js,31,3,aprovacao.json,veronica2006sabrina-bot,2026-03-06 21:19:21,2026-03-06,21
else,2026-03-06 21:19:21,aprovacao.js,36,1,aprovacao.json,veronica2006sabrina-bot,2026-03-06 21:19:21,2026-03-06,21
alert,2026-03-06 21:19:21,aprovacao.js,31,3,aprovacao.json,veronica2006sabrina-bot,2026-03-06 21:19:21,2026-03-06,21
else,2026-03-06 21:19:21,aprovacao.js,36,1,aprovacao.json,veronica2006sabrina-bot,2026-03-06 21:19:21,2026-03-06,21
alert,2026-03-06 21:19:21,aprovacao.js,31,3,aprovacao.json,veronica2006sabrina-bot,2026-03-06 21:19:21,2026-03-06,21
while,2026-03-06 21:19:21,aprovacao.js,54,2,aprovacao.json,veronica2006sabrina-bot,2026-03-06 21:19:21,2026-03-06,21
alert,2026-03-06 21:19:21,aprovacao.js,31,3,aprovacao.json,veronica2006sabrina-bot,2026-03-06 21:19:21,2026-03-06,21
var,2026-03-06 21:32:24,aprovacao.js,27,5,aprovacao.json,veronica2006sabrina-bot,2026-03-06 21:32:24,2026-03-06,21
var,2026-03-06 21:32:26,aprovacao.js,28,5,aprovacao.json,veronica2006sabrina-bot,2026-03-06 21:32:26,2026-03-06,21
parseFloat,2026-03-06 21:32:26,aprovacao.js,28,16,aprovacao.json,veronica2006sabrina-bot,2026-03-06 21:32:26,2026-03-06,21
prompt,2026-03-06 21:32:26,aprovacao.js,28,27,aprovacao.json,veronica2006sabrina-bot,2026-03-06 21:32:26,2026-03-06,21
var,2026-03-06 21:32:28,aprovacao.js,30,5,aprovacao.json,veronica2006sabrina-bot,2026-03-06 21:32:28,2026-03-06,21
parseFloat,2026-03-06 21:32:28,aprovacao.js,30,16,aprovacao.json,veronica2006sabrina-bot,2026-03-06 21:32:28,2026-03-06,21
prompt,2026-03-06 21:32:28,aprovacao.js,30,27,aprovacao.json,veronica2006sabrina-bot,2026-03-06 21:32:28,2026-03-06,21
do,2026-03-06 21:37:07,aprovacao.js,3,5,aprovacao.json,veronica2006sabrina-bot,2026-03-06 21:37:07,2026-03-06,21
parseInt,2026-03-24 20:41:50,evento.js,1,11,evento.json,veronica2006sabrina-bot,2026-03-24 20:41:50,2026-03-24,20
prompt,2026-03-24 20:41:56,evento.js,1,20,evento.json,veronica2006sabrina-bot,2026-03-24 20:41:56,2026-03-24,20
prompt,2026-03-24 20:42:54,evento.js,2,14,evento.json,veronica2006sabrina-bot,2026-03-24 20:42:54,2026-03-24,20
E,2026-03-24 21:20:17,evento.js,2,2,evento.json,veronica2006sabrina-bot,2026-03-24 21:20:17,2026-03-24,21
true,2026-03-24 21:20:52,evento.js,2,18,evento.json,veronica2006sabrina-bot,2026-03-24 21:20:52,2026-03-24,21
if,2026-03-24 21:21:08,evento.js,3,1,evento.json,veronica2006sabrina-bot,2026-03-24 21:21:08,2026-03-24,21
alert,2026-03-24 21:22:21,evento.js,4,5,evento.json,veronica2006sabrina-bot,2026-03-24 21:22:21,2026-03-24,21
alert,2026-03-24 21:22:47,evento.js,6,5,evento.json,veronica2006sabrina-bot,2026-03-24 21:22:47,2026-03-24,21
if,2026-03-24 21:29:04,evento.js,7,1,evento.json,veronica2006sabrina-bot,2026-03-24 21:29:04,2026-03-24,21
if,2026-03-24 21:29:35,evento.js,7,6,evento.json,veronica2006sabrina-bot,2026-03-24 21:29:35,2026-03-24,21
if,2026-03-24 21:30:51,evento.js,7,6,evento.json,veronica2006sabrina-bot,2026-03-24 21:30:51,2026-03-24,21
while,2026-03-19 21:47:24,maiorde3.js,2,1,maiorde3.json,veronica2006sabrina-bot,2026-03-19 21:47:24,2026-03-19,21
alert,2026-03-19 21:53:42,maiorde3.js,3,5,maiorde3.json,veronica2006sabrina-bot,2026-03-19 21:53:42,2026-03-19,21
alert,2026-03-19 21:57:52,maiorde3.js,3,5,maiorde3.json,veronica2006sabrina-bot,2026-03-19 21:57:52,2026-03-19,21
alert,2026-03-19 21:58:40,maiorde3.js,5,5,maiorde3.json,veronica2006sabrina-bot,2026-03-19 21:58:40,2026-03-19,21
alert,2026-03-19 21:59:41,maiorde3.js,7,5,maiorde3.json,veronica2006sabrina-bot,2026-03-19 21:59:41,2026-03-19,21
alert,2026-03-19 22:00:17,maiorde3.js,9,5,maiorde3.json,veronica2006sabrina-bot,2026-03-19 22:00:17,2026-03-19,22
parseInt,2026-03-06 21:55:17,decremento.js,1,11,decremento.json,veronica2006sabrina-bot,2026-03-06 21:55:17,2026-03-06,21
while,2026-03-06 21:55:45,decremento.js,2,1,decremento.json,veronica2006sabrina-bot,2026-03-06 21:55:45,2026-03-06,21
alert,2026-03-06 21:56:20,decremento.js,3,5,decremento.json,veronica2006sabrina-bot,2026-03-06 21:56:20,2026-03-06,21
alert,2026-03-19 22:28:42,espalhamento.js,2,1,espalhamento.json,veronica2006sabrina-bot,2026-03-19 22:28:42,2026-03-19,22
Math,2026-03-19 22:28:48,espalhamento.js,2,7,espalhamento.json,veronica2006sabrina-bot,2026-03-19 22:28:48,2026-03-19,22
max,2026-03-19 22:28:52,espalhamento.js,2,12,espalhamento.json,veronica2006sabrina-bot,2026-03-19 22:28:52,2026-03-19,22
while,2026-03-06 22:23:33,pan.js,2,1,pan.json,veronica2006sabrina-bot,2026-03-06 22:23:33,2026-03-06,22
E,2026-03-06 22:26:33,pan.js,6,14,pan.json,veronica2006sabrina-bot,2026-03-06 22:26:33,2026-03-06,22
E,2026-03-06 22:28:55,pan.js,5,13,pan.json,veronica2006sabrina-bot,2026-03-06 22:28:55,2026-03-06,22
E,2026-03-06 22:29:02,pan.js,5,14,pan.json,veronica2006sabrina-bot,2026-03-06 22:29:02,2026-03-06,22
alert,2026-03-06 22:29:25,pan.js,7,5,pan.json,veronica2006sabrina-bot,2026-03-06 22:29:25,2026-03-06,22
E,2026-03-06 22:29:49,pan.js,7,23,pan.json,veronica2006sabrina-bot,2026-03-06 22:29:49,2026-03-06,22
parseInt,2026-03-12 21:48:49,vetor_par_impar.js,3,16,vetor_par_impar.json,veronica2006sabrina-bot,2026-03-12 21:48:49,2026-03-12,21
for,2026-03-12 21:49:26,vetor_par_impar.js,4,1,vetor_par_impar.json,veronica2006sabrina-bot,2026-03-12 21:49:26,2026-03-12,21
parseInt,2026-03-12 21:50:44,vetor_par_impar.js,5,17,vetor_par_impar.json,veronica2006sabrina-bot,2026-03-12 21:50:44,2026-03-12,21
else,2026-03-12 21:55:46,vetor_par_impar.js,8,5,vetor_par_impar.json,veronica2006sabrina-bot,2026-03-12 21:55:46,2026-03-12,21
for,2026-03-12 21:57:31,vetor_par_impar.js,12,1,vetor_par_impar.json,veronica2006sabrina-bot,2026-03-12 21:57:31,2026-03-12,21
do,2026-03-12 22:03:08,vetor_par_impar.js,20,1,vetor_par_impar.json,veronica2006sabrina-bot,2026-03-12 22:03:08,2026-03-12,22
for,2026-03-12 22:05:41,vetor_par_impar.js,21,1,vetor_par_impar.json,veronica2006sabrina-bot,2026-03-12 22:05:41,2026-03-12,22
prompt,2026-02-27 20:19:36,par-impar.js,2,23,par-impar.json,veronica2006sabrina-bot,2026-02-27 20:19:36,2026-02-27,20
for,2026-02-27 20:20:19,par-impar.js,3,1,par-impar.json,veronica2006sabrina-bot,2026-02-27 20:20:19,2026-02-27,20
parseInt,2026-02-27 20:21:20,par-impar.js,4,18,par-impar.json,veronica2006sabrina-bot,2026-02-27 20:21:20,2026-02-27,20
if,2026-02-27 20:21:56,par-impar.js,5,9,par-impar.json,veronica2006sabrina-bot,2026-02-27 20:21:56,2026-02-27,20
else,2026-02-27 20:22:56,par-impar.js,8,13,par-impar.json,veronica2006sabrina-bot,2026-02-27 20:22:56,2026-02-27,20
alert,2026-02-27 20:23:31,par-impar.js,11,5,par-impar.json,veronica2006sabrina-bot,2026-02-27 20:23:31,2026-02-27,20
const,2026-03-26 20:27:27,funcao_vetor.js,8,1,funcao_vetor.json,veronica2006sabrina-bot,2026-03-26 20:27:27,2026-03-26,20
var,2026-03-26 20:27:27,funcao_vetor.js,9,1,funcao_vetor.json,veronica2006sabrina-bot,2026-03-26 20:27:27,2026-03-26,20
parseInt,2026-03-26 20:27:27,funcao_vetor.js,9,14,funcao_vetor.json,veronica2006sabrina-bot,2026-03-26 20:27:27,2026-03-26,20
prompt,2026-03-26 20:27:27,funcao_vetor.js,9,23,funcao_vetor.json,veronica2006sabrina-bot,2026-03-26 20:27:27,2026-03-26,20
for,2026-03-26 20:27:27,funcao_vetor.js,10,1,funcao_vetor.json,veronica2006sabrina-bot,2026-03-26 20:27:27,2026-03-26,20
let,2026-03-26 20:27:27,funcao_vetor.js,10,5,funcao_vetor.json,veronica2006sabrina-bot,2026-03-26 20:27:27,2026-03-26,20
parseInt,2026-03-26 20:27:27,funcao_vetor.js,9,14,funcao_vetor.json,veronica2006sabrina-bot,2026-03-26 20:27:27,2026-03-26,20
prompt,2026-03-26 20:27:27,funcao_vetor.js,9,23,funcao_vetor.json,veronica2006sabrina-bot,2026-03-26 20:27:27,2026-03-26,20
for,2026-03-26 20:27:27,funcao_vetor.js,10,1,funcao_vetor.json,veronica2006sabrina-bot,2026-03-26 20:27:27,2026-03-26,20
let,2026-03-26 20:27:27,funcao_vetor.js,10,5,funcao_vetor.json,veronica2006sabrina-bot,2026-03-26 20:27:27,2026-03-26,20
const,2026-03-26 20:27:52,funcao_vetor.js,1,1,funcao_vetor.json,veronica2006sabrina-bot,2026-03-26 20:27:52,2026-03-26,20
function,2026-03-26 20:28:07,funcao_vetor.js,1,1,funcao_vetor.json,veronica2006sabrina-bot,2026-03-26 20:28:07,2026-03-26,20
for,2026-03-26 20:43:12,funcao_vetor.js,4,6,funcao_vetor.json,veronica2006sabrina-bot,2026-03-26 20:43:12,2026-03-26,20
let,2026-03-26 20:43:12,funcao_vetor.js,4,10,funcao_vetor.json,veronica2006sabrina-bot,2026-03-26 20:43:12,2026-03-26,20
parseInt,2026-03-26 20:48:28,funcao_vetor.js,2,14,funcao_vetor.json,veronica2006sabrina-bot,2026-03-26 20:48:28,2026-03-26,20
prompt,2026-03-26 20:48:44,funcao_vetor.js,2,23,funcao_vetor.json,veronica2006sabrina-bot,2026-03-26 20:48:44,2026-03-26,20
parseInt,2026-03-26 20:49:58,funcao_vetor.js,5,20,funcao_vetor.json,veronica2006sabrina-bot,2026-03-26 20:49:58,2026-03-26,20
function,2026-03-26 20:50:19,funcao_vetor.js,7,1,funcao_vetor.json,veronica2006sabrina-bot,2026-03-26 20:50:19,2026-03-26,20
let,2026-03-26 20:50:50,funcao_vetor.js,8,8,funcao_vetor.json,veronica2006sabrina-bot,2026-03-26 20:50:50,2026-03-26,20
var,2026-03-06 21:34:18,aprovacao2.js,1,1,aprovacao2.json,veronica2006sabrina-bot,2026-03-06 21:34:18,2026-03-06,21
do,2026-03-06 21:34:18,aprovacao2.js,1,49,aprovacao2.json,veronica2006sabrina-bot,2026-03-06 21:34:18,2026-03-06,21
var,2026-03-06 21:34:18,aprovacao2.js,1,1,aprovacao2.json,veronica2006sabrina-bot,2026-03-06 21:34:18,2026-03-06,21
parseFloat,2026-03-06 21:34:18,aprovacao2.js,3,16,aprovacao2.json,veronica2006sabrina-bot,2026-03-06 21:34:18,2026-03-06,21
prompt,2026-03-06 21:34:18,aprovacao2.js,3,27,aprovacao2.json,veronica2006sabrina-bot,2026-03-06 21:34:18,2026-03-06,21
var,2026-03-06 21:34:18,aprovacao2.js,1,1,aprovacao2.json,veronica2006sabrina-bot,2026-03-06 21:34:18,2026-03-06,21
parseFloat,2026-03-06 21:34:18,aprovacao2.js,3,16,aprovacao2.json,veronica2006sabrina-bot,2026-03-06 21:34:18,2026-03-06,21
prompt,2026-03-06 21:34:18,aprovacao2.js,3,27,aprovacao2.json,veronica2006sabrina-bot,2026-03-06 21:34:18,2026-03-06,21
var,2026-03-06 21:34:18,aprovacao2.js,1,1,aprovacao2.json,veronica2006sabrina-bot,2026-03-06 21:34:18,2026-03-06,21
alert,2026-03-06 21:34:18,aprovacao2.js,6,3,aprovacao2.json,veronica2006sabrina-bot,2026-03-06 21:34:18,2026-03-06,21
if,2026-03-06 21:34:18,aprovacao2.js,7,1,aprovacao2.json,veronica2006sabrina-bot,2026-03-06 21:34:18,2026-03-06,21
alert,2026-03-06 21:34:18,aprovacao2.js,6,3,aprovacao2.json,veronica2006sabrina-bot,2026-03-06 21:34:18,2026-03-06,21
else,2026-03-06 21:34:18,aprovacao2.js,11,1,aprovacao2.json,veronica2006sabrina-bot,2026-03-06 21:34:18,2026-03-06,21
if,2026-03-06 21:34:18,aprovacao2.js,7,1,aprovacao2.json,veronica2006sabrina-bot,2026-03-06 21:34:18,2026-03-06,21
alert,2026-03-06 21:34:18,aprovacao2.js,6,3,aprovacao2.json,veronica2006sabrina-bot,2026-03-06 21:34:18,2026-03-06,21
parseFloat,2026-03-06 21:34:18,aprovacao2.js,3,16,aprovacao2.json,veronica2006sabrina-bot,2026-03-06 21:34:18,2026-03-06,21
prompt,2026-03-06 21:34:18,aprovacao2.js,3,27,aprovacao2.json,veronica2006sabrina-bot,2026-03-06 21:34:18,2026-03-06,21
if,2026-03-06 21:34:18,aprovacao2.js,7,1,aprovacao2.json,veronica2006sabrina-bot,2026-03-06 21:34:18,2026-03-06,21
alert,2026-03-06 21:34:18,aprovacao2.js,6,3,aprovacao2.json,veronica2006sabrina-bot,2026-03-06 21:34:18,2026-03-06,21
else,2026-03-06 21:34:18,aprovacao2.js,11,1,aprovacao2.json,veronica2006sabrina-bot,2026-03-06 21:34:18,2026-03-06,21
alert,2026-03-06 21:34:18,aprovacao2.js,6,3,aprovacao2.json,veronica2006sabrina-bot,2026-03-06 21:34:18,2026-03-06,21
else,2026-03-06 21:34:18,aprovacao2.js,11,1,aprovacao2.json,veronica2006sabrina-bot,2026-03-06 21:34:18,2026-03-06,21
alert,2026-03-06 21:34:18,aprovacao2.js,6,3,aprovacao2.json,veronica2006sabrina-bot,2026-03-06 21:34:18,2026-03-06,21
while,2026-03-06 21:34:18,aprovacao2.js,29,2,aprovacao2.json,veronica2006sabrina-bot,2026-03-06 21:34:18,2026-03-06,21
alert,2026-03-06 21:34:18,aprovacao2.js,6,3,aprovacao2.json,veronica2006sabrina-bot,2026-03-06 21:34:18,2026-03-06,21
while,2026-03-05 22:02:38,time.js,3,2,time.json,veronica2006sabrina-bot,2026-03-05 22:02:38,2026-03-05,22
let,2026-03-05 22:04:24,time.js,2,1,time.json,veronica2006sabrina-bot,2026-03-05 22:04:24,2026-03-05,22
prompt,2026-03-05 22:04:24,time.js,2,11,time.json,veronica2006sabrina-bot,2026-03-05 22:04:24,2026-03-05,22
toUpperCase,2026-03-05 22:05:03,time.js,2,36,time.json,veronica2006sabrina-bot,2026-03-05 22:05:03,2026-03-05,22
alert,2026-03-05 22:05:34,time.js,3,1,time.json,veronica2006sabrina-bot,2026-03-05 22:05:34,2026-03-05,22
E,2026-03-05 22:08:11,time.js,3,19,time.json,veronica2006sabrina-bot,2026-03-05 22:08:11,2026-03-05,22
alert,2026-03-05 22:08:43,time.js,3,1,time.json,veronica2006sabrina-bot,2026-03-05 22:08:43,2026-03-05,22
parseInt,2026-03-24 21:42:56,supermercado.js,1,15,supermercado.json,veronica2006sabrina-bot,2026-03-24 21:42:56,2026-03-24,21
prompt,2026-03-24 21:43:15,supermercado.js,1,24,supermercado.json,veronica2006sabrina-bot,2026-03-24 21:43:15,2026-03-24,21
for,2026-03-24 21:45:25,supermercado.js,3,1,supermercado.json,veronica2006sabrina-bot,2026-03-24 21:45:25,2026-03-24,21
parseFloat,2026-03-24 21:46:58,supermercado.js,4,15,supermercado.json,veronica2006sabrina-bot,2026-03-24 21:46:58,2026-03-24,21
alert,2026-03-24 21:48:32,supermercado.js,7,1,supermercado.json,veronica2006sabrina-bot,2026-03-24 21:48:32,2026-03-24,21
parseFloat,2026-03-24 20:21:41,Viagem.js,1,12,Viagem.json,veronica2006sabrina-bot,2026-03-24 20:21:41,2026-03-24,20
parseFloat,2026-03-24 20:22:30,Viagem.js,2,17,Viagem.json,veronica2006sabrina-bot,2026-03-24 20:22:30,2026-03-24,20
console,2026-03-24 20:23:37,Viagem.js,4,1,Viagem.json,veronica2006sabrina-bot,2026-03-24 20:23:37,2026-03-24,20
log,2026-03-24 20:23:43,Viagem.js,4,9,Viagem.json,veronica2006sabrina-bot,2026-03-24 20:23:43,2026-03-24,20
console,2026-03-24 20:27:01,Viagem.js,4,1,Viagem.json,veronica2006sabrina-bot,2026-03-24 20:27:01,2026-03-24,20
log,2026-03-24 20:27:10,Viagem.js,4,9,Viagem.json,veronica2006sabrina-bot,2026-03-24 20:27:10,2026-03-24,20
toFixed,2026-03-24 20:27:20,Viagem.js,4,21,Viagem.json,veronica2006sabrina-bot,2026-03-24 20:27:20,2026-03-24,20
alert,2026-03-24 20:30:05,Viagem.js,4,1,Viagem.json,veronica2006sabrina-bot,2026-03-24 20:30:05,2026-03-24,20
parseInt,2026-03-24 20:33:30,Viagem.js,2,17,Viagem.json,veronica2006sabrina-bot,2026-03-24 20:33:30,2026-03-24,20
E,2026-03-20 20:31:54,troca.js,2,11,troca.json,veronica2006sabrina-bot,2026-03-20 20:31:54,2026-03-20,20
alert,2026-03-20 20:35:01,troca.js,6,1,troca.json,veronica2006sabrina-bot,2026-03-20 20:35:01,2026-03-20,20
for,2026-03-12 20:40:32,vetor_jogos.js,4,1,vetor_jogos.json,veronica2006sabrina-bot,2026-03-12 20:40:32,2026-03-12,20
for,2026-03-12 20:43:36,vetor_jogos.js,8,1,vetor_jogos.json,veronica2006sabrina-bot,2026-03-12 20:43:36,2026-03-12,20
E,2026-03-12 21:16:01,vetor_jogos.js,5,19,vetor_jogos.json,veronica2006sabrina-bot,2026-03-12 21:16:01,2026-03-12,21
parseFloat,2026-03-24 20:31:34,evento_vip.js,1,11,evento_vip.json,Tais-Araujo,2026-03-24 20:31:34,2026-03-24,20
parseFloat,2026-03-24 20:40:28,evento_vip.js,2,17,evento_vip.json,Tais-Araujo,2026-03-24 20:40:28,2026-03-24,20
console,2026-03-24 21:38:08,evento_vip.js,3,30,evento_vip.json,Tais-Araujo,2026-03-24 21:38:08,2026-03-24,21
log,2026-03-24 21:38:15,evento_vip.js,3,38,evento_vip.json,Tais-Araujo,2026-03-24 21:38:15,2026-03-24,21
alert,2026-03-24 21:40:37,evento_vip.js,3,30,evento_vip.json,Tais-Araujo,2026-03-24 21:40:37,2026-03-24,21
prompt,2026-03-24 21:40:54,evento_vip.js,5,8,evento_vip.json,Tais-Araujo,2026-03-24 21:40:54,2026-03-24,21
prompt,2026-03-12 19:48:13,vaquinha.js,3,5,vaquinha.json,Tais-Araujo,2026-03-12 19:48:13,2026-03-12,19
parseInt,2026-03-12 19:50:57,vaquinha.js,3,16,vaquinha.json,Tais-Araujo,2026-03-12 19:50:57,2026-03-12,19
E,2026-03-12 19:52:06,vaquinha.js,3,6,vaquinha.json,Tais-Araujo,2026-03-12 19:52:06,2026-03-12,19
parseInt,2026-03-12 19:52:46,vaquinha.js,3,13,vaquinha.json,Tais-Araujo,2026-03-12 19:52:46,2026-03-12,19
parseFloat,2026-03-12 19:56:43,vaquinha.js,5,15,vaquinha.json,Tais-Araujo,2026-03-12 19:56:43,2026-03-12,19
prompt,2026-03-12 19:56:59,vaquinha.js,5,26,vaquinha.json,Tais-Araujo,2026-03-12 19:56:59,2026-03-12,19
parseFloat,2026-03-24 20:11:31,viagem_economica.js,1,15,viagem_economica.json,Tais-Araujo,2026-03-24 20:11:31,2026-03-24,20
parseFloat,2026-03-24 20:15:14,viagem_economica.js,2,17,viagem_economica.json,Tais-Araujo,2026-03-24 20:15:14,2026-03-24,20
parseFloat,2026-03-24 20:18:42,viagem_economica.js,3,13,viagem_economica.json,Tais-Araujo,2026-03-24 20:18:42,2026-03-24,20
prompt,2026-03-24 20:21:44,viagem_economica.js,3,24,viagem_economica.json,Tais-Araujo,2026-03-24 20:21:44,2026-03-24,20
alert,2026-03-24 20:24:34,viagem_economica.js,4,1,viagem_economica.json,Tais-Araujo,2026-03-24 20:24:34,2026-03-24,20
console,2026-03-24 21:25:05,viagem_economica.js,4,1,viagem_economica.json,Tais-Araujo,2026-03-24 21:25:05,2026-03-24,21
log,2026-03-24 21:25:11,viagem_economica.js,4,9,viagem_economica.json,Tais-Araujo,2026-03-24 21:25:11,2026-03-24,21
function,2026-03-25 20:26:13,insertion_sort.js,1,1,insertion_sort.json,Tais-Araujo,2026-03-25 20:26:13,2026-03-25,20
while,2026-03-25 20:32:27,insertion_sort.js,7,9,insertion_sort.json,Tais-Araujo,2026-03-25 20:32:27,2026-03-25,20
console,2026-03-25 20:37:25,insertion_sort.js,17,1,insertion_sort.json,Tais-Araujo,2026-03-25 20:37:25,2026-03-25,20
parseInt,2026-02-27 20:14:12,sundays.js,1,11,sundays.json,Tais-Araujo,2026-02-27 20:14:12,2026-02-27,20
let,2026-02-27 20:19:31,sundays.js,2,5,sundays.json,Tais-Araujo,2026-02-27 20:19:31,2026-02-27,20
for,2026-02-27 20:52:14,sundays.js,5,1,sundays.json,Tais-Araujo,2026-02-27 20:52:14,2026-02-27,20
for,2026-02-27 20:55:05,sundays.js,8,1,sundays.json,Tais-Araujo,2026-02-27 20:55:05,2026-02-27,20
for,2026-02-27 22:24:07,sundays.js,11,1,sundays.json,Tais-Araujo,2026-02-27 22:24:07,2026-02-27,22
alert,2026-02-27 22:27:05,sundays.js,13,5,sundays.json,Tais-Araujo,2026-02-27 22:27:05,2026-02-27,22
if,2026-03-24 21:49:04,sistema_login.js,4,5,sistema_login.json,Tais-Araujo,2026-03-24 21:49:04,2026-03-24,21
while,2026-03-24 21:50:45,sistema_login.js,6,2,sistema_login.json,Tais-Araujo,2026-03-24 21:50:45,2026-03-24,21
alert,2026-02-26 20:43:07,jogos.js,11,1,jogos.json,Tais-Araujo,2026-02-26 20:43:07,2026-02-26,20
alert,2026-02-26 20:45:31,jogos.js,11,1,jogos.json,Tais-Araujo,2026-02-26 20:45:31,2026-02-26,20
alert,2026-03-19 22:14:26,maior-de-tres-math.js,2,1,maior-de-tres-math.json,Tais-Araujo,2026-03-19 22:14:26,2026-03-19,22
Math,2026-03-19 22:14:38,maior-de-tres-math.js,2,7,maior-de-tres-math.json,Tais-Araujo,2026-03-19 22:14:38,2026-03-19,22
max,2026-03-19 22:15:03,maior-de-tres-math.js,2,12,maior-de-tres-math.json,Tais-Araujo,2026-03-19 22:15:03,2026-03-19,22
parseFloat,2026-03-26 19:42:38,revisaovetor.js,1,12,revisaovetor.json,Tais-Araujo,2026-03-26 19:42:38,2026-03-26,19
parseFloat,2026-03-26 19:43:55,revisaovetor.js,1,12,revisaovetor.json,Tais-Araujo,2026-03-26 19:43:55,2026-03-26,19
prompt,2026-03-26 19:44:50,revisaovetor.js,1,11,revisaovetor.json,Tais-Araujo,2026-03-26 19:44:50,2026-03-26,19
parseInt,2026-03-26 19:48:17,revisaovetor.js,1,18,revisaovetor.json,Tais-Araujo,2026-03-26 19:48:17,2026-03-26,19
prompt,2026-03-26 19:49:37,revisaovetor.js,1,11,revisaovetor.json,Tais-Araujo,2026-03-26 19:49:37,2026-03-26,19
parseInt,2026-03-26 19:57:19,revisaovetor.js,2,13,revisaovetor.json,Tais-Araujo,2026-03-26 19:57:19,2026-03-26,19
parseInt,2026-03-26 19:59:33,revisaovetor.js,4,17,revisaovetor.json,Tais-Araujo,2026-03-26 19:59:33,2026-03-26,19
prompt,2026-03-26 19:59:40,revisaovetor.js,4,26,revisaovetor.json,Tais-Araujo,2026-03-26 19:59:40,2026-03-26,19
for,2026-03-26 20:00:30,revisaovetor.js,6,1,revisaovetor.json,Tais-Araujo,2026-03-26 20:00:30,2026-03-26,20
function,2026-03-25 21:17:08,funcao_soma.js,1,1,funcao_soma.json,Tais-Araujo,2026-03-25 21:17:08,2026-03-25,21
return,2026-03-25 21:18:24,funcao_soma.js,2,5,funcao_soma.json,Tais-Araujo,2026-03-25 21:18:24,2026-03-25,21
parseInt,2026-03-25 21:19:25,funcao_soma.js,5,9,funcao_soma.json,Tais-Araujo,2026-03-25 21:19:25,2026-03-25,21
prompt,2026-03-25 21:19:26,funcao_soma.js,5,18,funcao_soma.json,Tais-Araujo,2026-03-25 21:19:26,2026-03-25,21
parseFloat,2026-03-25 21:19:34,funcao_soma.js,6,9,funcao_soma.json,Tais-Araujo,2026-03-25 21:19:34,2026-03-25,21
parseInt,2026-03-25 21:19:37,funcao_soma.js,6,9,funcao_soma.json,Tais-Araujo,2026-03-25 21:19:37,2026-03-25,21
prompt,2026-03-25 21:19:40,funcao_soma.js,6,18,funcao_soma.json,Tais-Araujo,2026-03-25 21:19:40,2026-03-25,21
alert,2026-03-25 21:19:52,funcao_soma.js,7,1,funcao_soma.json,Tais-Araujo,2026-03-25 21:19:52,2026-03-25,21
var,2026-03-25 21:32:59,funcao_soma.js,8,1,funcao_soma.json,Tais-Araujo,2026-03-25 21:32:59,2026-03-25,21
prompt,2026-03-25 21:33:15,funcao_soma.js,8,14,funcao_soma.json,Tais-Araujo,2026-03-25 21:33:15,2026-03-25,21
var,2026-03-25 21:34:27,funcao_soma.js,8,1,funcao_soma.json,Tais-Araujo,2026-03-25 21:34:27,2026-03-25,21
parseInt,2026-03-25 21:38:16,funcao_soma.js,8,14,funcao_soma.json,Tais-Araujo,2026-03-25 21:38:16,2026-03-25,21
function,2026-03-25 21:41:22,funcao_soma.js,8,1,funcao_soma.json,Tais-Araujo,2026-03-25 21:41:22,2026-03-25,21
return,2026-03-25 21:50:31,funcao_soma.js,9,5,funcao_soma.json,Tais-Araujo,2026-03-25 21:50:31,2026-03-25,21
function,2026-03-25 21:51:11,funcao_soma.js,11,1,funcao_soma.json,Tais-Araujo,2026-03-25 21:51:11,2026-03-25,21
return,2026-03-25 21:52:14,funcao_soma.js,12,5,funcao_soma.json,Tais-Araujo,2026-03-25 21:52:14,2026-03-25,21
function,2026-03-25 21:52:48,funcao_soma.js,14,1,funcao_soma.json,Tais-Araujo,2026-03-25 21:52:48,2026-03-25,21
return,2026-03-25 21:53:24,funcao_soma.js,15,5,funcao_soma.json,Tais-Araujo,2026-03-25 21:53:24,2026-03-25,21
parseInt,2026-03-25 21:57:54,funcao_soma.js,18,8,funcao_soma.json,Tais-Araujo,2026-03-25 21:57:54,2026-03-25,21
switch,2026-03-25 22:00:18,funcao_soma.js,20,1,funcao_soma.json,Tais-Araujo,2026-03-25 22:00:18,2026-03-25,22
break,2026-03-25 22:02:08,funcao_soma.js,22,31,funcao_soma.json,Tais-Araujo,2026-03-25 22:02:08,2026-03-25,22
toFixed,2026-03-25 22:03:33,funcao_soma.js,24,24,funcao_soma.json,Tais-Araujo,2026-03-25 22:03:33,2026-03-25,22
break,2026-03-25 22:03:50,funcao_soma.js,24,36,funcao_soma.json,Tais-Araujo,2026-03-25 22:03:50,2026-03-25,22
alert,2026-03-25 22:04:17,funcao_soma.js,26,9,funcao_soma.json,Tais-Araujo,2026-03-25 22:04:17,2026-03-25,22
parseInt,2026-03-10 21:47:04,Exercicio_06.js,1,13,Exercicio_06.json,Tais-Araujo,2026-03-10 21:47:04,2026-03-10,21
prompt,2026-03-10 21:47:10,Exercicio_06.js,1,23,Exercicio_06.json,Tais-Araujo,2026-03-10 21:47:10,2026-03-10,21
while,2026-03-10 21:47:39,Exercicio_06.js,3,1,Exercicio_06.json,Tais-Araujo,2026-03-10 21:47:39,2026-03-10,21
alert,2026-03-10 21:48:18,Exercicio_06.js,7,1,Exercicio_06.json,Tais-Araujo,2026-03-10 21:48:18,2026-03-10,21
parseInt,2026-03-13 19:39:20,vetor_tabuada.js,2,13,vetor_tabuada.json,Tais-Araujo,2026-03-13 19:39:20,2026-03-13,19
parseInt,2026-03-13 19:40:41,vetor_tabuada.js,2,13,vetor_tabuada.json,Tais-Araujo,2026-03-13 19:40:41,2026-03-13,19
prompt,2026-03-13 19:41:29,vetor_tabuada.js,2,22,vetor_tabuada.json,Tais-Araujo,2026-03-13 19:41:29,2026-03-13,19
parseInt,2026-03-13 19:58:24,vetor_tabuada.js,3,14,vetor_tabuada.json,Tais-Araujo,2026-03-13 19:58:24,2026-03-13,19
parseFloat,2026-03-05 20:08:34,aprovacao.js,1,13,aprovacao.json,Tais-Araujo,2026-03-05 20:08:34,2026-03-05,20
if,2026-03-05 20:13:17,aprovacao.js,5,1,aprovacao.json,Tais-Araujo,2026-03-05 20:13:17,2026-03-05,20
alert,2026-03-05 20:24:13,aprovacao.js,6,5,aprovacao.json,Tais-Araujo,2026-03-05 20:24:13,2026-03-05,20
else,2026-03-05 20:34:41,aprovacao.js,7,1,aprovacao.json,Tais-Araujo,2026-03-05 20:34:41,2026-03-05,20
alert,2026-03-05 20:51:21,aprovacao.js,7,1,aprovacao.json,Tais-Araujo,2026-03-05 20:51:21,2026-03-05,20
if,2026-03-05 21:25:35,aprovacao.js,4,1,aprovacao.json,Tais-Araujo,2026-03-05 21:25:35,2026-03-05,21
E,2026-03-05 21:28:08,aprovacao.js,7,13,aprovacao.json,Tais-Araujo,2026-03-05 21:28:08,2026-03-05,21
E,2026-03-05 21:28:25,aprovacao.js,8,5,aprovacao.json,Tais-Araujo,2026-03-05 21:28:25,2026-03-05,21
parseFloat,2026-03-05 21:28:56,aprovacao.js,8,17,aprovacao.json,Tais-Araujo,2026-03-05 21:28:56,2026-03-05,21
E,2026-03-05 21:30:22,aprovacao.js,9,19,aprovacao.json,Tais-Araujo,2026-03-05 21:30:22,2026-03-05,21
if,2026-03-05 21:30:51,aprovacao.js,10,1,aprovacao.json,Tais-Araujo,2026-03-05 21:30:51,2026-03-05,21
alert,2026-03-05 21:31:07,aprovacao.js,11,5,aprovacao.json,Tais-Araujo,2026-03-05 21:31:07,2026-03-05,21
else,2026-03-05 21:31:37,aprovacao.js,12,1,aprovacao.json,Tais-Araujo,2026-03-05 21:31:37,2026-03-05,21
E,2026-03-05 21:34:45,aprovacao.js,1,9,aprovacao.json,Tais-Araujo,2026-03-05 21:34:45,2026-03-05,21
E,2026-03-05 21:35:13,aprovacao.js,1,24,aprovacao.json,Tais-Araujo,2026-03-05 21:35:13,2026-03-05,21
if,2026-02-26 21:46:17,copa.js,3,5,copa.json,Tais-Araujo,2026-02-26 21:46:17,2026-02-26,21
alert,2026-03-19 22:01:50,maior-de-tres.js,3,5,maior-de-tres.json,Tais-Araujo,2026-03-19 22:01:50,2026-03-19,22
if,2026-03-19 22:02:07,maior-de-tres.js,4,6,maior-de-tres.json,Tais-Araujo,2026-03-19 22:02:07,2026-03-19,22
if,2026-03-19 22:03:48,maior-de-tres.js,6,6,maior-de-tres.json,Tais-Araujo,2026-03-19 22:03:48,2026-03-19,22
else,2026-03-19 22:05:16,maior-de-tres.js,8,1,maior-de-tres.json,Tais-Araujo,2026-03-19 22:05:16,2026-03-19,22
for,2026-02-20 21:36:46,for.js,9,1,for.json,Tais-Araujo,2026-02-20 21:36:46,2026-02-20,21
Math,2026-03-20 19:50:49,espalhamento-minimo.js,2,7,espalhamento-minimo.json,Tais-Araujo,2026-03-20 19:50:49,2026-03-20,19
alert,2026-03-19 22:28:35,espalhamento.js,2,1,espalhamento.json,Tais-Araujo,2026-03-19 22:28:35,2026-03-19,22
Math,2026-03-19 22:28:40,espalhamento.js,2,7,espalhamento.json,Tais-Araujo,2026-03-19 22:28:40,2026-03-19,22
max,2026-03-19 22:28:45,espalhamento.js,2,12,espalhamento.json,Tais-Araujo,2026-03-19 22:28:45,2026-03-19,22
parseInt,2026-03-12 21:34:47,vetor_par_impar.js,3,15,vetor_par_impar.json,Tais-Araujo,2026-03-12 21:34:47,2026-03-12,21
E,2026-03-12 21:36:09,vetor_par_impar.js,4,2,vetor_par_impar.json,Tais-Araujo,2026-03-12 21:36:09,2026-03-12,21
parseInt,2026-03-12 21:36:41,vetor_par_impar.js,4,13,vetor_par_impar.json,Tais-Araujo,2026-03-12 21:36:41,2026-03-12,21
prompt,2026-03-12 21:36:50,vetor_par_impar.js,4,22,vetor_par_impar.json,Tais-Araujo,2026-03-12 21:36:50,2026-03-12,21
parseFloat,2026-03-12 21:41:00,vetor_par_impar.js,5,10,vetor_par_impar.json,Tais-Araujo,2026-03-12 21:41:00,2026-03-12,21
parseFloat,2026-03-12 21:48:35,vetor_par_impar.js,5,9,vetor_par_impar.json,Tais-Araujo,2026-03-12 21:48:35,2026-03-12,21
let,2026-03-12 21:55:35,vetor_par_impar.js,3,1,vetor_par_impar.json,Tais-Araujo,2026-03-12 21:55:35,2026-03-12,21
parseInt,2026-03-12 21:59:11,vetor_par_impar.js,5,18,vetor_par_impar.json,Tais-Araujo,2026-03-12 21:59:11,2026-03-12,21
if,2026-03-12 22:00:50,vetor_par_impar.js,6,5,vetor_par_impar.json,Tais-Araujo,2026-03-12 22:00:50,2026-03-12,22
console,2026-03-03 20:30:46,Exercicio_04.js,3,5,Exercicio_04.json,Tais-Araujo,2026-03-03 20:30:46,2026-03-03,20
console,2026-03-03 20:32:00,Exercicio_04.js,5,5,Exercicio_04.json,Tais-Araujo,2026-03-03 20:32:00,2026-03-03,20
alert,2026-03-03 21:15:01,Exercicio_04.js,3,5,Exercicio_04.json,Tais-Araujo,2026-03-03 21:15:01,2026-03-03,21
if,2026-03-03 21:18:17,Exercicio_04.js,5,5,Exercicio_04.json,Tais-Araujo,2026-03-03 21:18:17,2026-03-03,21
E,2026-03-10 20:29:38,Exercicio_04.js,5,13,Exercicio_04.json,Tais-Araujo,2026-03-10 20:29:38,2026-03-10,20
E,2026-03-10 20:30:26,Exercicio_04.js,3,12,Exercicio_04.json,Tais-Araujo,2026-03-10 20:30:26,2026-03-10,20
else,2026-02-27 19:44:10,par-impar.js,8,13,par-impar.json,Tais-Araujo,2026-02-27 19:44:10,2026-02-27,19
parseFloat,2026-03-24 22:05:20,compras_supermecado.js,4,17,compras_supermecado.json,Tais-Araujo,2026-03-24 22:05:20,2026-03-24,22
function,2026-03-26 20:16:56,funcao_vetor.js,1,1,funcao_vetor.json,Tais-Araujo,2026-03-26 20:16:56,2026-03-26,20
parseInt,2026-03-26 20:28:39,funcao_vetor.js,1,10,funcao_vetor.json,Tais-Araujo,2026-03-26 20:28:39,2026-03-26,20
parseInt,2026-03-26 20:31:07,funcao_vetor.js,1,10,funcao_vetor.json,Tais-Araujo,2026-03-26 20:31:07,2026-03-26,20
parseInt,2026-03-26 20:33:11,funcao_vetor.js,1,10,funcao_vetor.json,Tais-Araujo,2026-03-26 20:33:11,2026-03-26,20
function,2026-03-26 20:35:25,funcao_vetor.js,1,1,funcao_vetor.json,Tais-Araujo,2026-03-26 20:35:25,2026-03-26,20
function,2026-03-26 20:36:30,funcao_vetor.js,1,1,funcao_vetor.json,Tais-Araujo,2026-03-26 20:36:30,2026-03-26,20
E,2026-03-26 20:37:06,funcao_vetor.js,1,22,funcao_vetor.json,Tais-Araujo,2026-03-26 20:37:06,2026-03-26,20
E,2026-03-26 20:38:50,funcao_vetor.js,1,13,funcao_vetor.json,Tais-Araujo,2026-03-26 20:38:50,2026-03-26,20
function,2026-03-26 20:39:08,funcao_vetor.js,1,1,funcao_vetor.json,Tais-Araujo,2026-03-26 20:39:08,2026-03-26,20
for,2026-03-26 20:50:06,funcao_vetor.js,4,5,funcao_vetor.json,Tais-Araujo,2026-03-26 20:50:06,2026-03-26,20
parseInt,2026-03-26 20:51:49,funcao_vetor.js,5,16,funcao_vetor.json,Tais-Araujo,2026-03-26 20:51:49,2026-03-26,20
for,2026-03-26 20:53:03,funcao_vetor.js,8,9,funcao_vetor.json,Tais-Araujo,2026-03-26 20:53:03,2026-03-26,20
parseInt,2026-03-24 22:13:38,desempenho_turma.js,1,13,desempenho_turma.json,Tais-Araujo,2026-03-24 22:13:38,2026-03-24,22
prompt,2026-03-24 22:13:49,desempenho_turma.js,1,22,desempenho_turma.json,Tais-Araujo,2026-03-24 22:13:49,2026-03-24,22
parseFloat,2026-03-24 22:17:32,desempenho_turma.js,4,14,desempenho_turma.json,Tais-Araujo,2026-03-24 22:17:32,2026-03-24,22
alert,2026-03-24 22:19:53,desempenho_turma.js,8,1,desempenho_turma.json,Tais-Araujo,2026-03-24 22:19:53,2026-03-24,22
alert,2026-03-24 22:23:29,desempenho_turma.js,8,1,desempenho_turma.json,Tais-Araujo,2026-03-24 22:23:29,2026-03-24,22
if,2026-03-24 22:24:58,desempenho_turma.js,9,1,desempenho_turma.json,Tais-Araujo,2026-03-24 22:24:58,2026-03-24,22
alert,2026-03-24 22:26:17,desempenho_turma.js,12,5,desempenho_turma.json,Tais-Araujo,2026-03-24 22:26:17,2026-03-24,22
alert,2026-03-03 20:15:46,Exercicio_03.js,6,5,Exercicio_03.json,Tais-Araujo,2026-03-03 20:15:46,2026-03-03,20
while,2026-03-10 21:59:43,Exercicio_07.js,3,2,Exercicio_07.json,Tais-Araujo,2026-03-10 21:59:43,2026-03-10,21
E,2026-03-03 21:32:10,Exercicio_05.js,1,32,Exercicio_05.json,Tais-Araujo,2026-03-03 21:32:10,2026-03-03,21
E,2026-03-03 21:39:27,Exercicio_05.js,1,33,Exercicio_05.json,Tais-Araujo,2026-03-03 21:39:27,2026-03-03,21
if,2026-03-10 19:42:58,Exercicio_05.js,2,1,Exercicio_05.json,Tais-Araujo,2026-03-10 19:42:58,2026-03-10,19
else,2026-03-10 19:43:33,Exercicio_05.js,3,2,Exercicio_05.json,Tais-Araujo,2026-03-10 19:43:33,2026-03-10,19
if,2026-03-10 19:45:22,Exercicio_05.js,4,7,Exercicio_05.json,Tais-Araujo,2026-03-10 19:45:22,2026-03-10,19
alert,2026-03-10 19:50:29,Exercicio_05.js,5,5,Exercicio_05.json,Tais-Araujo,2026-03-10 19:50:29,2026-03-10,19
parseInt,2026-03-10 20:36:21,Exercicio_05.js,2,17,Exercicio_05.json,Tais-Araujo,2026-03-10 20:36:21,2026-03-10,20
if,2026-03-10 20:38:14,Exercicio_05.js,4,1,Exercicio_05.json,Tais-Araujo,2026-03-10 20:38:14,2026-03-10,20
parseInt,2026-03-10 20:45:59,Exercicio_05.js,2,25,Exercicio_05.json,Tais-Araujo,2026-03-10 20:45:59,2026-03-10,20
prompt,2026-03-10 20:46:02,Exercicio_05.js,2,34,Exercicio_05.json,Tais-Araujo,2026-03-10 20:46:02,2026-03-10,20
E,2026-02-24 20:43:48,Exercicio_01.js,1,2,Exercicio_01.json,Tais-Araujo,2026-02-24 20:43:48,2026-02-24,20
E,2026-02-24 21:47:03,Exercicio_01.js,5,43,Exercicio_01.json,Tais-Araujo,2026-02-24 21:47:03,2026-02-24,21
parseFloat,2026-03-05 21:56:24,time.js,2,15,time.json,Tais-Araujo,2026-03-05 21:56:24,2026-03-05,21
do,2026-03-05 22:05:50,time.js,1,1,time.json,Tais-Araujo,2026-03-05 22:05:50,2026-03-05,22
while,2026-03-05 22:06:07,time.js,3,2,time.json,Tais-Araujo,2026-03-05 22:06:07,2026-03-05,22
toUpperCase,2026-03-05 22:06:33,time.js,2,41,time.json,Tais-Araujo,2026-03-05 22:06:33,2026-03-05,22
E,2026-03-05 22:06:49,time.js,3,20,time.json,Tais-Araujo,2026-03-05 22:06:49,2026-03-05,22
alert,2026-03-05 22:07:39,time.js,3,1,time.json,Tais-Araujo,2026-03-05 22:07:39,2026-03-05,22
alert,2026-03-20 20:21:41,troca.js,2,1,troca.json,Tais-Araujo,2026-03-20 20:21:41,2026-03-20,20
alert,2026-03-20 20:34:01,troca.js,2,1,troca.json,Tais-Araujo,2026-03-20 20:34:01,2026-03-20,20
alert,2026-03-19 20:10:19,teste.js,1,1,teste.json,Tais-Araujo,2026-03-19 20:10:19,2026-03-19,20
parseFloat,2026-03-12 20:29:22,vetor_jogos.js,5,15,vetor_jogos.json,Tais-Araujo,2026-03-12 20:29:22,2026-03-12,20
alert,2026-03-12 20:31:05,vetor_jogos.js,8,1,vetor_jogos.json,Tais-Araujo,2026-03-12 20:31:05,2026-03-12,20
for,2026-03-12 20:42:13,vetor_jogos.js,4,1,vetor_jogos.json,Tais-Araujo,2026-03-12 20:42:13,2026-03-12,20
for,2026-03-12 20:44:28,vetor_jogos.js,8,1,vetor_jogos.json,Tais-Araujo,2026-03-12 20:44:28,2026-03-12,20
parseInt,2026-02-27 20:47:28,domingos.js,1,22,domingos.json,mel13-source,2026-02-27 20:47:28,2026-02-27,20
prompt,2026-02-27 20:47:36,domingos.js,1,32,domingos.json,mel13-source,2026-02-27 20:47:36,2026-02-27,20
parseInt,2026-02-27 20:49:10,domingos.js,2,23,domingos.json,mel13-source,2026-02-27 20:49:10,2026-02-27,20
prompt,2026-02-27 20:49:15,domingos.js,2,32,domingos.json,mel13-source,2026-02-27 20:49:15,2026-02-27,20
for,2026-02-27 20:51:00,domingos.js,7,1,domingos.json,mel13-source,2026-02-27 20:51:00,2026-02-27,20
for,2026-02-27 21:48:35,domingos.js,12,1,domingos.json,mel13-source,2026-02-27 21:48:35,2026-02-27,21
parseFloat,2026-03-24 20:45:45,revisao1.js,1,17,revisao1.json,mel13-source,2026-03-24 20:45:45,2026-03-24,20
prompt,2026-03-24 20:45:48,revisao1.js,1,28,revisao1.json,mel13-source,2026-03-24 20:45:48,2026-03-24,20
prompt,2026-03-24 20:47:51,revisao1.js,2,18,revisao1.json,mel13-source,2026-03-24 20:47:51,2026-03-24,20
parseFloat,2026-03-24 20:47:54,revisao1.js,2,18,revisao1.json,mel13-source,2026-03-24 20:47:54,2026-03-24,20
prompt,2026-03-24 20:47:58,revisao1.js,2,29,revisao1.json,mel13-source,2026-03-24 20:47:58,2026-03-24,20
alert,2026-03-24 21:20:46,revisao1.js,4,1,revisao1.json,mel13-source,2026-03-24 21:20:46,2026-03-24,21
parseInt,2026-03-03 21:30:32,exercicio-02.js,2,25,exercicio-02.json,mel13-source,2026-03-03 21:30:32,2026-03-03,21
prompt,2026-03-03 21:30:36,exercicio-02.js,2,34,exercicio-02.json,mel13-source,2026-03-03 21:30:36,2026-03-03,21
alert,2026-03-03 21:35:18,exercicio-02.js,5,5,exercicio-02.json,mel13-source,2026-03-03 21:35:18,2026-03-03,21
const,2026-03-26 20:19:16,functionvetor.js,1,1,functionvetor.json,mel13-source,2026-03-26 20:19:16,2026-03-26,20
var,2026-03-26 20:19:16,functionvetor.js,2,1,functionvetor.json,mel13-source,2026-03-26 20:19:16,2026-03-26,20
parseInt,2026-03-26 20:19:16,functionvetor.js,2,15,functionvetor.json,mel13-source,2026-03-26 20:19:16,2026-03-26,20
prompt,2026-03-26 20:19:16,functionvetor.js,2,24,functionvetor.json,mel13-source,2026-03-26 20:19:16,2026-03-26,20
for,2026-03-26 20:19:16,functionvetor.js,3,1,functionvetor.json,mel13-source,2026-03-26 20:19:16,2026-03-26,20
let,2026-03-26 20:19:16,functionvetor.js,3,6,functionvetor.json,mel13-source,2026-03-26 20:19:16,2026-03-26,20
parseInt,2026-03-26 20:19:16,functionvetor.js,2,15,functionvetor.json,mel13-source,2026-03-26 20:19:16,2026-03-26,20
prompt,2026-03-26 20:19:16,functionvetor.js,2,24,functionvetor.json,mel13-source,2026-03-26 20:19:16,2026-03-26,20
for,2026-03-26 20:19:16,functionvetor.js,3,1,functionvetor.json,mel13-source,2026-03-26 20:19:16,2026-03-26,20
let,2026-03-26 20:19:16,functionvetor.js,3,6,functionvetor.json,mel13-source,2026-03-26 20:19:16,2026-03-26,20
function,2026-03-26 20:25:13,functionvetor.js,1,1,functionvetor.json,mel13-source,2026-03-26 20:25:13,2026-03-26,20
const,2026-03-26 20:25:13,functionvetor.js,2,1,functionvetor.json,mel13-source,2026-03-26 20:25:13,2026-03-26,20
var,2026-03-26 20:25:13,functionvetor.js,3,1,functionvetor.json,mel13-source,2026-03-26 20:25:13,2026-03-26,20
parseInt,2026-03-26 20:25:13,functionvetor.js,3,15,functionvetor.json,mel13-source,2026-03-26 20:25:13,2026-03-26,20
prompt,2026-03-26 20:25:13,functionvetor.js,3,24,functionvetor.json,mel13-source,2026-03-26 20:25:13,2026-03-26,20
for,2026-03-26 20:25:13,functionvetor.js,5,1,functionvetor.json,mel13-source,2026-03-26 20:25:13,2026-03-26,20
let,2026-03-26 20:25:13,functionvetor.js,5,6,functionvetor.json,mel13-source,2026-03-26 20:25:13,2026-03-26,20
parseInt,2026-03-26 20:25:13,functionvetor.js,3,15,functionvetor.json,mel13-source,2026-03-26 20:25:13,2026-03-26,20
prompt,2026-03-26 20:25:13,functionvetor.js,3,24,functionvetor.json,mel13-source,2026-03-26 20:25:13,2026-03-26,20
return,2026-03-26 20:25:13,functionvetor.js,9,1,functionvetor.json,mel13-source,2026-03-26 20:25:13,2026-03-26,20
function,2026-03-26 20:25:13,functionvetor.js,1,1,functionvetor.json,mel13-source,2026-03-26 20:25:13,2026-03-26,20
for,2026-03-26 20:25:13,functionvetor.js,5,1,functionvetor.json,mel13-source,2026-03-26 20:25:13,2026-03-26,20
let,2026-03-26 20:25:13,functionvetor.js,5,6,functionvetor.json,mel13-source,2026-03-26 20:25:13,2026-03-26,20
length,2026-03-26 20:25:13,functionvetor.js,13,27,functionvetor.json,mel13-source,2026-03-26 20:25:13,2026-03-26,20
const,2026-03-26 20:25:13,functionvetor.js,2,1,functionvetor.json,mel13-source,2026-03-26 20:25:13,2026-03-26,20
alert,2026-02-20 20:36:43,main.js,1,1,main.json,mel13-source,2026-02-20 20:36:43,2026-02-20,20
prompt,2026-02-20 20:40:51,main.js,1,12,main.json,mel13-source,2026-02-20 20:40:51,2026-02-20,20
alert,2026-02-20 20:42:17,main.js,2,1,main.json,mel13-source,2026-02-20 20:42:17,2026-02-20,20
prompt,2026-03-03 22:06:45,exercicio-04.js,3,15,exercicio-04.json,mel13-source,2026-03-03 22:06:45,2026-03-03,22
alert,2026-03-03 22:09:41,exercicio-04.js,5,5,exercicio-04.json,mel13-source,2026-03-03 22:09:41,2026-03-03,22
E,2026-03-03 22:09:52,exercicio-04.js,5,10,exercicio-04.json,mel13-source,2026-03-03 22:09:52,2026-03-03,22
const,2026-02-20 21:43:12,newFile.js,1,1,newFile.json,mel13-source,2026-02-20 21:43:12,2026-02-20,21
for,2026-02-20 21:43:12,newFile.js,1,26,newFile.json,mel13-source,2026-02-20 21:43:12,2026-02-20,21
for,2026-02-20 21:43:12,newFile.js,1,26,newFile.json,mel13-source,2026-02-20 21:43:12,2026-02-20,21
let,2026-02-20 21:43:12,newFile.js,3,6,newFile.json,mel13-source,2026-02-20 21:43:12,2026-02-20,21
let,2026-03-24 21:34:56,revisao2.js,2,1,revisao2.json,mel13-source,2026-03-24 21:34:56,2026-03-24,21
parseInt,2026-03-24 21:34:56,revisao2.js,2,13,revisao2.json,mel13-source,2026-03-24 21:34:56,2026-03-24,21
prompt,2026-03-24 21:34:56,revisao2.js,2,22,revisao2.json,mel13-source,2026-03-24 21:34:56,2026-03-24,21
if,2026-03-24 21:34:56,revisao2.js,3,1,revisao2.json,mel13-source,2026-03-24 21:34:56,2026-03-24,21
alert,2026-03-24 21:34:56,revisao2.js,4,5,revisao2.json,mel13-source,2026-03-24 21:34:56,2026-03-24,21
else,2026-03-24 21:34:56,revisao2.js,5,3,revisao2.json,mel13-source,2026-03-24 21:34:56,2026-03-24,21
alert,2026-03-24 21:34:56,revisao2.js,4,5,revisao2.json,mel13-source,2026-03-24 21:34:56,2026-03-24,21
parseInt,2026-03-24 21:44:35,revisao2.js,1,13,revisao2.json,mel13-source,2026-03-24 21:44:35,2026-03-24,21
prompt,2026-03-24 21:44:39,revisao2.js,1,23,revisao2.json,mel13-source,2026-03-24 21:44:39,2026-03-24,21
prompt,2026-03-24 21:45:15,revisao2.js,2,19,revisao2.json,mel13-source,2026-03-24 21:45:15,2026-03-24,21
true,2026-03-24 21:46:49,revisao2.js,2,58,revisao2.json,mel13-source,2026-03-24 21:46:49,2026-03-24,21
alert,2026-03-24 21:47:39,revisao2.js,4,5,revisao2.json,mel13-source,2026-03-24 21:47:39,2026-03-24,21
prompt,2026-03-10 19:41:50,exercicio-05.js,3,15,exercicio-05.json,mel13-source,2026-03-10 19:41:50,2026-03-10,19
parseInt,2026-03-10 19:49:13,exercicio-05.js,1,14,exercicio-05.json,mel13-source,2026-03-10 19:49:13,2026-03-10,19
prompt,2026-03-10 19:49:24,exercicio-05.js,1,23,exercicio-05.json,mel13-source,2026-03-10 19:49:24,2026-03-10,19
parseInt,2026-03-03 21:43:55,exercicio-03.js,1,13,exercicio-03.json,mel13-source,2026-03-03 21:43:55,2026-03-03,21
prompt,2026-03-03 21:44:22,exercicio-03.js,1,22,exercicio-03.json,mel13-source,2026-03-03 21:44:22,2026-03-03,21
let,2026-03-26 19:50:04,revisaovetor.js,1,1,revisaovetor.json,mel13-source,2026-03-26 19:50:04,2026-03-26,19
parseInt,2026-03-26 19:56:42,revisaovetor.js,2,15,revisaovetor.json,mel13-source,2026-03-26 19:56:42,2026-03-26,19
prompt,2026-03-26 19:56:48,revisaovetor.js,2,24,revisaovetor.json,mel13-source,2026-03-26 19:56:48,2026-03-26,19
parseInt,2026-03-26 20:02:47,revisaovetor.js,4,19,revisaovetor.json,mel13-source,2026-03-26 20:02:47,2026-03-26,20
prompt,2026-03-26 20:02:52,revisaovetor.js,4,28,revisaovetor.json,mel13-source,2026-03-26 20:02:52,2026-03-26,20
parseInt,2026-03-19 21:45:15,maiorde-tres.js,2,14,maiorde-tres.json,mel13-source,2026-03-19 21:45:15,2026-03-19,21
prompt,2026-03-19 21:45:15,maiorde-tres.js,2,23,maiorde-tres.json,mel13-source,2026-03-19 21:45:15,2026-03-19,21
for,2026-03-19 21:45:15,maiorde-tres.js,3,1,maiorde-tres.json,mel13-source,2026-03-19 21:45:15,2026-03-19,21
let,2026-03-19 21:45:15,maiorde-tres.js,3,6,maiorde-tres.json,mel13-source,2026-03-19 21:45:15,2026-03-19,21
alert,2026-03-19 22:01:46,maiorde-tres.js,3,1,maiorde-tres.json,mel13-source,2026-03-19 22:01:46,2026-03-19,22
else,2026-03-19 22:06:40,maiorde-tres.js,8,1,maiorde-tres.json,mel13-source,2026-03-19 22:06:40,2026-03-19,22
parseInt,2026-03-24 21:56:48,revisao3.js,1,17,revisao3.json,mel13-source,2026-03-24 21:56:48,2026-03-24,21
prompt,2026-03-24 21:57:01,revisao3.js,1,26,revisao3.json,mel13-source,2026-03-24 21:57:01,2026-03-24,21
parseInt,2026-03-24 22:00:27,revisao3.js,4,12,revisao3.json,mel13-source,2026-03-24 22:00:27,2026-03-24,22
prompt,2026-03-24 22:00:30,revisao3.js,4,21,revisao3.json,mel13-source,2026-03-24 22:00:30,2026-03-24,22
parseFloat,2026-03-24 22:01:41,revisao3.js,4,12,revisao3.json,mel13-source,2026-03-24 22:01:41,2026-03-24,22
alert,2026-03-24 22:01:45,revisao3.js,6,1,revisao3.json,mel13-source,2026-03-24 22:01:45,2026-03-24,22
toFixed,2026-03-24 22:02:17,revisao3.js,6,29,revisao3.json,mel13-source,2026-03-24 22:02:17,2026-03-24,22
function,2026-03-25 21:18:38,functionsoma.js,1,1,functionsoma.json,mel13-source,2026-03-25 21:18:38,2026-03-25,21
return,2026-03-25 21:19:45,functionsoma.js,2,5,functionsoma.json,mel13-source,2026-03-25 21:19:45,2026-03-25,21
parseInt,2026-03-25 21:20:12,functionsoma.js,4,9,functionsoma.json,mel13-source,2026-03-25 21:20:12,2026-03-25,21
prompt,2026-03-25 21:20:15,functionsoma.js,4,18,functionsoma.json,mel13-source,2026-03-25 21:20:15,2026-03-25,21
parseInt,2026-03-25 21:20:54,functionsoma.js,5,9,functionsoma.json,mel13-source,2026-03-25 21:20:54,2026-03-25,21
prompt,2026-03-25 21:20:57,functionsoma.js,5,18,functionsoma.json,mel13-source,2026-03-25 21:20:57,2026-03-25,21
alert,2026-03-25 21:21:28,functionsoma.js,6,1,functionsoma.json,mel13-source,2026-03-25 21:21:28,2026-03-25,21
function,2026-03-25 21:41:43,functionsoma.js,6,1,functionsoma.json,mel13-source,2026-03-25 21:41:43,2026-03-25,21
return,2026-03-25 21:41:43,functionsoma.js,7,5,functionsoma.json,mel13-source,2026-03-25 21:41:43,2026-03-25,21
function,2026-03-25 21:49:55,functionsoma.js,10,1,functionsoma.json,mel13-source,2026-03-25 21:49:55,2026-03-25,21
return,2026-03-25 21:49:55,functionsoma.js,11,5,functionsoma.json,mel13-source,2026-03-25 21:49:55,2026-03-25,21
function,2026-03-25 21:50:46,functionsoma.js,14,1,functionsoma.json,mel13-source,2026-03-25 21:50:46,2026-03-25,21
return,2026-03-25 21:50:46,functionsoma.js,15,5,functionsoma.json,mel13-source,2026-03-25 21:50:46,2026-03-25,21
prompt,2026-03-25 21:51:45,functionsoma.js,17,13,functionsoma.json,mel13-source,2026-03-25 21:51:45,2026-03-25,21
switch,2026-03-25 21:53:44,functionsoma.js,20,1,functionsoma.json,mel13-source,2026-03-25 21:53:44,2026-03-25,21
E,2026-03-25 21:54:09,functionsoma.js,21,7,functionsoma.json,mel13-source,2026-03-25 21:54:09,2026-03-25,21
break,2026-03-25 21:55:35,functionsoma.js,22,25,functionsoma.json,mel13-source,2026-03-25 21:55:35,2026-03-25,21
alert,2026-03-25 21:56:08,functionsoma.js,22,5,functionsoma.json,mel13-source,2026-03-25 21:56:08,2026-03-25,21
case,2026-03-25 21:56:41,functionsoma.js,23,5,functionsoma.json,mel13-source,2026-03-25 21:56:41,2026-03-25,21
alert,2026-03-25 21:56:41,functionsoma.js,24,5,functionsoma.json,mel13-source,2026-03-25 21:56:41,2026-03-25,21
break,2026-03-25 21:56:41,functionsoma.js,24,24,functionsoma.json,mel13-source,2026-03-25 21:56:41,2026-03-25,21
case,2026-03-25 21:57:15,functionsoma.js,25,5,functionsoma.json,mel13-source,2026-03-25 21:57:15,2026-03-25,21
alert,2026-03-25 21:57:15,functionsoma.js,26,5,functionsoma.json,mel13-source,2026-03-25 21:57:15,2026-03-25,21
break,2026-03-25 21:57:15,functionsoma.js,26,24,functionsoma.json,mel13-source,2026-03-25 21:57:15,2026-03-25,21
case,2026-03-25 21:57:50,functionsoma.js,27,5,functionsoma.json,mel13-source,2026-03-25 21:57:50,2026-03-25,21
alert,2026-03-25 21:57:50,functionsoma.js,28,5,functionsoma.json,mel13-source,2026-03-25 21:57:50,2026-03-25,21
break,2026-03-25 21:57:50,functionsoma.js,28,24,functionsoma.json,mel13-source,2026-03-25 21:57:50,2026-03-25,21
toString,2026-03-25 21:59:13,functionsoma.js,28,24,functionsoma.json,mel13-source,2026-03-25 21:59:13,2026-03-25,21
toString,2026-03-25 21:59:21,functionsoma.js,28,24,functionsoma.json,mel13-source,2026-03-25 21:59:21,2026-03-25,21
toString,2026-03-25 21:59:24,functionsoma.js,28,24,functionsoma.json,mel13-source,2026-03-25 21:59:24,2026-03-25,21
break,2026-03-25 22:00:39,functionsoma.js,28,37,functionsoma.json,mel13-source,2026-03-25 22:00:39,2026-03-25,22
toFixed,2026-03-25 22:01:49,functionsoma.js,28,25,functionsoma.json,mel13-source,2026-03-25 22:01:49,2026-03-25,22
parseInt,2026-03-05 19:51:23,aprovacao.js,4,13,aprovacao.json,mel13-source,2026-03-05 19:51:23,2026-03-05,19
prompt,2026-03-05 19:51:29,aprovacao.js,4,22,aprovacao.json,mel13-source,2026-03-05 19:51:29,2026-03-05,19
prompt,2026-03-05 19:52:24,aprovacao.js,4,22,aprovacao.json,mel13-source,2026-03-05 19:52:24,2026-03-05,19
parseFloat,2026-03-05 19:59:04,aprovacao.js,2,9,aprovacao.json,mel13-source,2026-03-05 19:59:04,2026-03-05,19
prompt,2026-03-05 19:59:09,aprovacao.js,2,20,aprovacao.json,mel13-source,2026-03-05 19:59:09,2026-03-05,19
parseFloat,2026-03-05 20:00:14,aprovacao.js,3,9,aprovacao.json,mel13-source,2026-03-05 20:00:14,2026-03-05,20
prompt,2026-03-05 20:00:18,aprovacao.js,3,21,aprovacao.json,mel13-source,2026-03-05 20:00:18,2026-03-05,20
alert,2026-03-05 20:13:46,aprovacao.js,7,5,aprovacao.json,mel13-source,2026-03-05 20:13:46,2026-03-05,20
if,2026-03-05 20:29:03,aprovacao.js,9,6,aprovacao.json,mel13-source,2026-03-05 20:29:03,2026-03-05,20
if,2026-03-05 20:38:50,aprovacao.js,9,6,aprovacao.json,mel13-source,2026-03-05 20:38:50,2026-03-05,20
else,2026-03-05 20:42:28,aprovacao.js,7,5,aprovacao.json,mel13-source,2026-03-05 20:42:28,2026-03-05,20
else,2026-03-05 20:42:29,aprovacao.js,10,1,aprovacao.json,mel13-source,2026-03-05 20:42:29,2026-03-05,20
E,2026-03-05 20:51:06,aprovacao.js,12,14,aprovacao.json,mel13-source,2026-03-05 20:51:06,2026-03-05,20
E,2026-03-05 21:24:56,aprovacao.js,1,9,aprovacao.json,mel13-source,2026-03-05 21:24:56,2026-03-05,21
E,2026-03-05 21:26:07,aprovacao.js,12,13,aprovacao.json,mel13-source,2026-03-05 21:26:07,2026-03-05,21
E,2026-03-05 21:27:08,aprovacao.js,15,5,aprovacao.json,mel13-source,2026-03-05 21:27:08,2026-03-05,21
parseFloat,2026-03-05 21:27:19,aprovacao.js,15,18,aprovacao.json,mel13-source,2026-03-05 21:27:19,2026-03-05,21
prompt,2026-03-05 21:28:39,aprovacao.js,15,29,aprovacao.json,mel13-source,2026-03-05 21:28:39,2026-03-05,21
alert,2026-03-05 21:31:18,aprovacao.js,18,5,aprovacao.json,mel13-source,2026-03-05 21:31:18,2026-03-05,21
else,2026-03-05 21:31:33,aprovacao.js,19,1,aprovacao.json,mel13-source,2026-03-05 21:31:33,2026-03-05,21
else,2026-03-05 21:32:03,aprovacao.js,22,1,aprovacao.json,mel13-source,2026-03-05 21:32:03,2026-03-05,21
E,2026-03-05 21:42:26,aprovacao.js,1,26,aprovacao.json,mel13-source,2026-03-05 21:42:26,2026-03-05,21
let,2026-03-03 20:44:53,exercicio-01.js,3,1,exercicio-01.json,mel13-source,2026-03-03 20:44:53,2026-03-03,20
parseInt,2026-03-03 20:44:53,exercicio-01.js,3,13,exercicio-01.json,mel13-source,2026-03-03 20:44:53,2026-03-03,20
prompt,2026-03-03 20:44:53,exercicio-01.js,3,22,exercicio-01.json,mel13-source,2026-03-03 20:44:53,2026-03-03,20
if,2026-03-03 20:44:53,exercicio-01.js,1,7,exercicio-01.json,mel13-source,2026-03-03 20:44:53,2026-03-03,20
alert,2026-03-03 20:44:53,exercicio-01.js,5,5,exercicio-01.json,mel13-source,2026-03-03 20:44:53,2026-03-03,20
else,2026-03-03 20:44:53,exercicio-01.js,6,3,exercicio-01.json,mel13-source,2026-03-03 20:44:53,2026-03-03,20
alert,2026-03-03 20:44:53,exercicio-01.js,5,5,exercicio-01.json,mel13-source,2026-03-03 20:44:53,2026-03-03,20
alert,2026-02-26 19:40:42,copa.js,5,1,copa.json,mel13-source,2026-02-26 19:40:42,2026-02-26,19
for,2026-02-26 20:09:24,copa.js,4,5,copa.json,mel13-source,2026-02-26 20:09:24,2026-02-26,20
let,2026-02-26 20:09:24,copa.js,4,10,copa.json,mel13-source,2026-02-26 20:09:24,2026-02-26,20
for,2026-02-26 20:13:44,copa.js,3,1,copa.json,mel13-source,2026-02-26 20:13:44,2026-02-26,20
let,2026-02-26 20:13:44,copa.js,3,6,copa.json,mel13-source,2026-02-26 20:13:44,2026-02-26,20
alert,2026-02-26 20:27:33,copa.js,5,1,copa.json,mel13-source,2026-02-26 20:27:33,2026-02-26,20
alert,2026-02-26 20:27:54,copa.js,9,1,copa.json,mel13-source,2026-02-26 20:27:54,2026-02-26,20
for,2026-02-26 20:29:58,copa.js,4,4,copa.json,mel13-source,2026-02-26 20:29:58,2026-02-26,20
let,2026-02-26 20:29:58,copa.js,4,9,copa.json,mel13-source,2026-02-26 20:29:58,2026-02-26,20
for,2026-02-26 20:30:29,copa.js,9,5,copa.json,mel13-source,2026-02-26 20:30:29,2026-02-26,20
let,2026-02-26 20:30:29,copa.js,9,10,copa.json,mel13-source,2026-02-26 20:30:29,2026-02-26,20
alert,2026-02-26 20:45:19,copa.js,6,1,copa.json,mel13-source,2026-02-26 20:45:19,2026-02-26,20
exp,2026-02-20 21:43:12,for.js,5,1,for.json,mel13-source,2026-02-20 21:43:12,2026-02-20,21
Math,2026-03-19 22:28:59,espalhamento.js,2,8,espalhamento.json,mel13-source,2026-03-19 22:28:59,2026-03-19,22
parseInt,2026-02-26 22:09:10,par-impar.js,2,14,par-impar.json,mel13-source,2026-02-26 22:09:10,2026-02-26,22
prompt,2026-02-26 22:09:19,par-impar.js,2,23,par-impar.json,mel13-source,2026-02-26 22:09:19,2026-02-26,22
parseInt,2026-02-26 22:25:49,par-impar.js,5,11,par-impar.json,mel13-source,2026-02-26 22:25:49,2026-02-26,22
prompt,2026-02-26 22:25:56,par-impar.js,5,21,par-impar.json,mel13-source,2026-02-26 22:25:56,2026-02-26,22
else,2026-02-26 22:29:00,par-impar.js,9,1,par-impar.json,mel13-source,2026-02-26 22:29:00,2026-02-26,22
prompt,2026-03-05 21:55:12,time.js,3,12,time.json,mel13-source,2026-03-05 21:55:12,2026-03-05,21
E,2026-03-05 22:05:20,time.js,3,64,time.json,mel13-source,2026-03-05 22:05:20,2026-03-05,22
do,2026-03-05 22:07:07,time.js,1,1,time.json,mel13-source,2026-03-05 22:07:07,2026-03-05,22
prompt,2026-03-05 22:08:59,time.js,2,12,time.json,mel13-source,2026-03-05 22:08:59,2026-03-05,22
while,2026-03-05 22:10:38,time.js,4,3,time.json,mel13-source,2026-03-05 22:10:38,2026-03-05,22
E,2026-03-05 22:11:46,time.js,4,23,time.json,mel13-source,2026-03-05 22:11:46,2026-03-05,22
prompt,2026-03-13 19:43:02,tabuadavetor.js,2,8,tabuadavetor.json,mel13-source,2026-03-13 19:43:02,2026-03-13,19
parseInt,2026-03-13 19:43:53,tabuadavetor.js,2,9,tabuadavetor.json,mel13-source,2026-03-13 19:43:53,2026-03-13,19
prompt,2026-03-13 19:43:59,tabuadavetor.js,2,18,tabuadavetor.json,mel13-source,2026-03-13 19:43:59,2026-03-13,19
Math,2026-03-19 22:14:38,maiorde-tres-math.js,2,8,maiorde-tres-math.json,mel13-source,2026-03-19 22:14:38,2026-03-19,22
max,2026-03-19 22:15:44,maiorde-tres-math.js,2,13,maiorde-tres-math.json,mel13-source,2026-03-19 22:15:44,2026-03-19,22
do,2026-03-06 21:15:32,aprovacao1.js,1,1,aprovacao1.json,ericasilvacosta25,2026-03-06 21:15:32,2026-03-06,21
var,2026-03-06 21:15:32,aprovacao1.js,2,5,aprovacao1.json,ericasilvacosta25,2026-03-06 21:15:32,2026-03-06,21
var,2026-03-06 21:15:32,aprovacao1.js,2,5,aprovacao1.json,ericasilvacosta25,2026-03-06 21:15:32,2026-03-06,21
parseFloat,2026-03-06 21:15:32,aprovacao1.js,3,16,aprovacao1.json,ericasilvacosta25,2026-03-06 21:15:32,2026-03-06,21
prompt,2026-03-06 21:15:32,aprovacao1.js,3,27,aprovacao1.json,ericasilvacosta25,2026-03-06 21:15:32,2026-03-06,21
var,2026-03-06 21:15:32,aprovacao1.js,2,5,aprovacao1.json,ericasilvacosta25,2026-03-06 21:15:32,2026-03-06,21
parseFloat,2026-03-06 21:15:32,aprovacao1.js,3,16,aprovacao1.json,ericasilvacosta25,2026-03-06 21:15:32,2026-03-06,21
prompt,2026-03-06 21:15:32,aprovacao1.js,3,27,aprovacao1.json,ericasilvacosta25,2026-03-06 21:15:32,2026-03-06,21
var,2026-03-06 21:15:32,aprovacao1.js,2,5,aprovacao1.json,ericasilvacosta25,2026-03-06 21:15:32,2026-03-06,21
alert,2026-03-06 21:15:32,aprovacao1.js,6,3,aprovacao1.json,ericasilvacosta25,2026-03-06 21:15:32,2026-03-06,21
if,2026-03-06 21:15:32,aprovacao1.js,7,1,aprovacao1.json,ericasilvacosta25,2026-03-06 21:15:32,2026-03-06,21
alert,2026-03-06 21:15:32,aprovacao1.js,6,3,aprovacao1.json,ericasilvacosta25,2026-03-06 21:15:32,2026-03-06,21
else,2026-03-06 21:15:32,aprovacao1.js,11,1,aprovacao1.json,ericasilvacosta25,2026-03-06 21:15:32,2026-03-06,21
if,2026-03-06 21:15:32,aprovacao1.js,7,1,aprovacao1.json,ericasilvacosta25,2026-03-06 21:15:32,2026-03-06,21
alert,2026-03-06 21:15:32,aprovacao1.js,6,3,aprovacao1.json,ericasilvacosta25,2026-03-06 21:15:32,2026-03-06,21
parseFloat,2026-03-06 21:15:32,aprovacao1.js,3,16,aprovacao1.json,ericasilvacosta25,2026-03-06 21:15:32,2026-03-06,21
prompt,2026-03-06 21:15:32,aprovacao1.js,3,27,aprovacao1.json,ericasilvacosta25,2026-03-06 21:15:32,2026-03-06,21
if,2026-03-06 21:15:32,aprovacao1.js,7,1,aprovacao1.json,ericasilvacosta25,2026-03-06 21:15:32,2026-03-06,21
alert,2026-03-06 21:15:32,aprovacao1.js,6,3,aprovacao1.json,ericasilvacosta25,2026-03-06 21:15:32,2026-03-06,21
else,2026-03-06 21:15:32,aprovacao1.js,11,1,aprovacao1.json,ericasilvacosta25,2026-03-06 21:15:32,2026-03-06,21
alert,2026-03-06 21:15:32,aprovacao1.js,6,3,aprovacao1.json,ericasilvacosta25,2026-03-06 21:15:32,2026-03-06,21
else,2026-03-06 21:15:32,aprovacao1.js,11,1,aprovacao1.json,ericasilvacosta25,2026-03-06 21:15:32,2026-03-06,21
alert,2026-03-06 21:15:32,aprovacao1.js,6,3,aprovacao1.json,ericasilvacosta25,2026-03-06 21:15:32,2026-03-06,21
while,2026-03-06 21:15:32,aprovacao1.js,29,2,aprovacao1.json,ericasilvacosta25,2026-03-06 21:15:32,2026-03-06,21
alert,2026-03-06 21:15:32,aprovacao1.js,6,3,aprovacao1.json,ericasilvacosta25,2026-03-06 21:15:32,2026-03-06,21
var,2026-03-06 21:32:25,aprovacao1.js,1,1,aprovacao1.json,ericasilvacosta25,2026-03-06 21:32:25,2026-03-06,21
var,2026-03-06 21:32:26,aprovacao1.js,2,1,aprovacao1.json,ericasilvacosta25,2026-03-06 21:32:26,2026-03-06,21
parseFloat,2026-03-06 21:32:26,aprovacao1.js,2,12,aprovacao1.json,ericasilvacosta25,2026-03-06 21:32:26,2026-03-06,21
prompt,2026-03-06 21:32:26,aprovacao1.js,2,23,aprovacao1.json,ericasilvacosta25,2026-03-06 21:32:26,2026-03-06,21
var,2026-03-06 21:32:27,aprovacao1.js,3,1,aprovacao1.json,ericasilvacosta25,2026-03-06 21:32:27,2026-03-06,21
parseFloat,2026-03-06 21:32:27,aprovacao1.js,3,12,aprovacao1.json,ericasilvacosta25,2026-03-06 21:32:27,2026-03-06,21
prompt,2026-03-06 21:32:27,aprovacao1.js,3,23,aprovacao1.json,ericasilvacosta25,2026-03-06 21:32:27,2026-03-06,21
var,2026-03-06 21:32:28,aprovacao1.js,5,1,aprovacao1.json,ericasilvacosta25,2026-03-06 21:32:28,2026-03-06,21
parseFloat,2026-03-06 21:32:28,aprovacao1.js,5,12,aprovacao1.json,ericasilvacosta25,2026-03-06 21:32:28,2026-03-06,21
prompt,2026-03-06 21:32:28,aprovacao1.js,5,23,aprovacao1.json,ericasilvacosta25,2026-03-06 21:32:28,2026-03-06,21
var,2026-03-06 21:32:28,aprovacao1.js,4,1,aprovacao1.json,ericasilvacosta25,2026-03-06 21:32:28,2026-03-06,21
parseFloat,2026-03-06 21:32:28,aprovacao1.js,4,12,aprovacao1.json,ericasilvacosta25,2026-03-06 21:32:28,2026-03-06,21
prompt,2026-03-06 21:32:28,aprovacao1.js,4,23,aprovacao1.json,ericasilvacosta25,2026-03-06 21:32:28,2026-03-06,21
for,2026-02-27 20:02:21,domingos.js,2,1,domingos.json,ericasilvacosta25,2026-02-27 20:02:21,2026-02-27,20
for,2026-02-27 20:03:05,domingos.js,2,1,domingos.json,ericasilvacosta25,2026-02-27 20:03:05,2026-02-27,20
prompt,2026-02-27 20:10:37,domingos.js,1,23,domingos.json,ericasilvacosta25,2026-02-27 20:10:37,2026-02-27,20
E,2026-02-27 20:32:48,domingos.js,2,33,domingos.json,ericasilvacosta25,2026-02-27 20:32:48,2026-02-27,20
for,2026-02-27 20:50:52,domingos.js,7,1,domingos.json,ericasilvacosta25,2026-02-27 20:50:52,2026-02-27,20
for,2026-02-27 22:25:39,domingos.js,11,5,domingos.json,ericasilvacosta25,2026-02-27 22:25:39,2026-02-27,22
alert,2026-02-27 22:27:33,domingos.js,14,1,domingos.json,ericasilvacosta25,2026-02-27 22:27:33,2026-02-27,22
parseInt,2026-03-12 19:45:55,vaquinha.js,3,16,vaquinha.json,ericasilvacosta25,2026-03-12 19:45:55,2026-03-12,19
for,2026-03-12 19:46:35,vaquinha.js,4,1,vaquinha.json,ericasilvacosta25,2026-03-12 19:46:35,2026-03-12,19
parseFloat,2026-03-12 19:53:37,vaquinha.js,5,16,vaquinha.json,ericasilvacosta25,2026-03-12 19:53:37,2026-03-12,19
alert,2026-03-12 19:55:07,vaquinha.js,8,1,vaquinha.json,ericasilvacosta25,2026-03-12 19:55:07,2026-03-12,19
for,2026-03-12 20:06:37,vaquinha.js,9,1,vaquinha.json,ericasilvacosta25,2026-03-12 20:06:37,2026-03-12,20
function,2026-03-25 21:18:09,funcaosoma.js,1,1,funcaosoma.json,ericasilvacosta25,2026-03-25 21:18:09,2026-03-25,21
break,2026-03-25 21:19:16,funcaosoma.js,2,14,funcaosoma.json,ericasilvacosta25,2026-03-25 21:19:16,2026-03-25,21
alert,2026-03-25 21:21:37,funcaosoma.js,6,1,funcaosoma.json,ericasilvacosta25,2026-03-25 21:21:37,2026-03-25,21
function,2026-03-25 21:33:05,funcaosoma.js,4,1,funcaosoma.json,ericasilvacosta25,2026-03-25 21:33:05,2026-03-25,21
function,2026-03-25 21:33:55,funcaosoma.js,7,1,funcaosoma.json,ericasilvacosta25,2026-03-25 21:33:55,2026-03-25,21
function,2026-03-25 21:40:40,funcaosoma.js,4,1,funcaosoma.json,ericasilvacosta25,2026-03-25 21:40:40,2026-03-25,21
return,2026-03-25 21:40:40,funcaosoma.js,5,5,funcaosoma.json,ericasilvacosta25,2026-03-25 21:40:40,2026-03-25,21
function,2026-03-25 21:40:40,funcaosoma.js,4,1,funcaosoma.json,ericasilvacosta25,2026-03-25 21:40:40,2026-03-25,21
return,2026-03-25 21:40:40,funcaosoma.js,5,5,funcaosoma.json,ericasilvacosta25,2026-03-25 21:40:40,2026-03-25,21
prompt,2026-03-25 21:50:04,funcaosoma.js,13,13,funcaosoma.json,ericasilvacosta25,2026-03-25 21:50:04,2026-03-25,21
switch,2026-03-25 21:55:24,funcaosoma.js,16,1,funcaosoma.json,ericasilvacosta25,2026-03-25 21:55:24,2026-03-25,21
alert,2026-03-25 21:56:43,funcaosoma.js,18,9,funcaosoma.json,ericasilvacosta25,2026-03-25 21:56:43,2026-03-25,21
break,2026-03-25 21:57:04,funcaosoma.js,18,26,funcaosoma.json,ericasilvacosta25,2026-03-25 21:57:04,2026-03-25,21
alert,2026-03-25 21:57:47,funcaosoma.js,20,9,funcaosoma.json,ericasilvacosta25,2026-03-25 21:57:47,2026-03-25,21
break,2026-03-25 21:58:08,funcaosoma.js,20,29,funcaosoma.json,ericasilvacosta25,2026-03-25 21:58:08,2026-03-25,21
alert,2026-03-25 21:58:34,funcaosoma.js,22,9,funcaosoma.json,ericasilvacosta25,2026-03-25 21:58:34,2026-03-25,21
break,2026-03-25 21:58:57,funcaosoma.js,22,35,funcaosoma.json,ericasilvacosta25,2026-03-25 21:58:57,2026-03-25,21
alert,2026-03-25 21:59:16,funcaosoma.js,24,9,funcaosoma.json,ericasilvacosta25,2026-03-25 21:59:16,2026-03-25,21
break,2026-03-25 21:59:37,funcaosoma.js,24,31,funcaosoma.json,ericasilvacosta25,2026-03-25 21:59:37,2026-03-25,21
toFixed,2026-03-25 22:00:24,funcaosoma.js,20,28,funcaosoma.json,ericasilvacosta25,2026-03-25 22:00:24,2026-03-25,22
alert,2026-03-25 22:00:57,funcaosoma.js,26,9,funcaosoma.json,ericasilvacosta25,2026-03-25 22:00:57,2026-03-25,22
parseInt,2026-03-12 21:28:45,vetorpar_impar.js,5,18,vetorpar_impar.json,ericasilvacosta25,2026-03-12 21:28:45,2026-03-12,21
for,2026-03-12 21:35:16,vetorpar_impar.js,5,1,vetorpar_impar.json,ericasilvacosta25,2026-03-12 21:35:16,2026-03-12,21
let,2026-03-12 21:36:01,vetorpar_impar.js,5,4,vetorpar_impar.json,ericasilvacosta25,2026-03-12 21:36:01,2026-03-12,21
parseInt,2026-03-12 21:36:01,vetorpar_impar.js,6,15,vetorpar_impar.json,ericasilvacosta25,2026-03-12 21:36:01,2026-03-12,21
prompt,2026-03-12 21:36:01,vetorpar_impar.js,6,24,vetorpar_impar.json,ericasilvacosta25,2026-03-12 21:36:01,2026-03-12,21
if,2026-03-12 21:36:01,vetorpar_impar.js,7,5,vetorpar_impar.json,ericasilvacosta25,2026-03-12 21:36:01,2026-03-12,21
else,2026-03-12 21:36:01,vetorpar_impar.js,10,5,vetorpar_impar.json,ericasilvacosta25,2026-03-12 21:36:01,2026-03-12,21
alert,2026-03-12 21:36:01,vetorpar_impar.js,12,2,vetorpar_impar.json,ericasilvacosta25,2026-03-12 21:36:01,2026-03-12,21
parseInt,2026-03-12 21:39:16,vetorpar_impar.js,4,11,vetorpar_impar.json,ericasilvacosta25,2026-03-12 21:39:16,2026-03-12,21
prompt,2026-03-12 21:39:16,vetorpar_impar.js,4,20,vetorpar_impar.json,ericasilvacosta25,2026-03-12 21:39:16,2026-03-12,21
for,2026-03-12 21:47:49,vetorpar_impar.js,7,1,vetorpar_impar.json,ericasilvacosta25,2026-03-12 21:47:49,2026-03-12,21
parseInt,2026-03-12 21:50:16,vetorpar_impar.js,8,15,vetorpar_impar.json,ericasilvacosta25,2026-03-12 21:50:16,2026-03-12,21
if,2026-03-12 21:53:14,vetorpar_impar.js,10,5,vetorpar_impar.json,ericasilvacosta25,2026-03-12 21:53:14,2026-03-12,21
parseInt,2026-03-12 21:55:05,vetorpar_impar.js,5,17,vetorpar_impar.json,ericasilvacosta25,2026-03-12 21:55:05,2026-03-12,21
if,2026-03-12 21:55:58,vetorpar_impar.js,6,4,vetorpar_impar.json,ericasilvacosta25,2026-03-12 21:55:58,2026-03-12,21
else,2026-03-12 21:56:53,vetorpar_impar.js,8,1,vetorpar_impar.json,ericasilvacosta25,2026-03-12 21:56:53,2026-03-12,21
E,2026-03-12 22:00:47,vetorpar_impar.js,17,24,vetorpar_impar.json,ericasilvacosta25,2026-03-12 22:00:47,2026-03-12,22
E,2026-03-12 22:00:55,vetorpar_impar.js,17,24,vetorpar_impar.json,ericasilvacosta25,2026-03-12 22:00:55,2026-03-12,22
for,2026-03-12 22:01:31,vetorpar_impar.js,18,5,vetorpar_impar.json,ericasilvacosta25,2026-03-12 22:01:31,2026-03-12,22
alert,2026-03-20 19:45:13,espalhamentominimo.js,2,1,espalhamentominimo.json,ericasilvacosta25,2026-03-20 19:45:13,2026-03-20,19
for,2026-03-20 19:45:46,espalhamentominimo.js,2,1,espalhamentominimo.json,ericasilvacosta25,2026-03-20 19:45:46,2026-03-20,19
alert,2026-03-20 19:46:17,espalhamentominimo.js,2,1,espalhamentominimo.json,ericasilvacosta25,2026-03-20 19:46:17,2026-03-20,19
Math,2026-03-20 19:46:40,espalhamentominimo.js,2,7,espalhamentominimo.json,ericasilvacosta25,2026-03-20 19:46:40,2026-03-20,19
max,2026-03-20 19:47:43,espalhamentominimo.js,2,12,espalhamentominimo.json,ericasilvacosta25,2026-03-20 19:47:43,2026-03-20,19
Math,2026-03-20 19:48:30,espalhamentominimo.js,2,7,espalhamentominimo.json,ericasilvacosta25,2026-03-20 19:48:30,2026-03-20,19
min,2026-03-20 19:48:57,espalhamentominimo.js,2,12,espalhamentominimo.json,ericasilvacosta25,2026-03-20 19:48:57,2026-03-20,19
Math,2026-03-20 19:49:25,espalhamentominimo.js,2,7,espalhamentominimo.json,ericasilvacosta25,2026-03-20 19:49:25,2026-03-20,19
min,2026-03-20 19:49:39,espalhamentominimo.js,2,12,espalhamentominimo.json,ericasilvacosta25,2026-03-20 19:49:39,2026-03-20,19
Math,2026-03-19 22:15:21,maiordetresmath.js,1,8,maiordetresmath.json,ericasilvacosta25,2026-03-19 22:15:21,2026-03-19,22
for,2026-02-26 19:38:23,jogos.js,3,1,jogos.json,ericasilvacosta25,2026-02-26 19:38:23,2026-02-26,19
parseInt,2026-02-26 20:08:25,jogos.js,2,9,jogos.json,ericasilvacosta25,2026-02-26 20:08:25,2026-02-26,20
parseInt,2026-02-26 20:10:07,jogos.js,2,9,jogos.json,ericasilvacosta25,2026-02-26 20:10:07,2026-02-26,20
for,2026-02-26 20:12:08,jogos.js,8,1,jogos.json,ericasilvacosta25,2026-02-26 20:12:08,2026-02-26,20
for,2026-02-26 20:35:43,jogos.js,8,1,jogos.json,ericasilvacosta25,2026-02-26 20:35:43,2026-02-26,20
alert,2026-02-26 20:35:43,jogos.js,10,5,jogos.json,ericasilvacosta25,2026-02-26 20:35:43,2026-02-26,20
alert,2026-02-20 20:36:45,main.js,1,1,main.json,ericasilvacosta25,2026-02-20 20:36:45,2026-02-20,20
alert,2026-02-20 20:40:35,main.js,2,1,main.json,ericasilvacosta25,2026-02-20 20:40:35,2026-02-20,20
while,2026-03-26 19:39:59,revisaovetor.js,4,1,revisaovetor.json,ericasilvacosta25,2026-03-26 19:39:59,2026-03-26,19
while,2026-03-26 19:42:33,revisaovetor.js,4,1,revisaovetor.json,ericasilvacosta25,2026-03-26 19:42:33,2026-03-26,19
while,2026-03-26 19:46:24,revisaovetor.js,4,1,revisaovetor.json,ericasilvacosta25,2026-03-26 19:46:24,2026-03-26,19
alert,2026-03-26 19:48:10,revisaovetor.js,5,5,revisaovetor.json,ericasilvacosta25,2026-03-26 19:48:10,2026-03-26,19
for,2026-03-26 19:54:13,revisaovetor.js,3,1,revisaovetor.json,ericasilvacosta25,2026-03-26 19:54:13,2026-03-26,19
parseInt,2026-03-26 19:56:02,revisaovetor.js,4,18,revisaovetor.json,ericasilvacosta25,2026-03-26 19:56:02,2026-03-26,19
for,2026-03-26 19:56:34,revisaovetor.js,6,1,revisaovetor.json,ericasilvacosta25,2026-03-26 19:56:34,2026-03-26,19
var,2026-03-26 20:48:05,revisaovetor.js,2,1,revisaovetor.json,ericasilvacosta25,2026-03-26 20:48:05,2026-03-26,20
parseFloat,2026-03-05 19:41:21,aprovacao.js,1,13,aprovacao.json,ericasilvacosta25,2026-03-05 19:41:21,2026-03-05,19
if,2026-03-05 19:54:06,aprovacao.js,6,1,aprovacao.json,ericasilvacosta25,2026-03-05 19:54:06,2026-03-05,19
while,2026-03-05 19:57:37,aprovacao.js,7,2,aprovacao.json,ericasilvacosta25,2026-03-05 19:57:37,2026-03-05,19
alert,2026-03-05 20:00:02,aprovacao.js,7,5,aprovacao.json,ericasilvacosta25,2026-03-05 20:00:02,2026-03-05,20
parseFloat,2026-03-05 20:03:19,aprovacao.js,1,13,aprovacao.json,ericasilvacosta25,2026-03-05 20:03:19,2026-03-05,20
prompt,2026-03-05 20:03:19,aprovacao.js,1,24,aprovacao.json,ericasilvacosta25,2026-03-05 20:03:19,2026-03-05,20
parseFloat,2026-03-05 20:03:36,aprovacao.js,2,13,aprovacao.json,ericasilvacosta25,2026-03-05 20:03:36,2026-03-05,20
prompt,2026-03-05 20:03:36,aprovacao.js,2,24,aprovacao.json,ericasilvacosta25,2026-03-05 20:03:36,2026-03-05,20
alert,2026-03-05 20:06:17,aprovacao.js,4,1,aprovacao.json,ericasilvacosta25,2026-03-05 20:06:17,2026-03-05,20
if,2026-03-05 20:17:05,aprovacao.js,7,6,aprovacao.json,ericasilvacosta25,2026-03-05 20:17:05,2026-03-05,20
alert,2026-03-05 20:17:49,aprovacao.js,8,5,aprovacao.json,ericasilvacosta25,2026-03-05 20:17:49,2026-03-05,20
if,2026-03-05 20:19:51,aprovacao.js,7,6,aprovacao.json,ericasilvacosta25,2026-03-05 20:19:51,2026-03-05,20
alert,2026-03-05 20:23:48,aprovacao.js,8,5,aprovacao.json,ericasilvacosta25,2026-03-05 20:23:48,2026-03-05,20
E,2026-03-05 20:23:57,aprovacao.js,8,12,aprovacao.json,ericasilvacosta25,2026-03-05 20:23:57,2026-03-05,20
while,2026-03-05 20:25:45,aprovacao.js,11,5,aprovacao.json,ericasilvacosta25,2026-03-05 20:25:45,2026-03-05,20
do,2026-03-05 20:26:20,aprovacao.js,9,2,aprovacao.json,ericasilvacosta25,2026-03-05 20:26:20,2026-03-05,20
else,2026-03-05 20:27:04,aprovacao.js,10,1,aprovacao.json,ericasilvacosta25,2026-03-05 20:27:04,2026-03-05,20
alert,2026-03-05 20:27:24,aprovacao.js,11,5,aprovacao.json,ericasilvacosta25,2026-03-05 20:27:24,2026-03-05,20
if,2026-03-05 20:27:57,aprovacao.js,10,1,aprovacao.json,ericasilvacosta25,2026-03-05 20:27:57,2026-03-05,20
alert,2026-03-05 20:28:30,aprovacao.js,11,5,aprovacao.json,ericasilvacosta25,2026-03-05 20:28:30,2026-03-05,20
else,2026-03-05 20:29:23,aprovacao.js,12,1,aprovacao.json,ericasilvacosta25,2026-03-05 20:29:23,2026-03-05,20
else,2026-03-05 20:30:11,aprovacao.js,12,1,aprovacao.json,ericasilvacosta25,2026-03-05 20:30:11,2026-03-05,20
alert,2026-03-05 20:32:50,aprovacao.js,10,1,aprovacao.json,ericasilvacosta25,2026-03-05 20:32:50,2026-03-05,20
parseFloat,2026-03-05 20:34:24,aprovacao.js,10,18,aprovacao.json,ericasilvacosta25,2026-03-05 20:34:24,2026-03-05,20
while,2026-03-05 20:44:22,aprovacao.js,16,1,aprovacao.json,ericasilvacosta25,2026-03-05 20:44:22,2026-03-05,20
while,2026-03-05 20:44:48,aprovacao.js,16,1,aprovacao.json,ericasilvacosta25,2026-03-05 20:44:48,2026-03-05,20
E,2026-03-05 21:25:08,aprovacao.js,1,21,aprovacao.json,ericasilvacosta25,2026-03-05 21:25:08,2026-03-05,21
else,2026-03-05 21:28:52,aprovacao.js,17,1,aprovacao.json,ericasilvacosta25,2026-03-05 21:28:52,2026-03-05,21
alert,2026-03-05 21:28:58,aprovacao.js,18,5,aprovacao.json,ericasilvacosta25,2026-03-05 21:28:58,2026-03-05,21
E,2026-03-06 19:46:30,aprovacao.js,11,9,aprovacao.json,ericasilvacosta25,2026-03-06 19:46:30,2026-03-06,19
while,2026-03-06 19:51:43,aprovacao.js,25,2,aprovacao.json,ericasilvacosta25,2026-03-06 19:51:43,2026-03-06,19
while,2026-03-06 19:52:17,aprovacao.js,25,2,aprovacao.json,ericasilvacosta25,2026-03-06 19:52:17,2026-03-06,19
E,2026-03-06 20:19:26,aprovacao.js,2,41,aprovacao.json,ericasilvacosta25,2026-03-06 20:19:26,2026-03-06,20
for,2026-02-26 21:29:57,copa.js,2,1,copa.json,ericasilvacosta25,2026-02-26 21:29:57,2026-02-26,21
alert,2026-02-26 21:33:43,copa.js,4,5,copa.json,ericasilvacosta25,2026-02-26 21:33:43,2026-02-26,21
if,2026-02-26 21:44:33,copa.js,3,5,copa.json,ericasilvacosta25,2026-02-26 21:44:33,2026-02-26,21
for,2026-02-20 21:23:06,for.js,2,1,for.json,ericasilvacosta25,2026-02-20 21:23:06,2026-02-20,21
for,2026-02-20 21:29:58,for.js,4,1,for.json,ericasilvacosta25,2026-02-20 21:29:58,2026-02-20,21
for,2026-02-20 21:36:07,for.js,8,5,for.json,ericasilvacosta25,2026-02-20 21:36:07,2026-02-20,21
E,2026-02-20 21:37:39,for.js,9,27,for.json,ericasilvacosta25,2026-02-20 21:37:39,2026-02-20,21
parseInt,2026-02-20 21:40:40,for.js,1,12,for.json,ericasilvacosta25,2026-02-20 21:40:40,2026-02-20,21
while,2026-03-06 21:55:24,decremento.js,2,1,decremento.json,ericasilvacosta25,2026-03-06 21:55:24,2026-03-06,21
alert,2026-03-06 21:59:59,decremento.js,3,5,decremento.json,ericasilvacosta25,2026-03-06 21:59:59,2026-03-06,21
alert,2026-03-19 22:28:42,espalhamento.js,2,1,espalhamento.json,ericasilvacosta25,2026-03-19 22:28:42,2026-03-19,22
Math,2026-03-19 22:28:48,espalhamento.js,2,7,espalhamento.json,ericasilvacosta25,2026-03-19 22:28:48,2026-03-19,22
function,2026-03-25 22:16:47,funcaovetor.js,1,1,funcaovetor.json,ericasilvacosta25,2026-03-25 22:16:47,2026-03-25,22
function,2026-03-25 22:21:46,funcaovetor.js,4,1,funcaovetor.json,ericasilvacosta25,2026-03-25 22:21:46,2026-03-25,22
return,2026-03-25 22:26:38,funcaovetor.js,2,5,funcaovetor.json,ericasilvacosta25,2026-03-25 22:26:38,2026-03-25,22
prompt,2026-03-26 20:18:29,funcaovetor.js,2,23,funcaovetor.json,ericasilvacosta25,2026-03-26 20:18:29,2026-03-26,20
return,2026-03-26 20:20:06,funcaovetor.js,2,5,funcaovetor.json,ericasilvacosta25,2026-03-26 20:20:06,2026-03-26,20
parseInt,2026-03-26 20:21:45,funcaovetor.js,8,18,funcaovetor.json,ericasilvacosta25,2026-03-26 20:21:45,2026-03-26,20
prompt,2026-03-26 20:21:53,funcaovetor.js,8,27,funcaovetor.json,ericasilvacosta25,2026-03-26 20:21:53,2026-03-26,20
function,2026-03-26 20:24:30,funcaovetor.js,4,1,funcaovetor.json,ericasilvacosta25,2026-03-26 20:24:30,2026-03-26,20
return,2026-03-26 20:24:35,funcaovetor.js,5,5,funcaovetor.json,ericasilvacosta25,2026-03-26 20:24:35,2026-03-26,20
var,2026-03-26 20:24:36,funcaovetor.js,6,5,funcaovetor.json,ericasilvacosta25,2026-03-26 20:24:36,2026-03-26,20
parseInt,2026-03-26 20:24:36,funcaovetor.js,6,13,funcaovetor.json,ericasilvacosta25,2026-03-26 20:24:36,2026-03-26,20
prompt,2026-03-26 20:24:36,funcaovetor.js,6,22,funcaovetor.json,ericasilvacosta25,2026-03-26 20:24:36,2026-03-26,20
var,2026-03-26 20:24:40,funcaovetor.js,6,5,funcaovetor.json,ericasilvacosta25,2026-03-26 20:24:40,2026-03-26,20
parseInt,2026-03-26 20:24:40,funcaovetor.js,6,13,funcaovetor.json,ericasilvacosta25,2026-03-26 20:24:40,2026-03-26,20
prompt,2026-03-26 20:24:40,funcaovetor.js,6,22,funcaovetor.json,ericasilvacosta25,2026-03-26 20:24:40,2026-03-26,20
var,2026-03-26 20:24:50,funcaovetor.js,13,1,funcaovetor.json,ericasilvacosta25,2026-03-26 20:24:50,2026-03-26,20
parseInt,2026-03-26 20:24:50,funcaovetor.js,13,1,funcaovetor.json,ericasilvacosta25,2026-03-26 20:24:50,2026-03-26,20
prompt,2026-03-26 20:24:50,funcaovetor.js,13,1,funcaovetor.json,ericasilvacosta25,2026-03-26 20:24:50,2026-03-26,20
var,2026-03-26 20:24:50,funcaovetor.js,11,5,funcaovetor.json,ericasilvacosta25,2026-03-26 20:24:50,2026-03-26,20
parseInt,2026-03-26 20:24:50,funcaovetor.js,11,13,funcaovetor.json,ericasilvacosta25,2026-03-26 20:24:50,2026-03-26,20
prompt,2026-03-26 20:24:50,funcaovetor.js,11,22,funcaovetor.json,ericasilvacosta25,2026-03-26 20:24:50,2026-03-26,20
for,2026-03-26 20:25:43,funcaovetor.js,9,1,funcaovetor.json,ericasilvacosta25,2026-03-26 20:25:43,2026-03-26,20
let,2026-03-26 20:25:43,funcaovetor.js,9,5,funcaovetor.json,ericasilvacosta25,2026-03-26 20:25:43,2026-03-26,20
alert,2026-03-26 20:27:06,funcaovetor.js,10,5,funcaovetor.json,ericasilvacosta25,2026-03-26 20:27:06,2026-03-26,20
for,2026-03-26 20:35:54,funcaovetor.js,9,1,funcaovetor.json,ericasilvacosta25,2026-03-26 20:35:54,2026-03-26,20
for,2026-03-26 20:36:41,funcaovetor.js,9,1,funcaovetor.json,ericasilvacosta25,2026-03-26 20:36:41,2026-03-26,20
let,2026-03-26 20:36:41,funcaovetor.js,9,5,funcaovetor.json,ericasilvacosta25,2026-03-26 20:36:41,2026-03-26,20
parseInt,2026-03-26 20:37:40,funcaovetor.js,3,12,funcaovetor.json,ericasilvacosta25,2026-03-26 20:37:40,2026-03-26,20
prompt,2026-03-26 20:37:40,funcaovetor.js,3,21,funcaovetor.json,ericasilvacosta25,2026-03-26 20:37:40,2026-03-26,20
parseInt,2026-03-26 20:37:59,funcaovetor.js,4,8,funcaovetor.json,ericasilvacosta25,2026-03-26 20:37:59,2026-03-26,20
prompt,2026-03-26 20:37:59,funcaovetor.js,4,17,funcaovetor.json,ericasilvacosta25,2026-03-26 20:37:59,2026-03-26,20
return,2026-03-26 20:41:15,funcaovetor.js,1,1,funcaovetor.json,ericasilvacosta25,2026-03-26 20:41:15,2026-03-26,20
const,2026-03-26 20:41:17,funcaovetor.js,3,1,funcaovetor.json,ericasilvacosta25,2026-03-26 20:41:17,2026-03-26,20
parseInt,2026-03-26 20:41:17,funcaovetor.js,3,11,funcaovetor.json,ericasilvacosta25,2026-03-26 20:41:17,2026-03-26,20
prompt,2026-03-26 20:41:17,funcaovetor.js,3,20,funcaovetor.json,ericasilvacosta25,2026-03-26 20:41:17,2026-03-26,20
const,2026-03-26 20:41:21,funcaovetor.js,2,1,funcaovetor.json,ericasilvacosta25,2026-03-26 20:41:21,2026-03-26,20
parseInt,2026-03-26 20:41:21,funcaovetor.js,2,11,funcaovetor.json,ericasilvacosta25,2026-03-26 20:41:21,2026-03-26,20
prompt,2026-03-26 20:41:21,funcaovetor.js,2,20,funcaovetor.json,ericasilvacosta25,2026-03-26 20:41:21,2026-03-26,20
function,2026-03-26 20:41:23,funcaovetor.js,3,1,funcaovetor.json,ericasilvacosta25,2026-03-26 20:41:23,2026-03-26,20
return,2026-03-26 20:41:54,funcaovetor.js,10,2,funcaovetor.json,ericasilvacosta25,2026-03-26 20:41:54,2026-03-26,20
function,2026-03-26 20:41:54,funcaovetor.js,8,5,funcaovetor.json,ericasilvacosta25,2026-03-26 20:41:54,2026-03-26,20
return,2026-03-26 20:48:20,funcaovetor.js,6,2,funcaovetor.json,ericasilvacosta25,2026-03-26 20:48:20,2026-03-26,20
function,2026-03-26 20:48:21,funcaovetor.js,4,5,funcaovetor.json,ericasilvacosta25,2026-03-26 20:48:21,2026-03-26,20
return,2026-03-26 20:48:59,funcaovetor.js,10,2,funcaovetor.json,ericasilvacosta25,2026-03-26 20:48:59,2026-03-26,20
function,2026-03-26 20:48:59,funcaovetor.js,8,5,funcaovetor.json,ericasilvacosta25,2026-03-26 20:48:59,2026-03-26,20
return,2026-03-26 20:49:00,funcaovetor.js,7,2,funcaovetor.json,ericasilvacosta25,2026-03-26 20:49:00,2026-03-26,20
function,2026-03-26 20:49:01,funcaovetor.js,5,5,funcaovetor.json,ericasilvacosta25,2026-03-26 20:49:01,2026-03-26,20
function,2026-03-26 20:49:04,funcaovetor.js,3,1,funcaovetor.json,ericasilvacosta25,2026-03-26 20:49:04,2026-03-26,20
parseInt,2026-03-26 20:49:55,funcaovetor.js,5,17,funcaovetor.json,ericasilvacosta25,2026-03-26 20:49:55,2026-03-26,20
prompt,2026-03-26 20:49:55,funcaovetor.js,5,26,funcaovetor.json,ericasilvacosta25,2026-03-26 20:49:55,2026-03-26,20
for,2026-03-26 20:51:55,funcaovetor.js,9,5,funcaovetor.json,ericasilvacosta25,2026-03-26 20:51:55,2026-03-26,20
let,2026-03-26 20:51:55,funcaovetor.js,9,9,funcaovetor.json,ericasilvacosta25,2026-03-26 20:51:55,2026-03-26,20
for,2026-03-26 21:14:46,funcaovetor.js,4,5,funcaovetor.json,ericasilvacosta25,2026-03-26 21:14:46,2026-03-26,21
let,2026-03-26 21:14:46,funcaovetor.js,4,9,funcaovetor.json,ericasilvacosta25,2026-03-26 21:14:46,2026-03-26,21
function,2026-03-20 21:57:17,insertionsort.js,1,1,insertionsort.json,ericasilvacosta25,2026-03-20 21:57:17,2026-03-20,21
for,2026-03-20 21:57:17,insertionsort.js,2,5,insertionsort.json,ericasilvacosta25,2026-03-20 21:57:17,2026-03-20,21
let,2026-03-20 21:57:17,insertionsort.js,2,10,insertionsort.json,ericasilvacosta25,2026-03-20 21:57:17,2026-03-20,21
length,2026-03-20 21:57:17,insertionsort.js,2,31,insertionsort.json,ericasilvacosta25,2026-03-20 21:57:17,2026-03-20,21
let,2026-03-20 21:57:17,insertionsort.js,2,10,insertionsort.json,ericasilvacosta25,2026-03-20 21:57:17,2026-03-20,21
let,2026-03-20 21:57:17,insertionsort.js,2,10,insertionsort.json,ericasilvacosta25,2026-03-20 21:57:17,2026-03-20,21
while,2026-03-20 21:57:17,insertionsort.js,6,9,insertionsort.json,ericasilvacosta25,2026-03-20 21:57:17,2026-03-20,21
console,2026-03-20 21:57:17,insertionsort.js,14,9,insertionsort.json,ericasilvacosta25,2026-03-20 21:57:17,2026-03-20,21
log,2026-03-20 21:57:17,insertionsort.js,14,17,insertionsort.json,ericasilvacosta25,2026-03-20 21:57:17,2026-03-20,21
return,2026-03-20 21:57:17,insertionsort.js,17,5,insertionsort.json,ericasilvacosta25,2026-03-20 21:57:17,2026-03-20,21
let,2026-03-20 21:57:17,insertionsort.js,2,10,insertionsort.json,ericasilvacosta25,2026-03-20 21:57:17,2026-03-20,21
console,2026-03-20 21:57:17,insertionsort.js,14,9,insertionsort.json,ericasilvacosta25,2026-03-20 21:57:17,2026-03-20,21
log,2026-03-20 21:57:17,insertionsort.js,14,17,insertionsort.json,ericasilvacosta25,2026-03-20 21:57:17,2026-03-20,21
let,2026-03-20 21:57:17,insertionsort.js,2,10,insertionsort.json,ericasilvacosta25,2026-03-20 21:57:17,2026-03-20,21
console,2026-03-20 21:57:17,insertionsort.js,14,9,insertionsort.json,ericasilvacosta25,2026-03-20 21:57:17,2026-03-20,21
log,2026-03-20 21:57:17,insertionsort.js,14,17,insertionsort.json,ericasilvacosta25,2026-03-20 21:57:17,2026-03-20,21
let,2026-03-20 22:01:53,insertionsort.js,1,1,insertionsort.json,ericasilvacosta25,2026-03-20 22:01:53,2026-03-20,22
function,2026-03-20 22:07:25,insertionsort.js,1,1,insertionsort.json,ericasilvacosta25,2026-03-20 22:07:25,2026-03-20,22
const,2026-03-20 22:07:25,insertionsort.js,2,3,insertionsort.json,ericasilvacosta25,2026-03-20 22:07:25,2026-03-20,22
push,2026-03-20 22:07:25,insertionsort.js,3,9,insertionsort.json,ericasilvacosta25,2026-03-20 22:07:25,2026-03-20,22
Array,2026-03-20 22:07:25,insertionsort.js,3,15,insertionsort.json,ericasilvacosta25,2026-03-20 22:07:25,2026-03-20,22
join,2026-03-20 22:07:25,insertionsort.js,3,37,insertionsort.json,ericasilvacosta25,2026-03-20 22:07:25,2026-03-20,22
for,2026-03-20 22:07:25,insertionsort.js,5,3,insertionsort.json,ericasilvacosta25,2026-03-20 22:07:25,2026-03-20,22
let,2026-03-20 22:07:25,insertionsort.js,5,8,insertionsort.json,ericasilvacosta25,2026-03-20 22:07:25,2026-03-20,22
length,2026-03-20 22:07:25,insertionsort.js,5,27,insertionsort.json,ericasilvacosta25,2026-03-20 22:07:25,2026-03-20,22
let,2026-03-20 22:07:25,insertionsort.js,5,8,insertionsort.json,ericasilvacosta25,2026-03-20 22:07:25,2026-03-20,22
let,2026-03-20 22:07:25,insertionsort.js,5,8,insertionsort.json,ericasilvacosta25,2026-03-20 22:07:25,2026-03-20,22
push,2026-03-20 22:07:25,insertionsort.js,3,9,insertionsort.json,ericasilvacosta25,2026-03-20 22:07:25,2026-03-20,22
push,2026-03-20 22:07:25,insertionsort.js,3,9,insertionsort.json,ericasilvacosta25,2026-03-20 22:07:25,2026-03-20,22
push,2026-03-20 22:07:25,insertionsort.js,3,9,insertionsort.json,ericasilvacosta25,2026-03-20 22:07:25,2026-03-20,22
Array,2026-03-20 22:07:25,insertionsort.js,3,15,insertionsort.json,ericasilvacosta25,2026-03-20 22:07:25,2026-03-20,22
join,2026-03-20 22:07:25,insertionsort.js,3,37,insertionsort.json,ericasilvacosta25,2026-03-20 22:07:25,2026-03-20,22
while,2026-03-20 22:07:25,insertionsort.js,13,5,insertionsort.json,ericasilvacosta25,2026-03-20 22:07:25,2026-03-20,22
push,2026-03-20 22:07:25,insertionsort.js,3,9,insertionsort.json,ericasilvacosta25,2026-03-20 22:07:25,2026-03-20,22
Array,2026-03-20 22:07:25,insertionsort.js,3,15,insertionsort.json,ericasilvacosta25,2026-03-20 22:07:25,2026-03-20,22
join,2026-03-20 22:07:25,insertionsort.js,3,37,insertionsort.json,ericasilvacosta25,2026-03-20 22:07:25,2026-03-20,22
return,2026-03-20 22:07:25,insertionsort.js,22,3,insertionsort.json,ericasilvacosta25,2026-03-20 22:07:25,2026-03-20,22
const,2026-03-20 22:07:25,insertionsort.js,2,3,insertionsort.json,ericasilvacosta25,2026-03-20 22:07:25,2026-03-20,22
const,2026-03-20 22:07:25,insertionsort.js,2,3,insertionsort.json,ericasilvacosta25,2026-03-20 22:07:25,2026-03-20,22
console,2026-03-20 22:07:25,insertionsort.js,29,1,insertionsort.json,ericasilvacosta25,2026-03-20 22:07:25,2026-03-20,22
log,2026-03-20 22:07:25,insertionsort.js,29,9,insertionsort.json,ericasilvacosta25,2026-03-20 22:07:25,2026-03-20,22
forEach,2026-03-20 22:07:25,insertionsort.js,30,17,insertionsort.json,ericasilvacosta25,2026-03-20 22:07:25,2026-03-20,22
console,2026-03-20 22:07:25,insertionsort.js,29,1,insertionsort.json,ericasilvacosta25,2026-03-20 22:07:25,2026-03-20,22
log,2026-03-20 22:07:25,insertionsort.js,29,9,insertionsort.json,ericasilvacosta25,2026-03-20 22:07:25,2026-03-20,22
console,2026-03-20 22:07:25,insertionsort.js,29,1,insertionsort.json,ericasilvacosta25,2026-03-20 22:07:25,2026-03-20,22
log,2026-03-20 22:07:25,insertionsort.js,29,9,insertionsort.json,ericasilvacosta25,2026-03-20 22:07:25,2026-03-20,22
console,2026-03-20 22:07:25,insertionsort.js,29,1,insertionsort.json,ericasilvacosta25,2026-03-20 22:07:25,2026-03-20,22
log,2026-03-20 22:07:25,insertionsort.js,29,9,insertionsort.json,ericasilvacosta25,2026-03-20 22:07:25,2026-03-20,22
Array,2026-03-20 22:07:25,insertionsort.js,3,15,insertionsort.json,ericasilvacosta25,2026-03-20 22:07:25,2026-03-20,22
join,2026-03-20 22:07:25,insertionsort.js,3,37,insertionsort.json,ericasilvacosta25,2026-03-20 22:07:25,2026-03-20,22
function,2026-03-20 22:08:34,insertionsort.js,3,1,insertionsort.json,ericasilvacosta25,2026-03-20 22:08:34,2026-03-20,22
for,2026-03-20 22:08:34,insertionsort.js,4,5,insertionsort.json,ericasilvacosta25,2026-03-20 22:08:34,2026-03-20,22
let,2026-03-20 22:08:34,insertionsort.js,4,10,insertionsort.json,ericasilvacosta25,2026-03-20 22:08:34,2026-03-20,22
length,2026-03-20 22:08:34,insertionsort.js,4,29,insertionsort.json,ericasilvacosta25,2026-03-20 22:08:34,2026-03-20,22
let,2026-03-20 22:08:34,insertionsort.js,4,10,insertionsort.json,ericasilvacosta25,2026-03-20 22:08:34,2026-03-20,22
let,2026-03-20 22:08:34,insertionsort.js,4,10,insertionsort.json,ericasilvacosta25,2026-03-20 22:08:34,2026-03-20,22
while,2026-03-20 22:08:34,insertionsort.js,9,9,insertionsort.json,ericasilvacosta25,2026-03-20 22:08:34,2026-03-20,22
console,2026-03-20 22:08:34,insertionsort.js,12,13,insertionsort.json,ericasilvacosta25,2026-03-20 22:08:34,2026-03-20,22
log,2026-03-20 22:08:34,insertionsort.js,12,21,insertionsort.json,ericasilvacosta25,2026-03-20 22:08:34,2026-03-20,22
console,2026-03-20 22:08:34,insertionsort.js,12,13,insertionsort.json,ericasilvacosta25,2026-03-20 22:08:34,2026-03-20,22
log,2026-03-20 22:08:34,insertionsort.js,12,21,insertionsort.json,ericasilvacosta25,2026-03-20 22:08:34,2026-03-20,22
return,2026-03-20 22:08:34,insertionsort.js,17,5,insertionsort.json,ericasilvacosta25,2026-03-20 22:08:34,2026-03-20,22
const,2026-03-20 22:08:34,insertionsort.js,20,1,insertionsort.json,ericasilvacosta25,2026-03-20 22:08:34,2026-03-20,22
console,2026-03-20 22:08:34,insertionsort.js,12,13,insertionsort.json,ericasilvacosta25,2026-03-20 22:08:34,2026-03-20,22
log,2026-03-20 22:08:34,insertionsort.js,12,21,insertionsort.json,ericasilvacosta25,2026-03-20 22:08:34,2026-03-20,22
Array,2026-03-20 22:08:34,insertionsort.js,21,23,insertionsort.json,ericasilvacosta25,2026-03-20 22:08:34,2026-03-20,22
const,2026-03-20 22:08:34,insertionsort.js,20,1,insertionsort.json,ericasilvacosta25,2026-03-20 22:08:34,2026-03-20,22
console,2026-03-20 22:08:34,insertionsort.js,12,13,insertionsort.json,ericasilvacosta25,2026-03-20 22:08:34,2026-03-20,22
log,2026-03-20 22:08:34,insertionsort.js,12,21,insertionsort.json,ericasilvacosta25,2026-03-20 22:08:34,2026-03-20,22
Array,2026-03-20 22:08:34,insertionsort.js,21,23,insertionsort.json,ericasilvacosta25,2026-03-20 22:08:34,2026-03-20,22
for,2026-03-25 19:42:04,insertionsort.js,3,3,insertionsort.json,ericasilvacosta25,2026-03-25 19:42:04,2026-03-25,19
length,2026-03-25 19:42:04,insertionsort.js,3,29,insertionsort.json,ericasilvacosta25,2026-03-25 19:42:04,2026-03-25,19
while,2026-03-25 19:42:04,insertionsort.js,8,4,insertionsort.json,ericasilvacosta25,2026-03-25 19:42:04,2026-03-25,19
function,2026-03-25 19:42:30,insertionsort.js,1,1,insertionsort.json,ericasilvacosta25,2026-03-25 19:42:30,2026-03-25,19
for,2026-03-25 19:42:31,insertionsort.js,2,5,insertionsort.json,ericasilvacosta25,2026-03-25 19:42:31,2026-03-25,19
let,2026-03-25 19:42:31,insertionsort.js,2,10,insertionsort.json,ericasilvacosta25,2026-03-25 19:42:31,2026-03-25,19
length,2026-03-25 19:42:31,insertionsort.js,2,29,insertionsort.json,ericasilvacosta25,2026-03-25 19:42:31,2026-03-25,19
let,2026-03-25 19:42:31,insertionsort.js,2,10,insertionsort.json,ericasilvacosta25,2026-03-25 19:42:31,2026-03-25,19
let,2026-03-25 19:42:31,insertionsort.js,2,10,insertionsort.json,ericasilvacosta25,2026-03-25 19:42:31,2026-03-25,19
while,2026-03-25 19:42:31,insertionsort.js,5,9,insertionsort.json,ericasilvacosta25,2026-03-25 19:42:31,2026-03-25,19
console,2026-03-25 19:42:31,insertionsort.js,8,13,insertionsort.json,ericasilvacosta25,2026-03-25 19:42:31,2026-03-25,19
log,2026-03-25 19:42:31,insertionsort.js,8,21,insertionsort.json,ericasilvacosta25,2026-03-25 19:42:31,2026-03-25,19
console,2026-03-25 19:42:31,insertionsort.js,8,13,insertionsort.json,ericasilvacosta25,2026-03-25 19:42:31,2026-03-25,19
log,2026-03-25 19:42:31,insertionsort.js,8,21,insertionsort.json,ericasilvacosta25,2026-03-25 19:42:31,2026-03-25,19
return,2026-03-25 19:42:31,insertionsort.js,13,5,insertionsort.json,ericasilvacosta25,2026-03-25 19:42:31,2026-03-25,19
const,2026-03-25 19:42:31,insertionsort.js,15,1,insertionsort.json,ericasilvacosta25,2026-03-25 19:42:31,2026-03-25,19
console,2026-03-25 19:42:31,insertionsort.js,8,13,insertionsort.json,ericasilvacosta25,2026-03-25 19:42:31,2026-03-25,19
log,2026-03-25 19:42:31,insertionsort.js,8,21,insertionsort.json,ericasilvacosta25,2026-03-25 19:42:31,2026-03-25,19
Array,2026-03-25 19:42:31,insertionsort.js,16,23,insertionsort.json,ericasilvacosta25,2026-03-25 19:42:31,2026-03-25,19
const,2026-03-25 19:42:31,insertionsort.js,15,1,insertionsort.json,ericasilvacosta25,2026-03-25 19:42:31,2026-03-25,19
console,2026-03-25 19:42:31,insertionsort.js,8,13,insertionsort.json,ericasilvacosta25,2026-03-25 19:42:31,2026-03-25,19
log,2026-03-25 19:42:31,insertionsort.js,8,21,insertionsort.json,ericasilvacosta25,2026-03-25 19:42:31,2026-03-25,19
Array,2026-03-25 19:42:31,insertionsort.js,16,23,insertionsort.json,ericasilvacosta25,2026-03-25 19:42:31,2026-03-25,19
function,2026-03-25 20:07:55,insertionsort.js,1,1,insertionsort.json,ericasilvacosta25,2026-03-25 20:07:55,2026-03-25,20
for,2026-03-25 20:07:55,insertionsort.js,2,5,insertionsort.json,ericasilvacosta25,2026-03-25 20:07:55,2026-03-25,20
let,2026-03-25 20:07:55,insertionsort.js,2,10,insertionsort.json,ericasilvacosta25,2026-03-25 20:07:55,2026-03-25,20
length,2026-03-25 20:07:55,insertionsort.js,2,31,insertionsort.json,ericasilvacosta25,2026-03-25 20:07:55,2026-03-25,20
let,2026-03-25 20:07:55,insertionsort.js,2,10,insertionsort.json,ericasilvacosta25,2026-03-25 20:07:55,2026-03-25,20
let,2026-03-25 20:07:55,insertionsort.js,2,10,insertionsort.json,ericasilvacosta25,2026-03-25 20:07:55,2026-03-25,20
while,2026-03-25 20:07:55,insertionsort.js,6,9,insertionsort.json,ericasilvacosta25,2026-03-25 20:07:55,2026-03-25,20
return,2026-03-25 20:07:55,insertionsort.js,14,5,insertionsort.json,ericasilvacosta25,2026-03-25 20:07:55,2026-03-25,20
let,2026-03-25 20:07:55,insertionsort.js,2,10,insertionsort.json,ericasilvacosta25,2026-03-25 20:07:55,2026-03-25,20
console,2026-03-25 20:07:55,insertionsort.js,19,1,insertionsort.json,ericasilvacosta25,2026-03-25 20:07:55,2026-03-25,20
log,2026-03-25 20:07:55,insertionsort.js,19,9,insertionsort.json,ericasilvacosta25,2026-03-25 20:07:55,2026-03-25,20
let,2026-03-25 20:09:55,insertionsort.js,1,1,insertionsort.json,ericasilvacosta25,2026-03-25 20:09:55,2026-03-25,20
let,2026-03-25 20:09:55,insertionsort.js,1,1,insertionsort.json,ericasilvacosta25,2026-03-25 20:09:55,2026-03-25,20
alert,2026-03-25 20:09:55,insertionsort.js,4,49,insertionsort.json,ericasilvacosta25,2026-03-25 20:09:55,2026-03-25,20
let,2026-03-25 20:09:55,insertionsort.js,1,1,insertionsort.json,ericasilvacosta25,2026-03-25 20:09:55,2026-03-25,20
let,2026-03-25 20:09:55,insertionsort.js,1,1,insertionsort.json,ericasilvacosta25,2026-03-25 20:09:55,2026-03-25,20
while,2026-03-25 20:09:55,insertionsort.js,7,1,insertionsort.json,ericasilvacosta25,2026-03-25 20:09:55,2026-03-25,20
undefined,2026-03-25 20:09:55,insertionsort.js,7,25,insertionsort.json,ericasilvacosta25,2026-03-25 20:09:55,2026-03-25,20
if,2026-03-25 20:09:55,insertionsort.js,8,5,insertionsort.json,ericasilvacosta25,2026-03-25 20:09:55,2026-03-25,20
alert,2026-03-25 20:09:55,insertionsort.js,4,49,insertionsort.json,ericasilvacosta25,2026-03-25 20:09:55,2026-03-25,20
function,2026-03-25 20:23:29,insertionsort.js,2,1,insertionsort.json,ericasilvacosta25,2026-03-25 20:23:29,2026-03-25,20
let,2026-03-25 20:23:29,insertionsort.js,3,5,insertionsort.json,ericasilvacosta25,2026-03-25 20:23:29,2026-03-25,20
while,2026-03-25 20:23:29,insertionsort.js,4,5,insertionsort.json,ericasilvacosta25,2026-03-25 20:23:29,2026-03-25,20
undefined,2026-03-25 20:23:29,insertionsort.js,4,25,insertionsort.json,ericasilvacosta25,2026-03-25 20:23:29,2026-03-25,20
for,2026-03-25 20:23:29,insertionsort.js,6,5,insertionsort.json,ericasilvacosta25,2026-03-25 20:23:29,2026-03-25,20
let,2026-03-25 20:23:29,insertionsort.js,3,5,insertionsort.json,ericasilvacosta25,2026-03-25 20:23:29,2026-03-25,20
let,2026-03-25 20:23:29,insertionsort.js,3,5,insertionsort.json,ericasilvacosta25,2026-03-25 20:23:29,2026-03-25,20
while,2026-03-25 20:23:29,insertionsort.js,4,5,insertionsort.json,ericasilvacosta25,2026-03-25 20:23:29,2026-03-25,20
return,2026-03-25 20:23:29,insertionsort.js,14,5,insertionsort.json,ericasilvacosta25,2026-03-25 20:23:29,2026-03-25,20
let,2026-03-25 20:23:29,insertionsort.js,3,5,insertionsort.json,ericasilvacosta25,2026-03-25 20:23:29,2026-03-25,20
let,2026-03-25 20:23:29,insertionsort.js,3,5,insertionsort.json,ericasilvacosta25,2026-03-25 20:23:29,2026-03-25,20
let,2026-03-25 20:23:29,insertionsort.js,3,5,insertionsort.json,ericasilvacosta25,2026-03-25 20:23:29,2026-03-25,20
while,2026-03-25 20:23:29,insertionsort.js,4,5,insertionsort.json,ericasilvacosta25,2026-03-25 20:23:29,2026-03-25,20
undefined,2026-03-25 20:23:29,insertionsort.js,4,25,insertionsort.json,ericasilvacosta25,2026-03-25 20:23:29,2026-03-25,20
alert,2026-03-25 20:23:29,insertionsort.js,25,1,insertionsort.json,ericasilvacosta25,2026-03-25 20:23:29,2026-03-25,20
undefined,2026-03-25 20:36:56,insertionsort.js,3,25,insertionsort.json,ericasilvacosta25,2026-03-25 20:36:56,2026-03-25,20
let,2026-03-25 20:45:16,insertionsort.js,1,1,insertionsort.json,ericasilvacosta25,2026-03-25 20:45:16,2026-03-25,20
let,2026-03-25 20:45:16,insertionsort.js,1,1,insertionsort.json,ericasilvacosta25,2026-03-25 20:45:16,2026-03-25,20
let,2026-03-25 20:46:34,insertionsort.js,16,1,insertionsort.json,ericasilvacosta25,2026-03-25 20:46:34,2026-03-25,20
let,2026-03-25 20:46:46,insertionsort.js,3,1,insertionsort.json,ericasilvacosta25,2026-03-25 20:46:46,2026-03-25,20
while,2026-03-05 21:56:06,time.js,4,2,time.json,ericasilvacosta25,2026-03-05 21:56:06,2026-03-05,21
do,2026-03-05 21:59:13,time.js,1,1,time.json,ericasilvacosta25,2026-03-05 21:59:13,2026-03-05,21
alert,2026-03-05 22:11:30,time.js,4,1,time.json,ericasilvacosta25,2026-03-05 22:11:30,2026-03-05,22
toUpperCase,2026-03-05 22:11:59,time.js,4,7,time.json,ericasilvacosta25,2026-03-05 22:11:59,2026-03-05,22
alert,2026-03-05 22:13:47,time.js,3,1,time.json,ericasilvacosta25,2026-03-05 22:13:47,2026-03-05,22
toUpperCase,2026-03-05 22:13:47,time.js,3,7,time.json,ericasilvacosta25,2026-03-05 22:13:47,2026-03-05,22
alert,2026-03-05 22:14:12,time.js,5,1,time.json,ericasilvacosta25,2026-03-05 22:14:12,2026-03-05,22
toUpperCase,2026-03-05 22:14:12,time.js,5,7,time.json,ericasilvacosta25,2026-03-05 22:14:12,2026-03-05,22
toUpperCase,2026-03-05 22:23:04,time.js,2,47,time.json,ericasilvacosta25,2026-03-05 22:23:04,2026-03-05,22
toUpperCase,2026-03-05 22:23:17,time.js,4,7,time.json,ericasilvacosta25,2026-03-05 22:23:17,2026-03-05,22
toUpperCase,2026-03-05 22:25:26,time.js,3,2,time.json,ericasilvacosta25,2026-03-05 22:25:26,2026-03-05,22
toUpperCase,2026-03-05 22:25:39,time.js,3,2,time.json,ericasilvacosta25,2026-03-05 22:25:39,2026-03-05,22
alert,2026-03-05 22:26:03,time.js,3,1,time.json,ericasilvacosta25,2026-03-05 22:26:03,2026-03-05,22
E,2026-03-05 22:26:53,time.js,5,18,time.json,ericasilvacosta25,2026-03-05 22:26:53,2026-03-05,22
while,2026-03-06 22:11:35,jogos1.js,2,1,jogos1.json,ericasilvacosta25,2026-03-06 22:11:35,2026-03-06,22
prompt,2026-03-06 22:17:08,jogos1.js,2,13,jogos1.json,ericasilvacosta25,2026-03-06 22:17:08,2026-03-06,22
alert,2026-03-06 22:21:01,jogos1.js,4,5,jogos1.json,ericasilvacosta25,2026-03-06 22:21:01,2026-03-06,22
E,2026-03-06 22:26:31,jogos1.js,2,9,jogos1.json,ericasilvacosta25,2026-03-06 22:26:31,2026-03-06,22
alert,2026-03-06 22:26:54,jogos1.js,7,1,jogos1.json,ericasilvacosta25,2026-03-06 22:26:54,2026-03-06,22
E,2026-03-06 22:27:15,jogos1.js,6,9,jogos1.json,ericasilvacosta25,2026-03-06 22:27:15,2026-03-06,22
E,2026-03-06 22:27:49,jogos1.js,8,19,jogos1.json,ericasilvacosta25,2026-03-06 22:27:49,2026-03-06,22
parseInt,2026-03-19 21:44:49,maiordetres.js,2,9,maiordetres.json,ericasilvacosta25,2026-03-19 21:44:49,2026-03-19,21
prompt,2026-03-19 21:44:58,maiordetres.js,2,18,maiordetres.json,ericasilvacosta25,2026-03-19 21:44:58,2026-03-19,21
for,2026-03-19 21:45:54,maiordetres.js,3,1,maiordetres.json,ericasilvacosta25,2026-03-19 21:45:54,2026-03-19,21
if,2026-03-19 21:51:32,maiordetres.js,3,1,maiordetres.json,ericasilvacosta25,2026-03-19 21:51:32,2026-03-19,21
alert,2026-03-19 21:55:12,maiordetres.js,4,5,maiordetres.json,ericasilvacosta25,2026-03-19 21:55:12,2026-03-19,21
else,2026-03-19 21:58:55,maiordetres.js,5,1,maiordetres.json,ericasilvacosta25,2026-03-19 21:58:55,2026-03-19,21
alert,2026-03-19 22:00:24,maiordetres.js,6,5,maiordetres.json,ericasilvacosta25,2026-03-19 22:00:24,2026-03-19,22
if,2026-03-19 22:00:45,maiordetres.js,7,6,maiordetres.json,ericasilvacosta25,2026-03-19 22:00:45,2026-03-19,22
alert,2026-03-19 22:01:23,maiordetres.js,8,5,maiordetres.json,ericasilvacosta25,2026-03-19 22:01:23,2026-03-19,22
else,2026-03-19 22:01:36,maiordetres.js,9,1,maiordetres.json,ericasilvacosta25,2026-03-19 22:01:36,2026-03-19,22
alert,2026-03-19 22:01:43,maiordetres.js,10,5,maiordetres.json,ericasilvacosta25,2026-03-19 22:01:43,2026-03-19,22
if,2026-03-20 20:05:18,troca.js,2,1,troca.json,ericasilvacosta25,2026-03-20 20:05:18,2026-03-20,20
alert,2026-03-20 20:08:04,troca.js,3,5,troca.json,ericasilvacosta25,2026-03-20 20:08:04,2026-03-20,20
else,2026-03-20 20:13:18,troca.js,4,1,troca.json,ericasilvacosta25,2026-03-20 20:13:18,2026-03-20,20
if,2026-03-20 20:27:20,troca.js,4,5,troca.json,ericasilvacosta25,2026-03-20 20:27:20,2026-03-20,20
let,2026-03-20 20:27:21,troca.js,3,1,troca.json,ericasilvacosta25,2026-03-20 20:27:21,2026-03-20,20
let,2026-03-20 20:27:22,troca.js,1,1,troca.json,ericasilvacosta25,2026-03-20 20:27:22,2026-03-20,20
alert,2026-03-20 20:34:25,troca.js,6,1,troca.json,ericasilvacosta25,2026-03-20 20:34:25,2026-03-20,20
let,2026-03-25 20:42:50,inser.js,1,1,inser.json,ericasilvacosta25,2026-03-25 20:42:50,2026-03-25,20
while,2026-03-25 20:42:50,inser.js,2,1,inser.json,ericasilvacosta25,2026-03-25 20:42:50,2026-03-25,20
undefined,2026-03-25 20:42:50,inser.js,2,21,inser.json,ericasilvacosta25,2026-03-25 20:42:50,2026-03-25,20
for,2026-03-25 20:43:01,inser.js,3,1,inser.json,ericasilvacosta25,2026-03-25 20:43:01,2026-03-25,20
let,2026-03-25 20:43:01,inser.js,3,6,inser.json,ericasilvacosta25,2026-03-25 20:43:01,2026-03-25,20
let,2026-03-25 20:43:01,inser.js,3,6,inser.json,ericasilvacosta25,2026-03-25 20:43:01,2026-03-25,20
while,2026-03-25 20:43:01,inser.js,5,5,inser.json,ericasilvacosta25,2026-03-25 20:43:01,2026-03-25,20
let,2026-03-25 20:43:19,inser.js,11,1,inser.json,ericasilvacosta25,2026-03-25 20:43:19,2026-03-25,20
while,2026-03-25 20:43:19,inser.js,12,1,inser.json,ericasilvacosta25,2026-03-25 20:43:19,2026-03-25,20
undefined,2026-03-25 20:43:19,inser.js,12,25,inser.json,ericasilvacosta25,2026-03-25 20:43:19,2026-03-25,20
alert,2026-03-25 20:43:39,inser.js,13,1,inser.json,ericasilvacosta25,2026-03-25 20:43:39,2026-03-25,20
alert,2026-03-25 20:43:55,inser.js,14,1,inser.json,ericasilvacosta25,2026-03-25 20:43:55,2026-03-25,20
join,2026-03-25 20:43:55,inser.js,14,38,inser.json,ericasilvacosta25,2026-03-25 20:43:55,2026-03-25,20
let,2026-03-12 20:23:06,vetor_jogos.js,2,4,vetor_jogos.json,ericasilvacosta25,2026-03-12 20:23:06,2026-03-12,20
let,2026-03-12 20:24:46,vetor_jogos.js,3,8,vetor_jogos.json,ericasilvacosta25,2026-03-12 20:24:46,2026-03-12,20
for,2026-03-12 20:25:05,vetor_jogos.js,6,1,vetor_jogos.json,ericasilvacosta25,2026-03-12 20:25:05,2026-03-12,20
let,2026-03-12 20:25:05,vetor_jogos.js,6,5,vetor_jogos.json,ericasilvacosta25,2026-03-12 20:25:05,2026-03-12,20
E,2026-03-12 20:26:13,vetor_jogos.js,2,17,vetor_jogos.json,ericasilvacosta25,2026-03-12 20:26:13,2026-03-12,20
for,2026-03-12 20:42:53,vetor_jogos.js,8,1,vetor_jogos.json,ericasilvacosta25,2026-03-12 20:42:53,2026-03-12,20
