This is pdfTeX, Version 3.141592653-2.6-1.40.22 (TeX Live 2022/dev/Debian) (preloaded format=pdflatex 2024.4.29)  12 DEC 2025 02:08
entering extended mode
 \write18 enabled.
 %&-line parsing enabled.
**main.tex
(./main.tex
LaTeX2e <2021-11-15> patch level 1
L3 programming layer <2022-01-21> (./if-beamer.cls
Document Class: if-beamer 10/09/2018, v1.0.1
(/usr/share/texlive/texmf-dist/tex/latex/beamer/beamer.cls
Document Class: beamer 2022/01/21 v3.65 A class for typesetting presentations
(/usr/share/texlive/texmf-dist/tex/latex/beamer/beamerbasemodes.sty
(/usr/share/texlive/texmf-dist/tex/latex/etoolbox/etoolbox.sty
Package: etoolbox 2020/10/05 v2.5k e-TeX tools for LaTeX (JAW)
\etb@tempcnta=\count185
)
\beamer@tempbox=\box50
\beamer@tempcount=\count186
\c@beamerpauses=\count187

(/usr/share/texlive/texmf-dist/tex/latex/beamer/beamerbasedecode.sty
\beamer@slideinframe=\count188
\beamer@minimum=\count189
\beamer@decode@box=\box51
)
\beamer@commentbox=\box52
\beamer@modecount=\count190
)
(/usr/share/texlive/texmf-dist/tex/generic/iftex/ifpdf.sty
Package: ifpdf 2019/10/25 v3.4 ifpdf legacy package. Use iftex instead.

(/usr/share/texlive/texmf-dist/tex/generic/iftex/iftex.sty
Package: iftex 2020/03/06 v1.0d TeX engine tests
))
\headdp=\dimen138
\footheight=\dimen139
\sidebarheight=\dimen140
\beamer@tempdim=\dimen141
\beamer@finalheight=\dimen142
\beamer@animht=\dimen143
\beamer@animdp=\dimen144
\beamer@animwd=\dimen145
\beamer@leftmargin=\dimen146
\beamer@rightmargin=\dimen147
\beamer@leftsidebar=\dimen148
\beamer@rightsidebar=\dimen149
\beamer@boxsize=\dimen150
\beamer@vboxoffset=\dimen151
\beamer@descdefault=\dimen152
\beamer@descriptionwidth=\dimen153
\beamer@lastskip=\skip47
\beamer@areabox=\box53
\beamer@animcurrent=\box54
\beamer@animshowbox=\box55
\beamer@sectionbox=\box56
\beamer@logobox=\box57
\beamer@linebox=\box58
\beamer@sectioncount=\count191
\beamer@subsubsectionmax=\count192
\beamer@subsectionmax=\count193
\beamer@sectionmax=\count194
\beamer@totalheads=\count195
\beamer@headcounter=\count196
\beamer@partstartpage=\count197
\beamer@sectionstartpage=\count198
\beamer@subsectionstartpage=\count199
\beamer@animationtempa=\count266
\beamer@animationtempb=\count267
\beamer@xpos=\count268
\beamer@ypos=\count269
\beamer@ypos@offset=\count270
\beamer@showpartnumber=\count271
\beamer@currentsubsection=\count272
\beamer@coveringdepth=\count273
\beamer@sectionadjust=\count274
\beamer@toclastsection=\count275
\beamer@tocsectionnumber=\count276

(/usr/share/texlive/texmf-dist/tex/latex/beamer/beamerbaseoptions.sty
(/usr/share/texlive/texmf-dist/tex/latex/graphics/keyval.sty
Package: keyval 2014/10/28 v1.15 key=value parser (DPC)
\KV@toks@=\toks16
))
\beamer@paperwidth=\skip48
\beamer@paperheight=\skip49

(/usr/share/texlive/texmf-dist/tex/latex/geometry/geometry.sty
Package: geometry 2020/01/02 v5.9 Page Geometry

(/usr/share/texlive/texmf-dist/tex/generic/iftex/ifvtex.sty
Package: ifvtex 2019/10/25 v1.7 ifvtex legacy package. Use iftex instead.
)
\Gm@cnth=\count277
\Gm@cntv=\count278
\c@Gm@tempcnt=\count279
\Gm@bindingoffset=\dimen154
\Gm@wd@mp=\dimen155
\Gm@odd@mp=\dimen156
\Gm@even@mp=\dimen157
\Gm@layoutwidth=\dimen158
\Gm@layoutheight=\dimen159
\Gm@layouthoffset=\dimen160
\Gm@layoutvoffset=\dimen161
\Gm@dimlist=\toks17
)
(/usr/share/texlive/texmf-dist/tex/latex/pgf/basiclayer/pgfcore.sty
(/usr/share/texlive/texmf-dist/tex/latex/graphics/graphicx.sty
Package: graphicx 2021/09/16 v1.2d Enhanced LaTeX Graphics (DPC,SPQR)

(/usr/share/texlive/texmf-dist/tex/latex/graphics/graphics.sty
Package: graphics 2021/03/04 v1.4d Standard LaTeX Graphics (DPC,SPQR)

(/usr/share/texlive/texmf-dist/tex/latex/graphics/trig.sty
Package: trig 2021/08/11 v1.11 sin cos tan (DPC)
)
(/usr/share/texlive/texmf-dist/tex/latex/graphics-cfg/graphics.cfg
File: graphics.cfg 2016/06/04 v1.11 sample graphics configuration
)
Package graphics Info: Driver file: pdftex.def on input line 107.

(/usr/share/texlive/texmf-dist/tex/latex/graphics-def/pdftex.def
File: pdftex.def 2020/10/05 v1.2a Graphics/color driver for pdftex
))
\Gin@req@height=\dimen162
\Gin@req@width=\dimen163
)
(/usr/share/texlive/texmf-dist/tex/latex/pgf/systemlayer/pgfsys.sty
(/usr/share/texlive/texmf-dist/tex/latex/pgf/utilities/pgfrcs.sty
(/usr/share/texlive/texmf-dist/tex/generic/pgf/utilities/pgfutil-common.tex
\pgfutil@everybye=\toks18
\pgfutil@tempdima=\dimen164
\pgfutil@tempdimb=\dimen165

(/usr/share/texlive/texmf-dist/tex/generic/pgf/utilities/pgfutil-common-lists.t
ex)) (/usr/share/texlive/texmf-dist/tex/generic/pgf/utilities/pgfutil-latex.def
\pgfutil@abb=\box59
) (/usr/share/texlive/texmf-dist/tex/generic/pgf/utilities/pgfrcs.code.tex
(/usr/share/texlive/texmf-dist/tex/generic/pgf/pgf.revision.tex)
Package: pgfrcs 2021/05/15 v3.1.9a (3.1.9a)
))
(/usr/share/texlive/texmf-dist/tex/generic/pgf/systemlayer/pgfsys.code.tex
Package: pgfsys 2021/05/15 v3.1.9a (3.1.9a)

(/usr/share/texlive/texmf-dist/tex/generic/pgf/utilities/pgfkeys.code.tex
\pgfkeys@pathtoks=\toks19
\pgfkeys@temptoks=\toks20

(/usr/share/texlive/texmf-dist/tex/generic/pgf/utilities/pgfkeysfiltered.code.t
ex
\pgfkeys@tmptoks=\toks21
))
\pgf@x=\dimen166
\pgf@y=\dimen167
\pgf@xa=\dimen168
\pgf@ya=\dimen169
\pgf@xb=\dimen170
\pgf@yb=\dimen171
\pgf@xc=\dimen172
\pgf@yc=\dimen173
\pgf@xd=\dimen174
\pgf@yd=\dimen175
\w@pgf@writea=\write3
\r@pgf@reada=\read2
\c@pgf@counta=\count280
\c@pgf@countb=\count281
\c@pgf@countc=\count282
\c@pgf@countd=\count283
\t@pgf@toka=\toks22
\t@pgf@tokb=\toks23
\t@pgf@tokc=\toks24
\pgf@sys@id@count=\count284
 (/usr/share/texlive/texmf-dist/tex/generic/pgf/systemlayer/pgf.cfg
File: pgf.cfg 2021/05/15 v3.1.9a (3.1.9a)
)
Driver file for pgf: pgfsys-pdftex.def

(/usr/share/texlive/texmf-dist/tex/generic/pgf/systemlayer/pgfsys-pdftex.def
File: pgfsys-pdftex.def 2021/05/15 v3.1.9a (3.1.9a)

(/usr/share/texlive/texmf-dist/tex/generic/pgf/systemlayer/pgfsys-common-pdf.de
f
File: pgfsys-common-pdf.def 2021/05/15 v3.1.9a (3.1.9a)
)))
(/usr/share/texlive/texmf-dist/tex/generic/pgf/systemlayer/pgfsyssoftpath.code.
tex
File: pgfsyssoftpath.code.tex 2021/05/15 v3.1.9a (3.1.9a)
\pgfsyssoftpath@smallbuffer@items=\count285
\pgfsyssoftpath@bigbuffer@items=\count286
)
(/usr/share/texlive/texmf-dist/tex/generic/pgf/systemlayer/pgfsysprotocol.code.
tex
File: pgfsysprotocol.code.tex 2021/05/15 v3.1.9a (3.1.9a)
)) (/usr/share/texlive/texmf-dist/tex/latex/xcolor/xcolor.sty
Package: xcolor 2021/10/31 v2.13 LaTeX color extensions (UK)

(/usr/share/texlive/texmf-dist/tex/latex/graphics-cfg/color.cfg
File: color.cfg 2016/01/02 v1.6 sample color configuration
)
Package xcolor Info: Driver file: pdftex.def on input line 227.
Package xcolor Info: Model `cmy' substituted by `cmy0' on input line 1352.
Package xcolor Info: Model `hsb' substituted by `rgb' on input line 1356.
Package xcolor Info: Model `RGB' extended on input line 1368.
Package xcolor Info: Model `HTML' substituted by `rgb' on input line 1370.
Package xcolor Info: Model `Hsb' substituted by `hsb' on input line 1371.
Package xcolor Info: Model `tHsb' substituted by `hsb' on input line 1372.
Package xcolor Info: Model `HSB' substituted by `hsb' on input line 1373.
Package xcolor Info: Model `Gray' substituted by `gray' on input line 1374.
Package xcolor Info: Model `wave' substituted by `hsb' on input line 1375.

(/usr/share/texlive/texmf-dist/tex/latex/xcolor/svgnam.def
File: svgnam.def 2021/10/31 v2.13 Predefined colors according to SVG 1.1 (UK)
))
(/usr/share/texlive/texmf-dist/tex/generic/pgf/basiclayer/pgfcore.code.tex
Package: pgfcore 2021/05/15 v3.1.9a (3.1.9a)

(/usr/share/texlive/texmf-dist/tex/generic/pgf/math/pgfmath.code.tex
(/usr/share/texlive/texmf-dist/tex/generic/pgf/math/pgfmathcalc.code.tex
(/usr/share/texlive/texmf-dist/tex/generic/pgf/math/pgfmathutil.code.tex)
(/usr/share/texlive/texmf-dist/tex/generic/pgf/math/pgfmathparser.code.tex
\pgfmath@dimen=\dimen176
\pgfmath@count=\count287
\pgfmath@box=\box60
\pgfmath@toks=\toks25
\pgfmath@stack@operand=\toks26
\pgfmath@stack@operation=\toks27
)
(/usr/share/texlive/texmf-dist/tex/generic/pgf/math/pgfmathfunctions.code.tex
(/usr/share/texlive/texmf-dist/tex/generic/pgf/math/pgfmathfunctions.basic.code
.tex)
(/usr/share/texlive/texmf-dist/tex/generic/pgf/math/pgfmathfunctions.trigonomet
ric.code.tex)
(/usr/share/texlive/texmf-dist/tex/generic/pgf/math/pgfmathfunctions.random.cod
e.tex)
(/usr/share/texlive/texmf-dist/tex/generic/pgf/math/pgfmathfunctions.comparison
.code.tex)
(/usr/share/texlive/texmf-dist/tex/generic/pgf/math/pgfmathfunctions.base.code.
tex)
(/usr/share/texlive/texmf-dist/tex/generic/pgf/math/pgfmathfunctions.round.code
.tex)
(/usr/share/texlive/texmf-dist/tex/generic/pgf/math/pgfmathfunctions.misc.code.
tex)
(/usr/share/texlive/texmf-dist/tex/generic/pgf/math/pgfmathfunctions.integerari
thmetics.code.tex)))
(/usr/share/texlive/texmf-dist/tex/generic/pgf/math/pgfmathfloat.code.tex
\c@pgfmathroundto@lastzeros=\count288
))
(/usr/share/texlive/texmf-dist/tex/generic/pgf/math/pgfint.code.tex)
(/usr/share/texlive/texmf-dist/tex/generic/pgf/basiclayer/pgfcorepoints.code.te
x
File: pgfcorepoints.code.tex 2021/05/15 v3.1.9a (3.1.9a)
\pgf@picminx=\dimen177
\pgf@picmaxx=\dimen178
\pgf@picminy=\dimen179
\pgf@picmaxy=\dimen180
\pgf@pathminx=\dimen181
\pgf@pathmaxx=\dimen182
\pgf@pathminy=\dimen183
\pgf@pathmaxy=\dimen184
\pgf@xx=\dimen185
\pgf@xy=\dimen186
\pgf@yx=\dimen187
\pgf@yy=\dimen188
\pgf@zx=\dimen189
\pgf@zy=\dimen190
)
(/usr/share/texlive/texmf-dist/tex/generic/pgf/basiclayer/pgfcorepathconstruct.
code.tex
File: pgfcorepathconstruct.code.tex 2021/05/15 v3.1.9a (3.1.9a)
\pgf@path@lastx=\dimen191
\pgf@path@lasty=\dimen192
)
(/usr/share/texlive/texmf-dist/tex/generic/pgf/basiclayer/pgfcorepathusage.code
.tex
File: pgfcorepathusage.code.tex 2021/05/15 v3.1.9a (3.1.9a)
\pgf@shorten@end@additional=\dimen193
\pgf@shorten@start@additional=\dimen194
)
(/usr/share/texlive/texmf-dist/tex/generic/pgf/basiclayer/pgfcorescopes.code.te
x
File: pgfcorescopes.code.tex 2021/05/15 v3.1.9a (3.1.9a)
\pgfpic=\box61
\pgf@hbox=\box62
\pgf@layerbox@main=\box63
\pgf@picture@serial@count=\count289
)
(/usr/share/texlive/texmf-dist/tex/generic/pgf/basiclayer/pgfcoregraphicstate.c
ode.tex
File: pgfcoregraphicstate.code.tex 2021/05/15 v3.1.9a (3.1.9a)
\pgflinewidth=\dimen195
)
(/usr/share/texlive/texmf-dist/tex/generic/pgf/basiclayer/pgfcoretransformation
s.code.tex
File: pgfcoretransformations.code.tex 2021/05/15 v3.1.9a (3.1.9a)
\pgf@pt@x=\dimen196
\pgf@pt@y=\dimen197
\pgf@pt@temp=\dimen198
)
(/usr/share/texlive/texmf-dist/tex/generic/pgf/basiclayer/pgfcorequick.code.tex
File: pgfcorequick.code.tex 2021/05/15 v3.1.9a (3.1.9a)
)
(/usr/share/texlive/texmf-dist/tex/generic/pgf/basiclayer/pgfcoreobjects.code.t
ex
File: pgfcoreobjects.code.tex 2021/05/15 v3.1.9a (3.1.9a)
)
(/usr/share/texlive/texmf-dist/tex/generic/pgf/basiclayer/pgfcorepathprocessing
.code.tex
File: pgfcorepathprocessing.code.tex 2021/05/15 v3.1.9a (3.1.9a)
)
(/usr/share/texlive/texmf-dist/tex/generic/pgf/basiclayer/pgfcorearrows.code.te
x
File: pgfcorearrows.code.tex 2021/05/15 v3.1.9a (3.1.9a)
\pgfarrowsep=\dimen199
)
(/usr/share/texlive/texmf-dist/tex/generic/pgf/basiclayer/pgfcoreshade.code.tex
File: pgfcoreshade.code.tex 2021/05/15 v3.1.9a (3.1.9a)
\pgf@max=\dimen256
\pgf@sys@shading@range@num=\count290
\pgf@shadingcount=\count291
)
(/usr/share/texlive/texmf-dist/tex/generic/pgf/basiclayer/pgfcoreimage.code.tex
File: pgfcoreimage.code.tex 2021/05/15 v3.1.9a (3.1.9a)

(/usr/share/texlive/texmf-dist/tex/generic/pgf/basiclayer/pgfcoreexternal.code.
tex
File: pgfcoreexternal.code.tex 2021/05/15 v3.1.9a (3.1.9a)
\pgfexternal@startupbox=\box64
))
(/usr/share/texlive/texmf-dist/tex/generic/pgf/basiclayer/pgfcorelayers.code.te
x
File: pgfcorelayers.code.tex 2021/05/15 v3.1.9a (3.1.9a)
)
(/usr/share/texlive/texmf-dist/tex/generic/pgf/basiclayer/pgfcoretransparency.c
ode.tex
File: pgfcoretransparency.code.tex 2021/05/15 v3.1.9a (3.1.9a)
)
(/usr/share/texlive/texmf-dist/tex/generic/pgf/basiclayer/pgfcorepatterns.code.
tex
File: pgfcorepatterns.code.tex 2021/05/15 v3.1.9a (3.1.9a)
)
(/usr/share/texlive/texmf-dist/tex/generic/pgf/basiclayer/pgfcorerdf.code.tex
File: pgfcorerdf.code.tex 2021/05/15 v3.1.9a (3.1.9a)
))) (/usr/share/texlive/texmf-dist/tex/latex/extsizes/size8.clo
File: size8.clo 1999/11/11 v1.4a NON-Standard LaTeX file (size option)
)
(/usr/share/texlive/texmf-dist/tex/latex/pgf/utilities/xxcolor.sty
Package: xxcolor 2003/10/24 ver 0.1
\XC@nummixins=\count292
\XC@countmixins=\count293
)
(/usr/share/texlive/texmf-dist/tex/latex/base/atbegshi-ltx.sty
Package: atbegshi-ltx 2021/01/10 v1.0c Emulation of the original atbegshi
package with kernel methods
)
(/usr/share/texlive/texmf-dist/tex/latex/hyperref/hyperref.sty
Package: hyperref 2021-06-07 v7.00m Hypertext links for LaTeX

(/usr/share/texlive/texmf-dist/tex/generic/ltxcmds/ltxcmds.sty
Package: ltxcmds 2020-05-10 v1.25 LaTeX kernel commands for general use (HO)
)
(/usr/share/texlive/texmf-dist/tex/generic/pdftexcmds/pdftexcmds.sty
Package: pdftexcmds 2020-06-27 v0.33 Utility functions of pdfTeX for LuaTeX (HO
)

(/usr/share/texlive/texmf-dist/tex/generic/infwarerr/infwarerr.sty
Package: infwarerr 2019/12/03 v1.5 Providing info/warning/error messages (HO)
)
Package pdftexcmds Info: \pdf@primitive is available.
Package pdftexcmds Info: \pdf@ifprimitive is available.
Package pdftexcmds Info: \pdfdraftmode found.
)
(/usr/share/texlive/texmf-dist/tex/generic/kvsetkeys/kvsetkeys.sty
Package: kvsetkeys 2019/12/15 v1.18 Key value parser (HO)
)
(/usr/share/texlive/texmf-dist/tex/generic/kvdefinekeys/kvdefinekeys.sty
Package: kvdefinekeys 2019-12-19 v1.6 Define keys (HO)
)
(/usr/share/texlive/texmf-dist/tex/generic/pdfescape/pdfescape.sty
Package: pdfescape 2019/12/09 v1.15 Implements pdfTeX's escape features (HO)
)
(/usr/share/texlive/texmf-dist/tex/latex/hycolor/hycolor.sty
Package: hycolor 2020-01-27 v1.10 Color options for hyperref/bookmark (HO)
)
(/usr/share/texlive/texmf-dist/tex/latex/letltxmacro/letltxmacro.sty
Package: letltxmacro 2019/12/03 v1.6 Let assignment for LaTeX macros (HO)
)
(/usr/share/texlive/texmf-dist/tex/latex/auxhook/auxhook.sty
Package: auxhook 2019-12-17 v1.6 Hooks for auxiliary files (HO)
)
(/usr/share/texlive/texmf-dist/tex/latex/kvoptions/kvoptions.sty
Package: kvoptions 2020-10-07 v3.14 Key value format for package options (HO)
)
\@linkdim=\dimen257
\Hy@linkcounter=\count294
\Hy@pagecounter=\count295

(/usr/share/texlive/texmf-dist/tex/latex/hyperref/pd1enc.def
File: pd1enc.def 2021-06-07 v7.00m Hyperref: PDFDocEncoding definition (HO)
Now handling font encoding PD1 ...
... no UTF-8 mapping file for font encoding PD1
)
(/usr/share/texlive/texmf-dist/tex/latex/hyperref/hyperref-langpatches.def
File: hyperref-langpatches.def 2021-06-07 v7.00m Hyperref: patches for babel la
nguages
)
(/usr/share/texlive/texmf-dist/tex/generic/intcalc/intcalc.sty
Package: intcalc 2019/12/15 v1.3 Expandable calculations with integers (HO)
)
(/usr/share/texlive/texmf-dist/tex/generic/etexcmds/etexcmds.sty
Package: etexcmds 2019/12/15 v1.7 Avoid name clashes with e-TeX commands (HO)
)
\Hy@SavedSpaceFactor=\count296

(/usr/share/texlive/texmf-dist/tex/latex/hyperref/puenc.def
File: puenc.def 2021-06-07 v7.00m Hyperref: PDF Unicode definition (HO)
Now handling font encoding PU ...
... no UTF-8 mapping file for font encoding PU
)
Package hyperref Info: Option `bookmarks' set `true' on input line 4073.
Package hyperref Info: Option `bookmarksopen' set `true' on input line 4073.
Package hyperref Info: Option `implicit' set `false' on input line 4073.
Package hyperref Info: Hyper figures OFF on input line 4192.
Package hyperref Info: Link nesting OFF on input line 4197.
Package hyperref Info: Hyper index ON on input line 4200.
Package hyperref Info: Plain pages OFF on input line 4207.
Package hyperref Info: Backreferencing OFF on input line 4212.
Package hyperref Info: Implicit mode OFF; no redefinition of LaTeX internals.
Package hyperref Info: Bookmarks ON on input line 4445.
\c@Hy@tempcnt=\count297

(/usr/share/texlive/texmf-dist/tex/latex/url/url.sty
\Urlmuskip=\muskip16
Package: url 2013/09/16  ver 3.4  Verb mode for urls, etc.
)
LaTeX Info: Redefining \url on input line 4804.
\XeTeXLinkMargin=\dimen258

(/usr/share/texlive/texmf-dist/tex/generic/bitset/bitset.sty
Package: bitset 2019/12/09 v1.3 Handle bit-vector datatype (HO)

(/usr/share/texlive/texmf-dist/tex/generic/bigintcalc/bigintcalc.sty
Package: bigintcalc 2019/12/15 v1.5 Expandable calculations on big integers (HO
)
))
\Fld@menulength=\count298
\Field@Width=\dimen259
\Fld@charsize=\dimen260
Package hyperref Info: Hyper figures OFF on input line 6076.
Package hyperref Info: Link nesting OFF on input line 6081.
Package hyperref Info: Hyper index ON on input line 6084.
Package hyperref Info: backreferencing OFF on input line 6091.
Package hyperref Info: Link coloring OFF on input line 6096.
Package hyperref Info: Link coloring with OCG OFF on input line 6101.
Package hyperref Info: PDF/A mode OFF on input line 6106.
LaTeX Info: Redefining \ref on input line 6146.
LaTeX Info: Redefining \pageref on input line 6150.
\Hy@abspage=\count299


Package hyperref Message: Stopped early.

)
Package hyperref Info: Driver (autodetected): hpdftex.
 (/usr/share/texlive/texmf-dist/tex/latex/hyperref/hpdftex.def
File: hpdftex.def 2021-06-07 v7.00m Hyperref driver for pdfTeX

(/usr/share/texlive/texmf-dist/tex/latex/base/atveryend-ltx.sty
Package: atveryend-ltx 2020/08/19 v1.0a Emulation of the original atveryend pac
kage
with kernel methods
)
\Fld@listcount=\count300
\c@bookmark@seq@number=\count301

(/usr/share/texlive/texmf-dist/tex/latex/rerunfilecheck/rerunfilecheck.sty
Package: rerunfilecheck 2019/12/05 v1.9 Rerun checks for auxiliary files (HO)

(/usr/share/texlive/texmf-dist/tex/generic/uniquecounter/uniquecounter.sty
Package: uniquecounter 2019/12/15 v1.4 Provide unlimited unique counter (HO)
)
Package uniquecounter Info: New unique counter `rerunfilecheck' on input line 2
86.
))
(/usr/share/texlive/texmf-dist/tex/latex/beamer/beamerbaserequires.sty
(/usr/share/texlive/texmf-dist/tex/latex/beamer/beamerbasecompatibility.sty)
(/usr/share/texlive/texmf-dist/tex/latex/beamer/beamerbasefont.sty
(/usr/share/texlive/texmf-dist/tex/latex/amsfonts/amssymb.sty
Package: amssymb 2013/01/14 v3.01 AMS font symbols

(/usr/share/texlive/texmf-dist/tex/latex/amsfonts/amsfonts.sty
Package: amsfonts 2013/01/14 v3.01 Basic AMSFonts support
\@emptytoks=\toks28
\symAMSa=\mathgroup4
\symAMSb=\mathgroup5
LaTeX Font Info:    Redeclaring math symbol \hbar on input line 98.
LaTeX Font Info:    Overwriting math alphabet `\mathfrak' in version `bold'
(Font)                  U/euf/m/n --> U/euf/b/n on input line 106.
))
(/usr/share/texlive/texmf-dist/tex/latex/sansmathaccent/sansmathaccent.sty
Package: sansmathaccent 2020/01/31

(/usr/share/texlive/texmf-dist/tex/latex/koma-script/scrlfile.sty
Package: scrlfile 2021/11/13 v3.35 KOMA-Script package (file load hooks)

(/usr/share/texlive/texmf-dist/tex/latex/koma-script/scrlfile-hook.sty
Package: scrlfile-hook 2021/11/13 v3.35 KOMA-Script package (using LaTeX hooks)


(/usr/share/texlive/texmf-dist/tex/latex/koma-script/scrlogo.sty
Package: scrlogo 2021/11/13 v3.35 KOMA-Script package (logo)
)))))
(/usr/share/texlive/texmf-dist/tex/latex/beamer/beamerbasetranslator.sty
(/usr/share/texlive/texmf-dist/tex/latex/translator/translator.sty
Package: translator 2021-05-31 v1.12d Easy translation of strings in LaTeX
))
(/usr/share/texlive/texmf-dist/tex/latex/beamer/beamerbasemisc.sty)
(/usr/share/texlive/texmf-dist/tex/latex/beamer/beamerbasetwoscreens.sty)
(/usr/share/texlive/texmf-dist/tex/latex/beamer/beamerbaseoverlay.sty
\beamer@argscount=\count302
\beamer@lastskipcover=\skip50
\beamer@trivlistdepth=\count303
)
(/usr/share/texlive/texmf-dist/tex/latex/beamer/beamerbasetitle.sty)
(/usr/share/texlive/texmf-dist/tex/latex/beamer/beamerbasesection.sty
\c@lecture=\count304
\c@part=\count305
\c@section=\count306
\c@subsection=\count307
\c@subsubsection=\count308
)
(/usr/share/texlive/texmf-dist/tex/latex/beamer/beamerbaseframe.sty
\beamer@framebox=\box65
\beamer@frametitlebox=\box66
\beamer@zoombox=\box67
\beamer@zoomcount=\count309
\beamer@zoomframecount=\count310
\beamer@frametextheight=\dimen261
\c@subsectionslide=\count311
\beamer@frametopskip=\skip51
\beamer@framebottomskip=\skip52
\beamer@frametopskipautobreak=\skip53
\beamer@framebottomskipautobreak=\skip54
\beamer@envbody=\toks29
\framewidth=\dimen262
\c@framenumber=\count312
)
(/usr/share/texlive/texmf-dist/tex/latex/beamer/beamerbaseverbatim.sty
\beamer@verbatimfileout=\write4
)
(/usr/share/texlive/texmf-dist/tex/latex/beamer/beamerbaseframesize.sty
\beamer@splitbox=\box68
\beamer@autobreakcount=\count313
\beamer@autobreaklastheight=\dimen263
\beamer@frametitletoks=\toks30
\beamer@framesubtitletoks=\toks31
)
(/usr/share/texlive/texmf-dist/tex/latex/beamer/beamerbaseframecomponents.sty
\beamer@footins=\box69
)
(/usr/share/texlive/texmf-dist/tex/latex/beamer/beamerbasecolor.sty)
(/usr/share/texlive/texmf-dist/tex/latex/beamer/beamerbasenotes.sty
\beamer@frameboxcopy=\box70
)
(/usr/share/texlive/texmf-dist/tex/latex/beamer/beamerbasetoc.sty)
(/usr/share/texlive/texmf-dist/tex/latex/beamer/beamerbasetemplates.sty
\beamer@sbttoks=\toks32

(/usr/share/texlive/texmf-dist/tex/latex/beamer/beamerbaseauxtemplates.sty
(/usr/share/texlive/texmf-dist/tex/latex/beamer/beamerbaseboxes.sty
\bmb@box=\box71
\bmb@colorbox=\box72
\bmb@boxwidth=\dimen264
\bmb@boxheight=\dimen265
\bmb@prevheight=\dimen266
\bmb@temp=\dimen267
\bmb@dima=\dimen268
\bmb@dimb=\dimen269
\bmb@prevheight=\dimen270
)
\beamer@blockheadheight=\dimen271
))
(/usr/share/texlive/texmf-dist/tex/latex/beamer/beamerbaselocalstructure.sty
(/usr/share/texlive/texmf-dist/tex/latex/tools/enumerate.sty
Package: enumerate 2015/07/23 v3.00 enumerate extensions (DPC)
\@enLab=\toks33
)
\beamer@bibiconwidth=\skip55
\c@figure=\count314
\c@table=\count315
\abovecaptionskip=\skip56
\belowcaptionskip=\skip57
)
(/usr/share/texlive/texmf-dist/tex/latex/beamer/beamerbasenavigation.sty
\beamer@section@min@dim=\dimen272
)
(/usr/share/texlive/texmf-dist/tex/latex/beamer/beamerbasetheorems.sty
(/usr/share/texlive/texmf-dist/tex/latex/amsmath/amsmath.sty
Package: amsmath 2021/10/15 v2.17l AMS math features
\@mathmargin=\skip58

For additional information on amsmath, use the `?' option.
(/usr/share/texlive/texmf-dist/tex/latex/amsmath/amstext.sty
Package: amstext 2021/08/26 v2.01 AMS text

(/usr/share/texlive/texmf-dist/tex/latex/amsmath/amsgen.sty
File: amsgen.sty 1999/11/30 v2.0 generic functions
\@emptytoks=\toks34
\ex@=\dimen273
))
(/usr/share/texlive/texmf-dist/tex/latex/amsmath/amsbsy.sty
Package: amsbsy 1999/11/29 v1.2d Bold Symbols
\pmbraise@=\dimen274
)
(/usr/share/texlive/texmf-dist/tex/latex/amsmath/amsopn.sty
Package: amsopn 2021/08/26 v2.02 operator names
)
\inf@bad=\count316
LaTeX Info: Redefining \frac on input line 234.
\uproot@=\count317
\leftroot@=\count318
LaTeX Info: Redefining \overline on input line 399.
\classnum@=\count319
\DOTSCASE@=\count320
LaTeX Info: Redefining \ldots on input line 496.
LaTeX Info: Redefining \dots on input line 499.
LaTeX Info: Redefining \cdots on input line 620.
\Mathstrutbox@=\box73
\strutbox@=\box74
\big@size=\dimen275
LaTeX Font Info:    Redeclaring font encoding OML on input line 743.
LaTeX Font Info:    Redeclaring font encoding OMS on input line 744.
\macc@depth=\count321
\c@MaxMatrixCols=\count322
\dotsspace@=\muskip17
\c@parentequation=\count323
\dspbrk@lvl=\count324
\tag@help=\toks35
\row@=\count325
\column@=\count326
\maxfields@=\count327
\andhelp@=\toks36
\eqnshift@=\dimen276
\alignsep@=\dimen277
\tagshift@=\dimen278
\tagwidth@=\dimen279
\totwidth@=\dimen280
\lineht@=\dimen281
\@envbody=\toks37
\multlinegap=\skip59
\multlinetaggap=\skip60
\mathdisplay@stack=\toks38
LaTeX Info: Redefining \[ on input line 2938.
LaTeX Info: Redefining \] on input line 2939.
)
(/usr/share/texlive/texmf-dist/tex/latex/amscls/amsthm.sty
Package: amsthm 2020/05/29 v2.20.6
\thm@style=\toks39
\thm@bodyfont=\toks40
\thm@headfont=\toks41
\thm@notefont=\toks42
\thm@headpunct=\toks43
\thm@preskip=\skip61
\thm@postskip=\skip62
\thm@headsep=\skip63
\dth@everypar=\toks44
)
\c@theorem=\count328
)
(/usr/share/texlive/texmf-dist/tex/latex/beamer/beamerbasethemes.sty))
(/usr/share/texlive/texmf-dist/tex/latex/beamer/beamerthemedefault.sty
(/usr/share/texlive/texmf-dist/tex/latex/beamer/beamerfontthemedefault.sty)
(/usr/share/texlive/texmf-dist/tex/latex/beamer/beamercolorthemedefault.sty)
(/usr/share/texlive/texmf-dist/tex/latex/beamer/beamerinnerthemedefault.sty
\beamer@dima=\dimen282
\beamer@dimb=\dimen283
)
(/usr/share/texlive/texmf-dist/tex/latex/beamer/beamerouterthemedefault.sty)))
(/usr/share/texlive/texmf-dist/tex/generic/babel/babel.sty
Package: babel 2022/01/26 3.70 The Babel package
\babel@savecnt=\count329
\U@D=\dimen284
\l@unhyphenated=\language87

(/usr/share/texlive/texmf-dist/tex/generic/babel/txtbabel.def)
\bbl@readstream=\read3
LaTeX Info: Redefining \textlatin on input line 3967.
\bbl@dirlevel=\count330

(/usr/share/texlive/texmf-dist/tex/generic/babel-portuges/brazilian.ldf
Language: portuges 2021/07/09 v1.2t Portuguese support from the babel system
Package babel Info: Hyphen rules for 'brazilian' set to \l@portuguese
(babel)             (\language85). Reported on input line 111.
Package babel Info: Making " an active character on input line 143.
))
(/usr/share/texlive/texmf-dist/tex/latex/base/inputenc.sty
Package: inputenc 2021/02/14 v1.3d Input encoding file
\inpenc@prehook=\toks45
\inpenc@posthook=\toks46
)
(/usr/share/texlive/texmf-dist/tex/latex/base/fontenc.sty
Package: fontenc 2021/04/29 v2.0v Standard LaTeX package
)
(/usr/share/texlive/texmf-dist/tex/latex/psnfss/helvet.sty
Package: helvet 2020/03/25 PSNFSS-v9.3 (WaS) 
)
(/usr/share/texlive/texmf-dist/tex/latex/pdfpages/pdfpages.sty
Package: pdfpages 2022/01/29 v0.5u Insert pages of external PDF documents (AM)

(/usr/share/texlive/texmf-dist/tex/latex/base/ifthen.sty
Package: ifthen 2020/11/24 v1.1c Standard LaTeX ifthen package (DPC)
)
(/usr/share/texlive/texmf-dist/tex/latex/tools/calc.sty
Package: calc 2017/05/25 v4.3 Infix arithmetic (KKT,FJ)
\calc@Acount=\count331
\calc@Bcount=\count332
\calc@Adimen=\dimen285
\calc@Bdimen=\dimen286
\calc@Askip=\skip64
\calc@Bskip=\skip65
LaTeX Info: Redefining \setlength on input line 80.
LaTeX Info: Redefining \addtolength on input line 81.
\calc@Ccount=\count333
\calc@Cskip=\skip66
)
(/usr/share/texlive/texmf-dist/tex/latex/eso-pic/eso-pic.sty
Package: eso-pic 2020/10/14 v3.0a eso-pic (RN)
\ESO@tempdima=\dimen287
\ESO@tempdimb=\dimen288
)
\AM@pagewidth=\dimen289
\AM@pageheight=\dimen290
\AM@fboxrule=\dimen291

(/usr/share/texlive/texmf-dist/tex/latex/pdfpages/pppdftex.def
File: pppdftex.def 2022/01/29 v0.5u Pdfpages driver for pdfTeX (AM)
)
\pdfpages@includegraphics@status=\count334
\AM@pagebox=\box75
\AM@global@opts=\toks47
\AM@pagecnt=\count335
\AM@toc@title=\toks48
\c@AM@survey=\count336
\AM@templatesizebox=\box76
)
(/usr/share/texlive/texmf-dist/tex/latex/caption/caption.sty
Package: caption 2020/10/26 v3.5g Customizing captions (AR)

(/usr/share/texlive/texmf-dist/tex/latex/caption/caption3.sty
Package: caption3 2020/10/21 v2.2e caption3 kernel (AR)
\captionmargin=\dimen292
\captionmargin@=\dimen293
\captionwidth=\dimen294
\caption@tempdima=\dimen295
\caption@indent=\dimen296
\caption@parindent=\dimen297
\caption@hangindent=\dimen298
Package caption Info: beamer document class detected.

(/usr/share/texlive/texmf-dist/tex/latex/caption/caption-beamer.sto
File: caption-beamer.sto 2020/08/22 v2.0 Adaption of the caption package to the
 beamer document classes (AR)
))
\c@caption@flags=\count337
\c@continuedfloat=\count338
Package caption Info: hyperref package is loaded.
Package caption Info: Hyperref support is turned off
(caption)             because hyperref has stopped early.
)
(/usr/share/texlive/texmf-dist/tex/latex/pgf/frontendlayer/tikz.sty
(/usr/share/texlive/texmf-dist/tex/latex/pgf/basiclayer/pgf.sty
Package: pgf 2021/05/15 v3.1.9a (3.1.9a)

(/usr/share/texlive/texmf-dist/tex/generic/pgf/modules/pgfmoduleshapes.code.tex
File: pgfmoduleshapes.code.tex 2021/05/15 v3.1.9a (3.1.9a)
\pgfnodeparttextbox=\box77
) (/usr/share/texlive/texmf-dist/tex/generic/pgf/modules/pgfmoduleplot.code.tex
File: pgfmoduleplot.code.tex 2021/05/15 v3.1.9a (3.1.9a)
)
(/usr/share/texlive/texmf-dist/tex/latex/pgf/compatibility/pgfcomp-version-0-65
.sty
Package: pgfcomp-version-0-65 2021/05/15 v3.1.9a (3.1.9a)
\pgf@nodesepstart=\dimen299
\pgf@nodesepend=\dimen300
)
(/usr/share/texlive/texmf-dist/tex/latex/pgf/compatibility/pgfcomp-version-1-18
.sty
Package: pgfcomp-version-1-18 2021/05/15 v3.1.9a (3.1.9a)
)) (/usr/share/texlive/texmf-dist/tex/latex/pgf/utilities/pgffor.sty
(/usr/share/texlive/texmf-dist/tex/latex/pgf/utilities/pgfkeys.sty
(/usr/share/texlive/texmf-dist/tex/generic/pgf/utilities/pgfkeys.code.tex))
(/usr/share/texlive/texmf-dist/tex/latex/pgf/math/pgfmath.sty
(/usr/share/texlive/texmf-dist/tex/generic/pgf/math/pgfmath.code.tex))
(/usr/share/texlive/texmf-dist/tex/generic/pgf/utilities/pgffor.code.tex
Package: pgffor 2021/05/15 v3.1.9a (3.1.9a)

(/usr/share/texlive/texmf-dist/tex/generic/pgf/math/pgfmath.code.tex)
\pgffor@iter=\dimen301
\pgffor@skip=\dimen302
\pgffor@stack=\toks49
\pgffor@toks=\toks50
))
(/usr/share/texlive/texmf-dist/tex/generic/pgf/frontendlayer/tikz/tikz.code.tex
Package: tikz 2021/05/15 v3.1.9a (3.1.9a)

(/usr/share/texlive/texmf-dist/tex/generic/pgf/libraries/pgflibraryplothandlers
.code.tex
File: pgflibraryplothandlers.code.tex 2021/05/15 v3.1.9a (3.1.9a)
\pgf@plot@mark@count=\count339
\pgfplotmarksize=\dimen303
)
\tikz@lastx=\dimen304
\tikz@lasty=\dimen305
\tikz@lastxsaved=\dimen306
\tikz@lastysaved=\dimen307
\tikz@lastmovetox=\dimen308
\tikz@lastmovetoy=\dimen309
\tikzleveldistance=\dimen310
\tikzsiblingdistance=\dimen311
\tikz@figbox=\box78
\tikz@figbox@bg=\box79
\tikz@tempbox=\box80
\tikz@tempbox@bg=\box81
\tikztreelevel=\count340
\tikznumberofchildren=\count341
\tikznumberofcurrentchild=\count342
\tikz@fig@count=\count343

(/usr/share/texlive/texmf-dist/tex/generic/pgf/modules/pgfmodulematrix.code.tex
File: pgfmodulematrix.code.tex 2021/05/15 v3.1.9a (3.1.9a)
\pgfmatrixcurrentrow=\count344
\pgfmatrixcurrentcolumn=\count345
\pgf@matrix@numberofcolumns=\count346
)
\tikz@expandcount=\count347

(/usr/share/texlive/texmf-dist/tex/generic/pgf/frontendlayer/tikz/libraries/tik
zlibrarytopaths.code.tex
File: tikzlibrarytopaths.code.tex 2021/05/15 v3.1.9a (3.1.9a)
)))
(/usr/share/texlive/texmf-dist/tex/latex/listings/listings.sty
\lst@mode=\count348
\lst@gtempboxa=\box82
\lst@token=\toks51
\lst@length=\count349
\lst@currlwidth=\dimen312
\lst@column=\count350
\lst@pos=\count351
\lst@lostspace=\dimen313
\lst@width=\dimen314
\lst@newlines=\count352
\lst@lineno=\count353
\lst@maxwidth=\dimen315

(/usr/share/texlive/texmf-dist/tex/latex/listings/lstmisc.sty
File: lstmisc.sty 2020/03/24 1.8d (Carsten Heinz)
\c@lstnumber=\count354
\lst@skipnumbers=\count355
\lst@framebox=\box83
)
(/usr/share/texlive/texmf-dist/tex/latex/listings/listings.cfg
File: listings.cfg 2020/03/24 1.8d listings configuration
))
Package: listings 2020/03/24 1.8d (Carsten Heinz)

(/usr/share/texlive/texmf-dist/tex/latex/tcolorbox/tcolorbox.sty
Package: tcolorbox 2022/01/07 version 5.0.2 text color boxes

(/usr/share/texlive/texmf-dist/tex/latex/tools/verbatim.sty
Package: verbatim 2020-07-07 v1.5u LaTeX2e package for verbatim enhancements
\every@verbatim=\toks52
\verbatim@line=\toks53
\verbatim@in@stream=\read4
)
(/usr/share/texlive/texmf-dist/tex/latex/environ/environ.sty
Package: environ 2014/05/04 v0.3 A new way to define environments

(/usr/share/texlive/texmf-dist/tex/latex/trimspaces/trimspaces.sty
Package: trimspaces 2009/09/17 v1.1 Trim spaces around a token list
))
\tcb@titlebox=\box84
\tcb@upperbox=\box85
\tcb@lowerbox=\box86
\tcb@phantombox=\box87
\c@tcbbreakpart=\count356
\c@tcblayer=\count357
\c@tcolorbox@number=\count358
\tcb@temp=\box88
\tcb@temp=\box89
\tcb@temp=\box90
\tcb@temp=\box91
)
(/usr/share/texlive/texmf-dist/tex/latex/tools/tabularx.sty
Package: tabularx 2020/01/15 v2.11c `tabularx' package (DPC)

(/usr/share/texlive/texmf-dist/tex/latex/tools/array.sty
Package: array 2021/10/04 v2.5f Tabular extension package (FMi)
\col@sep=\dimen316
\ar@mcellbox=\box92
\extrarowheight=\dimen317
\NC@list=\toks54
\extratabsurround=\skip67
\backup@length=\skip68
\ar@cellbox=\box93
)
\TX@col@width=\dimen318
\TX@old@table=\dimen319
\TX@old@col=\dimen320
\TX@target=\dimen321
\TX@delta=\dimen322
\TX@cols=\count359
\TX@ftn=\toks55
)
(/usr/share/texlive/texmf-dist/tex/latex/colortbl/colortbl.sty
Package: colortbl 2020/01/04 v1.0e Color table columns (DPC)
\everycr=\toks56
\minrowclearance=\skip69
)
(/usr/share/texlive/texmf-dist/tex/latex/tcolorbox/tcbskins.code.tex
Library (tcolorbox): 'tcbskins.code.tex' version '5.0.2'
\tcb@waterbox=\box94
(/usr/share/texlive/texmf-dist/tex/latex/tcolorbox/tcbskinsjigsaw.code.tex
Library (tcolorbox): 'tcbskinsjigsaw.code.tex' version '5.0.2'
)) (/usr/share/texlive/texmf-dist/tex/latex/ragged2e/ragged2e.sty
Package: ragged2e 2021/12/15 v3.1 ragged2e Package
\CenteringLeftskip=\skip70
\RaggedLeftLeftskip=\skip71
\RaggedRightLeftskip=\skip72
\CenteringRightskip=\skip73
\RaggedLeftRightskip=\skip74
\RaggedRightRightskip=\skip75
\CenteringParfillskip=\skip76
\RaggedLeftParfillskip=\skip77
\RaggedRightParfillskip=\skip78
\JustifyingParfillskip=\skip79
\CenteringParindent=\skip80
\RaggedLeftParindent=\skip81
\RaggedRightParindent=\skip82
\JustifyingParindent=\skip83
)
(/usr/share/texlive/texmf-dist/tex/latex/psnfss/courier.sty
Package: courier 2020/03/25 PSNFSS-v9.3 (WaS) 
)
(/usr/share/texlive/texmf-dist/tex/latex/pgfgantt/pgfgantt.sty
Package: pgfgantt 2018/01/10 v5.0 Draw Gantt diagrams with TikZ

(/usr/share/texlive/texmf-dist/tex/generic/pgf/frontendlayer/tikz/libraries/tik
zlibraryarrows.code.tex
File: tikzlibraryarrows.code.tex 2021/05/15 v3.1.9a (3.1.9a)

(/usr/share/texlive/texmf-dist/tex/generic/pgf/libraries/pgflibraryarrows.code.
tex
File: pgflibraryarrows.code.tex 2021/05/15 v3.1.9a (3.1.9a)
\arrowsize=\dimen323
))
(/usr/share/texlive/texmf-dist/tex/generic/pgf/frontendlayer/tikz/libraries/tik
zlibrarybackgrounds.code.tex
File: tikzlibrarybackgrounds.code.tex 2021/05/15 v3.1.9a (3.1.9a)
\pgf@layerbox@background=\box95
\pgf@layerboxsaved@background=\box96
)
(/usr/share/texlive/texmf-dist/tex/generic/pgf/frontendlayer/tikz/libraries/tik
zlibrarycalc.code.tex
File: tikzlibrarycalc.code.tex 2021/05/15 v3.1.9a (3.1.9a)
)
(/usr/share/texlive/texmf-dist/tex/generic/pgf/frontendlayer/tikz/libraries/tik
zlibrarypatterns.code.tex
File: tikzlibrarypatterns.code.tex 2021/05/15 v3.1.9a (3.1.9a)

(/usr/share/texlive/texmf-dist/tex/generic/pgf/libraries/pgflibrarypatterns.cod
e.tex
File: pgflibrarypatterns.code.tex 2021/05/15 v3.1.9a (3.1.9a)
))
(/usr/share/texlive/texmf-dist/tex/generic/pgf/frontendlayer/tikz/libraries/tik
zlibrarypositioning.code.tex
File: tikzlibrarypositioning.code.tex 2021/05/15 v3.1.9a (3.1.9a)
)
(/usr/share/texlive/texmf-dist/tex/generic/pgf/frontendlayer/tikz/libraries/tik
zlibraryshapes.geometric.code.tex
File: tikzlibraryshapes.geometric.code.tex 2021/05/15 v3.1.9a (3.1.9a)

(/usr/share/texlive/texmf-dist/tex/generic/pgf/libraries/shapes/pgflibraryshape
s.geometric.code.tex
File: pgflibraryshapes.geometric.code.tex 2021/05/15 v3.1.9a (3.1.9a)
))
(/usr/share/texlive/texmf-dist/tex/latex/pgf/utilities/pgfcalendar.sty
(/usr/share/texlive/texmf-dist/tex/generic/pgf/utilities/pgfcalendar.code.tex
File: pgfcalendar.code.tex 2021/05/15 v3.1.9a (3.1.9a)

(/usr/share/texlive/texmf-dist/tex/generic/pgf/math/pgfint.code.tex)
\pgfcalendarcurrentjulian=\count360
\pgf@cal@easter@Y=\count361
\pgf@cal@easter@G=\count362
\pgf@cal@easter@C=\count363
\pgf@cal@easter@X=\count364
\pgf@cal@easter@Z=\count365
\pgf@cal@easter@D=\count366
\pgf@cal@easter@E=\count367
\pgf@cal@easter@N=\count368
\pgf@cal@easter@M=\count369
\pgf@cal@easter@julianday=\count370
))
\gtt@currentline=\count371
\gtt@lasttitleline=\count372
\gtt@currgrid=\count373
\gtt@chartwidth=\count374
\gtt@lasttitleslot=\count375
\gtt@elementid=\count376
\gtt@today@slot=\count377
\gtt@startjulian=\count378
\gtt@endjulian=\count379
\gtt@chartid=\count380
\gtt@vrule@slot=\count381
\gtt@calendar@slots=\count382
\gtt@calendar@weeknumber=\count383
\gtt@calendar@startofweek=\count384
\gtt@left@slot=\count385
\gtt@right@slot=\count386
)
(/usr/share/texlive/texmf-dist/tex/generic/pgf/frontendlayer/tikz/libraries/tik
zlibraryshapes.code.tex
File: tikzlibraryshapes.code.tex 2021/05/15 v3.1.9a (3.1.9a)

(/usr/share/texlive/texmf-dist/tex/generic/pgf/frontendlayer/tikz/libraries/tik
zlibraryshapes.misc.code.tex
File: tikzlibraryshapes.misc.code.tex 2021/05/15 v3.1.9a (3.1.9a)

(/usr/share/texlive/texmf-dist/tex/generic/pgf/libraries/shapes/pgflibraryshape
s.misc.code.tex
File: pgflibraryshapes.misc.code.tex 2021/05/15 v3.1.9a (3.1.9a)
))
(/usr/share/texlive/texmf-dist/tex/generic/pgf/frontendlayer/tikz/libraries/tik
zlibraryshapes.symbols.code.tex
File: tikzlibraryshapes.symbols.code.tex 2021/05/15 v3.1.9a (3.1.9a)

(/usr/share/texlive/texmf-dist/tex/generic/pgf/libraries/shapes/pgflibraryshape
s.symbols.code.tex
File: pgflibraryshapes.symbols.code.tex 2021/05/15 v3.1.9a (3.1.9a)
))
(/usr/share/texlive/texmf-dist/tex/generic/pgf/frontendlayer/tikz/libraries/tik
zlibraryshapes.arrows.code.tex
File: tikzlibraryshapes.arrows.code.tex 2021/05/15 v3.1.9a (3.1.9a)

(/usr/share/texlive/texmf-dist/tex/generic/pgf/libraries/shapes/pgflibraryshape
s.arrows.code.tex
File: pgflibraryshapes.arrows.code.tex 2021/05/15 v3.1.9a (3.1.9a)
))
(/usr/share/texlive/texmf-dist/tex/generic/pgf/frontendlayer/tikz/libraries/tik
zlibraryshapes.callouts.code.tex
(/usr/share/texlive/texmf-dist/tex/generic/pgf/libraries/shapes/pgflibraryshape
s.callouts.code.tex))
(/usr/share/texlive/texmf-dist/tex/generic/pgf/frontendlayer/tikz/libraries/tik
zlibraryshapes.multipart.code.tex
File: tikzlibraryshapes.multipart.code.tex 2021/05/15 v3.1.9a (3.1.9a)

(/usr/share/texlive/texmf-dist/tex/generic/pgf/libraries/shapes/pgflibraryshape
s.multipart.code.tex
File: pgflibraryshapes.multipart.code.tex 2021/05/15 v3.1.9a (3.1.9a)
\pgfnodepartlowerbox=\box97
\pgfnodeparttwobox=\box98
\pgfnodepartthreebox=\box99
\pgfnodepartfourbox=\box100
\pgfnodeparttwentybox=\box101
\pgfnodepartnineteenbox=\box102
\pgfnodeparteighteenbox=\box103
\pgfnodepartseventeenbox=\box104
\pgfnodepartsixteenbox=\box105
\pgfnodepartfifteenbox=\box106
\pgfnodepartfourteenbox=\box107
\pgfnodepartthirteenbox=\box108
\pgfnodeparttwelvebox=\box109
\pgfnodepartelevenbox=\box110
\pgfnodeparttenbox=\box111
\pgfnodepartninebox=\box112
\pgfnodeparteightbox=\box113
\pgfnodepartsevenbox=\box114
\pgfnodepartsixbox=\box115
\pgfnodepartfivebox=\box116
)))
(/usr/share/texlive/texmf-dist/tex/latex/psnfss/pifont.sty
Package: pifont 2020/03/25 PSNFSS-v9.3 Pi font support (SPQR) 
LaTeX Font Info:    Trying to load font information for U+pzd on input line 63.


(/usr/share/texlive/texmf-dist/tex/latex/psnfss/upzd.fd
File: upzd.fd 2001/06/04 font definitions for U/pzd.
)
LaTeX Font Info:    Trying to load font information for U+psy on input line 64.


(/usr/share/texlive/texmf-dist/tex/latex/psnfss/upsy.fd
File: upsy.fd 2001/06/04 font definitions for U/psy.
))
(/usr/share/texlive/texmf-dist/tex/latex/multirow/multirow.sty
Package: multirow 2021/03/15 v2.8 Span multiple rows of a table
\multirow@colwidth=\skip84
\multirow@cntb=\count387
\multirow@dima=\skip85
\bigstrutjot=\dimen324
)
(/usr/share/texlive/texmf-dist/tex/latex/minted/minted.sty
Package: minted 2021/12/24 v2.6 Yet another Pygments shim for LaTeX

(/usr/share/texlive/texmf-dist/tex/latex/fvextra/fvextra.sty
Package: fvextra 2019/02/04 v1.4 fvextra - extensions and patches for fancyvrb

(/usr/share/texlive/texmf-dist/tex/latex/fancyvrb/fancyvrb.sty
Package: fancyvrb 2021/12/21 4.1b verbatim text (tvz,hv)
\FV@CodeLineNo=\count388
\FV@InFile=\read5
\FV@TabBox=\box117
\c@FancyVerbLine=\count389
\FV@StepNumber=\count390
\FV@OutFile=\write5
)
(/usr/share/texlive/texmf-dist/tex/latex/upquote/upquote.sty
Package: upquote 2012/04/19 v1.3 upright-quote and grave-accent glyphs in verba
tim

(/usr/share/texlive/texmf-dist/tex/latex/base/textcomp.sty
Package: textcomp 2020/02/02 v2.0n Standard LaTeX package
))
(/usr/share/texlive/texmf-dist/tex/latex/lineno/lineno.sty
Package: lineno 2005/11/02 line numbers on paragraphs v4.41
\linenopenalty=\count391
\output=\toks57
\linenoprevgraf=\count392
\linenumbersep=\dimen325
\linenumberwidth=\dimen326
\c@linenumber=\count393
\c@pagewiselinenumber=\count394
\c@LN@truepage=\count395
\c@internallinenumber=\count396
\c@internallinenumbers=\count397
\quotelinenumbersep=\dimen327
\bframerule=\dimen328
\bframesep=\dimen329
\bframebox=\box118
LaTeX Info: Redefining \\ on input line 3056.
)
\c@FV@TrueTabGroupLevel=\count398
\c@FV@TrueTabCounter=\count399
\FV@TabBox@Group=\box119
\FV@TmpLength=\skip86
\c@FV@HighlightLinesStart=\count400
\c@FV@HighlightLinesStop=\count401
\FV@LoopCount=\count402
\FV@NCharsBox=\box120
\FV@BreakIndent=\dimen330
\FV@BreakIndentNChars=\count403
\FV@BreakSymbolSepLeft=\dimen331
\FV@BreakSymbolSepLeftNChars=\count404
\FV@BreakSymbolSepRight=\dimen332
\FV@BreakSymbolSepRightNChars=\count405
\FV@BreakSymbolIndentLeft=\dimen333
\FV@BreakSymbolIndentLeftNChars=\count406
\FV@BreakSymbolIndentRight=\dimen334
\FV@BreakSymbolIndentRightNChars=\count407
\c@FancyVerbLineBreakLast=\count408
\FV@LineBox=\box121
\FV@LineIndentBox=\box122
\FV@LineWidth=\dimen335
)
(/usr/share/texlive/texmf-dist/tex/latex/tools/shellesc.sty
Package: shellesc 2019/11/08 v1.0c unified shell escape interface for LaTeX
Package shellesc Info: Unrestricted shell escape enabled on input line 75.
)
(/usr/share/texlive/texmf-dist/tex/latex/ifplatform/ifplatform.sty
Package: ifplatform 2017/10/13 v0.4a Testing for the operating system

(/usr/share/texlive/texmf-dist/tex/generic/catchfile/catchfile.sty
Package: catchfile 2019/12/09 v1.8 Catch the contents of a file (HO)
)
(/usr/share/texlive/texmf-dist/tex/generic/iftex/ifluatex.sty
Package: ifluatex 2019/10/25 v1.5 ifluatex legacy package. Use iftex instead.
)
runsystem(uname -s > "main.w18")...executed.

 (./main.w18)
runsystem(rm -- "main.w18")...executed.

)
(/usr/share/texlive/texmf-dist/tex/generic/xstring/xstring.sty
(/usr/share/texlive/texmf-dist/tex/generic/xstring/xstring.tex
\integerpart=\count409
\decimalpart=\count410
)
Package: xstring 2021/07/21 v1.84 String manipulations (CT)
)
(/usr/share/texlive/texmf-dist/tex/latex/framed/framed.sty
Package: framed 2011/10/22 v 0.96: framed or shaded text with page breaks
\OuterFrameSep=\skip87
\fb@frw=\dimen336
\fb@frh=\dimen337
\FrameRule=\dimen338
\FrameSep=\dimen339
)
(/usr/share/texlive/texmf-dist/tex/latex/float/float.sty
Package: float 2001/11/08 v1.3d Float enhancements (AL)
\c@float@type=\count411
\float@exts=\toks58
\float@box=\box123
\@float@everytoks=\toks59
\@floatcapt=\box124
)
\minted@appexistsfile=\read6
\minted@bgbox=\box125
\minted@code=\write6
\c@minted@FancyVerbLineTemp=\count412
\c@minted@pygmentizecounter=\count413
\@float@every@listing=\toks60
\c@listing=\count414
)
runsystem(mkdir -p _minted-main)...executed.


(/usr/share/texlive/texmf-dist/tex/latex/beamer/beamercolorthemestructure.sty)
(/usr/share/texlive/texmf-dist/tex/latex/beamer/beamerinnerthemerectangles.sty)
(/usr/share/texlive/texmf-dist/tex/latex/beamer/beamerouterthememiniframes.sty)
)
runsystem(which pygmentize && touch main.aex)...executed.

runsystem(rm main.aex)...executed.

LaTeX Font Info:    Trying to load font information for T1+phv on input line 31
.
 (/usr/share/texlive/texmf-dist/tex/latex/psnfss/t1phv.fd
File: t1phv.fd 2020/03/25 scalable font definitions for T1/phv.
)
(/usr/share/texlive/texmf-dist/tex/latex/l3backend/l3backend-pdftex.def
File: l3backend-pdftex.def 2022-01-12 L3 backend support: PDF output (pdfTeX)
\l__color_backend_stack_int=\count415
\l__pdf_internal_box=\box126
)
(./main.aux)
\openout1 = `main.aux'.

LaTeX Font Info:    Checking defaults for OML/cmm/m/it on input line 31.
LaTeX Font Info:    ... okay on input line 31.
LaTeX Font Info:    Checking defaults for OMS/cmsy/m/n on input line 31.
LaTeX Font Info:    ... okay on input line 31.
LaTeX Font Info:    Checking defaults for OT1/cmr/m/n on input line 31.
LaTeX Font Info:    ... okay on input line 31.
LaTeX Font Info:    Checking defaults for T1/cmr/m/n on input line 31.
LaTeX Font Info:    ... okay on input line 31.
LaTeX Font Info:    Checking defaults for TS1/cmr/m/n on input line 31.
LaTeX Font Info:    ... okay on input line 31.
LaTeX Font Info:    Checking defaults for OMX/cmex/m/n on input line 31.
LaTeX Font Info:    ... okay on input line 31.
LaTeX Font Info:    Checking defaults for U/cmr/m/n on input line 31.
LaTeX Font Info:    ... okay on input line 31.
LaTeX Font Info:    Checking defaults for PD1/pdf/m/n on input line 31.
LaTeX Font Info:    ... okay on input line 31.
LaTeX Font Info:    Checking defaults for PU/pdf/m/n on input line 31.
LaTeX Font Info:    ... okay on input line 31.

*geometry* driver: auto-detecting
*geometry* detected driver: pdftex
*geometry* verbose mode - [ preamble ] result:
* driver: pdftex
* paper: custom
* layout: <same size as paper>
* layoutoffset:(h,v)=(0.0pt,0.0pt)
* modes: includehead includefoot 
* h-part:(L,W,R)=(28.45274pt, 398.3386pt, 28.45274pt)
* v-part:(T,H,B)=(0.0pt, 256.0748pt, 0.0pt)
* \paperwidth=455.24408pt
* \paperheight=256.0748pt
* \textwidth=398.3386pt
* \textheight=227.62207pt
* \oddsidemargin=-43.81725pt
* \evensidemargin=-43.81725pt
* \topmargin=-72.26999pt
* \headheight=14.22636pt
* \headsep=0.0pt
* \topskip=9.0pt
* \footskip=14.22636pt
* \marginparwidth=4.0pt
* \marginparsep=10.0pt
* \columnsep=10.0pt
* \skip\footins=7.0pt plus 4.0pt minus 2.0pt
* \hoffset=0.0pt
* \voffset=0.0pt
* \mag=1000
* \@twocolumnfalse
* \@twosidefalse
* \@mparswitchfalse
* \@reversemarginfalse
* (1in=72.27pt=25.4mm, 1cm=28.453pt)

(/usr/share/texlive/texmf-dist/tex/context/base/mkii/supp-pdf.mkii
[Loading MPS to PDF converter (version 2006.09.02).]
\scratchcounter=\count416
\scratchdimen=\dimen340
\scratchbox=\box127
\nofMPsegments=\count417
\nofMParguments=\count418
\everyMPshowfont=\toks61
\MPscratchCnt=\count419
\MPscratchDim=\dimen341
\MPnumerator=\count420
\makeMPintoPDFobject=\count421
\everyMPtoPDFconversion=\toks62
) (/usr/share/texlive/texmf-dist/tex/latex/epstopdf-pkg/epstopdf-base.sty
Package: epstopdf-base 2020-01-24 v2.11 Base part for package epstopdf
Package epstopdf-base Info: Redefining graphics rule for `.eps' on input line 4
85.

(/usr/share/texlive/texmf-dist/tex/latex/latexconfig/epstopdf-sys.cfg
File: epstopdf-sys.cfg 2010/07/13 v1.3 Configuration of (r)epstopdf for TeX Liv
e
))
Package hyperref Info: Link coloring OFF on input line 31.

(/usr/share/texlive/texmf-dist/tex/latex/hyperref/nameref.sty
Package: nameref 2021-04-02 v2.47 Cross-referencing by name of section

(/usr/share/texlive/texmf-dist/tex/latex/refcount/refcount.sty
Package: refcount 2019/12/15 v3.6 Data extraction from label references (HO)
)
(/usr/share/texlive/texmf-dist/tex/generic/gettitlestring/gettitlestring.sty
Package: gettitlestring 2019/12/15 v1.6 Cleanup title references (HO)
)
\c@section@level=\count422
)
LaTeX Info: Redefining \ref on input line 31.
LaTeX Info: Redefining \pageref on input line 31.
LaTeX Info: Redefining \nameref on input line 31.

(./main.out) (./main.out)
\@outlinefile=\write7
\openout7 = `main.out'.

LaTeX Font Info:    Overwriting symbol font `operators' in version `normal'
(Font)                  OT1/cmr/m/n --> OT1/cmss/m/n on input line 31.
LaTeX Font Info:    Overwriting symbol font `operators' in version `bold'
(Font)                  OT1/cmr/bx/n --> OT1/cmss/b/n on input line 31.
\symnumbers=\mathgroup6
\sympureletters=\mathgroup7
LaTeX Font Info:    Overwriting math alphabet `\mathrm' in version `normal'
(Font)                  OT1/cmss/m/n --> T1/cmr/m/n on input line 31.
LaTeX Font Info:    Redeclaring math alphabet \mathbf on input line 31.
LaTeX Font Info:    Overwriting math alphabet `\mathbf' in version `normal'
(Font)                  OT1/cmr/bx/n --> T1/phv/b/n on input line 31.
LaTeX Font Info:    Overwriting math alphabet `\mathbf' in version `bold'
(Font)                  OT1/cmr/bx/n --> T1/phv/b/n on input line 31.
LaTeX Font Info:    Redeclaring math alphabet \mathsf on input line 31.
LaTeX Font Info:    Overwriting math alphabet `\mathsf' in version `normal'
(Font)                  OT1/cmss/m/n --> T1/phv/m/n on input line 31.
LaTeX Font Info:    Overwriting math alphabet `\mathsf' in version `bold'
(Font)                  OT1/cmss/bx/n --> T1/phv/m/n on input line 31.
LaTeX Font Info:    Redeclaring math alphabet \mathit on input line 31.
LaTeX Font Info:    Overwriting math alphabet `\mathit' in version `normal'
(Font)                  OT1/cmr/m/it --> T1/phv/m/it on input line 31.
LaTeX Font Info:    Overwriting math alphabet `\mathit' in version `bold'
(Font)                  OT1/cmr/bx/it --> T1/phv/m/it on input line 31.
LaTeX Font Info:    Redeclaring math alphabet \mathtt on input line 31.
LaTeX Font Info:    Overwriting math alphabet `\mathtt' in version `normal'
(Font)                  OT1/cmtt/m/n --> T1/pcr/m/n on input line 31.
LaTeX Font Info:    Overwriting math alphabet `\mathtt' in version `bold'
(Font)                  OT1/cmtt/m/n --> T1/pcr/m/n on input line 31.
LaTeX Font Info:    Overwriting symbol font `numbers' in version `bold'
(Font)                  T1/phv/m/n --> T1/phv/b/n on input line 31.
LaTeX Font Info:    Overwriting symbol font `pureletters' in version `bold'
(Font)                  T1/phv/m/it --> T1/phv/b/it on input line 31.
LaTeX Font Info:    Overwriting math alphabet `\mathrm' in version `bold'
(Font)                  OT1/cmss/b/n --> T1/cmr/b/n on input line 31.
LaTeX Font Info:    Overwriting math alphabet `\mathbf' in version `bold'
(Font)                  T1/phv/b/n --> T1/phv/b/n on input line 31.
LaTeX Font Info:    Overwriting math alphabet `\mathsf' in version `bold'
(Font)                  T1/phv/m/n --> T1/phv/b/n on input line 31.
LaTeX Font Info:    Overwriting math alphabet `\mathit' in version `bold'
(Font)                  T1/phv/m/it --> T1/phv/b/it on input line 31.
LaTeX Font Info:    Overwriting math alphabet `\mathtt' in version `bold'
(Font)                  T1/pcr/m/n --> T1/pcr/b/n on input line 31.

(/usr/share/texlive/texmf-dist/tex/latex/translator/translator-basic-dictionary
-English.dict
Dictionary: translator-basic-dictionary, Language: English 
)
(/usr/share/texlive/texmf-dist/tex/latex/translator/translator-bibliography-dic
tionary-English.dict
Dictionary: translator-bibliography-dictionary, Language: English 
)
(/usr/share/texlive/texmf-dist/tex/latex/translator/translator-environment-dict
ionary-English.dict
Dictionary: translator-environment-dictionary, Language: English 
)
(/usr/share/texlive/texmf-dist/tex/latex/translator/translator-months-dictionar
y-English.dict
Dictionary: translator-months-dictionary, Language: English 
)
(/usr/share/texlive/texmf-dist/tex/latex/translator/translator-numbers-dictiona
ry-English.dict
Dictionary: translator-numbers-dictionary, Language: English 
)
(/usr/share/texlive/texmf-dist/tex/latex/translator/translator-theorem-dictiona
ry-English.dict
Dictionary: translator-theorem-dictionary, Language: English 
)
(/usr/share/texlive/texmf-dist/tex/latex/pdflscape/pdflscape.sty
Package: pdflscape 2019/12/05 v0.12 Display of landscape pages in PDF (HO)

(/usr/share/texlive/texmf-dist/tex/latex/graphics/lscape.sty
Package: lscape 2020/05/28 v3.02 Landscape Pages (DPC)
)
Package pdflscape Info: Auto-detected driver: pdftex on input line 81.
)
Package caption Info: Begin \AtBeginDocument code.
Package caption Info: float package is loaded.
Package caption Info: listings package is loaded.
Package caption Info: End \AtBeginDocument code.
\c@lstlisting=\count423
 (./main.nav)
Overfull \hbox (1.38991pt too wide) in paragraph at lines 31--31
[][] 
 []


Overfull \hbox (206.20012pt too wide) detected at line 31
  [] [][][][] [][][][][][][][][][][][] [][][] [][][][][][][][][] [][][][] [][][
] [][][][][][][][][][] [][][][][][][][][][][][][] [][][][][][][][] [][][] [][][
] [][][][][][][][][] [][][]  
 []

LaTeX Font Info:    Font shape `T1/phv/m/it' in size <7> not available
(Font)              Font shape `T1/phv/m/sl' tried instead on input line 35.
<figuras/logoPPGCA.png, id=158, 612.1269pt x 149.8398pt>
File: figuras/logoPPGCA.png Graphic file (type png)
<use figuras/logoPPGCA.png>
Package pdftex.def Info: figuras/logoPPGCA.png  used on input line 35.
(pdftex.def)             Requested size: 91.81506pt x 22.47499pt.

Overfull \hbox (206.20012pt too wide) has occurred while \output is active
  [] [][][][] [][][][][][][][][][][][] [][][] [][][][][][][][][] [][][][] [][][
] [][][][][][][][][][] [][][][][][][][][][][][][] [][][][][][][][] [][][] [][][
] [][][][][][][][][] [][][]  
 []


Overfull \hbox (1.38991pt too wide) has occurred while \output is active
[][] 
 []

[1{/var/lib/texmf/fonts/map/pdftex/updmap/pdftex.map}

 <./figuras/logoPPGCA.png>] (./main.toc)
File: figuras/logoPPGCA.png Graphic file (type png)
<use figuras/logoPPGCA.png>
Package pdftex.def Info: figuras/logoPPGCA.png  used on input line 39.
(pdftex.def)             Requested size: 91.81506pt x 22.47499pt.

Overfull \hbox (206.20012pt too wide) has occurred while \output is active
  [] [][][][] [][][][][][][][][][][][] [][][] [][][][][][][][][] [][][][] [][][
] [][][][][][][][][][] [][][][][][][][][][][][][] [][][][][][][][] [][][] [][][
] [][][][][][][][][] [][][]  
 []


Overfull \hbox (1.38991pt too wide) has occurred while \output is active
[][] 
 []

[2

]
File: figuras/logoPPGCA.png Graphic file (type png)
<use figuras/logoPPGCA.png>
Package pdftex.def Info: figuras/logoPPGCA.png  used on input line 47.
(pdftex.def)             Requested size: 91.81506pt x 22.47499pt.

Overfull \hbox (206.20012pt too wide) has occurred while \output is active
  [] [][][][] [][][][][][][][][][][][] [][][] [][][][][][][][][] [][][][] [][][
] [][][][][][][][][][] [][][][][][][][][][][][][] [][][][][][][][] [][][] [][][
] [][][][][][][][][] [][][]  
 []


Overfull \hbox (1.38991pt too wide) has occurred while \output is active
[][] 
 []

[3

]
<figuras//./laudelino.png, id=542, 642.4pt x 642.4pt>
File: figuras//./laudelino.png Graphic file (type png)
<use figuras//./laudelino.png>
Package pdftex.def Info: figuras//./laudelino.png  used on input line 68.
(pdftex.def)             Requested size: 99.58464pt x 99.58076pt.
<figuras//qrcode-laudelino.png, id=543, 320.19624pt x 312.16624pt>
File: figuras//qrcode-laudelino.png Graphic file (type png)
<use figuras//qrcode-laudelino.png>
Package pdftex.def Info: figuras//qrcode-laudelino.png  used on input line 68.
(pdftex.def)             Requested size: 59.75139pt x 58.24998pt.
LaTeX Font Info:    Trying to load font information for U+msa on input line 68.

 (/usr/share/texlive/texmf-dist/tex/latex/amsfonts/umsa.fd
File: umsa.fd 2013/01/14 v3.01 AMS symbols A
)
LaTeX Font Info:    Trying to load font information for U+msb on input line 68.


(/usr/share/texlive/texmf-dist/tex/latex/amsfonts/umsb.fd
File: umsb.fd 2013/01/14 v3.01 AMS symbols B
)
LaTeX Font Info:    Font shape `T1/phv/m/it' in size <8> not available
(Font)              Font shape `T1/phv/m/sl' tried instead on input line 68.
LaTeX Font Info:    Font shape `T1/phv/m/it' in size <6> not available
(Font)              Font shape `T1/phv/m/sl' tried instead on input line 68.
LaTeX Font Info:    Font shape `T1/phv/m/it' in size <5> not available
(Font)              Font shape `T1/phv/m/sl' tried instead on input line 68.
<figuras//./emer.png, id=544, 642.4pt x 642.4pt>
File: figuras//./emer.png Graphic file (type png)
<use figuras//./emer.png>
Package pdftex.def Info: figuras//./emer.png  used on input line 68.
(pdftex.def)             Requested size: 99.58464pt x 99.58076pt.
<figuras//qrcode-emer.png, id=545, 320.19624pt x 312.16624pt>
File: figuras//qrcode-emer.png Graphic file (type png)
<use figuras//qrcode-emer.png>
Package pdftex.def Info: figuras//qrcode-emer.png  used on input line 68.
(pdftex.def)             Requested size: 59.75139pt x 58.24998pt.
File: figuras/logoPPGCA.png Graphic file (type png)
<use figuras/logoPPGCA.png>
Package pdftex.def Info: figuras/logoPPGCA.png  used on input line 68.
(pdftex.def)             Requested size: 91.81506pt x 22.47499pt.

Overfull \hbox (206.20012pt too wide) has occurred while \output is active
  [] [][][][] [][][][][][][][][][][][] [][][] [][][][][][][][][] [][][][] [][][
] [][][][][][][][][][] [][][][][][][][][][][][][] [][][][][][][][] [][][] [][][
] [][][][][][][][][] [][][]  
 []


Overfull \hbox (1.38991pt too wide) has occurred while \output is active
[][] 
 []

[4

 <./figuras//./laudelino.png> <./figuras//qrcode-laudelino.png> <./figuras//./e
mer.png> <./figuras//qrcode-emer.png>]
<figuras//./adolfo.png, id=642, 642.4pt x 642.4pt>
File: figuras//./adolfo.png Graphic file (type png)
<use figuras//./adolfo.png>
Package pdftex.def Info: figuras//./adolfo.png  used on input line 84.
(pdftex.def)             Requested size: 119.50279pt x 119.49889pt.
<figuras//qrcode-adolfo.png, id=643, 320.19624pt x 312.16624pt>
File: figuras//qrcode-adolfo.png Graphic file (type png)
<use figuras//qrcode-adolfo.png>
Package pdftex.def Info: figuras//qrcode-adolfo.png  used on input line 84.
(pdftex.def)             Requested size: 79.66649pt x 77.66507pt.
File: figuras/logoPPGCA.png Graphic file (type png)
<use figuras/logoPPGCA.png>
Package pdftex.def Info: figuras/logoPPGCA.png  used on input line 84.
(pdftex.def)             Requested size: 91.81506pt x 22.47499pt.

Overfull \hbox (206.20012pt too wide) has occurred while \output is active
  [] [][][][] [][][][][][][][][][][][] [][][] [][][][][][][][][] [][][][] [][][
] [][][][][][][][][][] [][][][][][][][][][][][][] [][][][][][][][] [][][] [][][
] [][][][][][][][][] [][][]  
 []


Overfull \hbox (1.38991pt too wide) has occurred while \output is active
[][] 
 []

[5

 <./figuras//./adolfo.png> <./figuras//qrcode-adolfo.png>]
File: figuras/logoPPGCA.png Graphic file (type png)
<use figuras/logoPPGCA.png>
Package pdftex.def Info: figuras/logoPPGCA.png  used on input line 85.
(pdftex.def)             Requested size: 91.81506pt x 22.47499pt.

Overfull \hbox (206.20012pt too wide) has occurred while \output is active
  [] [][][][] [][][][][][][][][][][][] [][][] [][][][][][][][][] [][][][] [][][
] [][][][][][][][][][] [][][][][][][][][][][][][] [][][][][][][][] [][][] [][][
] [][][][][][][][][] [][][]  
 []


Overfull \hbox (1.38991pt too wide) has occurred while \output is active
[][] 
 []

[6

]
File: figuras/logoPPGCA.png Graphic file (type png)
<use figuras/logoPPGCA.png>
Package pdftex.def Info: figuras/logoPPGCA.png  used on input line 92.
(pdftex.def)             Requested size: 91.81506pt x 22.47499pt.

Overfull \hbox (206.20012pt too wide) has occurred while \output is active
  [] [][][][] [][][][][][][][][][][][] [][][] [][][][][][][][][] [][][][] [][][
] [][][][][][][][][][] [][][][][][][][][][][][][] [][][][][][][][] [][][] [][][
] [][][][][][][][][] [][][]  
 []


Overfull \hbox (1.38991pt too wide) has occurred while \output is active
[][] 
 []

[7

]
File: figuras/logoPPGCA.png Graphic file (type png)
<use figuras/logoPPGCA.png>
Package pdftex.def Info: figuras/logoPPGCA.png  used on input line 103.
(pdftex.def)             Requested size: 91.81506pt x 22.47499pt.

Overfull \hbox (206.20012pt too wide) has occurred while \output is active
  [] [][][][] [][][][][][][][][][][][] [][][] [][][][][][][][][] [][][][] [][][
] [][][][][][][][][][] [][][][][][][][][][][][][] [][][][][][][][] [][][] [][][
] [][][][][][][][][] [][][]  
 []


Overfull \hbox (1.38991pt too wide) has occurred while \output is active
[][] 
 []

[8

]
<figuras//venn.png, id=1027, 957.5775pt x 576.1525pt>
File: figuras//venn.png Graphic file (type png)
<use figuras//venn.png>
Package pdftex.def Info: figuras//venn.png  used on input line 106.
(pdftex.def)             Requested size: 335.15715pt x 201.65639pt.

Overfull \vbox (4.59105pt too high) detected at line 106
 []

File: figuras/logoPPGCA.png Graphic file (type png)
<use figuras/logoPPGCA.png>
Package pdftex.def Info: figuras/logoPPGCA.png  used on input line 106.
(pdftex.def)             Requested size: 91.81506pt x 22.47499pt.

Overfull \hbox (206.20012pt too wide) has occurred while \output is active
  [] [][][][] [][][][][][][][][][][][] [][][] [][][][][][][][][] [][][][] [][][
] [][][][][][][][][][] [][][][][][][][][][][][][] [][][][][][][][] [][][] [][][
] [][][][][][][][][] [][][]  
 []


Overfull \hbox (1.38991pt too wide) has occurred while \output is active
[][] 
 []

[9

 <./figuras//venn.png>]
LaTeX Font Info:    Trying to load font information for TS1+phv on input line 1
20.

(/usr/share/texlive/texmf-dist/tex/latex/psnfss/ts1phv.fd
File: ts1phv.fd 2020/03/25 scalable font definitions for TS1/phv.
)
File: figuras/logoPPGCA.png Graphic file (type png)
<use figuras/logoPPGCA.png>
Package pdftex.def Info: figuras/logoPPGCA.png  used on input line 120.
(pdftex.def)             Requested size: 91.81506pt x 22.47499pt.

Overfull \hbox (206.20012pt too wide) has occurred while \output is active
  [] [][][][] [][][][][][][][][][][][] [][][] [][][][][][][][][] [][][][] [][][
] [][][][][][][][][][] [][][][][][][][][][][][][] [][][][][][][][] [][][] [][][
] [][][][][][][][][] [][][]  
 []


Overfull \hbox (1.38991pt too wide) has occurred while \output is active
[][] 
 []

[10

]
LaTeX Font Info:    Font shape `T1/phv/m/it' in size <10> not available
(Font)              Font shape `T1/phv/m/sl' tried instead on input line 126.
File: figuras/logoPPGCA.png Graphic file (type png)
<use figuras/logoPPGCA.png>
Package pdftex.def Info: figuras/logoPPGCA.png  used on input line 126.
(pdftex.def)             Requested size: 91.81506pt x 22.47499pt.

Overfull \hbox (206.20012pt too wide) has occurred while \output is active
  [] [][][][] [][][][][][][][][][][][] [][][] [][][][][][][][][] [][][][] [][][
] [][][][][][][][][][] [][][][][][][][][][][][][] [][][][][][][][] [][][] [][][
] [][][][][][][][][] [][][]  
 []


Overfull \hbox (1.38991pt too wide) has occurred while \output is active
[][] 
 []

[11

]
LaTeX Font Info:    Font shape `T1/phv/b/it' in size <8> not available
(Font)              Font shape `T1/phv/b/sl' tried instead on input line 146.

Overfull \hbox (24.0pt too wide) in paragraph at lines 146--146
 [] 
 []

File: figuras/logoPPGCA.png Graphic file (type png)
<use figuras/logoPPGCA.png>
Package pdftex.def Info: figuras/logoPPGCA.png  used on input line 146.
(pdftex.def)             Requested size: 91.81506pt x 22.47499pt.

Overfull \hbox (206.20012pt too wide) has occurred while \output is active
  [] [][][][] [][][][][][][][][][][][] [][][] [][][][][][][][][] [][][][] [][][
] [][][][][][][][][][] [][][][][][][][][][][][][] [][][][][][][][] [][][] [][][
] [][][][][][][][][] [][][]  
 []


Overfull \hbox (1.38991pt too wide) has occurred while \output is active
[][] 
 []

[12

]
File: figuras/logoPPGCA.png Graphic file (type png)
<use figuras/logoPPGCA.png>
Package pdftex.def Info: figuras/logoPPGCA.png  used on input line 175.
(pdftex.def)             Requested size: 91.81506pt x 22.47499pt.

Overfull \hbox (206.20012pt too wide) has occurred while \output is active
  [] [][][][] [][][][][][][][][][][][] [][][] [][][][][][][][][] [][][][] [][][
] [][][][][][][][][][] [][][][][][][][][][][][][] [][][][][][][][] [][][] [][][
] [][][][][][][][][] [][][]  
 []


Overfull \hbox (1.38991pt too wide) has occurred while \output is active
[][] 
 []

[13

]
File: figuras/logoPPGCA.png Graphic file (type png)
<use figuras/logoPPGCA.png>
Package pdftex.def Info: figuras/logoPPGCA.png  used on input line 185.
(pdftex.def)             Requested size: 91.81506pt x 22.47499pt.

Overfull \hbox (206.20012pt too wide) has occurred while \output is active
  [] [][][][] [][][][][][][][][][][][] [][][] [][][][][][][][][] [][][][] [][][
] [][][][][][][][][][] [][][][][][][][][][][][][] [][][][][][][][] [][][] [][][
] [][][][][][][][][] [][][]  
 []


Overfull \hbox (1.38991pt too wide) has occurred while \output is active
[][] 
 []

[14

]
File: figuras/logoPPGCA.png Graphic file (type png)
<use figuras/logoPPGCA.png>
Package pdftex.def Info: figuras/logoPPGCA.png  used on input line 195.
(pdftex.def)             Requested size: 91.81506pt x 22.47499pt.

Overfull \hbox (206.20012pt too wide) has occurred while \output is active
  [] [][][][] [][][][][][][][][][][][] [][][] [][][][][][][][][] [][][][] [][][
] [][][][][][][][][][] [][][][][][][][][][][][][] [][][][][][][][] [][][] [][][
] [][][][][][][][][] [][][]  
 []


Overfull \hbox (1.38991pt too wide) has occurred while \output is active
[][] 
 []

[15

]
File: figuras/logoPPGCA.png Graphic file (type png)
<use figuras/logoPPGCA.png>
Package pdftex.def Info: figuras/logoPPGCA.png  used on input line 206.
(pdftex.def)             Requested size: 91.81506pt x 22.47499pt.

Overfull \hbox (206.20012pt too wide) has occurred while \output is active
  [] [][][][] [][][][][][][][][][][][] [][][] [][][][][][][][][] [][][][] [][][
] [][][][][][][][][][] [][][][][][][][][][][][][] [][][][][][][][] [][][] [][][
] [][][][][][][][][] [][][]  
 []


Overfull \hbox (1.38991pt too wide) has occurred while \output is active
[][] 
 []

[16

]
File: figuras/logoPPGCA.png Graphic file (type png)
<use figuras/logoPPGCA.png>
Package pdftex.def Info: figuras/logoPPGCA.png  used on input line 209.
(pdftex.def)             Requested size: 91.81506pt x 22.47499pt.

Overfull \hbox (206.20012pt too wide) has occurred while \output is active
  [] [][][][] [][][][][][][][][][][][] [][][] [][][][][][][][][] [][][][] [][][
] [][][][][][][][][][] [][][][][][][][][][][][][] [][][][][][][][] [][][] [][][
] [][][][][][][][][] [][][]  
 []


Overfull \hbox (1.38991pt too wide) has occurred while \output is active
[][] 
 []

[17

]
File: figuras/logoPPGCA.png Graphic file (type png)
<use figuras/logoPPGCA.png>
Package pdftex.def Info: figuras/logoPPGCA.png  used on input line 217.
(pdftex.def)             Requested size: 91.81506pt x 22.47499pt.

Overfull \hbox (206.20012pt too wide) has occurred while \output is active
  [] [][][][] [][][][][][][][][][][][] [][][] [][][][][][][][][] [][][][] [][][
] [][][][][][][][][][] [][][][][][][][][][][][][] [][][][][][][][] [][][] [][][
] [][][][][][][][][] [][][]  
 []


Overfull \hbox (1.38991pt too wide) has occurred while \output is active
[][] 
 []

[18

]
File: figuras/logoPPGCA.png Graphic file (type png)
<use figuras/logoPPGCA.png>
Package pdftex.def Info: figuras/logoPPGCA.png  used on input line 220.
(pdftex.def)             Requested size: 91.81506pt x 22.47499pt.

Overfull \hbox (206.20012pt too wide) has occurred while \output is active
  [] [][][][] [][][][][][][][][][][][] [][][] [][][][][][][][][] [][][][] [][][
] [][][][][][][][][][] [][][][][][][][][][][][][] [][][][][][][][] [][][] [][][
] [][][][][][][][][] [][][]  
 []


Overfull \hbox (1.38991pt too wide) has occurred while \output is active
[][] 
 []

[19

]
<figuras//table4.png, id=2068, 819.06pt x 272.01625pt>
File: figuras//table4.png Graphic file (type png)
<use figuras//table4.png>
Package pdftex.def Info: figuras//table4.png  used on input line 224.
(pdftex.def)             Requested size: 327.6182pt x 108.80457pt.
File: figuras/logoPPGCA.png Graphic file (type png)
<use figuras/logoPPGCA.png>
Package pdftex.def Info: figuras/logoPPGCA.png  used on input line 224.
(pdftex.def)             Requested size: 91.81506pt x 22.47499pt.

Overfull \hbox (206.20012pt too wide) has occurred while \output is active
  [] [][][][] [][][][][][][][][][][][] [][][] [][][][][][][][][] [][][][] [][][
] [][][][][][][][][][] [][][][][][][][][][][][][] [][][][][][][][] [][][] [][][
] [][][][][][][][][] [][][]  
 []


Overfull \hbox (1.38991pt too wide) has occurred while \output is active
[][] 
 []

[20

 <./figuras//table4.png>]
<figuras//table5.png, id=2162, 1168.365pt x 512.91624pt>
File: figuras//table5.png Graphic file (type png)
<use figuras//table5.png>
Package pdftex.def Info: figuras//table5.png  used on input line 229.
(pdftex.def)             Requested size: 327.13997pt x 143.61557pt.
File: figuras/logoPPGCA.png Graphic file (type png)
<use figuras/logoPPGCA.png>
Package pdftex.def Info: figuras/logoPPGCA.png  used on input line 229.
(pdftex.def)             Requested size: 91.81506pt x 22.47499pt.

Overfull \hbox (206.20012pt too wide) has occurred while \output is active
  [] [][][][] [][][][][][][][][][][][] [][][] [][][][][][][][][] [][][][] [][][
] [][][][][][][][][][] [][][][][][][][][][][][][] [][][][][][][][] [][][] [][][
] [][][][][][][][][] [][][]  
 []


Overfull \hbox (1.38991pt too wide) has occurred while \output is active
[][] 
 []

[21

 <./figuras//table5.png>]
File: figuras/logoPPGCA.png Graphic file (type png)
<use figuras/logoPPGCA.png>
Package pdftex.def Info: figuras/logoPPGCA.png  used on input line 236.
(pdftex.def)             Requested size: 91.81506pt x 22.47499pt.

Overfull \hbox (206.20012pt too wide) has occurred while \output is active
  [] [][][][] [][][][][][][][][][][][] [][][] [][][][][][][][][] [][][][] [][][
] [][][][][][][][][][] [][][][][][][][][][][][][] [][][][][][][][] [][][] [][][
] [][][][][][][][][] [][][]  
 []


Overfull \hbox (1.38991pt too wide) has occurred while \output is active
[][] 
 []

[22

]
File: figuras/logoPPGCA.png Graphic file (type png)
<use figuras/logoPPGCA.png>
Package pdftex.def Info: figuras/logoPPGCA.png  used on input line 245.
(pdftex.def)             Requested size: 91.81506pt x 22.47499pt.

Overfull \hbox (206.20012pt too wide) has occurred while \output is active
  [] [][][][] [][][][][][][][][][][][] [][][] [][][][][][][][][] [][][][] [][][
] [][][][][][][][][][] [][][][][][][][][][][][][] [][][][][][][][] [][][] [][][
] [][][][][][][][][] [][][]  
 []


Overfull \hbox (1.38991pt too wide) has occurred while \output is active
[][] 
 []

[23

]
<figuras//prisma.png, id=2440, 937.5025pt x 787.94376pt>
File: figuras//prisma.png Graphic file (type png)
<use figuras//prisma.png>
Package pdftex.def Info: figuras//prisma.png  used on input line 252.
(pdftex.def)             Requested size: 206.25119pt x 173.34816pt.

Overfull \vbox (3.78282pt too high) detected at line 252
 []

File: figuras/logoPPGCA.png Graphic file (type png)
<use figuras/logoPPGCA.png>
Package pdftex.def Info: figuras/logoPPGCA.png  used on input line 252.
(pdftex.def)             Requested size: 91.81506pt x 22.47499pt.

Overfull \hbox (206.20012pt too wide) has occurred while \output is active
  [] [][][][] [][][][][][][][][][][][] [][][] [][][][][][][][][] [][][][] [][][
] [][][][][][][][][][] [][][][][][][][][][][][][] [][][][][][][][] [][][] [][][
] [][][][][][][][][] [][][]  
 []


Overfull \hbox (1.38991pt too wide) has occurred while \output is active
[][] 
 []

[24

 <./figuras//prisma.png>]
<figuras//table3.png, id=2534, 592.2125pt x 662.475pt>
File: figuras//table3.png Graphic file (type png)
<use figuras//table3.png>
Package pdftex.def Info: figuras//table3.png  used on input line 257.
(pdftex.def)             Requested size: 177.66512pt x 198.74403pt.

Overfull \vbox (2.1787pt too high) detected at line 257
 []

File: figuras/logoPPGCA.png Graphic file (type png)
<use figuras/logoPPGCA.png>
Package pdftex.def Info: figuras/logoPPGCA.png  used on input line 257.
(pdftex.def)             Requested size: 91.81506pt x 22.47499pt.

Overfull \hbox (206.20012pt too wide) has occurred while \output is active
  [] [][][][] [][][][][][][][][][][][] [][][] [][][][][][][][][] [][][][] [][][
] [][][][][][][][][][] [][][][][][][][][][][][][] [][][][][][][][] [][][] [][][
] [][][][][][][][][] [][][]  
 []


Overfull \hbox (1.38991pt too wide) has occurred while \output is active
[][] 
 []

[25

 <./figuras//table3.png>]
File: figuras/logoPPGCA.png Graphic file (type png)
<use figuras/logoPPGCA.png>
Package pdftex.def Info: figuras/logoPPGCA.png  used on input line 267.
(pdftex.def)             Requested size: 91.81506pt x 22.47499pt.

Overfull \hbox (206.20012pt too wide) has occurred while \output is active
  [] [][][][] [][][][][][][][][][][][] [][][] [][][][][][][][][] [][][][] [][][
] [][][][][][][][][][] [][][][][][][][][][][][][] [][][][][][][][] [][][] [][][
] [][][][][][][][][] [][][]  
 []


Overfull \hbox (1.38991pt too wide) has occurred while \output is active
[][] 
 []

[26

]
File: figuras/logoPPGCA.png Graphic file (type png)
<use figuras/logoPPGCA.png>
Package pdftex.def Info: figuras/logoPPGCA.png  used on input line 268.
(pdftex.def)             Requested size: 91.81506pt x 22.47499pt.

Overfull \hbox (206.20012pt too wide) has occurred while \output is active
  [] [][][][] [][][][][][][][][][][][] [][][] [][][][][][][][][] [][][][] [][][
] [][][][][][][][][][] [][][][][][][][][][][][][] [][][][][][][][] [][][] [][][
] [][][][][][][][][] [][][]  
 []


Overfull \hbox (1.38991pt too wide) has occurred while \output is active
[][] 
 []

[27

]
File: figuras/logoPPGCA.png Graphic file (type png)
<use figuras/logoPPGCA.png>
Package pdftex.def Info: figuras/logoPPGCA.png  used on input line 278.
(pdftex.def)             Requested size: 91.81506pt x 22.47499pt.

Overfull \hbox (206.20012pt too wide) has occurred while \output is active
  [] [][][][] [][][][][][][][][][][][] [][][] [][][][][][][][][] [][][][] [][][
] [][][][][][][][][][] [][][][][][][][][][][][][] [][][][][][][][] [][][] [][][
] [][][][][][][][][] [][][]  
 []


Overfull \hbox (1.38991pt too wide) has occurred while \output is active
[][] 
 []

[28

]
File: figuras/logoPPGCA.png Graphic file (type png)
<use figuras/logoPPGCA.png>
Package pdftex.def Info: figuras/logoPPGCA.png  used on input line 290.
(pdftex.def)             Requested size: 91.81506pt x 22.47499pt.

Overfull \hbox (206.20012pt too wide) has occurred while \output is active
  [] [][][][] [][][][][][][][][][][][] [][][] [][][][][][][][][] [][][][] [][][
] [][][][][][][][][][] [][][][][][][][][][][][][] [][][][][][][][] [][][] [][][
] [][][][][][][][][] [][][]  
 []


Overfull \hbox (1.38991pt too wide) has occurred while \output is active
[][] 
 []

[29

]
File: figuras/logoPPGCA.png Graphic file (type png)
<use figuras/logoPPGCA.png>
Package pdftex.def Info: figuras/logoPPGCA.png  used on input line 291.
(pdftex.def)             Requested size: 91.81506pt x 22.47499pt.

Overfull \hbox (206.20012pt too wide) has occurred while \output is active
  [] [][][][] [][][][][][][][][][][][] [][][] [][][][][][][][][] [][][][] [][][
] [][][][][][][][][][] [][][][][][][][][][][][][] [][][][][][][][] [][][] [][][
] [][][][][][][][][] [][][]  
 []


Overfull \hbox (1.38991pt too wide) has occurred while \output is active
[][] 
 []

[30

]
File: figuras/logoPPGCA.png Graphic file (type png)
<use figuras/logoPPGCA.png>
Package pdftex.def Info: figuras/logoPPGCA.png  used on input line 300.
(pdftex.def)             Requested size: 91.81506pt x 22.47499pt.

Overfull \hbox (206.20012pt too wide) has occurred while \output is active
  [] [][][][] [][][][][][][][][][][][] [][][] [][][][][][][][][] [][][][] [][][
] [][][][][][][][][][] [][][][][][][][][][][][][] [][][][][][][][] [][][] [][][
] [][][][][][][][][] [][][]  
 []


Overfull \hbox (1.38991pt too wide) has occurred while \output is active
[][] 
 []

[31

]
File: figuras/logoPPGCA.png Graphic file (type png)
<use figuras/logoPPGCA.png>
Package pdftex.def Info: figuras/logoPPGCA.png  used on input line 301.
(pdftex.def)             Requested size: 91.81506pt x 22.47499pt.

Overfull \hbox (206.20012pt too wide) has occurred while \output is active
  [] [][][][] [][][][][][][][][][][][] [][][] [][][][][][][][][] [][][][] [][][
] [][][][][][][][][][] [][][][][][][][][][][][][] [][][][][][][][] [][][] [][][
] [][][][][][][][][] [][][]  
 []


Overfull \hbox (1.38991pt too wide) has occurred while \output is active
[][] 
 []

[32

]
<figuras//qrcode-survey.png, id=3306, 323.2075pt x 319.1925pt>
File: figuras//qrcode-survey.png Graphic file (type png)
<use figuras//qrcode-survey.png>
Package pdftex.def Info: figuras//qrcode-survey.png  used on input line 311.
(pdftex.def)             Requested size: 64.64035pt x 63.83736pt.
File: figuras/logoPPGCA.png Graphic file (type png)
<use figuras/logoPPGCA.png>
Package pdftex.def Info: figuras/logoPPGCA.png  used on input line 311.
(pdftex.def)             Requested size: 91.81506pt x 22.47499pt.

Overfull \hbox (206.20012pt too wide) has occurred while \output is active
  [] [][][][] [][][][][][][][][][][][] [][][] [][][][][][][][][] [][][][] [][][
] [][][][][][][][][][] [][][][][][][][][][][][][] [][][][][][][][] [][][] [][][
] [][][][][][][][][] [][][]  
 []


Overfull \hbox (1.38991pt too wide) has occurred while \output is active
[][] 
 []

[33

 <./figuras//qrcode-survey.png>]
File: figuras/logoPPGCA.png Graphic file (type png)
<use figuras/logoPPGCA.png>
Package pdftex.def Info: figuras/logoPPGCA.png  used on input line 322.
(pdftex.def)             Requested size: 91.81506pt x 22.47499pt.

Overfull \hbox (206.20012pt too wide) has occurred while \output is active
  [] [][][][] [][][][][][][][][][][][] [][][] [][][][][][][][][] [][][][] [][][
] [][][][][][][][][][] [][][][][][][][][][][][][] [][][][][][][][] [][][] [][][
] [][][][][][][][][] [][][]  
 []


Overfull \hbox (1.38991pt too wide) has occurred while \output is active
[][] 
 []

[34

]
File: figuras/logoPPGCA.png Graphic file (type png)
<use figuras/logoPPGCA.png>
Package pdftex.def Info: figuras/logoPPGCA.png  used on input line 336.
(pdftex.def)             Requested size: 91.81506pt x 22.47499pt.

Overfull \hbox (206.20012pt too wide) has occurred while \output is active
  [] [][][][] [][][][][][][][][][][][] [][][] [][][][][][][][][] [][][][] [][][
] [][][][][][][][][][] [][][][][][][][][][][][][] [][][][][][][][] [][][] [][][
] [][][][][][][][][] [][][]  
 []


Overfull \hbox (1.38991pt too wide) has occurred while \output is active
[][] 
 []

[35

]
<figuras//questao2.png, id=3584, 941.5175pt x 789.95125pt>
File: figuras//questao2.png Graphic file (type png)
<use figuras//questao2.png>
Package pdftex.def Info: figuras//questao2.png  used on input line 342.
(pdftex.def)             Requested size: 244.78877pt x 205.38248pt.

Overfull \vbox (14.81714pt too high) detected at line 342
 []

File: figuras/logoPPGCA.png Graphic file (type png)
<use figuras/logoPPGCA.png>
Package pdftex.def Info: figuras/logoPPGCA.png  used on input line 342.
(pdftex.def)             Requested size: 91.81506pt x 22.47499pt.

Overfull \hbox (206.20012pt too wide) has occurred while \output is active
  [] [][][][] [][][][][][][][][][][][] [][][] [][][][][][][][][] [][][][] [][][
] [][][][][][][][][][] [][][][][][][][][][][][][] [][][][][][][][] [][][] [][][
] [][][][][][][][][] [][][]  
 []


Overfull \hbox (1.38991pt too wide) has occurred while \output is active
[][] 
 []

[36

 <./figuras//questao2.png>]
<figuras//questao34.png, id=3678, 940.51375pt x 263.98625pt>
File: figuras//questao34.png Graphic file (type png)
<use figuras//questao34.png>
Package pdftex.def Info: figuras//questao34.png  used on input line 346.
(pdftex.def)             Requested size: 423.22728pt x 118.79271pt.

Overfull \hbox (24.88869pt too wide) in paragraph at lines 346--346
 [][] 
 []

File: figuras/logoPPGCA.png Graphic file (type png)
<use figuras/logoPPGCA.png>
Package pdftex.def Info: figuras/logoPPGCA.png  used on input line 346.
(pdftex.def)             Requested size: 91.81506pt x 22.47499pt.

Overfull \hbox (206.20012pt too wide) has occurred while \output is active
  [] [][][][] [][][][][][][][][][][][] [][][] [][][][][][][][][] [][][][] [][][
] [][][][][][][][][][] [][][][][][][][][][][][][] [][][][][][][][] [][][] [][][
] [][][][][][][][][] [][][]  
 []


Overfull \hbox (1.38991pt too wide) has occurred while \output is active
[][] 
 []

[37

 <./figuras//questao34.png>]
<figuras//questao56.png, id=3773, 941.5175pt x 789.95125pt>
File: figuras//questao56.png Graphic file (type png)
<use figuras//questao56.png>
Package pdftex.def Info: figuras//questao56.png  used on input line 350.
(pdftex.def)             Requested size: 216.54446pt x 181.68495pt.
File: figuras/logoPPGCA.png Graphic file (type png)
<use figuras/logoPPGCA.png>
Package pdftex.def Info: figuras/logoPPGCA.png  used on input line 350.
(pdftex.def)             Requested size: 91.81506pt x 22.47499pt.

Overfull \hbox (206.20012pt too wide) has occurred while \output is active
  [] [][][][] [][][][][][][][][][][][] [][][] [][][][][][][][][] [][][][] [][][
] [][][][][][][][][][] [][][][][][][][][][][][][] [][][][][][][][] [][][] [][][
] [][][][][][][][][] [][][]  
 []


Overfull \hbox (1.38991pt too wide) has occurred while \output is active
[][] 
 []

[38

 <./figuras//questao56.png>]
<figuras//questao911.png, id=3867, 941.5175pt x 789.95125pt>
File: figuras//questao911.png Graphic file (type png)
<use figuras//questao911.png>
Package pdftex.def Info: figuras//questao911.png  used on input line 354.
(pdftex.def)             Requested size: 235.3788pt x 197.48732pt.

Overfull \vbox (0.92198pt too high) detected at line 354
 []

File: figuras/logoPPGCA.png Graphic file (type png)
<use figuras/logoPPGCA.png>
Package pdftex.def Info: figuras/logoPPGCA.png  used on input line 354.
(pdftex.def)             Requested size: 91.81506pt x 22.47499pt.

Overfull \hbox (206.20012pt too wide) has occurred while \output is active
  [] [][][][] [][][][][][][][][][][][] [][][] [][][][][][][][][] [][][][] [][][
] [][][][][][][][][][] [][][][][][][][][][][][][] [][][][][][][][] [][][] [][][
] [][][][][][][][][] [][][]  
 []


Overfull \hbox (1.38991pt too wide) has occurred while \output is active
[][] 
 []

[39

 <./figuras//questao911.png>]
<figuras//ide.png, id=3961, 987.69pt x 472.76625pt>
File: figuras//ide.png Graphic file (type png)
<use figuras//ide.png>
Package pdftex.def Info: figuras//ide.png  used on input line 358.
(pdftex.def)             Requested size: 424.69843pt x 203.28552pt.

Overfull \hbox (26.35983pt too wide) in paragraph at lines 358--358
 [][] 
 []


Overfull \vbox (6.72018pt too high) detected at line 358
 []

File: figuras/logoPPGCA.png Graphic file (type png)
<use figuras/logoPPGCA.png>
Package pdftex.def Info: figuras/logoPPGCA.png  used on input line 358.
(pdftex.def)             Requested size: 91.81506pt x 22.47499pt.

Overfull \hbox (206.20012pt too wide) has occurred while \output is active
  [] [][][][] [][][][][][][][][][][][] [][][] [][][][][][][][][] [][][][] [][][
] [][][][][][][][][][] [][][][][][][][][][][][][] [][][][][][][][] [][][] [][][
] [][][][][][][][][] [][][]  
 []


Overfull \hbox (1.38991pt too wide) has occurred while \output is active
[][] 
 []

[40

 <./figuras//ide.png>]
File: figuras/logoPPGCA.png Graphic file (type png)
<use figuras/logoPPGCA.png>
Package pdftex.def Info: figuras/logoPPGCA.png  used on input line 360.
(pdftex.def)             Requested size: 91.81506pt x 22.47499pt.

Overfull \hbox (206.20012pt too wide) has occurred while \output is active
  [] [][][][] [][][][][][][][][][][][] [][][] [][][][][][][][][] [][][][] [][][
] [][][][][][][][][][] [][][][][][][][][][][][][] [][][][][][][][] [][][] [][][
] [][][][][][][][][] [][][]  
 []


Overfull \hbox (1.38991pt too wide) has occurred while \output is active
[][] 
 []

[41

]
File: figuras/logoPPGCA.png Graphic file (type png)
<use figuras/logoPPGCA.png>
Package pdftex.def Info: figuras/logoPPGCA.png  used on input line 373.
(pdftex.def)             Requested size: 91.81506pt x 22.47499pt.

Overfull \hbox (206.20012pt too wide) has occurred while \output is active
  [] [][][][] [][][][][][][][][][][][] [][][] [][][][][][][][][] [][][][] [][][
] [][][][][][][][][][] [][][][][][][][][][][][][] [][][][][][][][] [][][] [][][
] [][][][][][][][][] [][][]  
 []


Overfull \hbox (1.38991pt too wide) has occurred while \output is active
[][] 
 []

[42

]
File: figuras/logoPPGCA.png Graphic file (type png)
<use figuras/logoPPGCA.png>
Package pdftex.def Info: figuras/logoPPGCA.png  used on input line 378.
(pdftex.def)             Requested size: 91.81506pt x 22.47499pt.

Overfull \hbox (206.20012pt too wide) has occurred while \output is active
  [] [][][][] [][][][][][][][][][][][] [][][] [][][][][][][][][] [][][][] [][][
] [][][][][][][][][][] [][][][][][][][][][][][][] [][][][][][][][] [][][] [][][
] [][][][][][][][][] [][][]  
 []


Overfull \hbox (1.38991pt too wide) has occurred while \output is active
[][] 
 []

[43

]
File: figuras/logoPPGCA.png Graphic file (type png)
<use figuras/logoPPGCA.png>
Package pdftex.def Info: figuras/logoPPGCA.png  used on input line 394.
(pdftex.def)             Requested size: 91.81506pt x 22.47499pt.

Overfull \hbox (206.20012pt too wide) has occurred while \output is active
  [] [][][][] [][][][][][][][][][][][] [][][] [][][][][][][][][] [][][][] [][][
] [][][][][][][][][][] [][][][][][][][][][][][][] [][][][][][][][] [][][] [][][
] [][][][][][][][][] [][][]  
 []


Overfull \hbox (1.38991pt too wide) has occurred while \output is active
[][] 
 []

[44

]
File: figuras/logoPPGCA.png Graphic file (type png)
<use figuras/logoPPGCA.png>
Package pdftex.def Info: figuras/logoPPGCA.png  used on input line 405.
(pdftex.def)             Requested size: 91.81506pt x 22.47499pt.

Overfull \hbox (206.20012pt too wide) has occurred while \output is active
  [] [][][][] [][][][][][][][][][][][] [][][] [][][][][][][][][] [][][][] [][][
] [][][][][][][][][][] [][][][][][][][][][][][][] [][][][][][][][] [][][] [][][
] [][][][][][][][][] [][][]  
 []


Overfull \hbox (1.38991pt too wide) has occurred while \output is active
[][] 
 []

[45

]
File: figuras/logoPPGCA.png Graphic file (type png)
<use figuras/logoPPGCA.png>
Package pdftex.def Info: figuras/logoPPGCA.png  used on input line 425.
(pdftex.def)             Requested size: 91.81506pt x 22.47499pt.

Overfull \hbox (206.20012pt too wide) has occurred while \output is active
  [] [][][][] [][][][][][][][][][][][] [][][] [][][][][][][][][] [][][][] [][][
] [][][][][][][][][][] [][][][][][][][][][][][][] [][][][][][][][] [][][] [][][
] [][][][][][][][][] [][][]  
 []


Overfull \hbox (1.38991pt too wide) has occurred while \output is active
[][] 
 []

[46

]
<figuras//discente.png, id=4622, 834.11626pt x 461.725pt>
File: figuras//discente.png Graphic file (type png)
<use figuras//discente.png>
Package pdftex.def Info: figuras//discente.png  used on input line 431.
(pdftex.def)             Requested size: 291.94507pt x 161.60617pt.
File: figuras/logoPPGCA.png Graphic file (type png)
<use figuras/logoPPGCA.png>
Package pdftex.def Info: figuras/logoPPGCA.png  used on input line 431.
(pdftex.def)             Requested size: 91.81506pt x 22.47499pt.

Overfull \hbox (206.20012pt too wide) has occurred while \output is active
  [] [][][][] [][][][][][][][][][][][] [][][] [][][][][][][][][] [][][][] [][][
] [][][][][][][][][][] [][][][][][][][][][][][][] [][][][][][][][] [][][] [][][
] [][][][][][][][][] [][][]  
 []


Overfull \hbox (1.38991pt too wide) has occurred while \output is active
[][] 
 []

[47

 <./figuras//discente.png>]
<figuras//pesquisa.png, id=4716, 863.225pt x 587.19376pt>
File: figuras//pesquisa.png Graphic file (type png)
<use figuras//pesquisa.png>
Package pdftex.def Info: figuras//pesquisa.png  used on input line 437.
(pdftex.def)             Requested size: 258.9695pt x 176.15948pt.

Overfull \vbox (6.59415pt too high) detected at line 437
 []

File: figuras/logoPPGCA.png Graphic file (type png)
<use figuras/logoPPGCA.png>
Package pdftex.def Info: figuras/logoPPGCA.png  used on input line 437.
(pdftex.def)             Requested size: 91.81506pt x 22.47499pt.

Overfull \hbox (206.20012pt too wide) has occurred while \output is active
  [] [][][][] [][][][][][][][][][][][] [][][] [][][][][][][][][] [][][][] [][][
] [][][][][][][][][][] [][][][][][][][][][][][][] [][][][][][][][] [][][] [][][
] [][][][][][][][][] [][][]  
 []


Overfull \hbox (1.38991pt too wide) has occurred while \output is active
[][] 
 []

[48

 <./figuras//pesquisa.png>]
File: figuras/logoPPGCA.png Graphic file (type png)
<use figuras/logoPPGCA.png>
Package pdftex.def Info: figuras/logoPPGCA.png  used on input line 454.
(pdftex.def)             Requested size: 91.81506pt x 22.47499pt.

Overfull \hbox (206.20012pt too wide) has occurred while \output is active
  [] [][][][] [][][][][][][][][][][][] [][][] [][][][][][][][][] [][][][] [][][
] [][][][][][][][][][] [][][][][][][][][][][][][] [][][][][][][][] [][][] [][][
] [][][][][][][][][] [][][]  
 []


Overfull \hbox (1.38991pt too wide) has occurred while \output is active
[][] 
 []

[49

]
File: figuras/logoPPGCA.png Graphic file (type png)
<use figuras/logoPPGCA.png>
Package pdftex.def Info: figuras/logoPPGCA.png  used on input line 464.
(pdftex.def)             Requested size: 91.81506pt x 22.47499pt.

Overfull \hbox (206.20012pt too wide) has occurred while \output is active
  [] [][][][] [][][][][][][][][][][][] [][][] [][][][][][][][][] [][][][] [][][
] [][][][][][][][][][] [][][][][][][][][][][][][] [][][][][][][][] [][][] [][][
] [][][][][][][][][] [][][]  
 []


Overfull \hbox (1.38991pt too wide) has occurred while \output is active
[][] 
 []

[50

]
<figuras//vscode.jpeg, id=4995, 225.84375pt x 225.84375pt>
File: figuras//vscode.jpeg Graphic file (type jpg)
<use figuras//vscode.jpeg>
Package pdftex.def Info: figuras//vscode.jpeg  used on input line 484.
(pdftex.def)             Requested size: 56.46078pt x 56.46078pt.
<figuras//logado.jpeg, id=4996, 451.6875pt x 506.89375pt>
File: figuras//logado.jpeg Graphic file (type jpg)
<use figuras//logado.jpeg>
Package pdftex.def Info: figuras//logado.jpeg  used on input line 484.
(pdftex.def)             Requested size: 54.20015pt x 60.82462pt.
File: figuras/logoPPGCA.png Graphic file (type png)
<use figuras/logoPPGCA.png>
Package pdftex.def Info: figuras/logoPPGCA.png  used on input line 484.
(pdftex.def)             Requested size: 91.81506pt x 22.47499pt.

Overfull \hbox (206.20012pt too wide) has occurred while \output is active
  [] [][][][] [][][][][][][][][][][][] [][][] [][][][][][][][][] [][][][] [][][
] [][][][][][][][][][] [][][][][][][][][][][][][] [][][][][][][][] [][][] [][][
] [][][][][][][][][] [][][]  
 []


Overfull \hbox (1.38991pt too wide) has occurred while \output is active
[][] 
 []

[51

 <./figuras//vscode.jpeg> <./figuras//logado.jpeg>]
File: figuras/logoPPGCA.png Graphic file (type png)
<use figuras/logoPPGCA.png>
Package pdftex.def Info: figuras/logoPPGCA.png  used on input line 491.
(pdftex.def)             Requested size: 91.81506pt x 22.47499pt.

Overfull \hbox (206.20012pt too wide) has occurred while \output is active
  [] [][][][] [][][][][][][][][][][][] [][][] [][][][][][][][][] [][][][] [][][
] [][][][][][][][][][] [][][][][][][][][][][][][] [][][][][][][][] [][][] [][][
] [][][][][][][][][] [][][]  
 []


Overfull \hbox (1.38991pt too wide) has occurred while \output is active
[][] 
 []

[52

]
File: figuras/logoPPGCA.png Graphic file (type png)
<use figuras/logoPPGCA.png>
Package pdftex.def Info: figuras/logoPPGCA.png  used on input line 493.
(pdftex.def)             Requested size: 91.81506pt x 22.47499pt.

Overfull \hbox (206.20012pt too wide) has occurred while \output is active
  [] [][][][] [][][][][][][][][][][][] [][][] [][][][][][][][][] [][][][] [][][
] [][][][][][][][][][] [][][][][][][][][][][][][] [][][][][][][][] [][][] [][][
] [][][][][][][][][] [][][]  
 []


Overfull \hbox (1.38991pt too wide) has occurred while \output is active
[][] 
 []

[53

]
<figuras//algoritmo0.png, id=5282, 1148.29pt x 673.51625pt>
File: figuras//algoritmo0.png Graphic file (type png)
<use figuras//algoritmo0.png>
Package pdftex.def Info: figuras//algoritmo0.png  used on input line 496.
(pdftex.def)             Requested size: 344.48965pt x 202.05643pt.

Overfull \vbox (5.49109pt too high) detected at line 496
 []

File: figuras/logoPPGCA.png Graphic file (type png)
<use figuras/logoPPGCA.png>
Package pdftex.def Info: figuras/logoPPGCA.png  used on input line 496.
(pdftex.def)             Requested size: 91.81506pt x 22.47499pt.

Overfull \hbox (206.20012pt too wide) has occurred while \output is active
  [] [][][][] [][][][][][][][][][][][] [][][] [][][][][][][][][] [][][][] [][][
] [][][][][][][][][][] [][][][][][][][][][][][][] [][][][][][][][] [][][] [][][
] [][][][][][][][][] [][][]  
 []


Overfull \hbox (1.38991pt too wide) has occurred while \output is active
[][] 
 []

[54

 <./figuras//algoritmo0.png>]
<figuras//log1.png, id=5376, 959.585pt x 831.105pt>
File: figuras//log1.png Graphic file (type png)
<use figuras//log1.png>
Package pdftex.def Info: figuras//log1.png  used on input line 499.
(pdftex.def)             Requested size: 220.6999pt x 191.15013pt.
File: figuras/logoPPGCA.png Graphic file (type png)
<use figuras/logoPPGCA.png>
Package pdftex.def Info: figuras/logoPPGCA.png  used on input line 499.
(pdftex.def)             Requested size: 91.81506pt x 22.47499pt.

Overfull \hbox (206.20012pt too wide) has occurred while \output is active
  [] [][][][] [][][][][][][][][][][][] [][][] [][][][][][][][][] [][][][] [][][
] [][][][][][][][][][] [][][][][][][][][][][][][] [][][][][][][][] [][][] [][][
] [][][][][][][][][] [][][]  
 []


Overfull \hbox (1.38991pt too wide) has occurred while \output is active
[][] 
 []

[55

 <./figuras//log1.png>]
<figuras//log2.png, id=5471, 959.585pt x 831.105pt>
File: figuras//log2.png Graphic file (type png)
<use figuras//log2.png>
Package pdftex.def Info: figuras//log2.png  used on input line 502.
(pdftex.def)             Requested size: 220.6999pt x 191.15013pt.
File: figuras/logoPPGCA.png Graphic file (type png)
<use figuras/logoPPGCA.png>
Package pdftex.def Info: figuras/logoPPGCA.png  used on input line 502.
(pdftex.def)             Requested size: 91.81506pt x 22.47499pt.

Overfull \hbox (206.20012pt too wide) has occurred while \output is active
  [] [][][][] [][][][][][][][][][][][] [][][] [][][][][][][][][] [][][][] [][][
] [][][][][][][][][][] [][][][][][][][][][][][][] [][][][][][][][] [][][] [][][
] [][][][][][][][][] [][][]  
 []


Overfull \hbox (1.38991pt too wide) has occurred while \output is active
[][] 
 []

[56

 <./figuras//log2.png>]
File: figuras/logoPPGCA.png Graphic file (type png)
<use figuras/logoPPGCA.png>
Package pdftex.def Info: figuras/logoPPGCA.png  used on input line 503.
(pdftex.def)             Requested size: 91.81506pt x 22.47499pt.

Overfull \hbox (206.20012pt too wide) has occurred while \output is active
  [] [][][][] [][][][][][][][][][][][] [][][] [][][][][][][][][] [][][][] [][][
] [][][][][][][][][][] [][][][][][][][][][][][][] [][][][][][][][] [][][] [][][
] [][][][][][][][][] [][][]  
 []


Overfull \hbox (1.38991pt too wide) has occurred while \output is active
[][] 
 []

[57

]
<figuras//vsce.png, id=5667, 1387.1825pt x 658.46pt>
File: figuras//vsce.png Graphic file (type png)
<use figuras//vsce.png>
Package pdftex.def Info: figuras//vsce.png  used on input line 506.
(pdftex.def)             Requested size: 416.15796pt x 197.53952pt.

Overfull \hbox (17.81937pt too wide) in paragraph at lines 506--506
[][] 
 []


Overfull \vbox (0.97418pt too high) detected at line 506
 []

File: figuras/logoPPGCA.png Graphic file (type png)
<use figuras/logoPPGCA.png>
Package pdftex.def Info: figuras/logoPPGCA.png  used on input line 506.
(pdftex.def)             Requested size: 91.81506pt x 22.47499pt.

Overfull \hbox (206.20012pt too wide) has occurred while \output is active
  [] [][][][] [][][][][][][][][][][][] [][][] [][][][][][][][][] [][][][] [][][
] [][][][][][][][][][] [][][][][][][][][][][][][] [][][][][][][][] [][][] [][][
] [][][][][][][][][] [][][]  
 []


Overfull \hbox (1.38991pt too wide) has occurred while \output is active
[][] 
 []

[58

 <./figuras//vsce.png>]
<figuras//yocode.png, id=5761, 604.2575pt x 398.48875pt>
File: figuras//yocode.png Graphic file (type png)
<use figuras//yocode.png>
Package pdftex.def Info: figuras//yocode.png  used on input line 509.
(pdftex.def)             Requested size: 271.91336pt x 179.31828pt.
File: figuras/logoPPGCA.png Graphic file (type png)
<use figuras/logoPPGCA.png>
Package pdftex.def Info: figuras/logoPPGCA.png  used on input line 509.
(pdftex.def)             Requested size: 91.81506pt x 22.47499pt.

Overfull \hbox (206.20012pt too wide) has occurred while \output is active
  [] [][][][] [][][][][][][][][][][][] [][][] [][][][][][][][][] [][][][] [][][
] [][][][][][][][][][] [][][][][][][][][][][][][] [][][][][][][][] [][][] [][][
] [][][][][][][][][] [][][]  
 []


Overfull \hbox (1.38991pt too wide) has occurred while \output is active
[][] 
 []

[59

 <./figuras//yocode.png>]
<figuras//marketplace.png, id=5855, 1441.385pt x 891.33pt>
File: figuras//marketplace.png Graphic file (type png)
<use figuras//marketplace.png>
Package pdftex.def Info: figuras//marketplace.png  used on input line 512.
(pdftex.def)             Requested size: 317.10568pt x 196.0932pt.
File: figuras/logoPPGCA.png Graphic file (type png)
<use figuras/logoPPGCA.png>
Package pdftex.def Info: figuras/logoPPGCA.png  used on input line 512.
(pdftex.def)             Requested size: 91.81506pt x 22.47499pt.

Overfull \hbox (206.20012pt too wide) has occurred while \output is active
  [] [][][][] [][][][][][][][][][][][] [][][] [][][][][][][][][] [][][][] [][][
] [][][][][][][][][][] [][][][][][][][][][][][][] [][][][][][][][] [][][] [][][
] [][][][][][][][][] [][][]  
 []


Overfull \hbox (1.38991pt too wide) has occurred while \output is active
[][] 
 []

[60

 <./figuras//marketplace.png>]
File: figuras/logoPPGCA.png Graphic file (type png)
<use figuras/logoPPGCA.png>
Package pdftex.def Info: figuras/logoPPGCA.png  used on input line 524.
(pdftex.def)             Requested size: 91.81506pt x 22.47499pt.

Overfull \hbox (206.20012pt too wide) has occurred while \output is active
  [] [][][][] [][][][][][][][][][][][] [][][] [][][][][][][][][] [][][][] [][][
] [][][][][][][][][][] [][][][][][][][][][][][][] [][][][][][][][] [][][] [][][
] [][][][][][][][][] [][][]  
 []


Overfull \hbox (1.38991pt too wide) has occurred while \output is active
[][] 
 []

[61

]
<figuras//cronograma.png, id=6052, 766.865pt x 541.02126pt>
File: figuras//cronograma.png Graphic file (type png)
<use figuras//cronograma.png>
Package pdftex.def Info: figuras//cronograma.png  used on input line 531.
(pdftex.def)             Requested size: 230.06128pt x 162.30762pt.
File: figuras/logoPPGCA.png Graphic file (type png)
<use figuras/logoPPGCA.png>
Package pdftex.def Info: figuras/logoPPGCA.png  used on input line 531.
(pdftex.def)             Requested size: 91.81506pt x 22.47499pt.

Overfull \hbox (206.20012pt too wide) has occurred while \output is active
  [] [][][][] [][][][][][][][][][][][] [][][] [][][][][][][][][] [][][][] [][][
] [][][][][][][][][][] [][][][][][][][][][][][][] [][][][][][][][] [][][] [][][
] [][][][][][][][][] [][][]  
 []


Overfull \hbox (1.38991pt too wide) has occurred while \output is active
[][] 
 []

[62

 <./figuras//cronograma.png>]
File: figuras/logoPPGCA.png Graphic file (type png)
<use figuras/logoPPGCA.png>
Package pdftex.def Info: figuras/logoPPGCA.png  used on input line 532.
(pdftex.def)             Requested size: 91.81506pt x 22.47499pt.

Overfull \hbox (206.20012pt too wide) has occurred while \output is active
  [] [][][][] [][][][][][][][][][][][] [][][] [][][][][][][][][] [][][][] [][][
] [][][][][][][][][][] [][][][][][][][][][][][][] [][][][][][][][] [][][] [][][
] [][][][][][][][][] [][][]  
 []


Overfull \hbox (1.38991pt too wide) has occurred while \output is active
[][] 
 []

[63

]
<figuras//laclo.jpeg, id=6248, 2047.65pt x 1152.305pt>
File: figuras//laclo.jpeg Graphic file (type jpg)
<use figuras//laclo.jpeg>
Package pdftex.def Info: figuras//laclo.jpeg  used on input line 536.
(pdftex.def)             Requested size: 409.52275pt x 230.45691pt.

Overfull \hbox (11.18416pt too wide) in paragraph at lines 536--536
[][] 
 []


Overfull \vbox (33.89157pt too high) detected at line 536
 []

File: figuras/logoPPGCA.png Graphic file (type png)
<use figuras/logoPPGCA.png>
Package pdftex.def Info: figuras/logoPPGCA.png  used on input line 536.
(pdftex.def)             Requested size: 91.81506pt x 22.47499pt.

Overfull \hbox (206.20012pt too wide) has occurred while \output is active
  [] [][][][] [][][][][][][][][][][][] [][][] [][][][][][][][][] [][][][] [][][
] [][][][][][][][][][] [][][][][][][][][][][][][] [][][][][][][][] [][][] [][][
] [][][][][][][][][] [][][]  
 []


Overfull \hbox (1.38991pt too wide) has occurred while \output is active
[][] 
 []

[64

 <./figuras//laclo.jpeg>]
File: figuras/logoPPGCA.png Graphic file (type png)
<use figuras/logoPPGCA.png>
Package pdftex.def Info: figuras/logoPPGCA.png  used on input line 537.
(pdftex.def)             Requested size: 91.81506pt x 22.47499pt.

Overfull \hbox (206.20012pt too wide) has occurred while \output is active
  [] [][][][] [][][][][][][][][][][][] [][][] [][][][][][][][][] [][][][] [][][
] [][][][][][][][][][] [][][][][][][][][][][][][] [][][][][][][][] [][][] [][][
] [][][][][][][][][] [][][]  
 []


Overfull \hbox (1.38991pt too wide) has occurred while \output is active
[][] 
 []

[65

]
<figuras//ref0.png, id=6445, 1106.1325pt x 702.625pt>
File: figuras//ref0.png Graphic file (type png)
<use figuras//ref0.png>
Package pdftex.def Info: figuras//ref0.png  used on input line 540.
(pdftex.def)             Requested size: 331.84232pt x 210.78912pt.

Overfull \vbox (14.22379pt too high) detected at line 540
 []

File: figuras/logoPPGCA.png Graphic file (type png)
<use figuras/logoPPGCA.png>
Package pdftex.def Info: figuras/logoPPGCA.png  used on input line 540.
(pdftex.def)             Requested size: 91.81506pt x 22.47499pt.

Overfull \hbox (206.20012pt too wide) has occurred while \output is active
  [] [][][][] [][][][][][][][][][][][] [][][] [][][][][][][][][] [][][][] [][][
] [][][][][][][][][][] [][][][][][][][][][][][][] [][][][][][][][] [][][] [][][
] [][][][][][][][][] [][][]  
 []


Overfull \hbox (1.38991pt too wide) has occurred while \output is active
[][] 
 []

[66

 <./figuras//ref0.png>]
<figuras//ref1.png, id=6539, 1106.1325pt x 702.625pt>
File: figuras//ref1.png Graphic file (type png)
<use figuras//ref1.png>
Package pdftex.def Info: figuras//ref1.png  used on input line 543.
(pdftex.def)             Requested size: 331.84232pt x 210.78912pt.

Overfull \vbox (14.22379pt too high) detected at line 543
 []

File: figuras/logoPPGCA.png Graphic file (type png)
<use figuras/logoPPGCA.png>
Package pdftex.def Info: figuras/logoPPGCA.png  used on input line 543.
(pdftex.def)             Requested size: 91.81506pt x 22.47499pt.

Overfull \hbox (206.20012pt too wide) has occurred while \output is active
  [] [][][][] [][][][][][][][][][][][] [][][] [][][][][][][][][] [][][][] [][][
] [][][][][][][][][][] [][][][][][][][][][][][][] [][][][][][][][] [][][] [][][
] [][][][][][][][][] [][][]  
 []


Overfull \hbox (1.38991pt too wide) has occurred while \output is active
[][] 
 []

[67

 <./figuras//ref1.png>]
<figuras//ref2.png, id=6634, 1127.21124pt x 232.87pt>
File: figuras//ref2.png Graphic file (type png)
<use figuras//ref2.png>
Package pdftex.def Info: figuras//ref2.png  used on input line 546.
(pdftex.def)             Requested size: 394.52985pt x 81.5057pt.
File: figuras/logoPPGCA.png Graphic file (type png)
<use figuras/logoPPGCA.png>
Package pdftex.def Info: figuras/logoPPGCA.png  used on input line 546.
(pdftex.def)             Requested size: 91.81506pt x 22.47499pt.

Overfull \hbox (206.20012pt too wide) has occurred while \output is active
  [] [][][][] [][][][][][][][][][][][] [][][] [][][][][][][][][] [][][][] [][][
] [][][][][][][][][][] [][][][][][][][][][][][][] [][][][][][][][] [][][] [][][
] [][][][][][][][][] [][][]  
 []


Overfull \hbox (1.38991pt too wide) has occurred while \output is active
[][] 
 []

[68

 <./figuras//ref2.png>]
<figuras//ref3.png, id=6728, 1192.455pt x 500.87125pt>
File: figuras//ref3.png Graphic file (type png)
<use figuras//ref3.png>
Package pdftex.def Info: figuras//ref3.png  used on input line 549.
(pdftex.def)             Requested size: 417.36551pt x 175.30756pt.

Overfull \hbox (19.02692pt too wide) in paragraph at lines 549--549
[][] 
 []

File: figuras/logoPPGCA.png Graphic file (type png)
<use figuras/logoPPGCA.png>
Package pdftex.def Info: figuras/logoPPGCA.png  used on input line 549.
(pdftex.def)             Requested size: 91.81506pt x 22.47499pt.

Overfull \hbox (206.20012pt too wide) has occurred while \output is active
  [] [][][][] [][][][][][][][][][][][] [][][] [][][][][][][][][] [][][][] [][][
] [][][][][][][][][][] [][][][][][][][][][][][][] [][][][][][][][] [][][] [][][
] [][][][][][][][][] [][][]  
 []


Overfull \hbox (1.38991pt too wide) has occurred while \output is active
[][] 
 []

[69

 <./figuras//ref3.png>]
<figuras//ref4.png, id=6822, 1214.5375pt x 613.29124pt>
File: figuras//ref4.png Graphic file (type png)
<use figuras//ref4.png>
Package pdftex.def Info: figuras//ref4.png  used on input line 552.
(pdftex.def)             Requested size: 425.0945pt x 214.65514pt.

Overfull \hbox (26.7559pt too wide) in paragraph at lines 552--552
[][] 
 []


Overfull \vbox (18.0898pt too high) detected at line 552
 []

File: figuras/logoPPGCA.png Graphic file (type png)
<use figuras/logoPPGCA.png>
Package pdftex.def Info: figuras/logoPPGCA.png  used on input line 552.
(pdftex.def)             Requested size: 91.81506pt x 22.47499pt.

Overfull \hbox (206.20012pt too wide) has occurred while \output is active
  [] [][][][] [][][][][][][][][][][][] [][][] [][][][][][][][][] [][][][] [][][
] [][][][][][][][][][] [][][][][][][][][][][][][] [][][][][][][][] [][][] [][][
] [][][][][][][][][] [][][]  
 []


Overfull \hbox (1.38991pt too wide) has occurred while \output is active
[][] 
 []

[70

 <./figuras//ref4.png>]
<figuras//ref5.png, id=6916, 1214.5375pt x 613.29124pt>
File: figuras//ref5.png Graphic file (type png)
<use figuras//ref5.png>
Package pdftex.def Info: figuras//ref5.png  used on input line 555.
(pdftex.def)             Requested size: 425.0945pt x 214.65514pt.

Overfull \hbox (26.7559pt too wide) in paragraph at lines 555--555
[][] 
 []


Overfull \vbox (18.0898pt too high) detected at line 555
 []

File: figuras/logoPPGCA.png Graphic file (type png)
<use figuras/logoPPGCA.png>
Package pdftex.def Info: figuras/logoPPGCA.png  used on input line 555.
(pdftex.def)             Requested size: 91.81506pt x 22.47499pt.

Overfull \hbox (206.20012pt too wide) has occurred while \output is active
  [] [][][][] [][][][][][][][][][][][] [][][] [][][][][][][][][] [][][][] [][][
] [][][][][][][][][][] [][][][][][][][][][][][][] [][][][][][][][] [][][] [][][
] [][][][][][][][][] [][][]  
 []


Overfull \hbox (1.38991pt too wide) has occurred while \output is active
[][] 
 []

[71

 <./figuras//ref5.png>]
<figuras//ref6.png, id=7010, 1175.39125pt x 168.63pt>
File: figuras//ref6.png Graphic file (type png)
<use figuras//ref6.png>
Package pdftex.def Info: figuras//ref6.png  used on input line 558.
(pdftex.def)             Requested size: 411.39311pt x 59.02138pt.

Overfull \hbox (13.05452pt too wide) in paragraph at lines 558--558
[][] 
 []

File: figuras/logoPPGCA.png Graphic file (type png)
<use figuras/logoPPGCA.png>
Package pdftex.def Info: figuras/logoPPGCA.png  used on input line 558.
(pdftex.def)             Requested size: 91.81506pt x 22.47499pt.

Overfull \hbox (206.20012pt too wide) has occurred while \output is active
  [] [][][][] [][][][][][][][][][][][] [][][] [][][][][][][][][] [][][][] [][][
] [][][][][][][][][][] [][][][][][][][][][][][][] [][][][][][][][] [][][] [][][
] [][][][][][][][][] [][][]  
 []


Overfull \hbox (1.38991pt too wide) has occurred while \output is active
[][] 
 []

[72

 <./figuras//ref6.png>]
File: figuras/logoPPGCA.png Graphic file (type png)
<use figuras/logoPPGCA.png>
Package pdftex.def Info: figuras/logoPPGCA.png  used on input line 559.
(pdftex.def)             Requested size: 91.81506pt x 22.47499pt.

Overfull \hbox (206.20012pt too wide) has occurred while \output is active
  [] [][][][] [][][][][][][][][][][][] [][][] [][][][][][][][][] [][][][] [][][
] [][][][][][][][][][] [][][][][][][][][][][][][] [][][][][][][][] [][][] [][][
] [][][][][][][][][] [][][]  
 []


Overfull \hbox (1.38991pt too wide) has occurred while \output is active
[][] 
 []

[73

]
<figuras//uft.jpeg, id=7208, 210.28395pt x 232.03746pt>
File: figuras//uft.jpeg Graphic file (type jpg)
<use figuras//uft.jpeg>
Package pdftex.def Info: figuras//uft.jpeg  used on input line 613.
(pdftex.def)             Requested size: 51.56975pt x 56.9055pt.
<figuras//ifam.png, id=7209, 242.9075pt x 208.78pt>
File: figuras//ifam.png Graphic file (type png)
<use figuras//ifam.png>
Package pdftex.def Info: figuras//ifam.png  used on input line 613.
(pdftex.def)             Requested size: 66.20486pt x 56.9055pt.
<figuras//logoPPGCA.png, id=7210, 612.1269pt x 149.8398pt>
File: figuras//logoPPGCA.png Graphic file (type png)
<use figuras//logoPPGCA.png>
Package pdftex.def Info: figuras//logoPPGCA.png  used on input line 613.
(pdftex.def)             Requested size: 127.85925pt x 31.2982pt.
File: figuras//logado.jpeg Graphic file (type jpg)
<use figuras//logado.jpeg>
Package pdftex.def Info: figuras//logado.jpeg  used on input line 613.
(pdftex.def)             Requested size: 50.70581pt x 56.9055pt.
File: figuras/logoPPGCA.png Graphic file (type png)
<use figuras/logoPPGCA.png>
Package pdftex.def Info: figuras/logoPPGCA.png  used on input line 613.
(pdftex.def)             Requested size: 91.81506pt x 22.47499pt.

Overfull \hbox (206.20012pt too wide) has occurred while \output is active
  [] [][][][] [][][][][][][][][][][][] [][][] [][][][][][][][][] [][][][] [][][
] [][][][][][][][][][] [][][][][][][][][][][][][] [][][][][][][][] [][][] [][][
] [][][][][][][][][] [][][]  
 []


Overfull \hbox (1.38991pt too wide) has occurred while \output is active
[][] 
 []

[74

 <./figuras//uft.jpeg> <./figuras//ifam.png> <./figuras//logoPPGCA.png>]
\tf@nav=\write8
\openout8 = `main.nav'.

\tf@toc=\write9
\openout9 = `main.toc'.

\tf@snm=\write10
\openout10 = `main.snm'.


(./main.aux)

Package rerunfilecheck Warning: File `main.out' has changed.
(rerunfilecheck)                Rerun to get outlines right
(rerunfilecheck)                or use package `bookmark'.

Package rerunfilecheck Info: Checksums for `main.out':
(rerunfilecheck)             Before: E96B793E52B726D7866DFBBC14914A1D;2038
(rerunfilecheck)             After:  E79F0FD4E204E2C5FF9C51D102EAFEAB;2232.
 ) 
Here is how much of TeX's memory you used:
 40042 strings out of 478287
 844514 string characters out of 5849289
 1272333 words of memory out of 5000000
 57284 multiletter control sequences out of 15000+600000
 519792 words of font info for 85 fonts, out of 8000000 for 9000
 1141 hyphenation exceptions out of 8191
 142i,20n,136p,500b,770s stack positions out of 5000i,500n,10000p,200000b,80000s
{/usr/share/texlive/texmf-dist/fonts/enc/dvips/base/8r.enc}</usr/share/texliv
e/texmf-dist/fonts/type1/urw/helvetic/uhvb8a.pfb></usr/share/texlive/texmf-dist
/fonts/type1/urw/helvetic/uhvbo8a.pfb></usr/share/texlive/texmf-dist/fonts/type
1/urw/helvetic/uhvr8a.pfb></usr/share/texlive/texmf-dist/fonts/type1/urw/helvet
ic/uhvro8a.pfb>
Output written on main.pdf (74 pages, 4491160 bytes).
PDF statistics:
 7365 PDF objects out of 7423 (max. 8388607)
 6896 compressed objects within 69 object streams
 167 named destinations out of 1000 (max. 500000)
 1257 words of extra memory for PDF output out of 10000 (max. 10000000)

