repositorio,caminho_arquivo,nome_arquivo,keyword,timestamp,file_origem,linha,coluna,data_analise
Raqueli-S,/home/gilmar/Documents/algoritmos/logado-utfpr-ifam/logado-students/repos_logado/Raqueli-S/domingos.json,domingos.json,prompt,2026-02-27 20:45:11,domingos.js,2,34,2026-04-01T08:13:07.897182
Raqueli-S,/home/gilmar/Documents/algoritmos/logado-utfpr-ifam/logado-students/repos_logado/Raqueli-S/domingos.json,domingos.json,var,2026-02-27 20:45:41,domingos.js,3,1,2026-04-01T08:13:07.897190
Raqueli-S,/home/gilmar/Documents/algoritmos/logado-utfpr-ifam/logado-students/repos_logado/Raqueli-S/domingos.json,domingos.json,for,2026-02-27 22:23:15,domingos.js,12,1,2026-04-01T08:13:07.897192
Raqueli-S,/home/gilmar/Documents/algoritmos/logado-utfpr-ifam/logado-students/repos_logado/Raqueli-S/domingos.json,domingos.json,alert,2026-02-27 22:25:42,domingos.js,15,1,2026-04-01T08:13:07.897195
Raqueli-S,/home/gilmar/Documents/algoritmos/logado-utfpr-ifam/logado-students/repos_logado/Raqueli-S/vaquinha.json,vaquinha.json,prompt,2026-03-12 19:48:00,vaquinha.js,3,29,2026-04-01T08:13:07.897221
Raqueli-S,/home/gilmar/Documents/algoritmos/logado-utfpr-ifam/logado-students/repos_logado/Raqueli-S/vaquinha.json,vaquinha.json,for,2026-03-12 19:49:18,vaquinha.js,4,5,2026-04-01T08:13:07.897223
Raqueli-S,/home/gilmar/Documents/algoritmos/logado-utfpr-ifam/logado-students/repos_logado/Raqueli-S/vaquinha.json,vaquinha.json,prompt,2026-03-12 19:54:31,vaquinha.js,5,29,2026-04-01T08:13:07.897225
Raqueli-S,/home/gilmar/Documents/algoritmos/logado-utfpr-ifam/logado-students/repos_logado/Raqueli-S/vaquinha.json,vaquinha.json,alert,2026-03-12 19:56:13,vaquinha.js,8,5,2026-04-01T08:13:07.897227
Raqueli-S,/home/gilmar/Documents/algoritmos/logado-utfpr-ifam/logado-students/repos_logado/Raqueli-S/vaquinha.json,vaquinha.json,for,2026-03-12 20:08:07,vaquinha.js,9,5,2026-04-01T08:13:07.897228
Raqueli-S,/home/gilmar/Documents/algoritmos/logado-utfpr-ifam/logado-students/repos_logado/Raqueli-S/jogos.json,jogos.json,for,2026-02-26 20:04:05,jogos.js,3,1,2026-04-01T08:13:07.897247
Raqueli-S,/home/gilmar/Documents/algoritmos/logado-utfpr-ifam/logado-students/repos_logado/Raqueli-S/jogos.json,jogos.json,let,2026-02-26 20:04:05,jogos.js,3,6,2026-04-01T08:13:07.897249
Raqueli-S,/home/gilmar/Documents/algoritmos/logado-utfpr-ifam/logado-students/repos_logado/Raqueli-S/jogos.json,jogos.json,for,2026-02-26 20:04:23,jogos.js,12,5,2026-04-01T08:13:07.897250
Raqueli-S,/home/gilmar/Documents/algoritmos/logado-utfpr-ifam/logado-students/repos_logado/Raqueli-S/jogos.json,jogos.json,let,2026-02-26 20:04:23,jogos.js,12,10,2026-04-01T08:13:07.897251
Raqueli-S,/home/gilmar/Documents/algoritmos/logado-utfpr-ifam/logado-students/repos_logado/Raqueli-S/jogos.json,jogos.json,for,2026-02-26 20:13:38,jogos.js,16,1,2026-04-01T08:13:07.897253
Raqueli-S,/home/gilmar/Documents/algoritmos/logado-utfpr-ifam/logado-students/repos_logado/Raqueli-S/jogos.json,jogos.json,alert,2026-02-26 20:28:34,jogos.js,16,1,2026-04-01T08:13:07.897254
Raqueli-S,/home/gilmar/Documents/algoritmos/logado-utfpr-ifam/logado-students/repos_logado/Raqueli-S/main.json,main.json,alert,2026-02-20 20:35:53,main.js,1,1,2026-04-01T08:13:07.897268
Raqueli-S,/home/gilmar/Documents/algoritmos/logado-utfpr-ifam/logado-students/repos_logado/Raqueli-S/par_impar.json,par_impar.json,prompt,2026-02-26 22:20:19,par_impar.js,2,22,2026-04-01T08:13:07.897283
Raqueli-S,/home/gilmar/Documents/algoritmos/logado-utfpr-ifam/logado-students/repos_logado/Raqueli-S/par_impar.json,par_impar.json,else,2026-02-26 22:24:30,par_impar.js,8,1,2026-04-01T08:13:07.897285
Raqueli-S,/home/gilmar/Documents/algoritmos/logado-utfpr-ifam/logado-students/repos_logado/Raqueli-S/par_impar.json,par_impar.json,alert,2026-02-26 22:24:57,par_impar.js,10,1,2026-04-01T08:13:07.897286
Raqueli-S,/home/gilmar/Documents/algoritmos/logado-utfpr-ifam/logado-students/repos_logado/Raqueli-S/funcao_soma.json,funcao_soma.json,function,2026-03-25 21:17:02,funcao_soma.js,1,1,2026-04-01T08:13:07.897316
Raqueli-S,/home/gilmar/Documents/algoritmos/logado-utfpr-ifam/logado-students/repos_logado/Raqueli-S/funcao_soma.json,funcao_soma.json,return,2026-03-25 21:17:54,funcao_soma.js,2,5,2026-04-01T08:13:07.897318
Raqueli-S,/home/gilmar/Documents/algoritmos/logado-utfpr-ifam/logado-students/repos_logado/Raqueli-S/funcao_soma.json,funcao_soma.json,prompt,2026-03-25 21:18:47,funcao_soma.js,4,16,2026-04-01T08:13:07.897320
Raqueli-S,/home/gilmar/Documents/algoritmos/logado-utfpr-ifam/logado-students/repos_logado/Raqueli-S/funcao_soma.json,funcao_soma.json,prompt,2026-03-25 21:20:01,funcao_soma.js,5,16,2026-04-01T08:13:07.897321
Raqueli-S,/home/gilmar/Documents/algoritmos/logado-utfpr-ifam/logado-students/repos_logado/Raqueli-S/funcao_soma.json,funcao_soma.json,alert,2026-03-25 21:21:13,funcao_soma.js,6,1,2026-04-01T08:13:07.897322
Raqueli-S,/home/gilmar/Documents/algoritmos/logado-utfpr-ifam/logado-students/repos_logado/Raqueli-S/funcao_soma.json,funcao_soma.json,function,2026-03-25 21:34:18,funcao_soma.js,7,10,2026-04-01T08:13:07.897324
Raqueli-S,/home/gilmar/Documents/algoritmos/logado-utfpr-ifam/logado-students/repos_logado/Raqueli-S/funcao_soma.json,funcao_soma.json,prompt,2026-03-25 21:35:23,funcao_soma.js,7,28,2026-04-01T08:13:07.897325
Raqueli-S,/home/gilmar/Documents/algoritmos/logado-utfpr-ifam/logado-students/repos_logado/Raqueli-S/funcao_soma.json,funcao_soma.json,alert,2026-03-25 21:39:10,funcao_soma.js,8,1,2026-04-01T08:13:07.897326
Raqueli-S,/home/gilmar/Documents/algoritmos/logado-utfpr-ifam/logado-students/repos_logado/Raqueli-S/funcao_soma.json,funcao_soma.json,function,2026-03-25 21:41:02,funcao_soma.js,7,1,2026-04-01T08:13:07.897327
Raqueli-S,/home/gilmar/Documents/algoritmos/logado-utfpr-ifam/logado-students/repos_logado/Raqueli-S/funcao_soma.json,funcao_soma.json,return,2026-03-25 21:41:47,funcao_soma.js,8,5,2026-04-01T08:13:07.897330
Raqueli-S,/home/gilmar/Documents/algoritmos/logado-utfpr-ifam/logado-students/repos_logado/Raqueli-S/funcao_soma.json,funcao_soma.json,function,2026-03-25 21:43:11,funcao_soma.js,10,1,2026-04-01T08:13:07.897332
Raqueli-S,/home/gilmar/Documents/algoritmos/logado-utfpr-ifam/logado-students/repos_logado/Raqueli-S/funcao_soma.json,funcao_soma.json,return,2026-03-25 21:44:04,funcao_soma.js,11,5,2026-04-01T08:13:07.897333
Raqueli-S,/home/gilmar/Documents/algoritmos/logado-utfpr-ifam/logado-students/repos_logado/Raqueli-S/funcao_soma.json,funcao_soma.json,function,2026-03-25 21:44:41,funcao_soma.js,13,1,2026-04-01T08:13:07.897335
Raqueli-S,/home/gilmar/Documents/algoritmos/logado-utfpr-ifam/logado-students/repos_logado/Raqueli-S/funcao_soma.json,funcao_soma.json,return,2026-03-25 21:45:30,funcao_soma.js,14,5,2026-04-01T08:13:07.897336
Raqueli-S,/home/gilmar/Documents/algoritmos/logado-utfpr-ifam/logado-students/repos_logado/Raqueli-S/funcao_soma.json,funcao_soma.json,prompt,2026-03-25 21:48:25,funcao_soma.js,16,11,2026-04-01T08:13:07.897337
Raqueli-S,/home/gilmar/Documents/algoritmos/logado-utfpr-ifam/logado-students/repos_logado/Raqueli-S/funcao_soma.json,funcao_soma.json,prompt,2026-03-25 21:52:45,funcao_soma.js,17,16,2026-04-01T08:13:07.897339
Raqueli-S,/home/gilmar/Documents/algoritmos/logado-utfpr-ifam/logado-students/repos_logado/Raqueli-S/funcao_soma.json,funcao_soma.json,prompt,2026-03-25 21:53:20,funcao_soma.js,18,16,2026-04-01T08:13:07.897340
Raqueli-S,/home/gilmar/Documents/algoritmos/logado-utfpr-ifam/logado-students/repos_logado/Raqueli-S/funcao_soma.json,funcao_soma.json,switch,2026-03-25 21:54:31,funcao_soma.js,19,1,2026-04-01T08:13:07.897341
Raqueli-S,/home/gilmar/Documents/algoritmos/logado-utfpr-ifam/logado-students/repos_logado/Raqueli-S/funcao_soma.json,funcao_soma.json,alert,2026-03-25 21:55:29,funcao_soma.js,21,9,2026-04-01T08:13:07.897342
Raqueli-S,/home/gilmar/Documents/algoritmos/logado-utfpr-ifam/logado-students/repos_logado/Raqueli-S/funcao_soma.json,funcao_soma.json,break,2026-03-25 21:56:00,funcao_soma.js,21,26,2026-04-01T08:13:07.897343
Raqueli-S,/home/gilmar/Documents/algoritmos/logado-utfpr-ifam/logado-students/repos_logado/Raqueli-S/funcao_soma.json,funcao_soma.json,alert,2026-03-25 21:56:31,funcao_soma.js,23,9,2026-04-01T08:13:07.897344
Raqueli-S,/home/gilmar/Documents/algoritmos/logado-utfpr-ifam/logado-students/repos_logado/Raqueli-S/funcao_soma.json,funcao_soma.json,break,2026-03-25 21:56:59,funcao_soma.js,23,26,2026-04-01T08:13:07.897346
Raqueli-S,/home/gilmar/Documents/algoritmos/logado-utfpr-ifam/logado-students/repos_logado/Raqueli-S/funcao_soma.json,funcao_soma.json,alert,2026-03-25 21:57:26,funcao_soma.js,25,13,2026-04-01T08:13:07.897347
Raqueli-S,/home/gilmar/Documents/algoritmos/logado-utfpr-ifam/logado-students/repos_logado/Raqueli-S/funcao_soma.json,funcao_soma.json,break,2026-03-25 21:57:53,funcao_soma.js,25,39,2026-04-01T08:13:07.897348
Raqueli-S,/home/gilmar/Documents/algoritmos/logado-utfpr-ifam/logado-students/repos_logado/Raqueli-S/funcao_soma.json,funcao_soma.json,alert,2026-03-25 21:58:17,funcao_soma.js,27,13,2026-04-01T08:13:07.897349
Raqueli-S,/home/gilmar/Documents/algoritmos/logado-utfpr-ifam/logado-students/repos_logado/Raqueli-S/funcao_soma.json,funcao_soma.json,alert,2026-03-25 21:59:44,funcao_soma.js,29,17,2026-04-01T08:13:07.897350
Raqueli-S,/home/gilmar/Documents/algoritmos/logado-utfpr-ifam/logado-students/repos_logado/Raqueli-S/funcao_soma.json,funcao_soma.json,do,2026-03-25 22:02:44,funcao_soma.js,30,2,2026-04-01T08:13:07.897351
Raqueli-S,/home/gilmar/Documents/algoritmos/logado-utfpr-ifam/logado-students/repos_logado/Raqueli-S/revisao_vetor.json,revisao_vetor.json,prompt,2026-03-26 19:38:04,revisao_vetor.js,1,13,2026-04-01T08:13:07.897369
Raqueli-S,/home/gilmar/Documents/algoritmos/logado-utfpr-ifam/logado-students/repos_logado/Raqueli-S/revisao_vetor.json,revisao_vetor.json,prompt,2026-03-26 19:40:51,revisao_vetor.js,2,10,2026-04-01T08:13:07.897371
Raqueli-S,/home/gilmar/Documents/algoritmos/logado-utfpr-ifam/logado-students/repos_logado/Raqueli-S/revisao_vetor.json,revisao_vetor.json,alert,2026-03-26 19:43:58,revisao_vetor.js,3,1,2026-04-01T08:13:07.897373
Raqueli-S,/home/gilmar/Documents/algoritmos/logado-utfpr-ifam/logado-students/repos_logado/Raqueli-S/revisao_vetor.json,revisao_vetor.json,prompt,2026-03-26 19:54:14,revisao_vetor.js,2,22,2026-04-01T08:13:07.897375
Raqueli-S,/home/gilmar/Documents/algoritmos/logado-utfpr-ifam/logado-students/repos_logado/Raqueli-S/revisao_vetor.json,revisao_vetor.json,for,2026-03-26 19:54:35,revisao_vetor.js,3,1,2026-04-01T08:13:07.897376
Raqueli-S,/home/gilmar/Documents/algoritmos/logado-utfpr-ifam/logado-students/repos_logado/Raqueli-S/revisao_vetor.json,revisao_vetor.json,prompt,2026-03-26 19:56:36,revisao_vetor.js,4,25,2026-04-01T08:13:07.897377
Raqueli-S,/home/gilmar/Documents/algoritmos/logado-utfpr-ifam/logado-students/repos_logado/Raqueli-S/revisao_vetor.json,revisao_vetor.json,for,2026-03-26 19:57:06,revisao_vetor.js,6,1,2026-04-01T08:13:07.897378
Raqueli-S,/home/gilmar/Documents/algoritmos/logado-utfpr-ifam/logado-students/repos_logado/Raqueli-S/vetor_tabuada.json,vetor_tabuada.json,prompt,2026-03-13 19:37:34,vetor_tabuada.js,2,22,2026-04-01T08:13:07.897396
Raqueli-S,/home/gilmar/Documents/algoritmos/logado-utfpr-ifam/logado-students/repos_logado/Raqueli-S/vetor_tabuada.json,vetor_tabuada.json,if,2026-03-13 19:43:12,vetor_tabuada.js,5,5,2026-04-01T08:13:07.897397
Raqueli-S,/home/gilmar/Documents/algoritmos/logado-utfpr-ifam/logado-students/repos_logado/Raqueli-S/vetor_tabuada.json,vetor_tabuada.json,for,2026-03-13 19:49:32,vetor_tabuada.js,15,1,2026-04-01T08:13:07.897399
Raqueli-S,/home/gilmar/Documents/algoritmos/logado-utfpr-ifam/logado-students/repos_logado/Raqueli-S/vetor_tabuada.json,vetor_tabuada.json,for,2026-03-13 20:03:20,vetor_tabuada.js,4,1,2026-04-01T08:13:07.897400
Raqueli-S,/home/gilmar/Documents/algoritmos/logado-utfpr-ifam/logado-students/repos_logado/Raqueli-S/vetor_tabuada.json,vetor_tabuada.json,let,2026-03-13 20:03:20,vetor_tabuada.js,4,5,2026-04-01T08:13:07.897401
Raqueli-S,/home/gilmar/Documents/algoritmos/logado-utfpr-ifam/logado-students/repos_logado/Raqueli-S/vetor_tabuada.json,vetor_tabuada.json,for,2026-03-13 20:04:26,vetor_tabuada.js,7,1,2026-04-01T08:13:07.897402
Raqueli-S,/home/gilmar/Documents/algoritmos/logado-utfpr-ifam/logado-students/repos_logado/Raqueli-S/vetor_tabuada.json,vetor_tabuada.json,let,2026-03-13 20:04:26,vetor_tabuada.js,7,5,2026-04-01T08:13:07.897404
Raqueli-S,/home/gilmar/Documents/algoritmos/logado-utfpr-ifam/logado-students/repos_logado/Raqueli-S/aprovacao.json,aprovacao.json,if,2026-03-05 19:56:28,aprovacao.js,3,1,2026-04-01T08:13:07.897463
Raqueli-S,/home/gilmar/Documents/algoritmos/logado-utfpr-ifam/logado-students/repos_logado/Raqueli-S/aprovacao.json,aprovacao.json,let,2026-03-05 19:59:05,aprovacao.js,4,5,2026-04-01T08:13:07.897465
Raqueli-S,/home/gilmar/Documents/algoritmos/logado-utfpr-ifam/logado-students/repos_logado/Raqueli-S/aprovacao.json,aprovacao.json,prompt,2026-03-05 20:04:32,aprovacao.js,2,22,2026-04-01T08:13:07.897466
Raqueli-S,/home/gilmar/Documents/algoritmos/logado-utfpr-ifam/logado-students/repos_logado/Raqueli-S/aprovacao.json,aprovacao.json,let,2026-03-05 20:08:35,aprovacao.js,1,44,2026-04-01T08:13:07.897468
Raqueli-S,/home/gilmar/Documents/algoritmos/logado-utfpr-ifam/logado-students/repos_logado/Raqueli-S/aprovacao.json,aprovacao.json,prompt,2026-03-05 20:08:35,aprovacao.js,2,18,2026-04-01T08:13:07.897469
Raqueli-S,/home/gilmar/Documents/algoritmos/logado-utfpr-ifam/logado-students/repos_logado/Raqueli-S/aprovacao.json,aprovacao.json,let,2026-03-05 20:09:16,aprovacao.js,1,1,2026-04-01T08:13:07.897471
Raqueli-S,/home/gilmar/Documents/algoritmos/logado-utfpr-ifam/logado-students/repos_logado/Raqueli-S/aprovacao.json,aprovacao.json,prompt,2026-03-05 20:09:16,aprovacao.js,1,24,2026-04-01T08:13:07.897472
Raqueli-S,/home/gilmar/Documents/algoritmos/logado-utfpr-ifam/logado-students/repos_logado/Raqueli-S/aprovacao.json,aprovacao.json,let,2026-03-05 20:09:31,aprovacao.js,1,47,2026-04-01T08:13:07.897473
Raqueli-S,/home/gilmar/Documents/algoritmos/logado-utfpr-ifam/logado-students/repos_logado/Raqueli-S/aprovacao.json,aprovacao.json,prompt,2026-03-05 20:09:31,aprovacao.js,1,70,2026-04-01T08:13:07.897475
Raqueli-S,/home/gilmar/Documents/algoritmos/logado-utfpr-ifam/logado-students/repos_logado/Raqueli-S/aprovacao.json,aprovacao.json,let,2026-03-05 20:09:46,aprovacao.js,2,1,2026-04-01T08:13:07.897477
Raqueli-S,/home/gilmar/Documents/algoritmos/logado-utfpr-ifam/logado-students/repos_logado/Raqueli-S/aprovacao.json,aprovacao.json,prompt,2026-03-05 20:09:46,aprovacao.js,2,24,2026-04-01T08:13:07.897478
Raqueli-S,/home/gilmar/Documents/algoritmos/logado-utfpr-ifam/logado-students/repos_logado/Raqueli-S/aprovacao.json,aprovacao.json,alert,2026-03-05 20:12:33,aprovacao.js,4,1,2026-04-01T08:13:07.897479
Raqueli-S,/home/gilmar/Documents/algoritmos/logado-utfpr-ifam/logado-students/repos_logado/Raqueli-S/aprovacao.json,aprovacao.json,if,2026-03-05 20:12:47,aprovacao.js,5,1,2026-04-01T08:13:07.897480
Raqueli-S,/home/gilmar/Documents/algoritmos/logado-utfpr-ifam/logado-students/repos_logado/Raqueli-S/aprovacao.json,aprovacao.json,alert,2026-03-05 20:16:42,aprovacao.js,6,5,2026-04-01T08:13:07.897482
Raqueli-S,/home/gilmar/Documents/algoritmos/logado-utfpr-ifam/logado-students/repos_logado/Raqueli-S/aprovacao.json,aprovacao.json,if,2026-03-05 20:19:03,aprovacao.js,7,7,2026-04-01T08:13:07.897483
Raqueli-S,/home/gilmar/Documents/algoritmos/logado-utfpr-ifam/logado-students/repos_logado/Raqueli-S/aprovacao.json,aprovacao.json,alert,2026-03-05 20:35:52,aprovacao.js,9,1,2026-04-01T08:13:07.897484
Raqueli-S,/home/gilmar/Documents/algoritmos/logado-utfpr-ifam/logado-students/repos_logado/Raqueli-S/aprovacao.json,aprovacao.json,alert,2026-03-05 20:39:22,aprovacao.js,11,1,2026-04-01T08:13:07.897485
Raqueli-S,/home/gilmar/Documents/algoritmos/logado-utfpr-ifam/logado-students/repos_logado/Raqueli-S/aprovacao.json,aprovacao.json,if,2026-03-05 21:28:04,aprovacao.js,12,1,2026-04-01T08:13:07.897487
Raqueli-S,/home/gilmar/Documents/algoritmos/logado-utfpr-ifam/logado-students/repos_logado/Raqueli-S/aprovacao.json,aprovacao.json,alert,2026-03-05 21:28:31,aprovacao.js,13,5,2026-04-01T08:13:07.897488
Raqueli-S,/home/gilmar/Documents/algoritmos/logado-utfpr-ifam/logado-students/repos_logado/Raqueli-S/aprovacao.json,aprovacao.json,alert,2026-03-05 21:29:24,aprovacao.js,15,2,2026-04-01T08:13:07.897489
Raqueli-S,/home/gilmar/Documents/algoritmos/logado-utfpr-ifam/logado-students/repos_logado/Raqueli-S/aprovacao.json,aprovacao.json,else,2026-03-05 21:30:33,aprovacao.js,17,2,2026-04-01T08:13:07.897490
Raqueli-S,/home/gilmar/Documents/algoritmos/logado-utfpr-ifam/logado-students/repos_logado/Raqueli-S/aprovacao.json,aprovacao.json,alert,2026-03-05 21:30:50,aprovacao.js,18,5,2026-04-01T08:13:07.897491
Raqueli-S,/home/gilmar/Documents/algoritmos/logado-utfpr-ifam/logado-students/repos_logado/Raqueli-S/aprovacao.json,aprovacao.json,while,2026-03-05 22:30:45,aprovacao.js,22,2,2026-04-01T08:13:07.897493
Raqueli-S,/home/gilmar/Documents/algoritmos/logado-utfpr-ifam/logado-students/repos_logado/Raqueli-S/aprovacao.json,aprovacao.json,prompt,2026-03-06 19:46:26,aprovacao.js,20,23,2026-04-01T08:13:07.897494
Raqueli-S,/home/gilmar/Documents/algoritmos/logado-utfpr-ifam/logado-students/repos_logado/Raqueli-S/aprovacao.json,aprovacao.json,do,2026-03-06 19:57:49,aprovacao.js,19,2,2026-04-01T08:13:07.897495
Raqueli-S,/home/gilmar/Documents/algoritmos/logado-utfpr-ifam/logado-students/repos_logado/Raqueli-S/aprovacao.json,aprovacao.json,while,2026-03-06 20:02:05,aprovacao.js,8,2,2026-04-01T08:13:07.897496
Raqueli-S,/home/gilmar/Documents/algoritmos/logado-utfpr-ifam/logado-students/repos_logado/Raqueli-S/aprovacao.json,aprovacao.json,while,2026-03-06 20:05:33,aprovacao.js,8,6,2026-04-01T08:13:07.897498
Raqueli-S,/home/gilmar/Documents/algoritmos/logado-utfpr-ifam/logado-students/repos_logado/Raqueli-S/aprovacao.json,aprovacao.json,while,2026-03-06 20:09:58,aprovacao.js,11,2,2026-04-01T08:13:07.897500
Raqueli-S,/home/gilmar/Documents/algoritmos/logado-utfpr-ifam/logado-students/repos_logado/Raqueli-S/aprovacao.json,aprovacao.json,while,2026-03-06 20:12:21,aprovacao.js,11,4,2026-04-01T08:13:07.897501
Raqueli-S,/home/gilmar/Documents/algoritmos/logado-utfpr-ifam/logado-students/repos_logado/Raqueli-S/aprovacao.json,aprovacao.json,while,2026-03-06 20:18:20,aprovacao.js,15,2,2026-04-01T08:13:07.897502
Raqueli-S,/home/gilmar/Documents/algoritmos/logado-utfpr-ifam/logado-students/repos_logado/Raqueli-S/aprovacao.json,aprovacao.json,while,2026-03-06 20:23:02,aprovacao.js,11,5,2026-04-01T08:13:07.897503
Raqueli-S,/home/gilmar/Documents/algoritmos/logado-utfpr-ifam/logado-students/repos_logado/Raqueli-S/aprovacao.json,aprovacao.json,prompt,2026-03-06 20:29:02,aprovacao.js,21,23,2026-04-01T08:13:07.897505
Raqueli-S,/home/gilmar/Documents/algoritmos/logado-utfpr-ifam/logado-students/repos_logado/Raqueli-S/aprovacao.json,aprovacao.json,do,2026-03-06 21:18:22,aprovacao.js,1,1,2026-04-01T08:13:07.897506
Raqueli-S,/home/gilmar/Documents/algoritmos/logado-utfpr-ifam/logado-students/repos_logado/Raqueli-S/aprovacao.json,aprovacao.json,var,2026-03-06 21:18:22,aprovacao.js,2,5,2026-04-01T08:13:07.897507
Raqueli-S,/home/gilmar/Documents/algoritmos/logado-utfpr-ifam/logado-students/repos_logado/Raqueli-S/aprovacao.json,aprovacao.json,var,2026-03-06 21:18:22,aprovacao.js,2,5,2026-04-01T08:13:07.897509
Raqueli-S,/home/gilmar/Documents/algoritmos/logado-utfpr-ifam/logado-students/repos_logado/Raqueli-S/aprovacao.json,aprovacao.json,prompt,2026-03-06 21:18:22,aprovacao.js,3,27,2026-04-01T08:13:07.897510
Raqueli-S,/home/gilmar/Documents/algoritmos/logado-utfpr-ifam/logado-students/repos_logado/Raqueli-S/aprovacao.json,aprovacao.json,var,2026-03-06 21:18:22,aprovacao.js,2,5,2026-04-01T08:13:07.897511
Raqueli-S,/home/gilmar/Documents/algoritmos/logado-utfpr-ifam/logado-students/repos_logado/Raqueli-S/aprovacao.json,aprovacao.json,prompt,2026-03-06 21:18:22,aprovacao.js,3,27,2026-04-01T08:13:07.897513
Raqueli-S,/home/gilmar/Documents/algoritmos/logado-utfpr-ifam/logado-students/repos_logado/Raqueli-S/aprovacao.json,aprovacao.json,var,2026-03-06 21:18:22,aprovacao.js,2,5,2026-04-01T08:13:07.897514
Raqueli-S,/home/gilmar/Documents/algoritmos/logado-utfpr-ifam/logado-students/repos_logado/Raqueli-S/aprovacao.json,aprovacao.json,alert,2026-03-06 21:18:22,aprovacao.js,6,3,2026-04-01T08:13:07.897515
Raqueli-S,/home/gilmar/Documents/algoritmos/logado-utfpr-ifam/logado-students/repos_logado/Raqueli-S/aprovacao.json,aprovacao.json,if,2026-03-06 21:18:22,aprovacao.js,7,1,2026-04-01T08:13:07.897516
Raqueli-S,/home/gilmar/Documents/algoritmos/logado-utfpr-ifam/logado-students/repos_logado/Raqueli-S/aprovacao.json,aprovacao.json,alert,2026-03-06 21:18:22,aprovacao.js,6,3,2026-04-01T08:13:07.897517
Raqueli-S,/home/gilmar/Documents/algoritmos/logado-utfpr-ifam/logado-students/repos_logado/Raqueli-S/aprovacao.json,aprovacao.json,else,2026-03-06 21:18:22,aprovacao.js,11,1,2026-04-01T08:13:07.897518
Raqueli-S,/home/gilmar/Documents/algoritmos/logado-utfpr-ifam/logado-students/repos_logado/Raqueli-S/aprovacao.json,aprovacao.json,if,2026-03-06 21:18:22,aprovacao.js,7,1,2026-04-01T08:13:07.897519
Raqueli-S,/home/gilmar/Documents/algoritmos/logado-utfpr-ifam/logado-students/repos_logado/Raqueli-S/aprovacao.json,aprovacao.json,alert,2026-03-06 21:18:22,aprovacao.js,6,3,2026-04-01T08:13:07.897521
Raqueli-S,/home/gilmar/Documents/algoritmos/logado-utfpr-ifam/logado-students/repos_logado/Raqueli-S/aprovacao.json,aprovacao.json,prompt,2026-03-06 21:18:22,aprovacao.js,3,27,2026-04-01T08:13:07.897523
Raqueli-S,/home/gilmar/Documents/algoritmos/logado-utfpr-ifam/logado-students/repos_logado/Raqueli-S/aprovacao.json,aprovacao.json,if,2026-03-06 21:18:22,aprovacao.js,7,1,2026-04-01T08:13:07.897524
Raqueli-S,/home/gilmar/Documents/algoritmos/logado-utfpr-ifam/logado-students/repos_logado/Raqueli-S/aprovacao.json,aprovacao.json,alert,2026-03-06 21:18:22,aprovacao.js,6,3,2026-04-01T08:13:07.897526
Raqueli-S,/home/gilmar/Documents/algoritmos/logado-utfpr-ifam/logado-students/repos_logado/Raqueli-S/aprovacao.json,aprovacao.json,else,2026-03-06 21:18:22,aprovacao.js,11,1,2026-04-01T08:13:07.897527
Raqueli-S,/home/gilmar/Documents/algoritmos/logado-utfpr-ifam/logado-students/repos_logado/Raqueli-S/aprovacao.json,aprovacao.json,alert,2026-03-06 21:18:22,aprovacao.js,6,3,2026-04-01T08:13:07.897529
Raqueli-S,/home/gilmar/Documents/algoritmos/logado-utfpr-ifam/logado-students/repos_logado/Raqueli-S/aprovacao.json,aprovacao.json,else,2026-03-06 21:18:22,aprovacao.js,11,1,2026-04-01T08:13:07.897530
Raqueli-S,/home/gilmar/Documents/algoritmos/logado-utfpr-ifam/logado-students/repos_logado/Raqueli-S/aprovacao.json,aprovacao.json,alert,2026-03-06 21:18:22,aprovacao.js,6,3,2026-04-01T08:13:07.897531
Raqueli-S,/home/gilmar/Documents/algoritmos/logado-utfpr-ifam/logado-students/repos_logado/Raqueli-S/aprovacao.json,aprovacao.json,while,2026-03-06 21:18:22,aprovacao.js,29,2,2026-04-01T08:13:07.897532
Raqueli-S,/home/gilmar/Documents/algoritmos/logado-utfpr-ifam/logado-students/repos_logado/Raqueli-S/aprovacao.json,aprovacao.json,alert,2026-03-06 21:18:22,aprovacao.js,6,3,2026-04-01T08:13:07.897533
Raqueli-S,/home/gilmar/Documents/algoritmos/logado-utfpr-ifam/logado-students/repos_logado/Raqueli-S/aprovacao.json,aprovacao.json,var,2026-03-06 21:33:16,aprovacao.js,1,1,2026-04-01T08:13:07.897535
Raqueli-S,/home/gilmar/Documents/algoritmos/logado-utfpr-ifam/logado-students/repos_logado/Raqueli-S/aprovacao.json,aprovacao.json,var,2026-03-06 21:33:20,aprovacao.js,2,1,2026-04-01T08:13:07.897536
Raqueli-S,/home/gilmar/Documents/algoritmos/logado-utfpr-ifam/logado-students/repos_logado/Raqueli-S/aprovacao.json,aprovacao.json,prompt,2026-03-06 21:33:20,aprovacao.js,2,23,2026-04-01T08:13:07.897537
Raqueli-S,/home/gilmar/Documents/algoritmos/logado-utfpr-ifam/logado-students/repos_logado/Raqueli-S/aprovacao.json,aprovacao.json,var,2026-03-06 21:33:21,aprovacao.js,3,1,2026-04-01T08:13:07.897538
Raqueli-S,/home/gilmar/Documents/algoritmos/logado-utfpr-ifam/logado-students/repos_logado/Raqueli-S/aprovacao.json,aprovacao.json,prompt,2026-03-06 21:33:21,aprovacao.js,3,23,2026-04-01T08:13:07.897540
Raqueli-S,/home/gilmar/Documents/algoritmos/logado-utfpr-ifam/logado-students/repos_logado/Raqueli-S/aprovacao.json,aprovacao.json,var,2026-03-06 21:33:21,aprovacao.js,4,5,2026-04-01T08:13:07.897541
Raqueli-S,/home/gilmar/Documents/algoritmos/logado-utfpr-ifam/logado-students/repos_logado/Raqueli-S/aprovacao.json,aprovacao.json,alert,2026-03-06 21:33:21,aprovacao.js,5,7,2026-04-01T08:13:07.897543
Raqueli-S,/home/gilmar/Documents/algoritmos/logado-utfpr-ifam/logado-students/repos_logado/Raqueli-S/aprovacao.json,aprovacao.json,if,2026-03-06 21:33:21,aprovacao.js,6,5,2026-04-01T08:13:07.897544
Raqueli-S,/home/gilmar/Documents/algoritmos/logado-utfpr-ifam/logado-students/repos_logado/Raqueli-S/aprovacao.json,aprovacao.json,alert,2026-03-06 21:33:21,aprovacao.js,7,9,2026-04-01T08:13:07.897545
Raqueli-S,/home/gilmar/Documents/algoritmos/logado-utfpr-ifam/logado-students/repos_logado/Raqueli-S/aprovacao.json,aprovacao.json,else,2026-03-06 21:33:21,aprovacao.js,10,5,2026-04-01T08:13:07.897547
Raqueli-S,/home/gilmar/Documents/algoritmos/logado-utfpr-ifam/logado-students/repos_logado/Raqueli-S/aprovacao.json,aprovacao.json,if,2026-03-06 21:33:21,aprovacao.js,10,10,2026-04-01T08:13:07.897548
Raqueli-S,/home/gilmar/Documents/algoritmos/logado-utfpr-ifam/logado-students/repos_logado/Raqueli-S/aprovacao.json,aprovacao.json,alert,2026-03-06 21:33:21,aprovacao.js,12,9,2026-04-01T08:13:07.897549
Raqueli-S,/home/gilmar/Documents/algoritmos/logado-utfpr-ifam/logado-students/repos_logado/Raqueli-S/aprovacao.json,aprovacao.json,prompt,2026-03-06 21:33:21,aprovacao.js,13,35,2026-04-01T08:13:07.897551
Raqueli-S,/home/gilmar/Documents/algoritmos/logado-utfpr-ifam/logado-students/repos_logado/Raqueli-S/aprovacao.json,aprovacao.json,if,2026-03-06 21:33:21,aprovacao.js,15,9,2026-04-01T08:13:07.897553
Raqueli-S,/home/gilmar/Documents/algoritmos/logado-utfpr-ifam/logado-students/repos_logado/Raqueli-S/aprovacao.json,aprovacao.json,alert,2026-03-06 21:33:21,aprovacao.js,16,13,2026-04-01T08:13:07.897554
Raqueli-S,/home/gilmar/Documents/algoritmos/logado-utfpr-ifam/logado-students/repos_logado/Raqueli-S/aprovacao.json,aprovacao.json,alert,2026-03-06 21:33:23,aprovacao.js,18,13,2026-04-01T08:13:07.897555
Raqueli-S,/home/gilmar/Documents/algoritmos/logado-utfpr-ifam/logado-students/repos_logado/Raqueli-S/aprovacao.json,aprovacao.json,if,2026-03-06 21:33:23,aprovacao.js,17,13,2026-04-01T08:13:07.897556
Raqueli-S,/home/gilmar/Documents/algoritmos/logado-utfpr-ifam/logado-students/repos_logado/Raqueli-S/aprovacao.json,aprovacao.json,prompt,2026-03-06 21:33:23,aprovacao.js,15,35,2026-04-01T08:13:07.897558
Raqueli-S,/home/gilmar/Documents/algoritmos/logado-utfpr-ifam/logado-students/repos_logado/Raqueli-S/aprovacao.json,aprovacao.json,alert,2026-03-06 21:33:23,aprovacao.js,14,9,2026-04-01T08:13:07.897559
Raqueli-S,/home/gilmar/Documents/algoritmos/logado-utfpr-ifam/logado-students/repos_logado/Raqueli-S/aprovacao.json,aprovacao.json,else,2026-03-06 21:33:23,aprovacao.js,12,9,2026-04-01T08:13:07.897560
Raqueli-S,/home/gilmar/Documents/algoritmos/logado-utfpr-ifam/logado-students/repos_logado/Raqueli-S/aprovacao.json,aprovacao.json,if,2026-03-06 21:33:23,aprovacao.js,12,14,2026-04-01T08:13:07.897561
Raqueli-S,/home/gilmar/Documents/algoritmos/logado-utfpr-ifam/logado-students/repos_logado/Raqueli-S/aprovacao.json,aprovacao.json,alert,2026-03-06 21:33:24,aprovacao.js,9,9,2026-04-01T08:13:07.897562
Raqueli-S,/home/gilmar/Documents/algoritmos/logado-utfpr-ifam/logado-students/repos_logado/Raqueli-S/aprovacao.json,aprovacao.json,if,2026-03-06 21:33:24,aprovacao.js,8,9,2026-04-01T08:13:07.897564
Raqueli-S,/home/gilmar/Documents/algoritmos/logado-utfpr-ifam/logado-students/repos_logado/Raqueli-S/aprovacao.json,aprovacao.json,alert,2026-03-06 21:33:24,aprovacao.js,7,7,2026-04-01T08:13:07.897565
Raqueli-S,/home/gilmar/Documents/algoritmos/logado-utfpr-ifam/logado-students/repos_logado/Raqueli-S/aprovacao.json,aprovacao.json,var,2026-03-06 21:33:24,aprovacao.js,6,9,2026-04-01T08:13:07.897566
Raqueli-S,/home/gilmar/Documents/algoritmos/logado-utfpr-ifam/logado-students/repos_logado/Raqueli-S/aprovacao.json,aprovacao.json,var,2026-03-06 21:33:24,aprovacao.js,5,1,2026-04-01T08:13:07.897567
Raqueli-S,/home/gilmar/Documents/algoritmos/logado-utfpr-ifam/logado-students/repos_logado/Raqueli-S/aprovacao.json,aprovacao.json,prompt,2026-03-06 21:33:24,aprovacao.js,5,23,2026-04-01T08:13:07.897568
Raqueli-S,/home/gilmar/Documents/algoritmos/logado-utfpr-ifam/logado-students/repos_logado/Raqueli-S/aprovacao.json,aprovacao.json,var,2026-03-06 21:33:24,aprovacao.js,4,1,2026-04-01T08:13:07.897570
Raqueli-S,/home/gilmar/Documents/algoritmos/logado-utfpr-ifam/logado-students/repos_logado/Raqueli-S/aprovacao.json,aprovacao.json,prompt,2026-03-06 21:33:24,aprovacao.js,4,23,2026-04-01T08:13:07.897571
Raqueli-S,/home/gilmar/Documents/algoritmos/logado-utfpr-ifam/logado-students/repos_logado/Raqueli-S/aprovacao.json,aprovacao.json,var,2026-03-06 21:33:24,aprovacao.js,3,1,2026-04-01T08:13:07.897572
Raqueli-S,/home/gilmar/Documents/algoritmos/logado-utfpr-ifam/logado-students/repos_logado/Raqueli-S/aprovacao.json,aprovacao.json,var,2026-03-06 21:33:37,aprovacao.js,1,1,2026-04-01T08:13:07.897573
Raqueli-S,/home/gilmar/Documents/algoritmos/logado-utfpr-ifam/logado-students/repos_logado/Raqueli-S/jogo2.json,jogo2.json,while,2026-03-06 22:21:37,jogo2.js,2,1,2026-04-01T08:13:07.897593
Raqueli-S,/home/gilmar/Documents/algoritmos/logado-utfpr-ifam/logado-students/repos_logado/Raqueli-S/jogo2.json,jogo2.json,alert,2026-03-06 22:27:27,jogo2.js,8,1,2026-04-01T08:13:07.897595
Raqueli-S,/home/gilmar/Documents/algoritmos/logado-utfpr-ifam/logado-students/repos_logado/Raqueli-S/copa.json,copa.json,for,2026-02-26 21:31:01,copa.js,2,1,2026-04-01T08:13:07.897608
Raqueli-S,/home/gilmar/Documents/algoritmos/logado-utfpr-ifam/logado-students/repos_logado/Raqueli-S/copa.json,copa.json,for,2026-02-26 21:32:01,copa.js,1,1,2026-04-01T08:13:07.897609
Raqueli-S,/home/gilmar/Documents/algoritmos/logado-utfpr-ifam/logado-students/repos_logado/Raqueli-S/copa.json,copa.json,let,2026-02-26 21:32:01,copa.js,1,5,2026-04-01T08:13:07.897611
Raqueli-S,/home/gilmar/Documents/algoritmos/logado-utfpr-ifam/logado-students/repos_logado/Raqueli-S/copa.json,copa.json,for,2026-02-26 21:32:05,copa.js,2,18,2026-04-01T08:13:07.897612
Raqueli-S,/home/gilmar/Documents/algoritmos/logado-utfpr-ifam/logado-students/repos_logado/Raqueli-S/copa.json,copa.json,let,2026-02-26 21:32:05,copa.js,2,18,2026-04-01T08:13:07.897613
Raqueli-S,/home/gilmar/Documents/algoritmos/logado-utfpr-ifam/logado-students/repos_logado/Raqueli-S/copa.json,copa.json,for,2026-02-26 21:35:19,copa.js,2,1,2026-04-01T08:13:07.897615
Raqueli-S,/home/gilmar/Documents/algoritmos/logado-utfpr-ifam/logado-students/repos_logado/Raqueli-S/maior-de-tres.json,maior-de-tres.json,alert,2026-03-19 21:58:18,maior-de-tres.js,3,5,2026-04-01T08:13:07.897631
Raqueli-S,/home/gilmar/Documents/algoritmos/logado-utfpr-ifam/logado-students/repos_logado/Raqueli-S/maior-de-tres.json,maior-de-tres.json,if,2026-03-19 21:58:56,maior-de-tres.js,4,6,2026-04-01T08:13:07.897632
Raqueli-S,/home/gilmar/Documents/algoritmos/logado-utfpr-ifam/logado-students/repos_logado/Raqueli-S/maior-de-tres.json,maior-de-tres.json,alert,2026-03-19 22:00:03,maior-de-tres.js,5,5,2026-04-01T08:13:07.897633
Raqueli-S,/home/gilmar/Documents/algoritmos/logado-utfpr-ifam/logado-students/repos_logado/Raqueli-S/maior-de-tres.json,maior-de-tres.json,if,2026-03-19 22:00:25,maior-de-tres.js,6,6,2026-04-01T08:13:07.897635
Raqueli-S,/home/gilmar/Documents/algoritmos/logado-utfpr-ifam/logado-students/repos_logado/Raqueli-S/maior-de-tres.json,maior-de-tres.json,alert,2026-03-19 22:01:19,maior-de-tres.js,7,5,2026-04-01T08:13:07.897636
Raqueli-S,/home/gilmar/Documents/algoritmos/logado-utfpr-ifam/logado-students/repos_logado/Raqueli-S/maior-de-tres.json,maior-de-tres.json,else,2026-03-19 22:01:33,maior-de-tres.js,8,1,2026-04-01T08:13:07.897637
Raqueli-S,/home/gilmar/Documents/algoritmos/logado-utfpr-ifam/logado-students/repos_logado/Raqueli-S/maior-de-tres.json,maior-de-tres.json,alert,2026-03-19 22:01:41,maior-de-tres.js,9,5,2026-04-01T08:13:07.897638
Raqueli-S,/home/gilmar/Documents/algoritmos/logado-utfpr-ifam/logado-students/repos_logado/Raqueli-S/for.json,for.json,for,2026-02-20 21:21:14,for.js,1,1,2026-04-01T08:13:07.897659
Raqueli-S,/home/gilmar/Documents/algoritmos/logado-utfpr-ifam/logado-students/repos_logado/Raqueli-S/for.json,for.json,for,2026-02-20 21:28:16,for.js,5,1,2026-04-01T08:13:07.897661
Raqueli-S,/home/gilmar/Documents/algoritmos/logado-utfpr-ifam/logado-students/repos_logado/Raqueli-S/for.json,for.json,for,2026-02-20 21:31:54,for.js,9,1,2026-04-01T08:13:07.897663
Raqueli-S,/home/gilmar/Documents/algoritmos/logado-utfpr-ifam/logado-students/repos_logado/Raqueli-S/espalhamento-minimo.json,espalhamento-minimo.json,const,2026-03-20 19:45:03,espalhamento-minimo.js,1,1,2026-04-01T08:13:07.897680
Raqueli-S,/home/gilmar/Documents/algoritmos/logado-utfpr-ifam/logado-students/repos_logado/Raqueli-S/espalhamento-minimo.json,espalhamento-minimo.json,max,2026-03-20 19:47:37,espalhamento-minimo.js,2,12,2026-04-01T08:13:07.897682
Raqueli-S,/home/gilmar/Documents/algoritmos/logado-utfpr-ifam/logado-students/repos_logado/Raqueli-S/espalhamento-minimo.json,espalhamento-minimo.json,min,2026-03-20 19:48:20,espalhamento-minimo.js,2,12,2026-04-01T08:13:07.897685
Raqueli-S,/home/gilmar/Documents/algoritmos/logado-utfpr-ifam/logado-students/repos_logado/Raqueli-S/decremento.json,decremento.json,while,2026-03-06 21:55:24,decremento.js,2,1,2026-04-01T08:13:07.897697
Raqueli-S,/home/gilmar/Documents/algoritmos/logado-utfpr-ifam/logado-students/repos_logado/Raqueli-S/decremento.json,decremento.json,alert,2026-03-06 21:59:55,decremento.js,3,5,2026-04-01T08:13:07.897698
Raqueli-S,/home/gilmar/Documents/algoritmos/logado-utfpr-ifam/logado-students/repos_logado/Raqueli-S/espalhamento.json,espalhamento.json,alert,2026-03-19 22:29:24,espalhamento.js,2,1,2026-04-01T08:13:07.897710
Raqueli-S,/home/gilmar/Documents/algoritmos/logado-utfpr-ifam/logado-students/repos_logado/Raqueli-S/vetor_par_impar.json,vetor_par_impar.json,prompt,2026-03-12 21:31:42,vetor_par_impar.js,3,24,2026-04-01T08:13:07.897730
Raqueli-S,/home/gilmar/Documents/algoritmos/logado-utfpr-ifam/logado-students/repos_logado/Raqueli-S/vetor_par_impar.json,vetor_par_impar.json,for,2026-03-12 21:35:14,vetor_par_impar.js,4,1,2026-04-01T08:13:07.897731
Raqueli-S,/home/gilmar/Documents/algoritmos/logado-utfpr-ifam/logado-students/repos_logado/Raqueli-S/vetor_par_impar.json,vetor_par_impar.json,prompt,2026-03-12 21:36:45,vetor_par_impar.js,5,25,2026-04-01T08:13:07.897733
Raqueli-S,/home/gilmar/Documents/algoritmos/logado-utfpr-ifam/logado-students/repos_logado/Raqueli-S/vetor_par_impar.json,vetor_par_impar.json,prompt,2026-03-12 21:51:53,vetor_par_impar.js,3,22,2026-04-01T08:13:07.897735
Raqueli-S,/home/gilmar/Documents/algoritmos/logado-utfpr-ifam/logado-students/repos_logado/Raqueli-S/vetor_par_impar.json,vetor_par_impar.json,prompt,2026-03-12 21:54:23,vetor_par_impar.js,2,25,2026-04-01T08:13:07.897736
Raqueli-S,/home/gilmar/Documents/algoritmos/logado-utfpr-ifam/logado-students/repos_logado/Raqueli-S/vetor_par_impar.json,vetor_par_impar.json,for,2026-03-12 21:55:11,vetor_par_impar.js,4,1,2026-04-01T08:13:07.897737
Raqueli-S,/home/gilmar/Documents/algoritmos/logado-utfpr-ifam/logado-students/repos_logado/Raqueli-S/vetor_par_impar.json,vetor_par_impar.json,if,2026-03-12 21:56:55,vetor_par_impar.js,6,5,2026-04-01T08:13:07.897739
Raqueli-S,/home/gilmar/Documents/algoritmos/logado-utfpr-ifam/logado-students/repos_logado/Raqueli-S/vetor_par_impar.json,vetor_par_impar.json,else,2026-03-12 21:58:00,vetor_par_impar.js,8,5,2026-04-01T08:13:07.897740
Raqueli-S,/home/gilmar/Documents/algoritmos/logado-utfpr-ifam/logado-students/repos_logado/Raqueli-S/vetor_par_impar.json,vetor_par_impar.json,else,2026-03-12 22:00:48,vetor_par_impar.js,10,1,2026-04-01T08:13:07.897741
Raqueli-S,/home/gilmar/Documents/algoritmos/logado-utfpr-ifam/logado-students/repos_logado/Raqueli-S/maior-de-tresMath.json,maior-de-tresMath.json,alert,2026-03-19 22:14:31,maior-de-tresMath.js,2,1,2026-04-01T08:13:07.897756
Raqueli-S,/home/gilmar/Documents/algoritmos/logado-utfpr-ifam/logado-students/repos_logado/Raqueli-S/maior-de-tresMath.json,maior-de-tresMath.json,max,2026-03-19 22:15:12,maior-de-tresMath.js,2,12,2026-04-01T08:13:07.897757
Raqueli-S,/home/gilmar/Documents/algoritmos/logado-utfpr-ifam/logado-students/repos_logado/Raqueli-S/funcao_vetor.json,funcao_vetor.json,function,2026-03-25 22:16:27,funcao_vetor.js,1,1,2026-04-01T08:13:07.897776
Raqueli-S,/home/gilmar/Documents/algoritmos/logado-utfpr-ifam/logado-students/repos_logado/Raqueli-S/funcao_vetor.json,funcao_vetor.json,function,2026-03-25 22:18:15,funcao_vetor.js,1,1,2026-04-01T08:13:07.897778
Raqueli-S,/home/gilmar/Documents/algoritmos/logado-utfpr-ifam/logado-students/repos_logado/Raqueli-S/funcao_vetor.json,funcao_vetor.json,return,2026-03-25 22:20:58,funcao_vetor.js,2,1,2026-04-01T08:13:07.897779
Raqueli-S,/home/gilmar/Documents/algoritmos/logado-utfpr-ifam/logado-students/repos_logado/Raqueli-S/funcao_vetor.json,funcao_vetor.json,return,2026-03-26 20:22:51,funcao_vetor.js,2,1,2026-04-01T08:13:07.897781
Raqueli-S,/home/gilmar/Documents/algoritmos/logado-utfpr-ifam/logado-students/repos_logado/Raqueli-S/funcao_vetor.json,funcao_vetor.json,prompt,2026-03-26 20:25:18,funcao_vetor.js,2,24,2026-04-01T08:13:07.897782
Raqueli-S,/home/gilmar/Documents/algoritmos/logado-utfpr-ifam/logado-students/repos_logado/Raqueli-S/funcao_vetor.json,funcao_vetor.json,return,2026-03-26 20:26:01,funcao_vetor.js,3,1,2026-04-01T08:13:07.897784
Raqueli-S,/home/gilmar/Documents/algoritmos/logado-utfpr-ifam/logado-students/repos_logado/Raqueli-S/funcao_vetor.json,funcao_vetor.json,const,2026-03-26 20:27:56,funcao_vetor.js,5,1,2026-04-01T08:13:07.897786
Raqueli-S,/home/gilmar/Documents/algoritmos/logado-utfpr-ifam/logado-students/repos_logado/Raqueli-S/funcao_vetor.json,funcao_vetor.json,prompt,2026-03-26 20:27:56,funcao_vetor.js,5,24,2026-04-01T08:13:07.897787
Raqueli-S,/home/gilmar/Documents/algoritmos/logado-utfpr-ifam/logado-students/repos_logado/Raqueli-S/funcao_vetor.json,funcao_vetor.json,return,2026-03-26 20:28:37,funcao_vetor.js,2,5,2026-04-01T08:13:07.897788
Raqueli-S,/home/gilmar/Documents/algoritmos/logado-utfpr-ifam/logado-students/repos_logado/Raqueli-S/funcao_vetor.json,funcao_vetor.json,prompt,2026-03-26 20:45:36,funcao_vetor.js,2,22,2026-04-01T08:13:07.897790
Raqueli-S,/home/gilmar/Documents/algoritmos/logado-utfpr-ifam/logado-students/repos_logado/Raqueli-S/funcao_vetor.json,funcao_vetor.json,function,2026-03-26 20:47:36,funcao_vetor.js,3,1,2026-04-01T08:13:07.897791
Raqueli-S,/home/gilmar/Documents/algoritmos/logado-utfpr-ifam/logado-students/repos_logado/Raqueli-S/funcao_vetor.json,funcao_vetor.json,for,2026-03-26 20:48:07,funcao_vetor.js,4,5,2026-04-01T08:13:07.897792
Raqueli-S,/home/gilmar/Documents/algoritmos/logado-utfpr-ifam/logado-students/repos_logado/Raqueli-S/funcao_vetor.json,funcao_vetor.json,prompt,2026-03-26 20:49:56,funcao_vetor.js,5,29,2026-04-01T08:13:07.897793
Raqueli-S,/home/gilmar/Documents/algoritmos/logado-utfpr-ifam/logado-students/repos_logado/Raqueli-S/funcao_vetor.json,funcao_vetor.json,function,2026-03-26 20:50:13,funcao_vetor.js,7,5,2026-04-01T08:13:07.897795
Raqueli-S,/home/gilmar/Documents/algoritmos/logado-utfpr-ifam/logado-students/repos_logado/Raqueli-S/funcao_vetor.json,funcao_vetor.json,for,2026-03-26 20:50:52,funcao_vetor.js,8,9,2026-04-01T08:13:07.897796
Raqueli-S,/home/gilmar/Documents/algoritmos/logado-utfpr-ifam/logado-students/repos_logado/Raqueli-S/time.json,time.json,prompt,2026-03-05 21:53:22,time.js,1,13,2026-04-01T08:13:07.897818
Raqueli-S,/home/gilmar/Documents/algoritmos/logado-utfpr-ifam/logado-students/repos_logado/Raqueli-S/time.json,time.json,prompt,2026-03-05 21:57:03,time.js,2,12,2026-04-01T08:13:07.897820
Raqueli-S,/home/gilmar/Documents/algoritmos/logado-utfpr-ifam/logado-students/repos_logado/Raqueli-S/time.json,time.json,alert,2026-03-05 21:58:04,time.js,3,1,2026-04-01T08:13:07.897822
Raqueli-S,/home/gilmar/Documents/algoritmos/logado-utfpr-ifam/logado-students/repos_logado/Raqueli-S/time.json,time.json,while,2026-03-05 22:07:36,time.js,3,1,2026-04-01T08:13:07.897823
Raqueli-S,/home/gilmar/Documents/algoritmos/logado-utfpr-ifam/logado-students/repos_logado/Raqueli-S/quick_sort.json,quick_sort.json,function,2026-03-25 20:24:59,quick_sort.js,1,1,2026-04-01T08:13:07.897848
Raqueli-S,/home/gilmar/Documents/algoritmos/logado-utfpr-ifam/logado-students/repos_logado/Raqueli-S/quick_sort.json,quick_sort.json,if,2026-03-25 20:25:41,quick_sort.js,2,5,2026-04-01T08:13:07.897850
Raqueli-S,/home/gilmar/Documents/algoritmos/logado-utfpr-ifam/logado-students/repos_logado/Raqueli-S/quick_sort.json,quick_sort.json,return,2026-03-25 20:26:16,quick_sort.js,2,22,2026-04-01T08:13:07.897851
Raqueli-S,/home/gilmar/Documents/algoritmos/logado-utfpr-ifam/logado-students/repos_logado/Raqueli-S/quick_sort.json,quick_sort.json,floor,2026-03-25 20:27:09,quick_sort.js,3,24,2026-04-01T08:13:07.897853
Raqueli-S,/home/gilmar/Documents/algoritmos/logado-utfpr-ifam/logado-students/repos_logado/Raqueli-S/quick_sort.json,quick_sort.json,length,2026-03-25 20:27:22,quick_sort.js,3,34,2026-04-01T08:13:07.897854
Raqueli-S,/home/gilmar/Documents/algoritmos/logado-utfpr-ifam/logado-students/repos_logado/Raqueli-S/quick_sort.json,quick_sort.json,for,2026-03-25 20:29:46,quick_sort.js,6,1,2026-04-01T08:13:07.897856
Raqueli-S,/home/gilmar/Documents/algoritmos/logado-utfpr-ifam/logado-students/repos_logado/Raqueli-S/quick_sort.json,quick_sort.json,if,2026-03-25 20:31:28,quick_sort.js,7,5,2026-04-01T08:13:07.897858
Raqueli-S,/home/gilmar/Documents/algoritmos/logado-utfpr-ifam/logado-students/repos_logado/Raqueli-S/quick_sort.json,quick_sort.json,push,2026-03-25 20:32:28,quick_sort.js,7,26,2026-04-01T08:13:07.897859
Raqueli-S,/home/gilmar/Documents/algoritmos/logado-utfpr-ifam/logado-students/repos_logado/Raqueli-S/quick_sort.json,quick_sort.json,else,2026-03-25 20:33:10,quick_sort.js,8,5,2026-04-01T08:13:07.897860
Raqueli-S,/home/gilmar/Documents/algoritmos/logado-utfpr-ifam/logado-students/repos_logado/Raqueli-S/quick_sort.json,quick_sort.json,if,2026-03-25 20:33:19,quick_sort.js,8,10,2026-04-01T08:13:07.897861
Raqueli-S,/home/gilmar/Documents/algoritmos/logado-utfpr-ifam/logado-students/repos_logado/Raqueli-S/quick_sort.json,quick_sort.json,push,2026-03-25 20:34:09,quick_sort.js,8,32,2026-04-01T08:13:07.897863
Raqueli-S,/home/gilmar/Documents/algoritmos/logado-utfpr-ifam/logado-students/repos_logado/Raqueli-S/quick_sort.json,quick_sort.json,return,2026-03-25 20:34:50,quick_sort.js,10,1,2026-04-01T08:13:07.897864
Raqueli-S,/home/gilmar/Documents/algoritmos/logado-utfpr-ifam/logado-students/repos_logado/Raqueli-S/quick_sort.json,quick_sort.json,alert,2026-03-25 20:38:56,quick_sort.js,13,1,2026-04-01T08:13:07.897866
Raqueli-S,/home/gilmar/Documents/algoritmos/logado-utfpr-ifam/logado-students/repos_logado/Raqueli-S/quick_sort.json,quick_sort.json,alert,2026-03-25 20:45:33,quick_sort.js,13,1,2026-04-01T08:13:07.897867
Raqueli-S,/home/gilmar/Documents/algoritmos/logado-utfpr-ifam/logado-students/repos_logado/Raqueli-S/troca.json,troca.json,alert,2026-03-20 20:16:49,troca.js,2,1,2026-04-01T08:13:07.897884
Raqueli-S,/home/gilmar/Documents/algoritmos/logado-utfpr-ifam/logado-students/repos_logado/Raqueli-S/troca.json,troca.json,trunc,2026-03-20 20:17:21,troca.js,2,12,2026-04-01T08:13:07.897886
Raqueli-S,/home/gilmar/Documents/algoritmos/logado-utfpr-ifam/logado-students/repos_logado/Raqueli-S/troca.json,troca.json,trunc,2026-03-20 20:17:50,troca.js,2,12,2026-04-01T08:13:07.897888
Raqueli-S,/home/gilmar/Documents/algoritmos/logado-utfpr-ifam/logado-students/repos_logado/Raqueli-S/troca.json,troca.json,for,2026-03-20 20:18:36,troca.js,2,1,2026-04-01T08:13:07.897889
Raqueli-S,/home/gilmar/Documents/algoritmos/logado-utfpr-ifam/logado-students/repos_logado/Raqueli-S/troca.json,troca.json,alert,2026-03-20 20:20:11,troca.js,2,1,2026-04-01T08:13:07.897891
Raqueli-S,/home/gilmar/Documents/algoritmos/logado-utfpr-ifam/logado-students/repos_logado/Raqueli-S/troca.json,troca.json,for,2026-03-20 20:23:34,troca.js,2,1,2026-04-01T08:13:07.897892
Raqueli-S,/home/gilmar/Documents/algoritmos/logado-utfpr-ifam/logado-students/repos_logado/Raqueli-S/troca.json,troca.json,alert,2026-03-20 20:31:16,troca.js,2,1,2026-04-01T08:13:07.897893
Raqueli-S,/home/gilmar/Documents/algoritmos/logado-utfpr-ifam/logado-students/repos_logado/Raqueli-S/vetor_jogos.json,vetor_jogos.json,prompt,2026-03-12 20:20:39,vetor_jogos.js,3,18,2026-04-01T08:13:07.897909
Raqueli-S,/home/gilmar/Documents/algoritmos/logado-utfpr-ifam/logado-students/repos_logado/Raqueli-S/vetor_jogos.json,vetor_jogos.json,for,2026-03-12 20:21:28,vetor_jogos.js,4,1,2026-04-01T08:13:07.897911
Raqueli-S,/home/gilmar/Documents/algoritmos/logado-utfpr-ifam/logado-students/repos_logado/Raqueli-S/vetor_jogos.json,vetor_jogos.json,prompt,2026-03-12 20:23:13,vetor_jogos.js,5,25,2026-04-01T08:13:07.897912
Raqueli-S,/home/gilmar/Documents/algoritmos/logado-utfpr-ifam/logado-students/repos_logado/Raqueli-S/vetor_jogos.json,vetor_jogos.json,alert,2026-03-12 20:24:50,vetor_jogos.js,8,1,2026-04-01T08:13:07.897914
Raqueli-S,/home/gilmar/Documents/algoritmos/logado-utfpr-ifam/logado-students/repos_logado/Raqueli-S/vetor_jogos.json,vetor_jogos.json,for,2026-03-12 20:26:01,vetor_jogos.js,9,1,2026-04-01T08:13:07.897916
thammyressouza123-spec,/home/gilmar/Documents/algoritmos/logado-utfpr-ifam/logado-students/repos_logado/thammyressouza123-spec/execicio_04_prato.json,execicio_04_prato.json,while,2026-03-03 22:16:07,execicio_04_prato.js,3,2,2026-04-01T08:13:07.897930
thammyressouza123-spec,/home/gilmar/Documents/algoritmos/logado-utfpr-ifam/logado-students/repos_logado/thammyressouza123-spec/domingos.json,domingos.json,for,2026-02-27 20:25:23,domingos.js,9,1,2026-04-01T08:13:07.897945
thammyressouza123-spec,/home/gilmar/Documents/algoritmos/logado-utfpr-ifam/logado-students/repos_logado/thammyressouza123-spec/domingos.json,domingos.json,alert,2026-02-27 22:28:43,domingos.js,15,1,2026-04-01T08:13:07.897946
thammyressouza123-spec,/home/gilmar/Documents/algoritmos/logado-utfpr-ifam/logado-students/repos_logado/thammyressouza123-spec/vaquinha.json,vaquinha.json,for,2026-03-12 19:53:06,vaquinha.js,4,1,2026-04-01T08:13:07.897959
thammyressouza123-spec,/home/gilmar/Documents/algoritmos/logado-utfpr-ifam/logado-students/repos_logado/thammyressouza123-spec/vaquinha.json,vaquinha.json,for,2026-03-12 20:07:31,vaquinha.js,9,1,2026-04-01T08:13:07.897961
thammyressouza123-spec,/home/gilmar/Documents/algoritmos/logado-utfpr-ifam/logado-students/repos_logado/thammyressouza123-spec/bubble_2.json,bubble_2.json,function,2026-03-25 19:58:21,bubble_2.js,3,1,2026-04-01T08:13:07.897975
thammyressouza123-spec,/home/gilmar/Documents/algoritmos/logado-utfpr-ifam/logado-students/repos_logado/thammyressouza123-spec/bubble_2.json,bubble_2.json,return,2026-03-25 19:58:21,bubble_2.js,4,5,2026-04-01T08:13:07.897976
thammyressouza123-spec,/home/gilmar/Documents/algoritmos/logado-utfpr-ifam/logado-students/repos_logado/thammyressouza123-spec/bubble_2.json,bubble_2.json,return,2026-03-25 19:58:21,bubble_2.js,4,5,2026-04-01T08:13:07.897978
thammyressouza123-spec,/home/gilmar/Documents/algoritmos/logado-utfpr-ifam/logado-students/repos_logado/thammyressouza123-spec/bubble_2.json,bubble_2.json,console,2026-03-25 19:58:21,bubble_2.js,8,5,2026-04-01T08:13:07.897979
thammyressouza123-spec,/home/gilmar/Documents/algoritmos/logado-utfpr-ifam/logado-students/repos_logado/thammyressouza123-spec/bubble_2.json,bubble_2.json,log,2026-03-25 19:58:21,bubble_2.js,8,13,2026-04-01T08:13:07.897981
thammyressouza123-spec,/home/gilmar/Documents/algoritmos/logado-utfpr-ifam/logado-students/repos_logado/thammyressouza123-spec/atividade_3.json,atividade_3.json,while,2026-03-24 21:42:53,atividade_3.js,3,1,2026-04-01T08:13:07.897998
thammyressouza123-spec,/home/gilmar/Documents/algoritmos/logado-utfpr-ifam/logado-students/repos_logado/thammyressouza123-spec/atividade_3.json,atividade_3.json,alert,2026-03-24 21:48:05,atividade_3.js,7,1,2026-04-01T08:13:07.898000
thammyressouza123-spec,/home/gilmar/Documents/algoritmos/logado-utfpr-ifam/logado-students/repos_logado/thammyressouza123-spec/funcaosoma.json,funcaosoma.json,return,2026-03-25 21:18:07,funcaosoma.js,2,5,2026-04-01T08:13:07.898019
thammyressouza123-spec,/home/gilmar/Documents/algoritmos/logado-utfpr-ifam/logado-students/repos_logado/thammyressouza123-spec/funcaosoma.json,funcaosoma.json,alert,2026-03-25 21:20:43,funcaosoma.js,6,1,2026-04-01T08:13:07.898020
thammyressouza123-spec,/home/gilmar/Documents/algoritmos/logado-utfpr-ifam/logado-students/repos_logado/thammyressouza123-spec/funcaosoma.json,funcaosoma.json,return,2026-03-25 21:35:56,funcaosoma.js,4,1,2026-04-01T08:13:07.898022
thammyressouza123-spec,/home/gilmar/Documents/algoritmos/logado-utfpr-ifam/logado-students/repos_logado/thammyressouza123-spec/funcaosoma.json,funcaosoma.json,switch,2026-03-25 21:54:58,funcaosoma.js,16,1,2026-04-01T08:13:07.898023
thammyressouza123-spec,/home/gilmar/Documents/algoritmos/logado-utfpr-ifam/logado-students/repos_logado/thammyressouza123-spec/funcaosoma.json,funcaosoma.json,alert,2026-03-25 21:55:53,funcaosoma.js,18,9,2026-04-01T08:13:07.898025
thammyressouza123-spec,/home/gilmar/Documents/algoritmos/logado-utfpr-ifam/logado-students/repos_logado/thammyressouza123-spec/funcaosoma.json,funcaosoma.json,break,2026-03-25 21:56:12,funcaosoma.js,18,26,2026-04-01T08:13:07.898026
thammyressouza123-spec,/home/gilmar/Documents/algoritmos/logado-utfpr-ifam/logado-students/repos_logado/thammyressouza123-spec/funcaosoma.json,funcaosoma.json,alert,2026-03-25 21:56:55,funcaosoma.js,20,9,2026-04-01T08:13:07.898028
thammyressouza123-spec,/home/gilmar/Documents/algoritmos/logado-utfpr-ifam/logado-students/repos_logado/thammyressouza123-spec/funcaosoma.json,funcaosoma.json,break,2026-03-25 21:57:24,funcaosoma.js,20,31,2026-04-01T08:13:07.898029
thammyressouza123-spec,/home/gilmar/Documents/algoritmos/logado-utfpr-ifam/logado-students/repos_logado/thammyressouza123-spec/funcaosoma.json,funcaosoma.json,alert,2026-03-25 21:57:58,funcaosoma.js,22,13,2026-04-01T08:13:07.898030
thammyressouza123-spec,/home/gilmar/Documents/algoritmos/logado-utfpr-ifam/logado-students/repos_logado/thammyressouza123-spec/funcaosoma.json,funcaosoma.json,break,2026-03-25 21:58:19,funcaosoma.js,22,38,2026-04-01T08:13:07.898032
thammyressouza123-spec,/home/gilmar/Documents/algoritmos/logado-utfpr-ifam/logado-students/repos_logado/thammyressouza123-spec/funcaosoma.json,funcaosoma.json,alert,2026-03-25 21:59:15,funcaosoma.js,24,9,2026-04-01T08:13:07.898033
thammyressouza123-spec,/home/gilmar/Documents/algoritmos/logado-utfpr-ifam/logado-students/repos_logado/thammyressouza123-spec/funcaosoma.json,funcaosoma.json,break,2026-03-25 21:59:35,funcaosoma.js,24,29,2026-04-01T08:13:07.898034
thammyressouza123-spec,/home/gilmar/Documents/algoritmos/logado-utfpr-ifam/logado-students/repos_logado/thammyressouza123-spec/funcaosoma.json,funcaosoma.json,alert,2026-03-25 22:00:55,funcaosoma.js,26,13,2026-04-01T08:13:07.898036
thammyressouza123-spec,/home/gilmar/Documents/algoritmos/logado-utfpr-ifam/logado-students/repos_logado/thammyressouza123-spec/jogos.json,jogos.json,alert,2026-02-26 20:29:29,jogos.js,12,1,2026-04-01T08:13:07.898051
thammyressouza123-spec,/home/gilmar/Documents/algoritmos/logado-utfpr-ifam/logado-students/repos_logado/thammyressouza123-spec/jogos.json,jogos.json,alert,2026-02-26 20:36:42,jogos.js,6,1,2026-04-01T08:13:07.898052
thammyressouza123-spec,/home/gilmar/Documents/algoritmos/logado-utfpr-ifam/logado-students/repos_logado/thammyressouza123-spec/jogos.json,jogos.json,alert,2026-02-26 20:43:52,jogos.js,13,1,2026-04-01T08:13:07.898054
thammyressouza123-spec,/home/gilmar/Documents/algoritmos/logado-utfpr-ifam/logado-students/repos_logado/thammyressouza123-spec/execicio_01_festa.json,execicio_01_festa.json,if,2026-03-03 20:29:50,execicio_01_festa.js,2,1,2026-04-01T08:13:07.898074
thammyressouza123-spec,/home/gilmar/Documents/algoritmos/logado-utfpr-ifam/logado-students/repos_logado/thammyressouza123-spec/execicio_01_festa.json,execicio_01_festa.json,console,2026-03-03 20:30:33,execicio_01_festa.js,3,5,2026-04-01T08:13:07.898075
thammyressouza123-spec,/home/gilmar/Documents/algoritmos/logado-utfpr-ifam/logado-students/repos_logado/thammyressouza123-spec/execicio_01_festa.json,execicio_01_festa.json,log,2026-03-03 20:30:37,execicio_01_festa.js,3,13,2026-04-01T08:13:07.898077
thammyressouza123-spec,/home/gilmar/Documents/algoritmos/logado-utfpr-ifam/logado-students/repos_logado/thammyressouza123-spec/execicio_01_festa.json,execicio_01_festa.json,console,2026-03-03 20:31:30,execicio_01_festa.js,5,5,2026-04-01T08:13:07.898078
thammyressouza123-spec,/home/gilmar/Documents/algoritmos/logado-utfpr-ifam/logado-students/repos_logado/thammyressouza123-spec/execicio_01_festa.json,execicio_01_festa.json,log,2026-03-03 20:31:33,execicio_01_festa.js,5,13,2026-04-01T08:13:07.898081
thammyressouza123-spec,/home/gilmar/Documents/algoritmos/logado-utfpr-ifam/logado-students/repos_logado/thammyressouza123-spec/execicio_01_festa.json,execicio_01_festa.json,if,2026-03-03 20:39:25,execicio_01_festa.js,2,1,2026-04-01T08:13:07.898082
thammyressouza123-spec,/home/gilmar/Documents/algoritmos/logado-utfpr-ifam/logado-students/repos_logado/thammyressouza123-spec/execicio_01_festa.json,execicio_01_festa.json,console,2026-03-03 20:40:21,execicio_01_festa.js,3,5,2026-04-01T08:13:07.898084
thammyressouza123-spec,/home/gilmar/Documents/algoritmos/logado-utfpr-ifam/logado-students/repos_logado/thammyressouza123-spec/execicio_01_festa.json,execicio_01_festa.json,log,2026-03-03 20:40:28,execicio_01_festa.js,3,13,2026-04-01T08:13:07.898085
thammyressouza123-spec,/home/gilmar/Documents/algoritmos/logado-utfpr-ifam/logado-students/repos_logado/thammyressouza123-spec/execicio_01_festa.json,execicio_01_festa.json,console,2026-03-03 20:47:37,execicio_01_festa.js,3,5,2026-04-01T08:13:07.898087
thammyressouza123-spec,/home/gilmar/Documents/algoritmos/logado-utfpr-ifam/logado-students/repos_logado/thammyressouza123-spec/execicio_01_festa.json,execicio_01_festa.json,log,2026-03-03 20:47:46,execicio_01_festa.js,3,13,2026-04-01T08:13:07.898088
thammyressouza123-spec,/home/gilmar/Documents/algoritmos/logado-utfpr-ifam/logado-students/repos_logado/thammyressouza123-spec/execicio_01_festa.json,execicio_01_festa.json,console,2026-03-03 20:48:30,execicio_01_festa.js,5,5,2026-04-01T08:13:07.898091
thammyressouza123-spec,/home/gilmar/Documents/algoritmos/logado-utfpr-ifam/logado-students/repos_logado/thammyressouza123-spec/execicio_01_festa.json,execicio_01_festa.json,log,2026-03-03 20:48:35,execicio_01_festa.js,5,13,2026-04-01T08:13:07.898092
thammyressouza123-spec,/home/gilmar/Documents/algoritmos/logado-utfpr-ifam/logado-students/repos_logado/thammyressouza123-spec/execicio_01_festa.json,execicio_01_festa.json,let,2026-03-03 21:11:45,execicio_01_festa.js,1,1,2026-04-01T08:13:07.898093
thammyressouza123-spec,/home/gilmar/Documents/algoritmos/logado-utfpr-ifam/logado-students/repos_logado/thammyressouza123-spec/execicio_01_festa.json,execicio_01_festa.json,prompt,2026-03-03 21:11:45,execicio_01_festa.js,1,13,2026-04-01T08:13:07.898095
thammyressouza123-spec,/home/gilmar/Documents/algoritmos/logado-utfpr-ifam/logado-students/repos_logado/thammyressouza123-spec/main.json,main.json,alert,2026-02-20 20:47:31,main.js,2,1,2026-04-01T08:13:07.898109
thammyressouza123-spec,/home/gilmar/Documents/algoritmos/logado-utfpr-ifam/logado-students/repos_logado/thammyressouza123-spec/atividade_4.json,atividade_4.json,if,2026-03-24 22:07:46,atividade_4.js,3,1,2026-04-01T08:13:07.898124
thammyressouza123-spec,/home/gilmar/Documents/algoritmos/logado-utfpr-ifam/logado-students/repos_logado/thammyressouza123-spec/atividade_4.json,atividade_4.json,while,2026-03-24 22:10:05,atividade_4.js,3,2,2026-04-01T08:13:07.898126
thammyressouza123-spec,/home/gilmar/Documents/algoritmos/logado-utfpr-ifam/logado-students/repos_logado/thammyressouza123-spec/atividade_4.json,atividade_4.json,alert,2026-03-24 22:13:38,atividade_4.js,3,5,2026-04-01T08:13:07.898128
thammyressouza123-spec,/home/gilmar/Documents/algoritmos/logado-utfpr-ifam/logado-students/repos_logado/thammyressouza123-spec/atividade_4.json,atividade_4.json,alert,2026-03-24 22:14:54,atividade_4.js,6,1,2026-04-01T08:13:07.898129
thammyressouza123-spec,/home/gilmar/Documents/algoritmos/logado-utfpr-ifam/logado-students/repos_logado/thammyressouza123-spec/olimpiadas.json,olimpiadas.json,while,2026-03-06 22:13:32,olimpiadas.js,2,1,2026-04-01T08:13:07.898142
thammyressouza123-spec,/home/gilmar/Documents/algoritmos/logado-utfpr-ifam/logado-students/repos_logado/thammyressouza123-spec/olimpiadas.json,olimpiadas.json,while,2026-03-06 22:23:11,olimpiadas.js,2,1,2026-04-01T08:13:07.898143
thammyressouza123-spec,/home/gilmar/Documents/algoritmos/logado-utfpr-ifam/logado-students/repos_logado/thammyressouza123-spec/exercicio_01.json,exercicio_01.json,prompt,2026-02-24 21:20:49,exercicio_01.js,1,14,2026-04-01T08:13:07.898156
thammyressouza123-spec,/home/gilmar/Documents/algoritmos/logado-utfpr-ifam/logado-students/repos_logado/thammyressouza123-spec/execicio_03_caixa.json,execicio_03_caixa.json,prompt,2026-03-03 22:03:39,execicio_03_caixa.js,2,24,2026-04-01T08:13:07.898172
thammyressouza123-spec,/home/gilmar/Documents/algoritmos/logado-utfpr-ifam/logado-students/repos_logado/thammyressouza123-spec/execicio_03_caixa.json,execicio_03_caixa.json,while,2026-03-03 22:04:01,execicio_03_caixa.js,3,1,2026-04-01T08:13:07.898173
thammyressouza123-spec,/home/gilmar/Documents/algoritmos/logado-utfpr-ifam/logado-students/repos_logado/thammyressouza123-spec/execicio_03_caixa.json,execicio_03_caixa.json,while,2026-03-03 22:05:26,execicio_03_caixa.js,4,1,2026-04-01T08:13:07.898175
thammyressouza123-spec,/home/gilmar/Documents/algoritmos/logado-utfpr-ifam/logado-students/repos_logado/thammyressouza123-spec/execicio_03_caixa.json,execicio_03_caixa.json,alert,2026-03-03 22:05:37,execicio_03_caixa.js,5,5,2026-04-01T08:13:07.898176
thammyressouza123-spec,/home/gilmar/Documents/algoritmos/logado-utfpr-ifam/logado-students/repos_logado/thammyressouza123-spec/execicio_03_caixa.json,execicio_03_caixa.json,while,2026-03-10 21:32:35,execicio_03_caixa.js,3,1,2026-04-01T08:13:07.898177
thammyressouza123-spec,/home/gilmar/Documents/algoritmos/logado-utfpr-ifam/logado-students/repos_logado/thammyressouza123-spec/revisaovetor.json,revisaovetor.json,for,2026-03-26 19:46:30,revisaovetor.js,3,1,2026-04-01T08:13:07.898194
thammyressouza123-spec,/home/gilmar/Documents/algoritmos/logado-utfpr-ifam/logado-students/repos_logado/thammyressouza123-spec/revisaovetor.json,revisaovetor.json,const,2026-03-26 19:52:20,revisaovetor.js,1,1,2026-04-01T08:13:07.898196
thammyressouza123-spec,/home/gilmar/Documents/algoritmos/logado-utfpr-ifam/logado-students/repos_logado/thammyressouza123-spec/revisaovetor.json,revisaovetor.json,prompt,2026-03-26 19:53:26,revisaovetor.js,2,23,2026-04-01T08:13:07.898198
thammyressouza123-spec,/home/gilmar/Documents/algoritmos/logado-utfpr-ifam/logado-students/repos_logado/thammyressouza123-spec/revisaovetor.json,revisaovetor.json,for,2026-03-26 19:55:52,revisaovetor.js,6,1,2026-04-01T08:13:07.898200
thammyressouza123-spec,/home/gilmar/Documents/algoritmos/logado-utfpr-ifam/logado-students/repos_logado/thammyressouza123-spec/atividade_2.json,atividade_2.json,let,2026-03-24 20:48:42,atividade_2.js,1,1,2026-04-01T08:13:07.898217
thammyressouza123-spec,/home/gilmar/Documents/algoritmos/logado-utfpr-ifam/logado-students/repos_logado/thammyressouza123-spec/atividade_2.json,atividade_2.json,true,2026-03-24 21:19:36,atividade_2.js,2,19,2026-04-01T08:13:07.898219
thammyressouza123-spec,/home/gilmar/Documents/algoritmos/logado-utfpr-ifam/logado-students/repos_logado/thammyressouza123-spec/atividade_2.json,atividade_2.json,alert,2026-03-24 21:20:37,atividade_2.js,4,5,2026-04-01T08:13:07.898220
thammyressouza123-spec,/home/gilmar/Documents/algoritmos/logado-utfpr-ifam/logado-students/repos_logado/thammyressouza123-spec/atividade_2.json,atividade_2.json,alert,2026-03-24 21:21:13,atividade_2.js,6,5,2026-04-01T08:13:07.898221
thammyressouza123-spec,/home/gilmar/Documents/algoritmos/logado-utfpr-ifam/logado-students/repos_logado/thammyressouza123-spec/maiorde3Math.json,maiorde3Math.json,alert,2026-03-19 22:14:27,maiorde3Math.js,2,1,2026-04-01T08:13:07.898234
thammyressouza123-spec,/home/gilmar/Documents/algoritmos/logado-utfpr-ifam/logado-students/repos_logado/thammyressouza123-spec/maiorde3Math.json,maiorde3Math.json,max,2026-03-19 22:15:17,maiorde3Math.js,2,12,2026-04-01T08:13:07.898236
thammyressouza123-spec,/home/gilmar/Documents/algoritmos/logado-utfpr-ifam/logado-students/repos_logado/thammyressouza123-spec/execicio_02_cinema.json,execicio_02_cinema.json,prompt,2026-03-03 21:29:01,execicio_02_cinema.js,2,27,2026-04-01T08:13:07.898249
thammyressouza123-spec,/home/gilmar/Documents/algoritmos/logado-utfpr-ifam/logado-students/repos_logado/thammyressouza123-spec/execicio_02_cinema.json,execicio_02_cinema.json,if,2026-03-03 21:30:49,execicio_02_cinema.js,4,1,2026-04-01T08:13:07.898250
thammyressouza123-spec,/home/gilmar/Documents/algoritmos/logado-utfpr-ifam/logado-students/repos_logado/thammyressouza123-spec/execicio_02_cinema.json,execicio_02_cinema.json,alert,2026-03-03 21:31:59,execicio_02_cinema.js,5,5,2026-04-01T08:13:07.898251
thammyressouza123-spec,/home/gilmar/Documents/algoritmos/logado-utfpr-ifam/logado-students/repos_logado/thammyressouza123-spec/execicio_02_cinema.json,execicio_02_cinema.json,else,2026-03-03 21:32:29,execicio_02_cinema.js,6,1,2026-04-01T08:13:07.898253
thammyressouza123-spec,/home/gilmar/Documents/algoritmos/logado-utfpr-ifam/logado-students/repos_logado/thammyressouza123-spec/execicio_02_cinema.json,execicio_02_cinema.json,alert,2026-03-03 21:32:38,execicio_02_cinema.js,7,5,2026-04-01T08:13:07.898254
thammyressouza123-spec,/home/gilmar/Documents/algoritmos/logado-utfpr-ifam/logado-students/repos_logado/thammyressouza123-spec/aprovacao_01.json,aprovacao_01.json,do,2026-03-06 21:15:41,aprovacao_01.js,1,1,2026-04-01T08:13:07.898277
thammyressouza123-spec,/home/gilmar/Documents/algoritmos/logado-utfpr-ifam/logado-students/repos_logado/thammyressouza123-spec/aprovacao_01.json,aprovacao_01.json,var,2026-03-06 21:15:41,aprovacao_01.js,2,5,2026-04-01T08:13:07.898279
thammyressouza123-spec,/home/gilmar/Documents/algoritmos/logado-utfpr-ifam/logado-students/repos_logado/thammyressouza123-spec/aprovacao_01.json,aprovacao_01.json,var,2026-03-06 21:15:41,aprovacao_01.js,2,5,2026-04-01T08:13:07.898280
thammyressouza123-spec,/home/gilmar/Documents/algoritmos/logado-utfpr-ifam/logado-students/repos_logado/thammyressouza123-spec/aprovacao_01.json,aprovacao_01.json,prompt,2026-03-06 21:15:41,aprovacao_01.js,3,27,2026-04-01T08:13:07.898281
thammyressouza123-spec,/home/gilmar/Documents/algoritmos/logado-utfpr-ifam/logado-students/repos_logado/thammyressouza123-spec/aprovacao_01.json,aprovacao_01.json,var,2026-03-06 21:15:41,aprovacao_01.js,2,5,2026-04-01T08:13:07.898283
thammyressouza123-spec,/home/gilmar/Documents/algoritmos/logado-utfpr-ifam/logado-students/repos_logado/thammyressouza123-spec/aprovacao_01.json,aprovacao_01.json,prompt,2026-03-06 21:15:41,aprovacao_01.js,3,27,2026-04-01T08:13:07.898284
thammyressouza123-spec,/home/gilmar/Documents/algoritmos/logado-utfpr-ifam/logado-students/repos_logado/thammyressouza123-spec/aprovacao_01.json,aprovacao_01.json,var,2026-03-06 21:15:41,aprovacao_01.js,2,5,2026-04-01T08:13:07.898285
thammyressouza123-spec,/home/gilmar/Documents/algoritmos/logado-utfpr-ifam/logado-students/repos_logado/thammyressouza123-spec/aprovacao_01.json,aprovacao_01.json,alert,2026-03-06 21:15:41,aprovacao_01.js,6,3,2026-04-01T08:13:07.898288
thammyressouza123-spec,/home/gilmar/Documents/algoritmos/logado-utfpr-ifam/logado-students/repos_logado/thammyressouza123-spec/aprovacao_01.json,aprovacao_01.json,if,2026-03-06 21:15:41,aprovacao_01.js,7,1,2026-04-01T08:13:07.898289
thammyressouza123-spec,/home/gilmar/Documents/algoritmos/logado-utfpr-ifam/logado-students/repos_logado/thammyressouza123-spec/aprovacao_01.json,aprovacao_01.json,alert,2026-03-06 21:15:41,aprovacao_01.js,6,3,2026-04-01T08:13:07.898291
thammyressouza123-spec,/home/gilmar/Documents/algoritmos/logado-utfpr-ifam/logado-students/repos_logado/thammyressouza123-spec/aprovacao_01.json,aprovacao_01.json,else,2026-03-06 21:15:41,aprovacao_01.js,11,1,2026-04-01T08:13:07.898292
thammyressouza123-spec,/home/gilmar/Documents/algoritmos/logado-utfpr-ifam/logado-students/repos_logado/thammyressouza123-spec/aprovacao_01.json,aprovacao_01.json,if,2026-03-06 21:15:41,aprovacao_01.js,7,1,2026-04-01T08:13:07.898293
thammyressouza123-spec,/home/gilmar/Documents/algoritmos/logado-utfpr-ifam/logado-students/repos_logado/thammyressouza123-spec/aprovacao_01.json,aprovacao_01.json,alert,2026-03-06 21:15:41,aprovacao_01.js,6,3,2026-04-01T08:13:07.898294
thammyressouza123-spec,/home/gilmar/Documents/algoritmos/logado-utfpr-ifam/logado-students/repos_logado/thammyressouza123-spec/aprovacao_01.json,aprovacao_01.json,prompt,2026-03-06 21:15:41,aprovacao_01.js,3,27,2026-04-01T08:13:07.898296
thammyressouza123-spec,/home/gilmar/Documents/algoritmos/logado-utfpr-ifam/logado-students/repos_logado/thammyressouza123-spec/aprovacao_01.json,aprovacao_01.json,if,2026-03-06 21:15:41,aprovacao_01.js,7,1,2026-04-01T08:13:07.898297
thammyressouza123-spec,/home/gilmar/Documents/algoritmos/logado-utfpr-ifam/logado-students/repos_logado/thammyressouza123-spec/aprovacao_01.json,aprovacao_01.json,alert,2026-03-06 21:15:41,aprovacao_01.js,6,3,2026-04-01T08:13:07.898299
thammyressouza123-spec,/home/gilmar/Documents/algoritmos/logado-utfpr-ifam/logado-students/repos_logado/thammyressouza123-spec/aprovacao_01.json,aprovacao_01.json,else,2026-03-06 21:15:41,aprovacao_01.js,11,1,2026-04-01T08:13:07.898300
thammyressouza123-spec,/home/gilmar/Documents/algoritmos/logado-utfpr-ifam/logado-students/repos_logado/thammyressouza123-spec/aprovacao_01.json,aprovacao_01.json,alert,2026-03-06 21:15:41,aprovacao_01.js,6,3,2026-04-01T08:13:07.898301
thammyressouza123-spec,/home/gilmar/Documents/algoritmos/logado-utfpr-ifam/logado-students/repos_logado/thammyressouza123-spec/aprovacao_01.json,aprovacao_01.json,else,2026-03-06 21:15:41,aprovacao_01.js,11,1,2026-04-01T08:13:07.898302
thammyressouza123-spec,/home/gilmar/Documents/algoritmos/logado-utfpr-ifam/logado-students/repos_logado/thammyressouza123-spec/aprovacao_01.json,aprovacao_01.json,alert,2026-03-06 21:15:41,aprovacao_01.js,6,3,2026-04-01T08:13:07.898304
thammyressouza123-spec,/home/gilmar/Documents/algoritmos/logado-utfpr-ifam/logado-students/repos_logado/thammyressouza123-spec/aprovacao_01.json,aprovacao_01.json,while,2026-03-06 21:15:41,aprovacao_01.js,29,2,2026-04-01T08:13:07.898305
thammyressouza123-spec,/home/gilmar/Documents/algoritmos/logado-utfpr-ifam/logado-students/repos_logado/thammyressouza123-spec/aprovacao_01.json,aprovacao_01.json,alert,2026-03-06 21:15:41,aprovacao_01.js,6,3,2026-04-01T08:13:07.898306
thammyressouza123-spec,/home/gilmar/Documents/algoritmos/logado-utfpr-ifam/logado-students/repos_logado/thammyressouza123-spec/aprovacao_01.json,aprovacao_01.json,var,2026-03-06 21:32:23,aprovacao_01.js,1,1,2026-04-01T08:13:07.898307
thammyressouza123-spec,/home/gilmar/Documents/algoritmos/logado-utfpr-ifam/logado-students/repos_logado/thammyressouza123-spec/aprovacao_01.json,aprovacao_01.json,console,2026-03-25 20:47:42,aprovacao_01.js,30,5,2026-04-01T08:13:07.898309
thammyressouza123-spec,/home/gilmar/Documents/algoritmos/logado-utfpr-ifam/logado-students/repos_logado/thammyressouza123-spec/aprovacao_01.json,aprovacao_01.json,log,2026-03-25 20:47:50,aprovacao_01.js,30,13,2026-04-01T08:13:07.898310
thammyressouza123-spec,/home/gilmar/Documents/algoritmos/logado-utfpr-ifam/logado-students/repos_logado/thammyressouza123-spec/vetor_tabuada.json,vetor_tabuada.json,for,2026-03-13 19:59:39,vetor_tabuada.js,7,1,2026-04-01T08:13:07.898325
thammyressouza123-spec,/home/gilmar/Documents/algoritmos/logado-utfpr-ifam/logado-students/repos_logado/thammyressouza123-spec/for.json,for.json,for,2026-02-20 21:34:16,for.js,9,1,2026-04-01T08:13:07.898337
thammyressouza123-spec,/home/gilmar/Documents/algoritmos/logado-utfpr-ifam/logado-students/repos_logado/thammyressouza123-spec/maiorde3.json,maiorde3.json,prompt,2026-03-19 21:51:11,maiorde3.js,2,22,2026-04-01T08:13:07.898356
thammyressouza123-spec,/home/gilmar/Documents/algoritmos/logado-utfpr-ifam/logado-students/repos_logado/thammyressouza123-spec/maiorde3.json,maiorde3.json,if,2026-03-19 21:52:06,maiorde3.js,2,1,2026-04-01T08:13:07.898357
thammyressouza123-spec,/home/gilmar/Documents/algoritmos/logado-utfpr-ifam/logado-students/repos_logado/thammyressouza123-spec/maiorde3.json,maiorde3.json,alert,2026-03-19 21:57:55,maiorde3.js,3,5,2026-04-01T08:13:07.898359
thammyressouza123-spec,/home/gilmar/Documents/algoritmos/logado-utfpr-ifam/logado-students/repos_logado/thammyressouza123-spec/maiorde3.json,maiorde3.json,else,2026-03-19 21:58:09,maiorde3.js,4,1,2026-04-01T08:13:07.898360
thammyressouza123-spec,/home/gilmar/Documents/algoritmos/logado-utfpr-ifam/logado-students/repos_logado/thammyressouza123-spec/maiorde3.json,maiorde3.json,alert,2026-03-19 21:59:54,maiorde3.js,5,5,2026-04-01T08:13:07.898361
thammyressouza123-spec,/home/gilmar/Documents/algoritmos/logado-utfpr-ifam/logado-students/repos_logado/thammyressouza123-spec/maiorde3.json,maiorde3.json,if,2026-03-19 22:00:26,maiorde3.js,6,6,2026-04-01T08:13:07.898362
thammyressouza123-spec,/home/gilmar/Documents/algoritmos/logado-utfpr-ifam/logado-students/repos_logado/thammyressouza123-spec/maiorde3.json,maiorde3.json,alert,2026-03-19 22:01:36,maiorde3.js,7,5,2026-04-01T08:13:07.898363
thammyressouza123-spec,/home/gilmar/Documents/algoritmos/logado-utfpr-ifam/logado-students/repos_logado/thammyressouza123-spec/maiorde3.json,maiorde3.json,else,2026-03-19 22:01:49,maiorde3.js,8,1,2026-04-01T08:13:07.898365
thammyressouza123-spec,/home/gilmar/Documents/algoritmos/logado-utfpr-ifam/logado-students/repos_logado/thammyressouza123-spec/maiorde3.json,maiorde3.json,alert,2026-03-19 22:02:01,maiorde3.js,9,5,2026-04-01T08:13:07.898366
thammyressouza123-spec,/home/gilmar/Documents/algoritmos/logado-utfpr-ifam/logado-students/repos_logado/thammyressouza123-spec/espalhamento-minimo.json,espalhamento-minimo.json,alert,2026-03-20 19:45:17,espalhamento-minimo.js,2,1,2026-04-01T08:13:07.898380
thammyressouza123-spec,/home/gilmar/Documents/algoritmos/logado-utfpr-ifam/logado-students/repos_logado/thammyressouza123-spec/espalhamento-minimo.json,espalhamento-minimo.json,max,2026-03-20 19:45:32,espalhamento-minimo.js,2,12,2026-04-01T08:13:07.898382
thammyressouza123-spec,/home/gilmar/Documents/algoritmos/logado-utfpr-ifam/logado-students/repos_logado/thammyressouza123-spec/espalhamento-minimo.json,espalhamento-minimo.json,min,2026-03-20 19:48:14,espalhamento-minimo.js,2,12,2026-04-01T08:13:07.898383
thammyressouza123-spec,/home/gilmar/Documents/algoritmos/logado-utfpr-ifam/logado-students/repos_logado/thammyressouza123-spec/espalhamento.json,espalhamento.json,function,2026-03-19 22:26:01,espalhamento.js,1,1,2026-04-01T08:13:07.898399
thammyressouza123-spec,/home/gilmar/Documents/algoritmos/logado-utfpr-ifam/logado-students/repos_logado/thammyressouza123-spec/espalhamento.json,espalhamento.json,return,2026-03-19 22:26:01,espalhamento.js,2,3,2026-04-01T08:13:07.898401
thammyressouza123-spec,/home/gilmar/Documents/algoritmos/logado-utfpr-ifam/logado-students/repos_logado/thammyressouza123-spec/espalhamento.json,espalhamento.json,const,2026-03-19 22:26:01,espalhamento.js,5,1,2026-04-01T08:13:07.898402
thammyressouza123-spec,/home/gilmar/Documents/algoritmos/logado-utfpr-ifam/logado-students/repos_logado/thammyressouza123-spec/espalhamento.json,espalhamento.json,console,2026-03-19 22:26:01,espalhamento.js,7,1,2026-04-01T08:13:07.898403
thammyressouza123-spec,/home/gilmar/Documents/algoritmos/logado-utfpr-ifam/logado-students/repos_logado/thammyressouza123-spec/espalhamento.json,espalhamento.json,log,2026-03-19 22:26:01,espalhamento.js,7,9,2026-04-01T08:13:07.898405
thammyressouza123-spec,/home/gilmar/Documents/algoritmos/logado-utfpr-ifam/logado-students/repos_logado/thammyressouza123-spec/espalhamento.json,espalhamento.json,console,2026-03-19 22:26:01,espalhamento.js,7,1,2026-04-01T08:13:07.898406
thammyressouza123-spec,/home/gilmar/Documents/algoritmos/logado-utfpr-ifam/logado-students/repos_logado/thammyressouza123-spec/espalhamento.json,espalhamento.json,log,2026-03-19 22:26:01,espalhamento.js,7,9,2026-04-01T08:13:07.898408
thammyressouza123-spec,/home/gilmar/Documents/algoritmos/logado-utfpr-ifam/logado-students/repos_logado/thammyressouza123-spec/espalhamento.json,espalhamento.json,null,2026-03-19 22:26:01,espalhamento.js,10,23,2026-04-01T08:13:07.898411
thammyressouza123-spec,/home/gilmar/Documents/algoritmos/logado-utfpr-ifam/logado-students/repos_logado/thammyressouza123-spec/espalhamento.json,espalhamento.json,alert,2026-03-19 22:30:00,espalhamento.js,2,1,2026-04-01T08:13:07.898412
thammyressouza123-spec,/home/gilmar/Documents/algoritmos/logado-utfpr-ifam/logado-students/repos_logado/thammyressouza123-spec/espalhamento.json,espalhamento.json,max,2026-03-19 22:30:24,espalhamento.js,2,12,2026-04-01T08:13:07.898414
thammyressouza123-spec,/home/gilmar/Documents/algoritmos/logado-utfpr-ifam/logado-students/repos_logado/thammyressouza123-spec/vetor_par_impar.json,vetor_par_impar.json,if,2026-03-13 20:28:12,vetor_par_impar.js,8,1,2026-04-01T08:13:07.898429
thammyressouza123-spec,/home/gilmar/Documents/algoritmos/logado-utfpr-ifam/logado-students/repos_logado/thammyressouza123-spec/vetor_par_impar.json,vetor_par_impar.json,for,2026-03-13 20:32:12,vetor_par_impar.js,18,1,2026-04-01T08:13:07.898431
thammyressouza123-spec,/home/gilmar/Documents/algoritmos/logado-utfpr-ifam/logado-students/repos_logado/thammyressouza123-spec/vetor_par_impar.json,vetor_par_impar.json,for,2026-03-13 20:35:35,vetor_par_impar.js,22,1,2026-04-01T08:13:07.898432
thammyressouza123-spec,/home/gilmar/Documents/algoritmos/logado-utfpr-ifam/logado-students/repos_logado/thammyressouza123-spec/funcaovetor.json,funcaovetor.json,return,2026-03-26 20:18:07,funcaovetor.js,2,1,2026-04-01T08:13:07.898459
thammyressouza123-spec,/home/gilmar/Documents/algoritmos/logado-utfpr-ifam/logado-students/repos_logado/thammyressouza123-spec/funcaovetor.json,funcaovetor.json,const,2026-03-26 20:20:14,funcaovetor.js,1,1,2026-04-01T08:13:07.898462
thammyressouza123-spec,/home/gilmar/Documents/algoritmos/logado-utfpr-ifam/logado-students/repos_logado/thammyressouza123-spec/funcaovetor.json,funcaovetor.json,var,2026-03-26 20:20:14,funcaovetor.js,2,1,2026-04-01T08:13:07.898463
thammyressouza123-spec,/home/gilmar/Documents/algoritmos/logado-utfpr-ifam/logado-students/repos_logado/thammyressouza123-spec/funcaovetor.json,funcaovetor.json,prompt,2026-03-26 20:20:14,funcaovetor.js,2,23,2026-04-01T08:13:07.898465
thammyressouza123-spec,/home/gilmar/Documents/algoritmos/logado-utfpr-ifam/logado-students/repos_logado/thammyressouza123-spec/funcaovetor.json,funcaovetor.json,for,2026-03-26 20:20:14,funcaovetor.js,3,1,2026-04-01T08:13:07.898466
thammyressouza123-spec,/home/gilmar/Documents/algoritmos/logado-utfpr-ifam/logado-students/repos_logado/thammyressouza123-spec/funcaovetor.json,funcaovetor.json,let,2026-03-26 20:20:14,funcaovetor.js,3,5,2026-04-01T08:13:07.898468
thammyressouza123-spec,/home/gilmar/Documents/algoritmos/logado-utfpr-ifam/logado-students/repos_logado/thammyressouza123-spec/funcaovetor.json,funcaovetor.json,prompt,2026-03-26 20:20:14,funcaovetor.js,2,23,2026-04-01T08:13:07.898470
thammyressouza123-spec,/home/gilmar/Documents/algoritmos/logado-utfpr-ifam/logado-students/repos_logado/thammyressouza123-spec/funcaovetor.json,funcaovetor.json,for,2026-03-26 20:20:14,funcaovetor.js,3,1,2026-04-01T08:13:07.898471
thammyressouza123-spec,/home/gilmar/Documents/algoritmos/logado-utfpr-ifam/logado-students/repos_logado/thammyressouza123-spec/funcaovetor.json,funcaovetor.json,let,2026-03-26 20:20:14,funcaovetor.js,3,5,2026-04-01T08:13:07.898472
thammyressouza123-spec,/home/gilmar/Documents/algoritmos/logado-utfpr-ifam/logado-students/repos_logado/thammyressouza123-spec/funcaovetor.json,funcaovetor.json,function,2026-03-26 20:20:34,funcaovetor.js,1,1,2026-04-01T08:13:07.898474
thammyressouza123-spec,/home/gilmar/Documents/algoritmos/logado-utfpr-ifam/logado-students/repos_logado/thammyressouza123-spec/funcaovetor.json,funcaovetor.json,return,2026-03-26 20:27:36,funcaovetor.js,2,5,2026-04-01T08:13:07.898475
thammyressouza123-spec,/home/gilmar/Documents/algoritmos/logado-utfpr-ifam/logado-students/repos_logado/thammyressouza123-spec/funcaovetor.json,funcaovetor.json,function,2026-03-26 20:39:47,funcaovetor.js,2,1,2026-04-01T08:13:07.898478
thammyressouza123-spec,/home/gilmar/Documents/algoritmos/logado-utfpr-ifam/logado-students/repos_logado/thammyressouza123-spec/funcaovetor.json,funcaovetor.json,return,2026-03-26 20:41:32,funcaovetor.js,3,1,2026-04-01T08:13:07.898479
thammyressouza123-spec,/home/gilmar/Documents/algoritmos/logado-utfpr-ifam/logado-students/repos_logado/thammyressouza123-spec/funcaovetor.json,funcaovetor.json,const,2026-03-26 20:48:01,funcaovetor.js,1,1,2026-04-01T08:13:07.898482
thammyressouza123-spec,/home/gilmar/Documents/algoritmos/logado-utfpr-ifam/logado-students/repos_logado/thammyressouza123-spec/funcaovetor.json,funcaovetor.json,var,2026-03-26 20:48:01,funcaovetor.js,2,1,2026-04-01T08:13:07.898483
thammyressouza123-spec,/home/gilmar/Documents/algoritmos/logado-utfpr-ifam/logado-students/repos_logado/thammyressouza123-spec/funcaovetor.json,funcaovetor.json,prompt,2026-03-26 20:48:01,funcaovetor.js,2,23,2026-04-01T08:13:07.898485
thammyressouza123-spec,/home/gilmar/Documents/algoritmos/logado-utfpr-ifam/logado-students/repos_logado/thammyressouza123-spec/funcaovetor.json,funcaovetor.json,for,2026-03-26 20:48:01,funcaovetor.js,3,1,2026-04-01T08:13:07.898486
thammyressouza123-spec,/home/gilmar/Documents/algoritmos/logado-utfpr-ifam/logado-students/repos_logado/thammyressouza123-spec/funcaovetor.json,funcaovetor.json,let,2026-03-26 20:48:01,funcaovetor.js,3,5,2026-04-01T08:13:07.898488
thammyressouza123-spec,/home/gilmar/Documents/algoritmos/logado-utfpr-ifam/logado-students/repos_logado/thammyressouza123-spec/funcaovetor.json,funcaovetor.json,prompt,2026-03-26 20:48:01,funcaovetor.js,2,23,2026-04-01T08:13:07.898489
thammyressouza123-spec,/home/gilmar/Documents/algoritmos/logado-utfpr-ifam/logado-students/repos_logado/thammyressouza123-spec/funcaovetor.json,funcaovetor.json,for,2026-03-26 20:48:01,funcaovetor.js,3,1,2026-04-01T08:13:07.898491
thammyressouza123-spec,/home/gilmar/Documents/algoritmos/logado-utfpr-ifam/logado-students/repos_logado/thammyressouza123-spec/funcaovetor.json,funcaovetor.json,let,2026-03-26 20:48:01,funcaovetor.js,3,5,2026-04-01T08:13:07.898492
thammyressouza123-spec,/home/gilmar/Documents/algoritmos/logado-utfpr-ifam/logado-students/repos_logado/thammyressouza123-spec/funcaovetor.json,funcaovetor.json,function,2026-03-26 20:48:54,funcaovetor.js,3,1,2026-04-01T08:13:07.898493
thammyressouza123-spec,/home/gilmar/Documents/algoritmos/logado-utfpr-ifam/logado-students/repos_logado/thammyressouza123-spec/funcaovetor.json,funcaovetor.json,function,2026-03-26 20:50:25,funcaovetor.js,7,1,2026-04-01T08:13:07.898495
thammyressouza123-spec,/home/gilmar/Documents/algoritmos/logado-utfpr-ifam/logado-students/repos_logado/thammyressouza123-spec/par-impar.json,par-impar.json,for,2026-02-26 22:21:13,par-impar.js,3,1,2026-04-01T08:13:07.898517
thammyressouza123-spec,/home/gilmar/Documents/algoritmos/logado-utfpr-ifam/logado-students/repos_logado/thammyressouza123-spec/par-impar.json,par-impar.json,if,2026-02-26 22:23:37,par-impar.js,5,5,2026-04-01T08:13:07.898519
thammyressouza123-spec,/home/gilmar/Documents/algoritmos/logado-utfpr-ifam/logado-students/repos_logado/thammyressouza123-spec/par-impar.json,par-impar.json,else,2026-02-26 22:25:43,par-impar.js,8,1,2026-04-01T08:13:07.898521
thammyressouza123-spec,/home/gilmar/Documents/algoritmos/logado-utfpr-ifam/logado-students/repos_logado/thammyressouza123-spec/par-impar.json,par-impar.json,alert,2026-02-26 22:26:11,par-impar.js,10,1,2026-04-01T08:13:07.898522
thammyressouza123-spec,/home/gilmar/Documents/algoritmos/logado-utfpr-ifam/logado-students/repos_logado/thammyressouza123-spec/estudante.json,estudante.json,if,2026-03-05 19:57:39,estudante.js,5,5,2026-04-01T08:13:07.898547
thammyressouza123-spec,/home/gilmar/Documents/algoritmos/logado-utfpr-ifam/logado-students/repos_logado/thammyressouza123-spec/estudante.json,estudante.json,alert,2026-03-05 20:05:53,estudante.js,5,5,2026-04-01T08:13:07.898549
thammyressouza123-spec,/home/gilmar/Documents/algoritmos/logado-utfpr-ifam/logado-students/repos_logado/thammyressouza123-spec/estudante.json,estudante.json,if,2026-03-05 20:06:24,estudante.js,6,5,2026-04-01T08:13:07.898551
thammyressouza123-spec,/home/gilmar/Documents/algoritmos/logado-utfpr-ifam/logado-students/repos_logado/thammyressouza123-spec/estudante.json,estudante.json,alert,2026-03-05 20:13:29,estudante.js,7,9,2026-04-01T08:13:07.898552
thammyressouza123-spec,/home/gilmar/Documents/algoritmos/logado-utfpr-ifam/logado-students/repos_logado/thammyressouza123-spec/estudante.json,estudante.json,if,2026-03-05 20:19:10,estudante.js,8,10,2026-04-01T08:13:07.898553
thammyressouza123-spec,/home/gilmar/Documents/algoritmos/logado-utfpr-ifam/logado-students/repos_logado/thammyressouza123-spec/estudante.json,estudante.json,alert,2026-03-05 20:19:31,estudante.js,9,9,2026-04-01T08:13:07.898555
thammyressouza123-spec,/home/gilmar/Documents/algoritmos/logado-utfpr-ifam/logado-students/repos_logado/thammyressouza123-spec/estudante.json,estudante.json,while,2026-03-05 20:23:40,estudante.js,10,4,2026-04-01T08:13:07.898559
thammyressouza123-spec,/home/gilmar/Documents/algoritmos/logado-utfpr-ifam/logado-students/repos_logado/thammyressouza123-spec/estudante.json,estudante.json,alert,2026-03-05 20:25:59,estudante.js,11,4,2026-04-01T08:13:07.898561
thammyressouza123-spec,/home/gilmar/Documents/algoritmos/logado-utfpr-ifam/logado-students/repos_logado/thammyressouza123-spec/estudante.json,estudante.json,alert,2026-03-05 20:44:44,estudante.js,9,9,2026-04-01T08:13:07.898562
thammyressouza123-spec,/home/gilmar/Documents/algoritmos/logado-utfpr-ifam/logado-students/repos_logado/thammyressouza123-spec/estudante.json,estudante.json,alert,2026-03-05 20:45:39,estudante.js,9,9,2026-04-01T08:13:07.898564
thammyressouza123-spec,/home/gilmar/Documents/algoritmos/logado-utfpr-ifam/logado-students/repos_logado/thammyressouza123-spec/estudante.json,estudante.json,alert,2026-03-05 20:45:39,estudante.js,9,9,2026-04-01T08:13:07.898565
thammyressouza123-spec,/home/gilmar/Documents/algoritmos/logado-utfpr-ifam/logado-students/repos_logado/thammyressouza123-spec/estudante.json,estudante.json,if,2026-03-05 20:47:54,estudante.js,11,9,2026-04-01T08:13:07.898567
thammyressouza123-spec,/home/gilmar/Documents/algoritmos/logado-utfpr-ifam/logado-students/repos_logado/thammyressouza123-spec/estudante.json,estudante.json,if,2026-03-05 21:22:14,estudante.js,12,9,2026-04-01T08:13:07.898568
thammyressouza123-spec,/home/gilmar/Documents/algoritmos/logado-utfpr-ifam/logado-students/repos_logado/thammyressouza123-spec/estudante.json,estudante.json,else,2026-03-05 21:23:44,estudante.js,14,9,2026-04-01T08:13:07.898569
thammyressouza123-spec,/home/gilmar/Documents/algoritmos/logado-utfpr-ifam/logado-students/repos_logado/thammyressouza123-spec/estudante.json,estudante.json,alert,2026-03-05 21:24:07,estudante.js,15,13,2026-04-01T08:13:07.898571
thammyressouza123-spec,/home/gilmar/Documents/algoritmos/logado-utfpr-ifam/logado-students/repos_logado/thammyressouza123-spec/estudante.json,estudante.json,alert,2026-03-05 21:24:38,estudante.js,18,9,2026-04-01T08:13:07.898572
thammyressouza123-spec,/home/gilmar/Documents/algoritmos/logado-utfpr-ifam/logado-students/repos_logado/thammyressouza123-spec/estudante.json,estudante.json,while,2026-03-05 22:20:09,estudante.js,21,3,2026-04-01T08:13:07.898573
thammyressouza123-spec,/home/gilmar/Documents/algoritmos/logado-utfpr-ifam/logado-students/repos_logado/thammyressouza123-spec/estudante.json,estudante.json,while,2026-03-06 19:52:07,estudante.js,24,3,2026-04-01T08:13:07.898574
thammyressouza123-spec,/home/gilmar/Documents/algoritmos/logado-utfpr-ifam/logado-students/repos_logado/thammyressouza123-spec/estudante.json,estudante.json,alert,2026-03-06 20:08:33,estudante.js,24,5,2026-04-01T08:13:07.898576
thammyressouza123-spec,/home/gilmar/Documents/algoritmos/logado-utfpr-ifam/logado-students/repos_logado/thammyressouza123-spec/bubble_sort.json,bubble_sort.json,let,2026-03-25 20:33:37,bubble_sort.js,2,1,2026-04-01T08:13:07.898599
thammyressouza123-spec,/home/gilmar/Documents/algoritmos/logado-utfpr-ifam/logado-students/repos_logado/thammyressouza123-spec/bubble_sort.json,bubble_sort.json,console,2026-03-25 20:33:37,bubble_sort.js,5,1,2026-04-01T08:13:07.898600
thammyressouza123-spec,/home/gilmar/Documents/algoritmos/logado-utfpr-ifam/logado-students/repos_logado/thammyressouza123-spec/bubble_sort.json,bubble_sort.json,log,2026-03-25 20:33:37,bubble_sort.js,5,9,2026-04-01T08:13:07.898602
thammyressouza123-spec,/home/gilmar/Documents/algoritmos/logado-utfpr-ifam/logado-students/repos_logado/thammyressouza123-spec/bubble_sort.json,bubble_sort.json,let,2026-03-25 20:33:37,bubble_sort.js,2,1,2026-04-01T08:13:07.898603
thammyressouza123-spec,/home/gilmar/Documents/algoritmos/logado-utfpr-ifam/logado-students/repos_logado/thammyressouza123-spec/bubble_sort.json,bubble_sort.json,length,2026-03-25 20:33:37,bubble_sort.js,8,17,2026-04-01T08:13:07.898604
thammyressouza123-spec,/home/gilmar/Documents/algoritmos/logado-utfpr-ifam/logado-students/repos_logado/thammyressouza123-spec/bubble_sort.json,bubble_sort.json,for,2026-03-25 20:33:37,bubble_sort.js,10,1,2026-04-01T08:13:07.898606
thammyressouza123-spec,/home/gilmar/Documents/algoritmos/logado-utfpr-ifam/logado-students/repos_logado/thammyressouza123-spec/bubble_sort.json,bubble_sort.json,let,2026-03-25 20:33:37,bubble_sort.js,2,1,2026-04-01T08:13:07.898608
thammyressouza123-spec,/home/gilmar/Documents/algoritmos/logado-utfpr-ifam/logado-students/repos_logado/thammyressouza123-spec/bubble_sort.json,bubble_sort.json,for,2026-03-25 20:33:37,bubble_sort.js,10,1,2026-04-01T08:13:07.898609
thammyressouza123-spec,/home/gilmar/Documents/algoritmos/logado-utfpr-ifam/logado-students/repos_logado/thammyressouza123-spec/bubble_sort.json,bubble_sort.json,let,2026-03-25 20:33:37,bubble_sort.js,2,1,2026-04-01T08:13:07.898611
thammyressouza123-spec,/home/gilmar/Documents/algoritmos/logado-utfpr-ifam/logado-students/repos_logado/thammyressouza123-spec/bubble_sort.json,bubble_sort.json,if,2026-03-25 20:33:37,bubble_sort.js,12,9,2026-04-01T08:13:07.898612
thammyressouza123-spec,/home/gilmar/Documents/algoritmos/logado-utfpr-ifam/logado-students/repos_logado/thammyressouza123-spec/bubble_sort.json,bubble_sort.json,let,2026-03-25 20:33:37,bubble_sort.js,2,1,2026-04-01T08:13:07.898614
thammyressouza123-spec,/home/gilmar/Documents/algoritmos/logado-utfpr-ifam/logado-students/repos_logado/thammyressouza123-spec/bubble_sort.json,bubble_sort.json,console,2026-03-25 20:33:37,bubble_sort.js,5,1,2026-04-01T08:13:07.898615
thammyressouza123-spec,/home/gilmar/Documents/algoritmos/logado-utfpr-ifam/logado-students/repos_logado/thammyressouza123-spec/bubble_sort.json,bubble_sort.json,log,2026-03-25 20:33:37,bubble_sort.js,5,9,2026-04-01T08:13:07.898616
thammyressouza123-spec,/home/gilmar/Documents/algoritmos/logado-utfpr-ifam/logado-students/repos_logado/thammyressouza123-spec/bubble_sort.json,bubble_sort.json,console,2026-03-25 20:35:31,bubble_sort.js,21,1,2026-04-01T08:13:07.898618
thammyressouza123-spec,/home/gilmar/Documents/algoritmos/logado-utfpr-ifam/logado-students/repos_logado/thammyressouza123-spec/bubble_sort.json,bubble_sort.json,log,2026-03-25 20:35:38,bubble_sort.js,21,9,2026-04-01T08:13:07.898619
thammyressouza123-spec,/home/gilmar/Documents/algoritmos/logado-utfpr-ifam/logado-students/repos_logado/thammyressouza123-spec/time.json,time.json,prompt,2026-03-05 21:53:33,time.js,2,15,2026-04-01T08:13:07.898636
thammyressouza123-spec,/home/gilmar/Documents/algoritmos/logado-utfpr-ifam/logado-students/repos_logado/thammyressouza123-spec/time.json,time.json,while,2026-03-05 21:54:46,time.js,3,3,2026-04-01T08:13:07.898637
thammyressouza123-spec,/home/gilmar/Documents/algoritmos/logado-utfpr-ifam/logado-students/repos_logado/thammyressouza123-spec/bublle_sort.json,bublle_sort.json,let,2026-03-25 20:09:20,bublle_sort.js,2,1,2026-04-01T08:13:07.898662
thammyressouza123-spec,/home/gilmar/Documents/algoritmos/logado-utfpr-ifam/logado-students/repos_logado/thammyressouza123-spec/bublle_sort.json,bublle_sort.json,do,2026-03-25 20:09:20,bublle_sort.js,4,12,2026-04-01T08:13:07.898664
thammyressouza123-spec,/home/gilmar/Documents/algoritmos/logado-utfpr-ifam/logado-students/repos_logado/thammyressouza123-spec/bublle_sort.json,bublle_sort.json,let,2026-03-25 20:09:20,bublle_sort.js,2,1,2026-04-01T08:13:07.898665
thammyressouza123-spec,/home/gilmar/Documents/algoritmos/logado-utfpr-ifam/logado-students/repos_logado/thammyressouza123-spec/bublle_sort.json,bublle_sort.json,length,2026-03-25 20:09:20,bublle_sort.js,5,17,2026-04-01T08:13:07.898667
thammyressouza123-spec,/home/gilmar/Documents/algoritmos/logado-utfpr-ifam/logado-students/repos_logado/thammyressouza123-spec/bublle_sort.json,bublle_sort.json,for,2026-03-25 20:09:20,bublle_sort.js,8,1,2026-04-01T08:13:07.898668
thammyressouza123-spec,/home/gilmar/Documents/algoritmos/logado-utfpr-ifam/logado-students/repos_logado/thammyressouza123-spec/bublle_sort.json,bublle_sort.json,let,2026-03-25 20:09:20,bublle_sort.js,2,1,2026-04-01T08:13:07.898670
thammyressouza123-spec,/home/gilmar/Documents/algoritmos/logado-utfpr-ifam/logado-students/repos_logado/thammyressouza123-spec/bublle_sort.json,bublle_sort.json,for,2026-03-25 20:09:20,bublle_sort.js,8,1,2026-04-01T08:13:07.898671
thammyressouza123-spec,/home/gilmar/Documents/algoritmos/logado-utfpr-ifam/logado-students/repos_logado/thammyressouza123-spec/bublle_sort.json,bublle_sort.json,let,2026-03-25 20:09:20,bublle_sort.js,2,1,2026-04-01T08:13:07.898673
thammyressouza123-spec,/home/gilmar/Documents/algoritmos/logado-utfpr-ifam/logado-students/repos_logado/thammyressouza123-spec/bublle_sort.json,bublle_sort.json,if,2026-03-25 20:09:20,bublle_sort.js,10,9,2026-04-01T08:13:07.898674
thammyressouza123-spec,/home/gilmar/Documents/algoritmos/logado-utfpr-ifam/logado-students/repos_logado/thammyressouza123-spec/bublle_sort.json,bublle_sort.json,let,2026-03-25 20:09:20,bublle_sort.js,2,1,2026-04-01T08:13:07.898677
thammyressouza123-spec,/home/gilmar/Documents/algoritmos/logado-utfpr-ifam/logado-students/repos_logado/thammyressouza123-spec/bublle_sort.json,bublle_sort.json,console,2026-03-25 20:09:20,bublle_sort.js,20,1,2026-04-01T08:13:07.898679
thammyressouza123-spec,/home/gilmar/Documents/algoritmos/logado-utfpr-ifam/logado-students/repos_logado/thammyressouza123-spec/bublle_sort.json,bublle_sort.json,log,2026-03-25 20:09:20,bublle_sort.js,20,9,2026-04-01T08:13:07.898681
thammyressouza123-spec,/home/gilmar/Documents/algoritmos/logado-utfpr-ifam/logado-students/repos_logado/thammyressouza123-spec/atividade_1.json,atividade_1.json,prompt,2026-03-24 20:10:58,atividade_1.js,1,16,2026-04-01T08:13:07.898701
thammyressouza123-spec,/home/gilmar/Documents/algoritmos/logado-utfpr-ifam/logado-students/repos_logado/thammyressouza123-spec/atividade_1.json,atividade_1.json,let,2026-03-24 20:17:00,atividade_1.js,2,1,2026-04-01T08:13:07.898703
thammyressouza123-spec,/home/gilmar/Documents/algoritmos/logado-utfpr-ifam/logado-students/repos_logado/thammyressouza123-spec/atividade_1.json,atividade_1.json,console,2026-03-24 20:27:49,atividade_1.js,4,1,2026-04-01T08:13:07.898705
thammyressouza123-spec,/home/gilmar/Documents/algoritmos/logado-utfpr-ifam/logado-students/repos_logado/thammyressouza123-spec/atividade_1.json,atividade_1.json,alert,2026-03-24 20:30:14,atividade_1.js,4,1,2026-04-01T08:13:07.898706
thammyressouza123-spec,/home/gilmar/Documents/algoritmos/logado-utfpr-ifam/logado-students/repos_logado/thammyressouza123-spec/bubble_sort_2.json,bubble_sort_2.json,let,2026-03-25 20:40:25,bubble_sort_2.js,2,1,2026-04-01T08:13:07.898728
thammyressouza123-spec,/home/gilmar/Documents/algoritmos/logado-utfpr-ifam/logado-students/repos_logado/thammyressouza123-spec/bubble_sort_2.json,bubble_sort_2.json,do,2026-03-25 20:40:25,bubble_sort_2.js,4,12,2026-04-01T08:13:07.898730
thammyressouza123-spec,/home/gilmar/Documents/algoritmos/logado-utfpr-ifam/logado-students/repos_logado/thammyressouza123-spec/bubble_sort_2.json,bubble_sort_2.json,let,2026-03-25 20:40:25,bubble_sort_2.js,2,1,2026-04-01T08:13:07.898732
thammyressouza123-spec,/home/gilmar/Documents/algoritmos/logado-utfpr-ifam/logado-students/repos_logado/thammyressouza123-spec/bubble_sort_2.json,bubble_sort_2.json,length,2026-03-25 20:40:25,bubble_sort_2.js,5,17,2026-04-01T08:13:07.898734
thammyressouza123-spec,/home/gilmar/Documents/algoritmos/logado-utfpr-ifam/logado-students/repos_logado/thammyressouza123-spec/bubble_sort_2.json,bubble_sort_2.json,for,2026-03-25 20:40:25,bubble_sort_2.js,8,1,2026-04-01T08:13:07.898735
thammyressouza123-spec,/home/gilmar/Documents/algoritmos/logado-utfpr-ifam/logado-students/repos_logado/thammyressouza123-spec/bubble_sort_2.json,bubble_sort_2.json,let,2026-03-25 20:40:25,bubble_sort_2.js,2,1,2026-04-01T08:13:07.898736
thammyressouza123-spec,/home/gilmar/Documents/algoritmos/logado-utfpr-ifam/logado-students/repos_logado/thammyressouza123-spec/bubble_sort_2.json,bubble_sort_2.json,for,2026-03-25 20:40:25,bubble_sort_2.js,8,1,2026-04-01T08:13:07.898738
thammyressouza123-spec,/home/gilmar/Documents/algoritmos/logado-utfpr-ifam/logado-students/repos_logado/thammyressouza123-spec/bubble_sort_2.json,bubble_sort_2.json,let,2026-03-25 20:40:25,bubble_sort_2.js,2,1,2026-04-01T08:13:07.898739
thammyressouza123-spec,/home/gilmar/Documents/algoritmos/logado-utfpr-ifam/logado-students/repos_logado/thammyressouza123-spec/bubble_sort_2.json,bubble_sort_2.json,if,2026-03-25 20:40:25,bubble_sort_2.js,10,9,2026-04-01T08:13:07.898741
thammyressouza123-spec,/home/gilmar/Documents/algoritmos/logado-utfpr-ifam/logado-students/repos_logado/thammyressouza123-spec/bubble_sort_2.json,bubble_sort_2.json,let,2026-03-25 20:40:25,bubble_sort_2.js,2,1,2026-04-01T08:13:07.898742
thammyressouza123-spec,/home/gilmar/Documents/algoritmos/logado-utfpr-ifam/logado-students/repos_logado/thammyressouza123-spec/bubble_sort_2.json,bubble_sort_2.json,console,2026-03-25 20:40:25,bubble_sort_2.js,20,1,2026-04-01T08:13:07.898744
thammyressouza123-spec,/home/gilmar/Documents/algoritmos/logado-utfpr-ifam/logado-students/repos_logado/thammyressouza123-spec/bubble_sort_2.json,bubble_sort_2.json,log,2026-03-25 20:40:25,bubble_sort_2.js,20,9,2026-04-01T08:13:07.898745
thammyressouza123-spec,/home/gilmar/Documents/algoritmos/logado-utfpr-ifam/logado-students/repos_logado/thammyressouza123-spec/bubble.json,bubble.json,true,2026-03-20 21:50:34,bubble.js,4,33,2026-04-01T08:13:07.898791
thammyressouza123-spec,/home/gilmar/Documents/algoritmos/logado-utfpr-ifam/logado-students/repos_logado/thammyressouza123-spec/bubble.json,bubble.json,false,2026-03-20 21:50:34,bubble.js,4,60,2026-04-01T08:13:07.898795
thammyressouza123-spec,/home/gilmar/Documents/algoritmos/logado-utfpr-ifam/logado-students/repos_logado/thammyressouza123-spec/bubble.json,bubble.json,function,2026-03-20 21:50:34,bubble.js,7,1,2026-04-01T08:13:07.898796
thammyressouza123-spec,/home/gilmar/Documents/algoritmos/logado-utfpr-ifam/logado-students/repos_logado/thammyressouza123-spec/bubble.json,bubble.json,true,2026-03-20 21:50:34,bubble.js,4,33,2026-04-01T08:13:07.898798
thammyressouza123-spec,/home/gilmar/Documents/algoritmos/logado-utfpr-ifam/logado-students/repos_logado/thammyressouza123-spec/bubble.json,bubble.json,if,2026-03-20 21:50:34,bubble.js,9,5,2026-04-01T08:13:07.898799
thammyressouza123-spec,/home/gilmar/Documents/algoritmos/logado-utfpr-ifam/logado-students/repos_logado/thammyressouza123-spec/bubble.json,bubble.json,throw,2026-03-20 21:50:34,bubble.js,10,9,2026-04-01T08:13:07.898801
thammyressouza123-spec,/home/gilmar/Documents/algoritmos/logado-utfpr-ifam/logado-students/repos_logado/thammyressouza123-spec/bubble.json,bubble.json,new,2026-03-20 21:50:34,bubble.js,10,15,2026-04-01T08:13:07.898802
thammyressouza123-spec,/home/gilmar/Documents/algoritmos/logado-utfpr-ifam/logado-students/repos_logado/thammyressouza123-spec/bubble.json,bubble.json,if,2026-03-20 21:50:34,bubble.js,9,5,2026-04-01T08:13:07.898804
thammyressouza123-spec,/home/gilmar/Documents/algoritmos/logado-utfpr-ifam/logado-students/repos_logado/thammyressouza123-spec/bubble.json,bubble.json,typeof,2026-03-20 21:50:34,bubble.js,12,27,2026-04-01T08:13:07.898805
thammyressouza123-spec,/home/gilmar/Documents/algoritmos/logado-utfpr-ifam/logado-students/repos_logado/thammyressouza123-spec/bubble.json,bubble.json,throw,2026-03-20 21:50:34,bubble.js,10,9,2026-04-01T08:13:07.898820
thammyressouza123-spec,/home/gilmar/Documents/algoritmos/logado-utfpr-ifam/logado-students/repos_logado/thammyressouza123-spec/bubble.json,bubble.json,new,2026-03-20 21:50:34,bubble.js,10,15,2026-04-01T08:13:07.898822
thammyressouza123-spec,/home/gilmar/Documents/algoritmos/logado-utfpr-ifam/logado-students/repos_logado/thammyressouza123-spec/bubble.json,bubble.json,let,2026-03-20 21:50:34,bubble.js,17,5,2026-04-01T08:13:07.898824
thammyressouza123-spec,/home/gilmar/Documents/algoritmos/logado-utfpr-ifam/logado-students/repos_logado/thammyressouza123-spec/bubble.json,bubble.json,let,2026-03-20 21:50:34,bubble.js,17,5,2026-04-01T08:13:07.898825
thammyressouza123-spec,/home/gilmar/Documents/algoritmos/logado-utfpr-ifam/logado-students/repos_logado/thammyressouza123-spec/bubble.json,bubble.json,length,2026-03-20 21:50:34,bubble.js,18,19,2026-04-01T08:13:07.898826
thammyressouza123-spec,/home/gilmar/Documents/algoritmos/logado-utfpr-ifam/logado-students/repos_logado/thammyressouza123-spec/bubble.json,bubble.json,let,2026-03-20 21:50:34,bubble.js,17,5,2026-04-01T08:13:07.898828
thammyressouza123-spec,/home/gilmar/Documents/algoritmos/logado-utfpr-ifam/logado-students/repos_logado/thammyressouza123-spec/bubble.json,bubble.json,do,2026-03-20 21:50:34,bubble.js,2,37,2026-04-01T08:13:07.898829
thammyressouza123-spec,/home/gilmar/Documents/algoritmos/logado-utfpr-ifam/logado-students/repos_logado/thammyressouza123-spec/bubble.json,bubble.json,false,2026-03-20 21:50:34,bubble.js,4,60,2026-04-01T08:13:07.898830
thammyressouza123-spec,/home/gilmar/Documents/algoritmos/logado-utfpr-ifam/logado-students/repos_logado/thammyressouza123-spec/bubble.json,bubble.json,for,2026-03-20 21:50:34,bubble.js,24,9,2026-04-01T08:13:07.898832
thammyressouza123-spec,/home/gilmar/Documents/algoritmos/logado-utfpr-ifam/logado-students/repos_logado/thammyressouza123-spec/bubble.json,bubble.json,let,2026-03-20 21:50:34,bubble.js,17,5,2026-04-01T08:13:07.898833
thammyressouza123-spec,/home/gilmar/Documents/algoritmos/logado-utfpr-ifam/logado-students/repos_logado/thammyressouza123-spec/bubble.json,bubble.json,if,2026-03-20 21:50:34,bubble.js,9,5,2026-04-01T08:13:07.898835
thammyressouza123-spec,/home/gilmar/Documents/algoritmos/logado-utfpr-ifam/logado-students/repos_logado/thammyressouza123-spec/bubble.json,bubble.json,true,2026-03-20 21:50:34,bubble.js,4,33,2026-04-01T08:13:07.898837
thammyressouza123-spec,/home/gilmar/Documents/algoritmos/logado-utfpr-ifam/logado-students/repos_logado/thammyressouza123-spec/bubble.json,bubble.json,while,2026-03-20 21:50:34,bubble.js,34,7,2026-04-01T08:13:07.898839
thammyressouza123-spec,/home/gilmar/Documents/algoritmos/logado-utfpr-ifam/logado-students/repos_logado/thammyressouza123-spec/bubble.json,bubble.json,return,2026-03-20 21:50:34,bubble.js,5,5,2026-04-01T08:13:07.898841
thammyressouza123-spec,/home/gilmar/Documents/algoritmos/logado-utfpr-ifam/logado-students/repos_logado/thammyressouza123-spec/bubble.json,bubble.json,try,2026-03-20 21:50:34,bubble.js,40,1,2026-04-01T08:13:07.898842
thammyressouza123-spec,/home/gilmar/Documents/algoritmos/logado-utfpr-ifam/logado-students/repos_logado/thammyressouza123-spec/bubble.json,bubble.json,let,2026-03-20 21:50:34,bubble.js,17,5,2026-04-01T08:13:07.898844
thammyressouza123-spec,/home/gilmar/Documents/algoritmos/logado-utfpr-ifam/logado-students/repos_logado/thammyressouza123-spec/bubble.json,bubble.json,console,2026-03-20 21:50:34,bubble.js,42,5,2026-04-01T08:13:07.898845
thammyressouza123-spec,/home/gilmar/Documents/algoritmos/logado-utfpr-ifam/logado-students/repos_logado/thammyressouza123-spec/bubble.json,bubble.json,log,2026-03-20 21:50:34,bubble.js,42,13,2026-04-01T08:13:07.898847
thammyressouza123-spec,/home/gilmar/Documents/algoritmos/logado-utfpr-ifam/logado-students/repos_logado/thammyressouza123-spec/bubble.json,bubble.json,console,2026-03-20 21:50:34,bubble.js,42,5,2026-04-01T08:13:07.898848
thammyressouza123-spec,/home/gilmar/Documents/algoritmos/logado-utfpr-ifam/logado-students/repos_logado/thammyressouza123-spec/bubble.json,bubble.json,log,2026-03-20 21:50:34,bubble.js,42,13,2026-04-01T08:13:07.898849
thammyressouza123-spec,/home/gilmar/Documents/algoritmos/logado-utfpr-ifam/logado-students/repos_logado/thammyressouza123-spec/bubble.json,bubble.json,true,2026-03-20 21:50:34,bubble.js,4,33,2026-04-01T08:13:07.898851
thammyressouza123-spec,/home/gilmar/Documents/algoritmos/logado-utfpr-ifam/logado-students/repos_logado/thammyressouza123-spec/bubble.json,bubble.json,console,2026-03-20 21:50:34,bubble.js,42,5,2026-04-01T08:13:07.898852
thammyressouza123-spec,/home/gilmar/Documents/algoritmos/logado-utfpr-ifam/logado-students/repos_logado/thammyressouza123-spec/bubble.json,bubble.json,log,2026-03-20 21:50:34,bubble.js,42,13,2026-04-01T08:13:07.898854
thammyressouza123-spec,/home/gilmar/Documents/algoritmos/logado-utfpr-ifam/logado-students/repos_logado/thammyressouza123-spec/bubble.json,bubble.json,false,2026-03-20 21:50:34,bubble.js,4,60,2026-04-01T08:13:07.898855
thammyressouza123-spec,/home/gilmar/Documents/algoritmos/logado-utfpr-ifam/logado-students/repos_logado/thammyressouza123-spec/bubble.json,bubble.json,catch,2026-03-20 21:50:34,bubble.js,45,3,2026-04-01T08:13:07.898857
thammyressouza123-spec,/home/gilmar/Documents/algoritmos/logado-utfpr-ifam/logado-students/repos_logado/thammyressouza123-spec/bubble.json,bubble.json,error,2026-03-20 21:50:34,bubble.js,45,10,2026-04-01T08:13:07.898858
thammyressouza123-spec,/home/gilmar/Documents/algoritmos/logado-utfpr-ifam/logado-students/repos_logado/thammyressouza123-spec/bubble.json,bubble.json,console,2026-03-20 21:50:34,bubble.js,42,5,2026-04-01T08:13:07.898860
thammyressouza123-spec,/home/gilmar/Documents/algoritmos/logado-utfpr-ifam/logado-students/repos_logado/thammyressouza123-spec/bubble.json,bubble.json,error,2026-03-20 21:50:34,bubble.js,45,10,2026-04-01T08:13:07.898861
thammyressouza123-spec,/home/gilmar/Documents/algoritmos/logado-utfpr-ifam/logado-students/repos_logado/thammyressouza123-spec/bubble.json,bubble.json,error,2026-03-20 21:50:34,bubble.js,45,10,2026-04-01T08:13:07.898862
thammyressouza123-spec,/home/gilmar/Documents/algoritmos/logado-utfpr-ifam/logado-students/repos_logado/thammyressouza123-spec/bubble.json,bubble.json,function,2026-03-20 22:13:10,bubble.js,1,1,2026-04-01T08:13:07.898864
thammyressouza123-spec,/home/gilmar/Documents/algoritmos/logado-utfpr-ifam/logado-students/repos_logado/thammyressouza123-spec/bubble.json,bubble.json,let,2026-03-20 22:13:10,bubble.js,2,3,2026-04-01T08:13:07.898866
thammyressouza123-spec,/home/gilmar/Documents/algoritmos/logado-utfpr-ifam/logado-students/repos_logado/thammyressouza123-spec/bubble.json,bubble.json,length,2026-03-20 22:13:10,bubble.js,2,15,2026-04-01T08:13:07.898867
thammyressouza123-spec,/home/gilmar/Documents/algoritmos/logado-utfpr-ifam/logado-students/repos_logado/thammyressouza123-spec/bubble.json,bubble.json,for,2026-03-20 22:13:10,bubble.js,4,3,2026-04-01T08:13:07.898869
thammyressouza123-spec,/home/gilmar/Documents/algoritmos/logado-utfpr-ifam/logado-students/repos_logado/thammyressouza123-spec/bubble.json,bubble.json,let,2026-03-20 22:13:10,bubble.js,2,3,2026-04-01T08:13:07.898870
thammyressouza123-spec,/home/gilmar/Documents/algoritmos/logado-utfpr-ifam/logado-students/repos_logado/thammyressouza123-spec/bubble.json,bubble.json,for,2026-03-20 22:13:10,bubble.js,4,3,2026-04-01T08:13:07.898872
thammyressouza123-spec,/home/gilmar/Documents/algoritmos/logado-utfpr-ifam/logado-students/repos_logado/thammyressouza123-spec/bubble.json,bubble.json,let,2026-03-20 22:13:10,bubble.js,2,3,2026-04-01T08:13:07.898873
thammyressouza123-spec,/home/gilmar/Documents/algoritmos/logado-utfpr-ifam/logado-students/repos_logado/thammyressouza123-spec/bubble.json,bubble.json,if,2026-03-20 22:13:10,bubble.js,6,7,2026-04-01T08:13:07.898875
thammyressouza123-spec,/home/gilmar/Documents/algoritmos/logado-utfpr-ifam/logado-students/repos_logado/thammyressouza123-spec/bubble.json,bubble.json,let,2026-03-20 22:13:10,bubble.js,2,3,2026-04-01T08:13:07.898876
thammyressouza123-spec,/home/gilmar/Documents/algoritmos/logado-utfpr-ifam/logado-students/repos_logado/thammyressouza123-spec/bubble.json,bubble.json,return,2026-03-20 22:13:10,bubble.js,14,3,2026-04-01T08:13:07.898877
thammyressouza123-spec,/home/gilmar/Documents/algoritmos/logado-utfpr-ifam/logado-students/repos_logado/thammyressouza123-spec/bubble.json,bubble.json,console,2026-03-20 22:13:10,bubble.js,17,1,2026-04-01T08:13:07.898879
thammyressouza123-spec,/home/gilmar/Documents/algoritmos/logado-utfpr-ifam/logado-students/repos_logado/thammyressouza123-spec/bubble.json,bubble.json,log,2026-03-20 22:13:10,bubble.js,17,9,2026-04-01T08:13:07.898880
thammyressouza123-spec,/home/gilmar/Documents/algoritmos/logado-utfpr-ifam/logado-students/repos_logado/thammyressouza123-spec/aprovacao_02.json,aprovacao_02.json,var,2026-03-06 21:37:31,aprovacao_02.js,1,1,2026-04-01T08:13:07.898923
thammyressouza123-spec,/home/gilmar/Documents/algoritmos/logado-utfpr-ifam/logado-students/repos_logado/thammyressouza123-spec/aprovacao_02.json,aprovacao_02.json,do,2026-03-06 21:37:31,aprovacao_02.js,1,49,2026-04-01T08:13:07.898925
thammyressouza123-spec,/home/gilmar/Documents/algoritmos/logado-utfpr-ifam/logado-students/repos_logado/thammyressouza123-spec/aprovacao_02.json,aprovacao_02.json,var,2026-03-06 21:37:31,aprovacao_02.js,1,1,2026-04-01T08:13:07.898928
thammyressouza123-spec,/home/gilmar/Documents/algoritmos/logado-utfpr-ifam/logado-students/repos_logado/thammyressouza123-spec/aprovacao_02.json,aprovacao_02.json,prompt,2026-03-06 21:37:31,aprovacao_02.js,3,27,2026-04-01T08:13:07.898930
thammyressouza123-spec,/home/gilmar/Documents/algoritmos/logado-utfpr-ifam/logado-students/repos_logado/thammyressouza123-spec/aprovacao_02.json,aprovacao_02.json,var,2026-03-06 21:37:31,aprovacao_02.js,1,1,2026-04-01T08:13:07.898932
thammyressouza123-spec,/home/gilmar/Documents/algoritmos/logado-utfpr-ifam/logado-students/repos_logado/thammyressouza123-spec/aprovacao_02.json,aprovacao_02.json,prompt,2026-03-06 21:37:31,aprovacao_02.js,3,27,2026-04-01T08:13:07.898934
thammyressouza123-spec,/home/gilmar/Documents/algoritmos/logado-utfpr-ifam/logado-students/repos_logado/thammyressouza123-spec/aprovacao_02.json,aprovacao_02.json,var,2026-03-06 21:37:31,aprovacao_02.js,1,1,2026-04-01T08:13:07.898935
thammyressouza123-spec,/home/gilmar/Documents/algoritmos/logado-utfpr-ifam/logado-students/repos_logado/thammyressouza123-spec/aprovacao_02.json,aprovacao_02.json,alert,2026-03-06 21:37:31,aprovacao_02.js,6,3,2026-04-01T08:13:07.898937
thammyressouza123-spec,/home/gilmar/Documents/algoritmos/logado-utfpr-ifam/logado-students/repos_logado/thammyressouza123-spec/aprovacao_02.json,aprovacao_02.json,if,2026-03-06 21:37:31,aprovacao_02.js,7,1,2026-04-01T08:13:07.898939
thammyressouza123-spec,/home/gilmar/Documents/algoritmos/logado-utfpr-ifam/logado-students/repos_logado/thammyressouza123-spec/aprovacao_02.json,aprovacao_02.json,alert,2026-03-06 21:37:31,aprovacao_02.js,6,3,2026-04-01T08:13:07.898941
thammyressouza123-spec,/home/gilmar/Documents/algoritmos/logado-utfpr-ifam/logado-students/repos_logado/thammyressouza123-spec/aprovacao_02.json,aprovacao_02.json,else,2026-03-06 21:37:31,aprovacao_02.js,11,1,2026-04-01T08:13:07.898943
thammyressouza123-spec,/home/gilmar/Documents/algoritmos/logado-utfpr-ifam/logado-students/repos_logado/thammyressouza123-spec/aprovacao_02.json,aprovacao_02.json,if,2026-03-06 21:37:31,aprovacao_02.js,7,1,2026-04-01T08:13:07.898944
thammyressouza123-spec,/home/gilmar/Documents/algoritmos/logado-utfpr-ifam/logado-students/repos_logado/thammyressouza123-spec/aprovacao_02.json,aprovacao_02.json,alert,2026-03-06 21:37:31,aprovacao_02.js,6,3,2026-04-01T08:13:07.898946
thammyressouza123-spec,/home/gilmar/Documents/algoritmos/logado-utfpr-ifam/logado-students/repos_logado/thammyressouza123-spec/aprovacao_02.json,aprovacao_02.json,prompt,2026-03-06 21:37:31,aprovacao_02.js,3,27,2026-04-01T08:13:07.898948
thammyressouza123-spec,/home/gilmar/Documents/algoritmos/logado-utfpr-ifam/logado-students/repos_logado/thammyressouza123-spec/aprovacao_02.json,aprovacao_02.json,if,2026-03-06 21:37:31,aprovacao_02.js,7,1,2026-04-01T08:13:07.898949
thammyressouza123-spec,/home/gilmar/Documents/algoritmos/logado-utfpr-ifam/logado-students/repos_logado/thammyressouza123-spec/aprovacao_02.json,aprovacao_02.json,alert,2026-03-06 21:37:31,aprovacao_02.js,6,3,2026-04-01T08:13:07.898950
thammyressouza123-spec,/home/gilmar/Documents/algoritmos/logado-utfpr-ifam/logado-students/repos_logado/thammyressouza123-spec/aprovacao_02.json,aprovacao_02.json,else,2026-03-06 21:37:31,aprovacao_02.js,11,1,2026-04-01T08:13:07.898952
thammyressouza123-spec,/home/gilmar/Documents/algoritmos/logado-utfpr-ifam/logado-students/repos_logado/thammyressouza123-spec/aprovacao_02.json,aprovacao_02.json,alert,2026-03-06 21:37:31,aprovacao_02.js,6,3,2026-04-01T08:13:07.898954
thammyressouza123-spec,/home/gilmar/Documents/algoritmos/logado-utfpr-ifam/logado-students/repos_logado/thammyressouza123-spec/aprovacao_02.json,aprovacao_02.json,else,2026-03-06 21:37:31,aprovacao_02.js,11,1,2026-04-01T08:13:07.898956
thammyressouza123-spec,/home/gilmar/Documents/algoritmos/logado-utfpr-ifam/logado-students/repos_logado/thammyressouza123-spec/aprovacao_02.json,aprovacao_02.json,alert,2026-03-06 21:37:31,aprovacao_02.js,6,3,2026-04-01T08:13:07.898957
thammyressouza123-spec,/home/gilmar/Documents/algoritmos/logado-utfpr-ifam/logado-students/repos_logado/thammyressouza123-spec/aprovacao_02.json,aprovacao_02.json,while,2026-03-06 21:37:31,aprovacao_02.js,29,2,2026-04-01T08:13:07.898959
thammyressouza123-spec,/home/gilmar/Documents/algoritmos/logado-utfpr-ifam/logado-students/repos_logado/thammyressouza123-spec/aprovacao_02.json,aprovacao_02.json,alert,2026-03-06 21:37:31,aprovacao_02.js,6,3,2026-04-01T08:13:07.898960
thammyressouza123-spec,/home/gilmar/Documents/algoritmos/logado-utfpr-ifam/logado-students/repos_logado/thammyressouza123-spec/dcremento.json,dcremento.json,while,2026-03-06 21:59:53,dcremento.js,2,1,2026-04-01T08:13:07.898990
thammyressouza123-spec,/home/gilmar/Documents/algoritmos/logado-utfpr-ifam/logado-students/repos_logado/thammyressouza123-spec/dcremento.json,dcremento.json,alert,2026-03-06 22:00:18,dcremento.js,3,5,2026-04-01T08:13:07.898991
thammyressouza123-spec,/home/gilmar/Documents/algoritmos/logado-utfpr-ifam/logado-students/repos_logado/thammyressouza123-spec/troca.json,troca.json,alert,2026-03-20 20:18:18,troca.js,3,1,2026-04-01T08:13:07.899011
thammyressouza123-spec,/home/gilmar/Documents/algoritmos/logado-utfpr-ifam/logado-students/repos_logado/thammyressouza123-spec/troca.json,troca.json,alert,2026-03-20 20:19:38,troca.js,4,1,2026-04-01T08:13:07.899013
thammyressouza123-spec,/home/gilmar/Documents/algoritmos/logado-utfpr-ifam/logado-students/repos_logado/thammyressouza123-spec/troca.json,troca.json,trunc,2026-03-20 20:20:06,troca.js,4,12,2026-04-01T08:13:07.899015
thammyressouza123-spec,/home/gilmar/Documents/algoritmos/logado-utfpr-ifam/logado-students/repos_logado/thammyressouza123-spec/troca.json,troca.json,alert,2026-03-20 20:36:33,troca.js,6,1,2026-04-01T08:13:07.899021
thammyressouza123-spec,/home/gilmar/Documents/algoritmos/logado-utfpr-ifam/logado-students/repos_logado/thammyressouza123-spec/vetor_jogos.json,vetor_jogos.json,for,2026-03-12 20:20:17,vetor_jogos.js,3,1,2026-04-01T08:13:07.899038
thammyressouza123-spec,/home/gilmar/Documents/algoritmos/logado-utfpr-ifam/logado-students/repos_logado/thammyressouza123-spec/vetor_jogos.json,vetor_jogos.json,for,2026-03-12 20:27:10,vetor_jogos.js,3,1,2026-04-01T08:13:07.899040
thammyressouza123-spec,/home/gilmar/Documents/algoritmos/logado-utfpr-ifam/logado-students/repos_logado/thammyressouza123-spec/vetor_jogos.json,vetor_jogos.json,for,2026-03-12 20:43:30,vetor_jogos.js,8,1,2026-04-01T08:13:07.899041
ribamarvasconcelos51-dotcom,/home/gilmar/Documents/algoritmos/logado-utfpr-ifam/logado-students/repos_logado/ribamarvasconcelos51-dotcom/main.json,main.json,alert,2026-02-20 20:36:50,main.js,1,1,2026-04-01T08:13:07.899057
ribamarvasconcelos51-dotcom,/home/gilmar/Documents/algoritmos/logado-utfpr-ifam/logado-students/repos_logado/ribamarvasconcelos51-dotcom/main.json,main.json,prompt,2026-02-20 20:39:58,main.js,1,12,2026-04-01T08:13:07.899058
ribamarvasconcelos51-dotcom,/home/gilmar/Documents/algoritmos/logado-utfpr-ifam/logado-students/repos_logado/ribamarvasconcelos51-dotcom/main.json,main.json,alert,2026-02-20 20:40:59,main.js,2,1,2026-04-01T08:13:07.899060
ribamarvasconcelos51-dotcom,/home/gilmar/Documents/algoritmos/logado-utfpr-ifam/logado-students/repos_logado/ribamarvasconcelos51-dotcom/for.json,for.json,for,2026-02-20 21:19:53,for.js,1,1,2026-04-01T08:13:07.899079
ribamarvasconcelos51-dotcom,/home/gilmar/Documents/algoritmos/logado-utfpr-ifam/logado-students/repos_logado/ribamarvasconcelos51-dotcom/for.json,for.json,for,2026-02-20 21:24:23,for.js,2,1,2026-04-01T08:13:07.899081
ribamarvasconcelos51-dotcom,/home/gilmar/Documents/algoritmos/logado-utfpr-ifam/logado-students/repos_logado/ribamarvasconcelos51-dotcom/for.json,for.json,for,2026-02-20 21:33:58,for.js,9,9,2026-04-01T08:13:07.899082
mariabessagn,/home/gilmar/Documents/algoritmos/logado-utfpr-ifam/logado-students/repos_logado/mariabessagn/domingos.json,domingos.json,for,2026-02-27 20:06:06,domingos.js,4,1,2026-04-01T08:13:07.899111
mariabessagn,/home/gilmar/Documents/algoritmos/logado-utfpr-ifam/logado-students/repos_logado/mariabessagn/domingos.json,domingos.json,for,2026-02-27 20:08:10,domingos.js,2,1,2026-04-01T08:13:07.899114
mariabessagn,/home/gilmar/Documents/algoritmos/logado-utfpr-ifam/logado-students/repos_logado/mariabessagn/domingos.json,domingos.json,prompt,2026-02-27 20:09:08,domingos.js,2,16,2026-04-01T08:13:07.899115
mariabessagn,/home/gilmar/Documents/algoritmos/logado-utfpr-ifam/logado-students/repos_logado/mariabessagn/domingos.json,domingos.json,for,2026-02-27 20:09:46,domingos.js,3,1,2026-04-01T08:13:07.899117
mariabessagn,/home/gilmar/Documents/algoritmos/logado-utfpr-ifam/logado-students/repos_logado/mariabessagn/domingos.json,domingos.json,for,2026-02-27 20:24:02,domingos.js,4,1,2026-04-01T08:13:07.899119
mariabessagn,/home/gilmar/Documents/algoritmos/logado-utfpr-ifam/logado-students/repos_logado/mariabessagn/domingos.json,domingos.json,for,2026-02-27 20:27:40,domingos.js,8,1,2026-04-01T08:13:07.899120
mariabessagn,/home/gilmar/Documents/algoritmos/logado-utfpr-ifam/logado-students/repos_logado/mariabessagn/domingos.json,domingos.json,for,2026-02-27 20:46:32,domingos.js,5,1,2026-04-01T08:13:07.899122
mariabessagn,/home/gilmar/Documents/algoritmos/logado-utfpr-ifam/logado-students/repos_logado/mariabessagn/domingos.json,domingos.json,for,2026-02-27 22:23:38,domingos.js,12,5,2026-04-01T08:13:07.899123
mariabessagn,/home/gilmar/Documents/algoritmos/logado-utfpr-ifam/logado-students/repos_logado/mariabessagn/domingos.json,domingos.json,alert,2026-02-27 22:26:35,domingos.js,15,1,2026-04-01T08:13:07.899125
mariabessagn,/home/gilmar/Documents/algoritmos/logado-utfpr-ifam/logado-students/repos_logado/mariabessagn/vaquinha.json,vaquinha.json,alert,2026-03-12 19:56:25,vaquinha.js,8,1,2026-04-01T08:13:07.899143
mariabessagn,/home/gilmar/Documents/algoritmos/logado-utfpr-ifam/logado-students/repos_logado/mariabessagn/vaquinha.json,vaquinha.json,for,2026-03-12 20:07:41,vaquinha.js,9,1,2026-04-01T08:13:07.899144
mariabessagn,/home/gilmar/Documents/algoritmos/logado-utfpr-ifam/logado-students/repos_logado/mariabessagn/funcaosoma.json,funcaosoma.json,alert,2026-03-25 21:20:51,funcaosoma.js,6,1,2026-04-01T08:13:07.899195
mariabessagn,/home/gilmar/Documents/algoritmos/logado-utfpr-ifam/logado-students/repos_logado/mariabessagn/funcaosoma.json,funcaosoma.json,function,2026-03-25 21:36:03,funcaosoma.js,8,1,2026-04-01T08:13:07.899197
mariabessagn,/home/gilmar/Documents/algoritmos/logado-utfpr-ifam/logado-students/repos_logado/mariabessagn/funcaosoma.json,funcaosoma.json,return,2026-03-25 21:36:03,funcaosoma.js,9,6,2026-04-01T08:13:07.899199
mariabessagn,/home/gilmar/Documents/algoritmos/logado-utfpr-ifam/logado-students/repos_logado/mariabessagn/funcaosoma.json,funcaosoma.json,var,2026-03-25 21:36:03,funcaosoma.js,11,1,2026-04-01T08:13:07.899200
mariabessagn,/home/gilmar/Documents/algoritmos/logado-utfpr-ifam/logado-students/repos_logado/mariabessagn/funcaosoma.json,funcaosoma.json,prompt,2026-03-25 21:36:03,funcaosoma.js,11,18,2026-04-01T08:13:07.899202
mariabessagn,/home/gilmar/Documents/algoritmos/logado-utfpr-ifam/logado-students/repos_logado/mariabessagn/funcaosoma.json,funcaosoma.json,var,2026-03-25 21:36:03,funcaosoma.js,11,1,2026-04-01T08:13:07.899203
mariabessagn,/home/gilmar/Documents/algoritmos/logado-utfpr-ifam/logado-students/repos_logado/mariabessagn/funcaosoma.json,funcaosoma.json,prompt,2026-03-25 21:36:03,funcaosoma.js,11,18,2026-04-01T08:13:07.899205
mariabessagn,/home/gilmar/Documents/algoritmos/logado-utfpr-ifam/logado-students/repos_logado/mariabessagn/funcaosoma.json,funcaosoma.json,alert,2026-03-25 21:36:03,funcaosoma.js,13,1,2026-04-01T08:13:07.899206
mariabessagn,/home/gilmar/Documents/algoritmos/logado-utfpr-ifam/logado-students/repos_logado/mariabessagn/funcaosoma.json,funcaosoma.json,function,2026-03-25 21:37:26,funcaosoma.js,8,1,2026-04-01T08:13:07.899207
mariabessagn,/home/gilmar/Documents/algoritmos/logado-utfpr-ifam/logado-students/repos_logado/mariabessagn/funcaosoma.json,funcaosoma.json,return,2026-03-25 21:37:26,funcaosoma.js,9,6,2026-04-01T08:13:07.899209
mariabessagn,/home/gilmar/Documents/algoritmos/logado-utfpr-ifam/logado-students/repos_logado/mariabessagn/funcaosoma.json,funcaosoma.json,var,2026-03-25 21:37:26,funcaosoma.js,11,1,2026-04-01T08:13:07.899210
mariabessagn,/home/gilmar/Documents/algoritmos/logado-utfpr-ifam/logado-students/repos_logado/mariabessagn/funcaosoma.json,funcaosoma.json,prompt,2026-03-25 21:37:26,funcaosoma.js,11,18,2026-04-01T08:13:07.899212
mariabessagn,/home/gilmar/Documents/algoritmos/logado-utfpr-ifam/logado-students/repos_logado/mariabessagn/funcaosoma.json,funcaosoma.json,var,2026-03-25 21:37:26,funcaosoma.js,11,1,2026-04-01T08:13:07.899213
mariabessagn,/home/gilmar/Documents/algoritmos/logado-utfpr-ifam/logado-students/repos_logado/mariabessagn/funcaosoma.json,funcaosoma.json,prompt,2026-03-25 21:37:26,funcaosoma.js,11,18,2026-04-01T08:13:07.899214
mariabessagn,/home/gilmar/Documents/algoritmos/logado-utfpr-ifam/logado-students/repos_logado/mariabessagn/funcaosoma.json,funcaosoma.json,alert,2026-03-25 21:37:26,funcaosoma.js,13,1,2026-04-01T08:13:07.899217
mariabessagn,/home/gilmar/Documents/algoritmos/logado-utfpr-ifam/logado-students/repos_logado/mariabessagn/funcaosoma.json,funcaosoma.json,function,2026-03-25 21:37:30,funcaosoma.js,14,1,2026-04-01T08:13:07.899218
mariabessagn,/home/gilmar/Documents/algoritmos/logado-utfpr-ifam/logado-students/repos_logado/mariabessagn/funcaosoma.json,funcaosoma.json,return,2026-03-25 21:37:30,funcaosoma.js,15,6,2026-04-01T08:13:07.899219
mariabessagn,/home/gilmar/Documents/algoritmos/logado-utfpr-ifam/logado-students/repos_logado/mariabessagn/funcaosoma.json,funcaosoma.json,var,2026-03-25 21:37:30,funcaosoma.js,17,1,2026-04-01T08:13:07.899220
mariabessagn,/home/gilmar/Documents/algoritmos/logado-utfpr-ifam/logado-students/repos_logado/mariabessagn/funcaosoma.json,funcaosoma.json,prompt,2026-03-25 21:37:30,funcaosoma.js,17,18,2026-04-01T08:13:07.899222
mariabessagn,/home/gilmar/Documents/algoritmos/logado-utfpr-ifam/logado-students/repos_logado/mariabessagn/funcaosoma.json,funcaosoma.json,var,2026-03-25 21:37:30,funcaosoma.js,17,1,2026-04-01T08:13:07.899224
mariabessagn,/home/gilmar/Documents/algoritmos/logado-utfpr-ifam/logado-students/repos_logado/mariabessagn/funcaosoma.json,funcaosoma.json,prompt,2026-03-25 21:37:30,funcaosoma.js,17,18,2026-04-01T08:13:07.899226
mariabessagn,/home/gilmar/Documents/algoritmos/logado-utfpr-ifam/logado-students/repos_logado/mariabessagn/funcaosoma.json,funcaosoma.json,alert,2026-03-25 21:37:30,funcaosoma.js,19,1,2026-04-01T08:13:07.899227
mariabessagn,/home/gilmar/Documents/algoritmos/logado-utfpr-ifam/logado-students/repos_logado/mariabessagn/funcaosoma.json,funcaosoma.json,function,2026-03-25 21:38:08,funcaosoma.js,20,1,2026-04-01T08:13:07.899228
mariabessagn,/home/gilmar/Documents/algoritmos/logado-utfpr-ifam/logado-students/repos_logado/mariabessagn/funcaosoma.json,funcaosoma.json,return,2026-03-25 21:38:08,funcaosoma.js,21,6,2026-04-01T08:13:07.899230
mariabessagn,/home/gilmar/Documents/algoritmos/logado-utfpr-ifam/logado-students/repos_logado/mariabessagn/funcaosoma.json,funcaosoma.json,var,2026-03-25 21:38:08,funcaosoma.js,23,1,2026-04-01T08:13:07.899231
mariabessagn,/home/gilmar/Documents/algoritmos/logado-utfpr-ifam/logado-students/repos_logado/mariabessagn/funcaosoma.json,funcaosoma.json,prompt,2026-03-25 21:38:08,funcaosoma.js,23,18,2026-04-01T08:13:07.899232
mariabessagn,/home/gilmar/Documents/algoritmos/logado-utfpr-ifam/logado-students/repos_logado/mariabessagn/funcaosoma.json,funcaosoma.json,var,2026-03-25 21:38:08,funcaosoma.js,23,1,2026-04-01T08:13:07.899234
mariabessagn,/home/gilmar/Documents/algoritmos/logado-utfpr-ifam/logado-students/repos_logado/mariabessagn/funcaosoma.json,funcaosoma.json,prompt,2026-03-25 21:38:08,funcaosoma.js,23,18,2026-04-01T08:13:07.899235
mariabessagn,/home/gilmar/Documents/algoritmos/logado-utfpr-ifam/logado-students/repos_logado/mariabessagn/funcaosoma.json,funcaosoma.json,alert,2026-03-25 21:38:08,funcaosoma.js,25,1,2026-04-01T08:13:07.899236
mariabessagn,/home/gilmar/Documents/algoritmos/logado-utfpr-ifam/logado-students/repos_logado/mariabessagn/funcaosoma.json,funcaosoma.json,prompt,2026-03-25 21:52:02,funcaosoma.js,15,17,2026-04-01T08:13:07.899241
mariabessagn,/home/gilmar/Documents/algoritmos/logado-utfpr-ifam/logado-students/repos_logado/mariabessagn/funcaosoma.json,funcaosoma.json,switch,2026-03-25 21:52:44,funcaosoma.js,16,1,2026-04-01T08:13:07.899242
mariabessagn,/home/gilmar/Documents/algoritmos/logado-utfpr-ifam/logado-students/repos_logado/mariabessagn/funcaosoma.json,funcaosoma.json,alert,2026-03-25 21:53:52,funcaosoma.js,18,9,2026-04-01T08:13:07.899243
mariabessagn,/home/gilmar/Documents/algoritmos/logado-utfpr-ifam/logado-students/repos_logado/mariabessagn/funcaosoma.json,funcaosoma.json,break,2026-03-25 21:54:11,funcaosoma.js,18,25,2026-04-01T08:13:07.899245
mariabessagn,/home/gilmar/Documents/algoritmos/logado-utfpr-ifam/logado-students/repos_logado/mariabessagn/funcaosoma.json,funcaosoma.json,alert,2026-03-25 21:54:57,funcaosoma.js,20,13,2026-04-01T08:13:07.899246
mariabessagn,/home/gilmar/Documents/algoritmos/logado-utfpr-ifam/logado-students/repos_logado/mariabessagn/funcaosoma.json,funcaosoma.json,break,2026-03-25 21:55:17,funcaosoma.js,20,35,2026-04-01T08:13:07.899248
mariabessagn,/home/gilmar/Documents/algoritmos/logado-utfpr-ifam/logado-students/repos_logado/mariabessagn/funcaosoma.json,funcaosoma.json,alert,2026-03-25 21:55:53,funcaosoma.js,22,17,2026-04-01T08:13:07.899249
mariabessagn,/home/gilmar/Documents/algoritmos/logado-utfpr-ifam/logado-students/repos_logado/mariabessagn/funcaosoma.json,funcaosoma.json,break,2026-03-25 21:56:30,funcaosoma.js,22,43,2026-04-01T08:13:07.899251
mariabessagn,/home/gilmar/Documents/algoritmos/logado-utfpr-ifam/logado-students/repos_logado/mariabessagn/funcaosoma.json,funcaosoma.json,alert,2026-03-25 21:56:56,funcaosoma.js,24,21,2026-04-01T08:13:07.899252
mariabessagn,/home/gilmar/Documents/algoritmos/logado-utfpr-ifam/logado-students/repos_logado/mariabessagn/funcaosoma.json,funcaosoma.json,break,2026-03-25 21:57:10,funcaosoma.js,24,41,2026-04-01T08:13:07.899253
mariabessagn,/home/gilmar/Documents/algoritmos/logado-utfpr-ifam/logado-students/repos_logado/mariabessagn/funcaosoma.json,funcaosoma.json,alert,2026-03-25 21:58:02,funcaosoma.js,25,21,2026-04-01T08:13:07.899256
mariabessagn,/home/gilmar/Documents/algoritmos/logado-utfpr-ifam/logado-students/repos_logado/mariabessagn/funcaosoma.json,funcaosoma.json,alert,2026-03-25 21:58:31,funcaosoma.js,26,21,2026-04-01T08:13:07.899258
mariabessagn,/home/gilmar/Documents/algoritmos/logado-utfpr-ifam/logado-students/repos_logado/mariabessagn/exercicio_05.json,exercicio_05.json,alert,2026-03-03 20:22:38,exercicio_05.js,3,5,2026-04-01T08:13:07.899291
mariabessagn,/home/gilmar/Documents/algoritmos/logado-utfpr-ifam/logado-students/repos_logado/mariabessagn/exercicio_05.json,exercicio_05.json,else,2026-03-03 20:23:12,exercicio_05.js,4,1,2026-04-01T08:13:07.899294
mariabessagn,/home/gilmar/Documents/algoritmos/logado-utfpr-ifam/logado-students/repos_logado/mariabessagn/espalhamento_minimo.json,espalhamento_minimo.json,alert,2026-03-20 19:45:47,espalhamento_minimo.js,2,1,2026-04-01T08:13:07.899319
mariabessagn,/home/gilmar/Documents/algoritmos/logado-utfpr-ifam/logado-students/repos_logado/mariabessagn/espalhamento_minimo.json,espalhamento_minimo.json,min,2026-03-20 19:46:03,espalhamento_minimo.js,2,12,2026-04-01T08:13:07.899321
mariabessagn,/home/gilmar/Documents/algoritmos/logado-utfpr-ifam/logado-students/repos_logado/mariabessagn/espalhamento_minimo.json,espalhamento_minimo.json,min,2026-03-20 19:47:23,espalhamento_minimo.js,2,12,2026-04-01T08:13:07.899323
mariabessagn,/home/gilmar/Documents/algoritmos/logado-utfpr-ifam/logado-students/repos_logado/mariabessagn/jogos.json,jogos.json,for,2026-02-26 20:03:08,jogos.js,7,1,2026-04-01T08:13:07.899344
mariabessagn,/home/gilmar/Documents/algoritmos/logado-utfpr-ifam/logado-students/repos_logado/mariabessagn/jogos.json,jogos.json,alert,2026-02-26 20:26:40,jogos.js,12,1,2026-04-01T08:13:07.899346
mariabessagn,/home/gilmar/Documents/algoritmos/logado-utfpr-ifam/logado-students/repos_logado/mariabessagn/jogos.json,jogos.json,alert,2026-02-26 20:27:34,jogos.js,6,1,2026-04-01T08:13:07.899349
mariabessagn,/home/gilmar/Documents/algoritmos/logado-utfpr-ifam/logado-students/repos_logado/mariabessagn/jogos.json,jogos.json,alert,2026-02-26 20:29:20,jogos.js,7,1,2026-04-01T08:13:07.899350
mariabessagn,/home/gilmar/Documents/algoritmos/logado-utfpr-ifam/logado-students/repos_logado/mariabessagn/jogos.json,jogos.json,alert,2026-02-26 20:31:42,jogos.js,7,1,2026-04-01T08:13:07.899352
mariabessagn,/home/gilmar/Documents/algoritmos/logado-utfpr-ifam/logado-students/repos_logado/mariabessagn/maiorde3math.json,maiorde3math.json,alert,2026-03-19 22:14:58,maiorde3math.js,2,1,2026-04-01T08:13:07.899371
mariabessagn,/home/gilmar/Documents/algoritmos/logado-utfpr-ifam/logado-students/repos_logado/mariabessagn/maiorde3math.json,maiorde3math.json,max,2026-03-19 22:15:37,maiorde3math.js,2,12,2026-04-01T08:13:07.899373
mariabessagn,/home/gilmar/Documents/algoritmos/logado-utfpr-ifam/logado-students/repos_logado/mariabessagn/main.json,main.json,alert,2026-02-20 20:36:54,main.js,1,1,2026-04-01T08:13:07.899392
mariabessagn,/home/gilmar/Documents/algoritmos/logado-utfpr-ifam/logado-students/repos_logado/mariabessagn/main.json,main.json,alert,2026-02-20 20:40:29,main.js,2,1,2026-04-01T08:13:07.899394
mariabessagn,/home/gilmar/Documents/algoritmos/logado-utfpr-ifam/logado-students/repos_logado/mariabessagn/exercicio_01.json,exercicio_01.json,alert,2026-02-24 21:27:55,exercicio_01.js,5,1,2026-04-01T08:13:07.899412
mariabessagn,/home/gilmar/Documents/algoritmos/logado-utfpr-ifam/logado-students/repos_logado/mariabessagn/exercicio_08.json,exercicio_08.json,while,2026-03-03 22:05:48,exercicio_08.js,5,1,2026-04-01T08:13:07.899428
mariabessagn,/home/gilmar/Documents/algoritmos/logado-utfpr-ifam/logado-students/repos_logado/mariabessagn/exercicio_08.json,exercicio_08.json,alert,2026-03-03 22:08:10,exercicio_08.js,6,5,2026-04-01T08:13:07.899430
mariabessagn,/home/gilmar/Documents/algoritmos/logado-utfpr-ifam/logado-students/repos_logado/mariabessagn/jogos02.json,jogos02.json,while,2026-03-06 22:11:15,jogos02.js,2,1,2026-04-01T08:13:07.899452
mariabessagn,/home/gilmar/Documents/algoritmos/logado-utfpr-ifam/logado-students/repos_logado/mariabessagn/jogos02.json,jogos02.json,alert,2026-03-06 22:11:31,jogos02.js,3,5,2026-04-01T08:13:07.899454
mariabessagn,/home/gilmar/Documents/algoritmos/logado-utfpr-ifam/logado-students/repos_logado/mariabessagn/jogos02.json,jogos02.json,alert,2026-03-06 22:14:28,jogos02.js,3,5,2026-04-01T08:13:07.899455
mariabessagn,/home/gilmar/Documents/algoritmos/logado-utfpr-ifam/logado-students/repos_logado/mariabessagn/jogos02.json,jogos02.json,alert,2026-03-06 22:27:19,jogos02.js,8,1,2026-04-01T08:13:07.899457
mariabessagn,/home/gilmar/Documents/algoritmos/logado-utfpr-ifam/logado-students/repos_logado/mariabessagn/exercicio_02.json,exercicio_02.json,prompt,2026-02-24 21:55:10,exercicio_02.js,1,19,2026-04-01T08:13:07.899473
mariabessagn,/home/gilmar/Documents/algoritmos/logado-utfpr-ifam/logado-students/repos_logado/mariabessagn/revisaovetor.json,revisaovetor.json,alert,2026-03-26 19:37:30,revisaovetor.js,3,1,2026-04-01T08:13:07.899500
mariabessagn,/home/gilmar/Documents/algoritmos/logado-utfpr-ifam/logado-students/repos_logado/mariabessagn/revisaovetor.json,revisaovetor.json,prompt,2026-03-26 19:40:32,revisaovetor.js,2,24,2026-04-01T08:13:07.899503
mariabessagn,/home/gilmar/Documents/algoritmos/logado-utfpr-ifam/logado-students/repos_logado/mariabessagn/revisaovetor.json,revisaovetor.json,let,2026-03-26 19:41:05,revisaovetor.js,3,1,2026-04-01T08:13:07.899505
mariabessagn,/home/gilmar/Documents/algoritmos/logado-utfpr-ifam/logado-students/repos_logado/mariabessagn/revisaovetor.json,revisaovetor.json,prompt,2026-03-26 19:41:05,revisaovetor.js,4,12,2026-04-01T08:13:07.899507
mariabessagn,/home/gilmar/Documents/algoritmos/logado-utfpr-ifam/logado-students/repos_logado/mariabessagn/revisaovetor.json,revisaovetor.json,for,2026-03-26 19:43:32,revisaovetor.js,3,1,2026-04-01T08:13:07.899508
mariabessagn,/home/gilmar/Documents/algoritmos/logado-utfpr-ifam/logado-students/repos_logado/mariabessagn/revisaovetor.json,revisaovetor.json,let,2026-03-26 19:45:59,revisaovetor.js,4,1,2026-04-01T08:13:07.899509
mariabessagn,/home/gilmar/Documents/algoritmos/logado-utfpr-ifam/logado-students/repos_logado/mariabessagn/revisaovetor.json,revisaovetor.json,prompt,2026-03-26 19:45:59,revisaovetor.js,4,24,2026-04-01T08:13:07.899511
mariabessagn,/home/gilmar/Documents/algoritmos/logado-utfpr-ifam/logado-students/repos_logado/mariabessagn/revisaovetor.json,revisaovetor.json,let,2026-03-26 19:46:00,revisaovetor.js,3,1,2026-04-01T08:13:07.899512
mariabessagn,/home/gilmar/Documents/algoritmos/logado-utfpr-ifam/logado-students/repos_logado/mariabessagn/revisaovetor.json,revisaovetor.json,prompt,2026-03-26 19:46:00,revisaovetor.js,3,24,2026-04-01T08:13:07.899514
mariabessagn,/home/gilmar/Documents/algoritmos/logado-utfpr-ifam/logado-students/repos_logado/mariabessagn/revisaovetor.json,revisaovetor.json,for,2026-03-26 19:46:15,revisaovetor.js,3,1,2026-04-01T08:13:07.899515
mariabessagn,/home/gilmar/Documents/algoritmos/logado-utfpr-ifam/logado-students/repos_logado/mariabessagn/revisaovetor.json,revisaovetor.json,let,2026-03-26 19:46:47,revisaovetor.js,3,1,2026-04-01T08:13:07.899516
mariabessagn,/home/gilmar/Documents/algoritmos/logado-utfpr-ifam/logado-students/repos_logado/mariabessagn/revisaovetor.json,revisaovetor.json,prompt,2026-03-26 19:46:47,revisaovetor.js,3,24,2026-04-01T08:13:07.899518
mariabessagn,/home/gilmar/Documents/algoritmos/logado-utfpr-ifam/logado-students/repos_logado/mariabessagn/revisaovetor.json,revisaovetor.json,let,2026-03-26 19:53:40,revisaovetor.js,5,1,2026-04-01T08:13:07.899519
mariabessagn,/home/gilmar/Documents/algoritmos/logado-utfpr-ifam/logado-students/repos_logado/mariabessagn/revisaovetor.json,revisaovetor.json,prompt,2026-03-26 19:53:40,revisaovetor.js,5,18,2026-04-01T08:13:07.899521
mariabessagn,/home/gilmar/Documents/algoritmos/logado-utfpr-ifam/logado-students/repos_logado/mariabessagn/vetor_tabuada.json,vetor_tabuada.json,for,2026-03-13 19:43:57,vetor_tabuada.js,3,1,2026-04-01T08:13:07.899539
mariabessagn,/home/gilmar/Documents/algoritmos/logado-utfpr-ifam/logado-students/repos_logado/mariabessagn/vetor_par-impar.json,vetor_par-impar.json,prompt,2026-03-12 21:27:25,vetor_par-impar.js,1,27,2026-04-01T08:13:07.899561
mariabessagn,/home/gilmar/Documents/algoritmos/logado-utfpr-ifam/logado-students/repos_logado/mariabessagn/vetor_par-impar.json,vetor_par-impar.json,const,2026-03-12 21:28:58,vetor_par-impar.js,1,1,2026-04-01T08:13:07.899563
mariabessagn,/home/gilmar/Documents/algoritmos/logado-utfpr-ifam/logado-students/repos_logado/mariabessagn/vetor_par-impar.json,vetor_par-impar.json,const,2026-03-12 21:28:59,vetor_par-impar.js,2,1,2026-04-01T08:13:07.899565
mariabessagn,/home/gilmar/Documents/algoritmos/logado-utfpr-ifam/logado-students/repos_logado/mariabessagn/vetor_par-impar.json,vetor_par-impar.json,for,2026-03-12 21:34:52,vetor_par-impar.js,4,1,2026-04-01T08:13:07.899569
mariabessagn,/home/gilmar/Documents/algoritmos/logado-utfpr-ifam/logado-students/repos_logado/mariabessagn/vetor_par-impar.json,vetor_par-impar.json,let,2026-03-12 21:34:52,vetor_par-impar.js,4,6,2026-04-01T08:13:07.899570
mariabessagn,/home/gilmar/Documents/algoritmos/logado-utfpr-ifam/logado-students/repos_logado/mariabessagn/vetor_par-impar.json,vetor_par-impar.json,prompt,2026-03-12 21:34:52,vetor_par-impar.js,5,24,2026-04-01T08:13:07.899572
mariabessagn,/home/gilmar/Documents/algoritmos/logado-utfpr-ifam/logado-students/repos_logado/mariabessagn/vetor_par-impar.json,vetor_par-impar.json,if,2026-03-12 21:34:52,vetor_par-impar.js,6,5,2026-04-01T08:13:07.899573
mariabessagn,/home/gilmar/Documents/algoritmos/logado-utfpr-ifam/logado-students/repos_logado/mariabessagn/vetor_par-impar.json,vetor_par-impar.json,else,2026-03-12 21:34:52,vetor_par-impar.js,9,5,2026-04-01T08:13:07.899575
mariabessagn,/home/gilmar/Documents/algoritmos/logado-utfpr-ifam/logado-students/repos_logado/mariabessagn/vetor_par-impar.json,vetor_par-impar.json,alert,2026-03-12 21:34:52,vetor_par-impar.js,12,5,2026-04-01T08:13:07.899576
mariabessagn,/home/gilmar/Documents/algoritmos/logado-utfpr-ifam/logado-students/repos_logado/mariabessagn/vetor_par-impar.json,vetor_par-impar.json,let,2026-03-12 21:35:58,vetor_par-impar.js,3,1,2026-04-01T08:13:07.899577
mariabessagn,/home/gilmar/Documents/algoritmos/logado-utfpr-ifam/logado-students/repos_logado/mariabessagn/vetor_par-impar.json,vetor_par-impar.json,let,2026-03-12 21:45:22,vetor_par-impar.js,9,13,2026-04-01T08:13:07.899579
mariabessagn,/home/gilmar/Documents/algoritmos/logado-utfpr-ifam/logado-students/repos_logado/mariabessagn/vetor_par-impar.json,vetor_par-impar.json,const,2026-03-12 21:53:44,vetor_par-impar.js,3,1,2026-04-01T08:13:07.899580
mariabessagn,/home/gilmar/Documents/algoritmos/logado-utfpr-ifam/logado-students/repos_logado/mariabessagn/vetor_par-impar.json,vetor_par-impar.json,const,2026-03-12 21:53:48,vetor_par-impar.js,1,1,2026-04-01T08:13:07.899581
mariabessagn,/home/gilmar/Documents/algoritmos/logado-utfpr-ifam/logado-students/repos_logado/mariabessagn/vetor_par-impar.json,vetor_par-impar.json,const,2026-03-12 21:53:57,vetor_par-impar.js,1,18,2026-04-01T08:13:07.899582
mariabessagn,/home/gilmar/Documents/algoritmos/logado-utfpr-ifam/logado-students/repos_logado/mariabessagn/vetor_par-impar.json,vetor_par-impar.json,let,2026-03-12 21:54:20,vetor_par-impar.js,4,3,2026-04-01T08:13:07.899584
mariabessagn,/home/gilmar/Documents/algoritmos/logado-utfpr-ifam/logado-students/repos_logado/mariabessagn/vetor_par-impar.json,vetor_par-impar.json,for,2026-03-12 22:25:51,vetor_par-impar.js,17,1,2026-04-01T08:13:07.899585
mariabessagn,/home/gilmar/Documents/algoritmos/logado-utfpr-ifam/logado-students/repos_logado/mariabessagn/vetor_par-impar.json,vetor_par-impar.json,let,2026-03-12 22:25:51,vetor_par-impar.js,17,6,2026-04-01T08:13:07.899586
mariabessagn,/home/gilmar/Documents/algoritmos/logado-utfpr-ifam/logado-students/repos_logado/mariabessagn/aprovacao.json,aprovacao.json,if,2026-03-05 20:01:37,aprovacao.js,4,1,2026-04-01T08:13:07.899628
mariabessagn,/home/gilmar/Documents/algoritmos/logado-utfpr-ifam/logado-students/repos_logado/mariabessagn/aprovacao.json,aprovacao.json,alert,2026-03-05 20:03:08,aprovacao.js,5,5,2026-04-01T08:13:07.899630
mariabessagn,/home/gilmar/Documents/algoritmos/logado-utfpr-ifam/logado-students/repos_logado/mariabessagn/aprovacao.json,aprovacao.json,alert,2026-03-05 20:05:53,aprovacao.js,4,1,2026-04-01T08:13:07.899633
mariabessagn,/home/gilmar/Documents/algoritmos/logado-utfpr-ifam/logado-students/repos_logado/mariabessagn/aprovacao.json,aprovacao.json,if,2026-03-05 20:07:03,aprovacao.js,7,6,2026-04-01T08:13:07.899635
mariabessagn,/home/gilmar/Documents/algoritmos/logado-utfpr-ifam/logado-students/repos_logado/mariabessagn/aprovacao.json,aprovacao.json,let,2026-03-05 20:10:10,aprovacao.js,3,1,2026-04-01T08:13:07.899636
mariabessagn,/home/gilmar/Documents/algoritmos/logado-utfpr-ifam/logado-students/repos_logado/mariabessagn/aprovacao.json,aprovacao.json,prompt,2026-03-05 20:10:10,aprovacao.js,3,24,2026-04-01T08:13:07.899638
mariabessagn,/home/gilmar/Documents/algoritmos/logado-utfpr-ifam/logado-students/repos_logado/mariabessagn/aprovacao.json,aprovacao.json,alert,2026-03-05 20:12:01,aprovacao.js,9,5,2026-04-01T08:13:07.899639
mariabessagn,/home/gilmar/Documents/algoritmos/logado-utfpr-ifam/logado-students/repos_logado/mariabessagn/aprovacao.json,aprovacao.json,else,2026-03-05 20:19:28,aprovacao.js,9,1,2026-04-01T08:13:07.899640
mariabessagn,/home/gilmar/Documents/algoritmos/logado-utfpr-ifam/logado-students/repos_logado/mariabessagn/aprovacao.json,aprovacao.json,alert,2026-03-05 20:19:33,aprovacao.js,10,5,2026-04-01T08:13:07.899642
mariabessagn,/home/gilmar/Documents/algoritmos/logado-utfpr-ifam/logado-students/repos_logado/mariabessagn/aprovacao.json,aprovacao.json,else,2026-03-05 20:29:05,aprovacao.js,9,5,2026-04-01T08:13:07.899643
mariabessagn,/home/gilmar/Documents/algoritmos/logado-utfpr-ifam/logado-students/repos_logado/mariabessagn/aprovacao.json,aprovacao.json,else,2026-03-05 20:29:33,aprovacao.js,12,1,2026-04-01T08:13:07.899644
mariabessagn,/home/gilmar/Documents/algoritmos/logado-utfpr-ifam/logado-students/repos_logado/mariabessagn/aprovacao.json,aprovacao.json,if,2026-03-05 20:32:12,aprovacao.js,12,1,2026-04-01T08:13:07.899646
mariabessagn,/home/gilmar/Documents/algoritmos/logado-utfpr-ifam/logado-students/repos_logado/mariabessagn/aprovacao.json,aprovacao.json,alert,2026-03-05 20:32:41,aprovacao.js,13,5,2026-04-01T08:13:07.899647
mariabessagn,/home/gilmar/Documents/algoritmos/logado-utfpr-ifam/logado-students/repos_logado/mariabessagn/aprovacao.json,aprovacao.json,else,2026-03-05 20:32:51,aprovacao.js,14,1,2026-04-01T08:13:07.899648
mariabessagn,/home/gilmar/Documents/algoritmos/logado-utfpr-ifam/logado-students/repos_logado/mariabessagn/aprovacao.json,aprovacao.json,alert,2026-03-05 20:32:58,aprovacao.js,15,5,2026-04-01T08:13:07.899653
mariabessagn,/home/gilmar/Documents/algoritmos/logado-utfpr-ifam/logado-students/repos_logado/mariabessagn/aprovacao.json,aprovacao.json,prompt,2026-03-05 20:35:28,aprovacao.js,10,25,2026-04-01T08:13:07.899654
mariabessagn,/home/gilmar/Documents/algoritmos/logado-utfpr-ifam/logado-students/repos_logado/mariabessagn/aprovacao.json,aprovacao.json,alert,2026-03-05 20:44:52,aprovacao.js,19,5,2026-04-01T08:13:07.899656
mariabessagn,/home/gilmar/Documents/algoritmos/logado-utfpr-ifam/logado-students/repos_logado/mariabessagn/aprovacao.json,aprovacao.json,let,2026-03-05 22:18:49,aprovacao.js,3,1,2026-04-01T08:13:07.899657
mariabessagn,/home/gilmar/Documents/algoritmos/logado-utfpr-ifam/logado-students/repos_logado/mariabessagn/aprovacao.json,aprovacao.json,prompt,2026-03-05 22:18:49,aprovacao.js,3,24,2026-04-01T08:13:07.899659
mariabessagn,/home/gilmar/Documents/algoritmos/logado-utfpr-ifam/logado-students/repos_logado/mariabessagn/aprovacao.json,aprovacao.json,alert,2026-03-06 20:07:50,aprovacao.js,17,5,2026-04-01T08:13:07.899661
mariabessagn,/home/gilmar/Documents/algoritmos/logado-utfpr-ifam/logado-students/repos_logado/mariabessagn/aprovacao.json,aprovacao.json,else,2026-03-06 20:07:51,aprovacao.js,18,1,2026-04-01T08:13:07.899662
mariabessagn,/home/gilmar/Documents/algoritmos/logado-utfpr-ifam/logado-students/repos_logado/mariabessagn/aprovacao.json,aprovacao.json,alert,2026-03-06 20:07:52,aprovacao.js,19,5,2026-04-01T08:13:07.899663
mariabessagn,/home/gilmar/Documents/algoritmos/logado-utfpr-ifam/logado-students/repos_logado/mariabessagn/aprovacao.json,aprovacao.json,else,2026-03-06 20:07:53,aprovacao.js,21,1,2026-04-01T08:13:07.899666
mariabessagn,/home/gilmar/Documents/algoritmos/logado-utfpr-ifam/logado-students/repos_logado/mariabessagn/aprovacao.json,aprovacao.json,alert,2026-03-06 20:28:24,aprovacao.js,24,1,2026-04-01T08:13:07.899668
mariabessagn,/home/gilmar/Documents/algoritmos/logado-utfpr-ifam/logado-students/repos_logado/mariabessagn/aprovacao.json,aprovacao.json,let,2026-03-06 20:29:13,aprovacao.js,3,1,2026-04-01T08:13:07.899670
mariabessagn,/home/gilmar/Documents/algoritmos/logado-utfpr-ifam/logado-students/repos_logado/mariabessagn/aprovacao.json,aprovacao.json,prompt,2026-03-06 20:29:13,aprovacao.js,3,24,2026-04-01T08:13:07.899671
mariabessagn,/home/gilmar/Documents/algoritmos/logado-utfpr-ifam/logado-students/repos_logado/mariabessagn/aprovacao.json,aprovacao.json,alert,2026-03-06 20:39:28,aprovacao.js,7,1,2026-04-01T08:13:07.899673
mariabessagn,/home/gilmar/Documents/algoritmos/logado-utfpr-ifam/logado-students/repos_logado/mariabessagn/aprovacao.json,aprovacao.json,var,2026-03-06 20:39:28,aprovacao.js,6,1,2026-04-01T08:13:07.899675
mariabessagn,/home/gilmar/Documents/algoritmos/logado-utfpr-ifam/logado-students/repos_logado/mariabessagn/aprovacao.json,aprovacao.json,let,2026-03-06 20:39:29,aprovacao.js,5,1,2026-04-01T08:13:07.899677
mariabessagn,/home/gilmar/Documents/algoritmos/logado-utfpr-ifam/logado-students/repos_logado/mariabessagn/aprovacao.json,aprovacao.json,prompt,2026-03-06 20:39:29,aprovacao.js,5,24,2026-04-01T08:13:07.899678
mariabessagn,/home/gilmar/Documents/algoritmos/logado-utfpr-ifam/logado-students/repos_logado/mariabessagn/aprovacao.json,aprovacao.json,let,2026-03-06 20:39:29,aprovacao.js,3,81,2026-04-01T08:13:07.899680
mariabessagn,/home/gilmar/Documents/algoritmos/logado-utfpr-ifam/logado-students/repos_logado/mariabessagn/aprovacao.json,aprovacao.json,prompt,2026-03-06 20:39:29,aprovacao.js,4,20,2026-04-01T08:13:07.899681
mariabessagn,/home/gilmar/Documents/algoritmos/logado-utfpr-ifam/logado-students/repos_logado/mariabessagn/exercicio_09.json,exercicio_09.json,for,2026-03-03 22:21:21,exercicio_09.js,2,1,2026-04-01T08:13:07.899707
mariabessagn,/home/gilmar/Documents/algoritmos/logado-utfpr-ifam/logado-students/repos_logado/mariabessagn/copa.json,copa.json,alert,2026-02-26 21:36:43,copa.js,7,1,2026-04-01T08:13:07.899723
mariabessagn,/home/gilmar/Documents/algoritmos/logado-utfpr-ifam/logado-students/repos_logado/mariabessagn/copa.json,copa.json,if,2026-02-26 21:44:28,copa.js,3,5,2026-04-01T08:13:07.899724
mariabessagn,/home/gilmar/Documents/algoritmos/logado-utfpr-ifam/logado-students/repos_logado/mariabessagn/for.json,for.json,for,2026-02-20 21:20:36,for.js,2,1,2026-04-01T08:13:07.899740
mariabessagn,/home/gilmar/Documents/algoritmos/logado-utfpr-ifam/logado-students/repos_logado/mariabessagn/for.json,for.json,alert,2026-02-20 21:32:42,for.js,10,5,2026-04-01T08:13:07.899742
mariabessagn,/home/gilmar/Documents/algoritmos/logado-utfpr-ifam/logado-students/repos_logado/mariabessagn/exercicio_03.json,exercicio_03.json,alert,2026-02-24 22:13:26,exercicio_03.js,3,5,2026-04-01T08:13:07.899759
mariabessagn,/home/gilmar/Documents/algoritmos/logado-utfpr-ifam/logado-students/repos_logado/mariabessagn/exercicio_03.json,exercicio_03.json,else,2026-02-24 22:13:40,exercicio_03.js,4,1,2026-04-01T08:13:07.899760
mariabessagn,/home/gilmar/Documents/algoritmos/logado-utfpr-ifam/logado-students/repos_logado/mariabessagn/maiorde3.json,maiorde3.json,if,2026-03-19 21:52:18,maiorde3.js,2,1,2026-04-01T08:13:07.899775
mariabessagn,/home/gilmar/Documents/algoritmos/logado-utfpr-ifam/logado-students/repos_logado/mariabessagn/maiorde3.json,maiorde3.json,alert,2026-03-19 21:53:38,maiorde3.js,3,5,2026-04-01T08:13:07.899777
mariabessagn,/home/gilmar/Documents/algoritmos/logado-utfpr-ifam/logado-students/repos_logado/mariabessagn/maiorde3.json,maiorde3.json,if,2026-03-19 21:54:24,maiorde3.js,4,6,2026-04-01T08:13:07.899780
mariabessagn,/home/gilmar/Documents/algoritmos/logado-utfpr-ifam/logado-students/repos_logado/mariabessagn/maiorde3.json,maiorde3.json,alert,2026-03-19 21:55:06,maiorde3.js,5,5,2026-04-01T08:13:07.899782
mariabessagn,/home/gilmar/Documents/algoritmos/logado-utfpr-ifam/logado-students/repos_logado/mariabessagn/maiorde3.json,maiorde3.json,else,2026-03-19 21:59:27,maiorde3.js,6,1,2026-04-01T08:13:07.899783
mariabessagn,/home/gilmar/Documents/algoritmos/logado-utfpr-ifam/logado-students/repos_logado/mariabessagn/maiorde3.json,maiorde3.json,alert,2026-03-19 22:00:42,maiorde3.js,7,5,2026-04-01T08:13:07.899785
mariabessagn,/home/gilmar/Documents/algoritmos/logado-utfpr-ifam/logado-students/repos_logado/mariabessagn/maiorde3.json,maiorde3.json,else,2026-03-19 22:00:56,maiorde3.js,8,1,2026-04-01T08:13:07.899786
mariabessagn,/home/gilmar/Documents/algoritmos/logado-utfpr-ifam/logado-students/repos_logado/mariabessagn/maiorde3.json,maiorde3.json,alert,2026-03-19 22:01:07,maiorde3.js,9,5,2026-04-01T08:13:07.899787
mariabessagn,/home/gilmar/Documents/algoritmos/logado-utfpr-ifam/logado-students/repos_logado/mariabessagn/decremento.json,decremento.json,alert,2026-03-06 21:58:27,decremento.js,3,5,2026-04-01T08:13:07.899804
mariabessagn,/home/gilmar/Documents/algoritmos/logado-utfpr-ifam/logado-students/repos_logado/mariabessagn/decremento.json,decremento.json,alert,2026-03-06 21:59:41,decremento.js,3,5,2026-04-01T08:13:07.899805
mariabessagn,/home/gilmar/Documents/algoritmos/logado-utfpr-ifam/logado-students/repos_logado/mariabessagn/espalhamento.json,espalhamento.json,alert,2026-03-19 22:28:36,espalhamento.js,2,1,2026-04-01T08:13:07.899819
mariabessagn,/home/gilmar/Documents/algoritmos/logado-utfpr-ifam/logado-students/repos_logado/mariabessagn/espalhamento.json,espalhamento.json,max,2026-03-19 22:28:56,espalhamento.js,2,12,2026-04-01T08:13:07.899821
mariabessagn,/home/gilmar/Documents/algoritmos/logado-utfpr-ifam/logado-students/repos_logado/mariabessagn/funcaovetor.json,funcaovetor.json,prompt,2026-03-25 22:21:54,funcaovetor.js,2,23,2026-04-01T08:13:07.899850
mariabessagn,/home/gilmar/Documents/algoritmos/logado-utfpr-ifam/logado-students/repos_logado/mariabessagn/funcaovetor.json,funcaovetor.json,for,2026-03-25 22:24:33,funcaovetor.js,5,1,2026-04-01T08:13:07.899852
mariabessagn,/home/gilmar/Documents/algoritmos/logado-utfpr-ifam/logado-students/repos_logado/mariabessagn/funcaovetor.json,funcaovetor.json,return,2026-03-26 20:18:50,funcaovetor.js,2,5,2026-04-01T08:13:07.899853
mariabessagn,/home/gilmar/Documents/algoritmos/logado-utfpr-ifam/logado-students/repos_logado/mariabessagn/funcaovetor.json,funcaovetor.json,return,2026-03-26 20:19:04,funcaovetor.js,5,5,2026-04-01T08:13:07.899854
mariabessagn,/home/gilmar/Documents/algoritmos/logado-utfpr-ifam/logado-students/repos_logado/mariabessagn/funcaovetor.json,funcaovetor.json,prompt,2026-03-26 20:19:52,funcaovetor.js,7,24,2026-04-01T08:13:07.899856
mariabessagn,/home/gilmar/Documents/algoritmos/logado-utfpr-ifam/logado-students/repos_logado/mariabessagn/funcaovetor.json,funcaovetor.json,var,2026-03-26 20:23:49,funcaovetor.js,7,1,2026-04-01T08:13:07.899857
mariabessagn,/home/gilmar/Documents/algoritmos/logado-utfpr-ifam/logado-students/repos_logado/mariabessagn/funcaovetor.json,funcaovetor.json,prompt,2026-03-26 20:23:49,funcaovetor.js,7,24,2026-04-01T08:13:07.899859
mariabessagn,/home/gilmar/Documents/algoritmos/logado-utfpr-ifam/logado-students/repos_logado/mariabessagn/funcaovetor.json,funcaovetor.json,for,2026-03-26 20:23:49,funcaovetor.js,8,1,2026-04-01T08:13:07.899860
mariabessagn,/home/gilmar/Documents/algoritmos/logado-utfpr-ifam/logado-students/repos_logado/mariabessagn/funcaovetor.json,funcaovetor.json,let,2026-03-26 20:23:49,funcaovetor.js,8,5,2026-04-01T08:13:07.899862
mariabessagn,/home/gilmar/Documents/algoritmos/logado-utfpr-ifam/logado-students/repos_logado/mariabessagn/funcaovetor.json,funcaovetor.json,prompt,2026-03-26 20:23:49,funcaovetor.js,7,24,2026-04-01T08:13:07.899864
mariabessagn,/home/gilmar/Documents/algoritmos/logado-utfpr-ifam/logado-students/repos_logado/mariabessagn/funcaovetor.json,funcaovetor.json,for,2026-03-26 20:23:49,funcaovetor.js,8,1,2026-04-01T08:13:07.899868
mariabessagn,/home/gilmar/Documents/algoritmos/logado-utfpr-ifam/logado-students/repos_logado/mariabessagn/funcaovetor.json,funcaovetor.json,let,2026-03-26 20:23:49,funcaovetor.js,8,5,2026-04-01T08:13:07.899869
mariabessagn,/home/gilmar/Documents/algoritmos/logado-utfpr-ifam/logado-students/repos_logado/mariabessagn/funcaovetor.json,funcaovetor.json,return,2026-03-26 20:30:33,funcaovetor.js,8,2,2026-04-01T08:13:07.899870
mariabessagn,/home/gilmar/Documents/algoritmos/logado-utfpr-ifam/logado-students/repos_logado/mariabessagn/funcaovetor.json,funcaovetor.json,function,2026-03-26 20:30:33,funcaovetor.js,6,5,2026-04-01T08:13:07.899872
mariabessagn,/home/gilmar/Documents/algoritmos/logado-utfpr-ifam/logado-students/repos_logado/mariabessagn/funcaovetor.json,funcaovetor.json,return,2026-03-26 20:30:34,funcaovetor.js,5,2,2026-04-01T08:13:07.899874
mariabessagn,/home/gilmar/Documents/algoritmos/logado-utfpr-ifam/logado-students/repos_logado/mariabessagn/funcaovetor.json,funcaovetor.json,function,2026-03-26 20:30:34,funcaovetor.js,3,5,2026-04-01T08:13:07.899876
mariabessagn,/home/gilmar/Documents/algoritmos/logado-utfpr-ifam/logado-students/repos_logado/mariabessagn/funcaovetor.json,funcaovetor.json,return,2026-03-26 20:45:19,funcaovetor.js,9,2,2026-04-01T08:13:07.899877
mariabessagn,/home/gilmar/Documents/algoritmos/logado-utfpr-ifam/logado-students/repos_logado/mariabessagn/funcaovetor.json,funcaovetor.json,function,2026-03-26 20:45:19,funcaovetor.js,7,5,2026-04-01T08:13:07.899878
mariabessagn,/home/gilmar/Documents/algoritmos/logado-utfpr-ifam/logado-students/repos_logado/mariabessagn/funcaovetor.json,funcaovetor.json,return,2026-03-26 20:45:20,funcaovetor.js,6,2,2026-04-01T08:13:07.899880
mariabessagn,/home/gilmar/Documents/algoritmos/logado-utfpr-ifam/logado-students/repos_logado/mariabessagn/funcaovetor.json,funcaovetor.json,function,2026-03-26 20:45:20,funcaovetor.js,4,5,2026-04-01T08:13:07.899881
mariabessagn,/home/gilmar/Documents/algoritmos/logado-utfpr-ifam/logado-students/repos_logado/mariabessagn/funcaovetor.json,funcaovetor.json,return,2026-03-26 20:45:45,funcaovetor.js,10,2,2026-04-01T08:13:07.899882
mariabessagn,/home/gilmar/Documents/algoritmos/logado-utfpr-ifam/logado-students/repos_logado/mariabessagn/funcaovetor.json,funcaovetor.json,function,2026-03-26 20:45:45,funcaovetor.js,8,5,2026-04-01T08:13:07.899884
mariabessagn,/home/gilmar/Documents/algoritmos/logado-utfpr-ifam/logado-students/repos_logado/mariabessagn/funcaovetor.json,funcaovetor.json,return,2026-03-26 20:45:46,funcaovetor.js,7,2,2026-04-01T08:13:07.899885
mariabessagn,/home/gilmar/Documents/algoritmos/logado-utfpr-ifam/logado-students/repos_logado/mariabessagn/funcaovetor.json,funcaovetor.json,return,2026-03-26 20:46:14,funcaovetor.js,12,2,2026-04-01T08:13:07.899887
mariabessagn,/home/gilmar/Documents/algoritmos/logado-utfpr-ifam/logado-students/repos_logado/mariabessagn/funcaovetor.json,funcaovetor.json,function,2026-03-26 20:46:14,funcaovetor.js,10,5,2026-04-01T08:13:07.899888
mariabessagn,/home/gilmar/Documents/algoritmos/logado-utfpr-ifam/logado-students/repos_logado/mariabessagn/funcaovetor.json,funcaovetor.json,return,2026-03-26 20:46:15,funcaovetor.js,9,2,2026-04-01T08:13:07.899889
mariabessagn,/home/gilmar/Documents/algoritmos/logado-utfpr-ifam/logado-students/repos_logado/mariabessagn/funcaovetor.json,funcaovetor.json,return,2026-03-26 20:46:25,funcaovetor.js,10,2,2026-04-01T08:13:07.899890
mariabessagn,/home/gilmar/Documents/algoritmos/logado-utfpr-ifam/logado-students/repos_logado/mariabessagn/funcaovetor.json,funcaovetor.json,return,2026-03-26 20:46:43,funcaovetor.js,13,6,2026-04-01T08:13:07.899892
mariabessagn,/home/gilmar/Documents/algoritmos/logado-utfpr-ifam/logado-students/repos_logado/mariabessagn/funcaovetor.json,funcaovetor.json,return,2026-03-26 20:46:43,funcaovetor.js,10,1,2026-04-01T08:13:07.899893
mariabessagn,/home/gilmar/Documents/algoritmos/logado-utfpr-ifam/logado-students/repos_logado/mariabessagn/funcaovetor.json,funcaovetor.json,return,2026-03-26 20:48:12,funcaovetor.js,14,4,2026-04-01T08:13:07.899896
mariabessagn,/home/gilmar/Documents/algoritmos/logado-utfpr-ifam/logado-students/repos_logado/mariabessagn/funcaovetor.json,funcaovetor.json,return,2026-03-26 20:48:12,funcaovetor.js,10,15,2026-04-01T08:13:07.899897
mariabessagn,/home/gilmar/Documents/algoritmos/logado-utfpr-ifam/logado-students/repos_logado/mariabessagn/par-impar.json,par-impar.json,for,2026-02-26 22:20:03,par-impar.js,3,1,2026-04-01T08:13:07.899919
mariabessagn,/home/gilmar/Documents/algoritmos/logado-utfpr-ifam/logado-students/repos_logado/mariabessagn/par-impar.json,par-impar.json,else,2026-02-26 22:23:49,par-impar.js,8,5,2026-04-01T08:13:07.899921
mariabessagn,/home/gilmar/Documents/algoritmos/logado-utfpr-ifam/logado-students/repos_logado/mariabessagn/par-impar.json,par-impar.json,alert,2026-02-26 22:24:07,par-impar.js,10,5,2026-04-01T08:13:07.899923
mariabessagn,/home/gilmar/Documents/algoritmos/logado-utfpr-ifam/logado-students/repos_logado/mariabessagn/exercicio_06.json,exercicio_06.json,alert,2026-03-03 20:36:24,exercicio_06.js,5,5,2026-04-01T08:13:07.899941
mariabessagn,/home/gilmar/Documents/algoritmos/logado-utfpr-ifam/logado-students/repos_logado/mariabessagn/exercicio_06.json,exercicio_06.json,else,2026-03-03 20:37:31,exercicio_06.js,6,1,2026-04-01T08:13:07.899943
mariabessagn,/home/gilmar/Documents/algoritmos/logado-utfpr-ifam/logado-students/repos_logado/mariabessagn/exercicio_06.json,exercicio_06.json,alert,2026-03-03 20:37:35,exercicio_06.js,7,5,2026-04-01T08:13:07.899944
mariabessagn,/home/gilmar/Documents/algoritmos/logado-utfpr-ifam/logado-students/repos_logado/mariabessagn/time.json,time.json,let,2026-03-05 21:54:00,time.js,2,51,2026-04-01T08:13:07.899960
mariabessagn,/home/gilmar/Documents/algoritmos/logado-utfpr-ifam/logado-students/repos_logado/mariabessagn/time.json,time.json,prompt,2026-03-05 21:54:00,time.js,2,51,2026-04-01T08:13:07.899964
mariabessagn,/home/gilmar/Documents/algoritmos/logado-utfpr-ifam/logado-students/repos_logado/mariabessagn/time.json,time.json,do,2026-03-05 21:56:05,time.js,3,5,2026-04-01T08:13:07.899966
mariabessagn,/home/gilmar/Documents/algoritmos/logado-utfpr-ifam/logado-students/repos_logado/mariabessagn/time.json,time.json,alert,2026-03-05 22:12:06,time.js,4,2,2026-04-01T08:13:07.899967
mariabessagn,/home/gilmar/Documents/algoritmos/logado-utfpr-ifam/logado-students/repos_logado/mariabessagn/exercicio_04.json,exercicio_04.json,alert,2026-02-24 22:23:57,exercicio_04.js,4,5,2026-04-01T08:13:07.899981
mariabessagn,/home/gilmar/Documents/algoritmos/logado-utfpr-ifam/logado-students/repos_logado/mariabessagn/exercicio_04.json,exercicio_04.json,else,2026-02-24 22:24:24,exercicio_04.js,5,1,2026-04-01T08:13:07.899982
mariabessagn,/home/gilmar/Documents/algoritmos/logado-utfpr-ifam/logado-students/repos_logado/mariabessagn/exercicio_04.json,exercicio_04.json,alert,2026-02-24 22:24:30,exercicio_04.js,6,5,2026-04-01T08:13:07.899984
mariabessagn,/home/gilmar/Documents/algoritmos/logado-utfpr-ifam/logado-students/repos_logado/mariabessagn/exercicio_07.json,exercicio_07.json,prompt,2026-03-03 21:30:49,exercicio_07.js,1,22,2026-04-01T08:13:07.899997
mariabessagn,/home/gilmar/Documents/algoritmos/logado-utfpr-ifam/logado-students/repos_logado/mariabessagn/exercicio_07.json,exercicio_07.json,while,2026-03-03 21:35:42,exercicio_07.js,3,1,2026-04-01T08:13:07.899999
mariabessagn,/home/gilmar/Documents/algoritmos/logado-utfpr-ifam/logado-students/repos_logado/mariabessagn/exercicio_07.json,exercicio_07.json,while,2026-03-03 21:50:49,exercicio_07.js,3,1,2026-04-01T08:13:07.900000
mariabessagn,/home/gilmar/Documents/algoritmos/logado-utfpr-ifam/logado-students/repos_logado/mariabessagn/exercicio_07.json,exercicio_07.json,alert,2026-03-03 21:53:07,exercicio_07.js,7,1,2026-04-01T08:13:07.900002
mariabessagn,/home/gilmar/Documents/algoritmos/logado-utfpr-ifam/logado-students/repos_logado/mariabessagn/bubble.json,bubble.json,for,2026-03-25 20:30:51,bubble.js,3,1,2026-04-01T08:13:07.900023
mariabessagn,/home/gilmar/Documents/algoritmos/logado-utfpr-ifam/logado-students/repos_logado/mariabessagn/bubble.json,bubble.json,length,2026-03-25 20:31:05,bubble.js,3,28,2026-04-01T08:13:07.900025
mariabessagn,/home/gilmar/Documents/algoritmos/logado-utfpr-ifam/logado-students/repos_logado/mariabessagn/bubble.json,bubble.json,for,2026-03-25 20:31:18,bubble.js,4,5,2026-04-01T08:13:07.900026
mariabessagn,/home/gilmar/Documents/algoritmos/logado-utfpr-ifam/logado-students/repos_logado/mariabessagn/bubble.json,bubble.json,length,2026-03-25 20:31:41,bubble.js,4,34,2026-04-01T08:13:07.900028
mariabessagn,/home/gilmar/Documents/algoritmos/logado-utfpr-ifam/logado-students/repos_logado/mariabessagn/bubble.json,bubble.json,alert,2026-03-25 20:34:40,bubble.js,12,1,2026-04-01T08:13:07.900029
mariabessagn,/home/gilmar/Documents/algoritmos/logado-utfpr-ifam/logado-students/repos_logado/mariabessagn/bubble.json,bubble.json,alert,2026-03-25 20:35:35,bubble.js,2,1,2026-04-01T08:13:07.900031
mariabessagn,/home/gilmar/Documents/algoritmos/logado-utfpr-ifam/logado-students/repos_logado/mariabessagn/aprovacao02.json,aprovacao02.json,do,2026-03-06 21:16:20,aprovacao02.js,1,1,2026-04-01T08:13:07.900072
mariabessagn,/home/gilmar/Documents/algoritmos/logado-utfpr-ifam/logado-students/repos_logado/mariabessagn/aprovacao02.json,aprovacao02.json,var,2026-03-06 21:16:20,aprovacao02.js,2,5,2026-04-01T08:13:07.900074
mariabessagn,/home/gilmar/Documents/algoritmos/logado-utfpr-ifam/logado-students/repos_logado/mariabessagn/aprovacao02.json,aprovacao02.json,var,2026-03-06 21:16:20,aprovacao02.js,2,5,2026-04-01T08:13:07.900076
mariabessagn,/home/gilmar/Documents/algoritmos/logado-utfpr-ifam/logado-students/repos_logado/mariabessagn/aprovacao02.json,aprovacao02.json,prompt,2026-03-06 21:16:20,aprovacao02.js,3,27,2026-04-01T08:13:07.900078
mariabessagn,/home/gilmar/Documents/algoritmos/logado-utfpr-ifam/logado-students/repos_logado/mariabessagn/aprovacao02.json,aprovacao02.json,var,2026-03-06 21:16:20,aprovacao02.js,2,5,2026-04-01T08:13:07.900079
mariabessagn,/home/gilmar/Documents/algoritmos/logado-utfpr-ifam/logado-students/repos_logado/mariabessagn/aprovacao02.json,aprovacao02.json,prompt,2026-03-06 21:16:20,aprovacao02.js,3,27,2026-04-01T08:13:07.900081
mariabessagn,/home/gilmar/Documents/algoritmos/logado-utfpr-ifam/logado-students/repos_logado/mariabessagn/aprovacao02.json,aprovacao02.json,var,2026-03-06 21:16:20,aprovacao02.js,2,5,2026-04-01T08:13:07.900082
mariabessagn,/home/gilmar/Documents/algoritmos/logado-utfpr-ifam/logado-students/repos_logado/mariabessagn/aprovacao02.json,aprovacao02.json,alert,2026-03-06 21:16:20,aprovacao02.js,6,3,2026-04-01T08:13:07.900084
mariabessagn,/home/gilmar/Documents/algoritmos/logado-utfpr-ifam/logado-students/repos_logado/mariabessagn/aprovacao02.json,aprovacao02.json,if,2026-03-06 21:16:20,aprovacao02.js,7,1,2026-04-01T08:13:07.900086
mariabessagn,/home/gilmar/Documents/algoritmos/logado-utfpr-ifam/logado-students/repos_logado/mariabessagn/aprovacao02.json,aprovacao02.json,alert,2026-03-06 21:16:20,aprovacao02.js,6,3,2026-04-01T08:13:07.900087
mariabessagn,/home/gilmar/Documents/algoritmos/logado-utfpr-ifam/logado-students/repos_logado/mariabessagn/aprovacao02.json,aprovacao02.json,else,2026-03-06 21:16:20,aprovacao02.js,11,1,2026-04-01T08:13:07.900088
mariabessagn,/home/gilmar/Documents/algoritmos/logado-utfpr-ifam/logado-students/repos_logado/mariabessagn/aprovacao02.json,aprovacao02.json,if,2026-03-06 21:16:20,aprovacao02.js,7,1,2026-04-01T08:13:07.900090
mariabessagn,/home/gilmar/Documents/algoritmos/logado-utfpr-ifam/logado-students/repos_logado/mariabessagn/aprovacao02.json,aprovacao02.json,alert,2026-03-06 21:16:20,aprovacao02.js,6,3,2026-04-01T08:13:07.900092
mariabessagn,/home/gilmar/Documents/algoritmos/logado-utfpr-ifam/logado-students/repos_logado/mariabessagn/aprovacao02.json,aprovacao02.json,prompt,2026-03-06 21:16:20,aprovacao02.js,3,27,2026-04-01T08:13:07.900093
mariabessagn,/home/gilmar/Documents/algoritmos/logado-utfpr-ifam/logado-students/repos_logado/mariabessagn/aprovacao02.json,aprovacao02.json,if,2026-03-06 21:16:20,aprovacao02.js,7,1,2026-04-01T08:13:07.900096
mariabessagn,/home/gilmar/Documents/algoritmos/logado-utfpr-ifam/logado-students/repos_logado/mariabessagn/aprovacao02.json,aprovacao02.json,alert,2026-03-06 21:16:20,aprovacao02.js,6,3,2026-04-01T08:13:07.900098
mariabessagn,/home/gilmar/Documents/algoritmos/logado-utfpr-ifam/logado-students/repos_logado/mariabessagn/aprovacao02.json,aprovacao02.json,else,2026-03-06 21:16:20,aprovacao02.js,11,1,2026-04-01T08:13:07.900099
mariabessagn,/home/gilmar/Documents/algoritmos/logado-utfpr-ifam/logado-students/repos_logado/mariabessagn/aprovacao02.json,aprovacao02.json,alert,2026-03-06 21:16:20,aprovacao02.js,6,3,2026-04-01T08:13:07.900100
mariabessagn,/home/gilmar/Documents/algoritmos/logado-utfpr-ifam/logado-students/repos_logado/mariabessagn/aprovacao02.json,aprovacao02.json,else,2026-03-06 21:16:20,aprovacao02.js,11,1,2026-04-01T08:13:07.900102
mariabessagn,/home/gilmar/Documents/algoritmos/logado-utfpr-ifam/logado-students/repos_logado/mariabessagn/aprovacao02.json,aprovacao02.json,alert,2026-03-06 21:16:20,aprovacao02.js,6,3,2026-04-01T08:13:07.900103
mariabessagn,/home/gilmar/Documents/algoritmos/logado-utfpr-ifam/logado-students/repos_logado/mariabessagn/aprovacao02.json,aprovacao02.json,while,2026-03-06 21:16:20,aprovacao02.js,29,2,2026-04-01T08:13:07.900104
mariabessagn,/home/gilmar/Documents/algoritmos/logado-utfpr-ifam/logado-students/repos_logado/mariabessagn/aprovacao02.json,aprovacao02.json,alert,2026-03-06 21:16:20,aprovacao02.js,6,3,2026-04-01T08:13:07.900106
mariabessagn,/home/gilmar/Documents/algoritmos/logado-utfpr-ifam/logado-students/repos_logado/mariabessagn/aprovacao02.json,aprovacao02.json,var,2026-03-06 21:32:25,aprovacao02.js,1,1,2026-04-01T08:13:07.900107
mariabessagn,/home/gilmar/Documents/algoritmos/logado-utfpr-ifam/logado-students/repos_logado/mariabessagn/aprovacao02.json,aprovacao02.json,var,2026-03-06 21:32:25,aprovacao02.js,2,1,2026-04-01T08:13:07.900109
mariabessagn,/home/gilmar/Documents/algoritmos/logado-utfpr-ifam/logado-students/repos_logado/mariabessagn/aprovacao02.json,aprovacao02.json,prompt,2026-03-06 21:32:25,aprovacao02.js,2,23,2026-04-01T08:13:07.900110
mariabessagn,/home/gilmar/Documents/algoritmos/logado-utfpr-ifam/logado-students/repos_logado/mariabessagn/aprovacao02.json,aprovacao02.json,var,2026-03-06 21:32:26,aprovacao02.js,3,1,2026-04-01T08:13:07.900112
mariabessagn,/home/gilmar/Documents/algoritmos/logado-utfpr-ifam/logado-students/repos_logado/mariabessagn/aprovacao02.json,aprovacao02.json,prompt,2026-03-06 21:32:26,aprovacao02.js,3,23,2026-04-01T08:13:07.900113
mariabessagn,/home/gilmar/Documents/algoritmos/logado-utfpr-ifam/logado-students/repos_logado/mariabessagn/aprovacao02.json,aprovacao02.json,var,2026-03-06 21:32:26,aprovacao02.js,4,1,2026-04-01T08:13:07.900115
mariabessagn,/home/gilmar/Documents/algoritmos/logado-utfpr-ifam/logado-students/repos_logado/mariabessagn/aprovacao02.json,aprovacao02.json,alert,2026-03-06 21:32:27,aprovacao02.js,5,3,2026-04-01T08:13:07.900116
mariabessagn,/home/gilmar/Documents/algoritmos/logado-utfpr-ifam/logado-students/repos_logado/mariabessagn/aprovacao02.json,aprovacao02.json,alert,2026-03-06 21:32:33,aprovacao02.js,7,3,2026-04-01T08:13:07.900117
mariabessagn,/home/gilmar/Documents/algoritmos/logado-utfpr-ifam/logado-students/repos_logado/mariabessagn/aprovacao02.json,aprovacao02.json,var,2026-03-06 21:32:34,aprovacao02.js,6,1,2026-04-01T08:13:07.900119
mariabessagn,/home/gilmar/Documents/algoritmos/logado-utfpr-ifam/logado-students/repos_logado/mariabessagn/aprovacao02.json,aprovacao02.json,var,2026-03-06 21:32:34,aprovacao02.js,5,1,2026-04-01T08:13:07.900120
mariabessagn,/home/gilmar/Documents/algoritmos/logado-utfpr-ifam/logado-students/repos_logado/mariabessagn/aprovacao02.json,aprovacao02.json,prompt,2026-03-06 21:32:34,aprovacao02.js,5,23,2026-04-01T08:13:07.900122
mariabessagn,/home/gilmar/Documents/algoritmos/logado-utfpr-ifam/logado-students/repos_logado/mariabessagn/aprovacao02.json,aprovacao02.json,var,2026-03-06 21:32:34,aprovacao02.js,4,1,2026-04-01T08:13:07.900123
mariabessagn,/home/gilmar/Documents/algoritmos/logado-utfpr-ifam/logado-students/repos_logado/mariabessagn/aprovacao02.json,aprovacao02.json,prompt,2026-03-06 21:32:34,aprovacao02.js,4,23,2026-04-01T08:13:07.900126
mariabessagn,/home/gilmar/Documents/algoritmos/logado-utfpr-ifam/logado-students/repos_logado/mariabessagn/troca.json,troca.json,alert,2026-03-20 20:06:44,troca.js,2,1,2026-04-01T08:13:07.900149
mariabessagn,/home/gilmar/Documents/algoritmos/logado-utfpr-ifam/logado-students/repos_logado/mariabessagn/troca.json,troca.json,alert,2026-03-20 20:32:17,troca.js,6,1,2026-04-01T08:13:07.900152
mariabessagn,/home/gilmar/Documents/algoritmos/logado-utfpr-ifam/logado-students/repos_logado/mariabessagn/vetor_jogos.json,vetor_jogos.json,for,2026-03-12 20:42:32,vetor_jogos.js,8,1,2026-04-01T08:13:07.900168
Brenda-ketleyn,/home/gilmar/Documents/algoritmos/logado-utfpr-ifam/logado-students/repos_logado/Brenda-ketleyn/vetor_par1.json,vetor_par1.json,const,2026-03-12 22:11:01,vetor_par1.js,1,17,2026-04-01T08:13:07.900189
Brenda-ketleyn,/home/gilmar/Documents/algoritmos/logado-utfpr-ifam/logado-students/repos_logado/Brenda-ketleyn/vetor_par1.json,vetor_par1.json,prompt,2026-03-12 22:12:00,vetor_par1.js,2,20,2026-04-01T08:13:07.900190
Brenda-ketleyn,/home/gilmar/Documents/algoritmos/logado-utfpr-ifam/logado-students/repos_logado/Brenda-ketleyn/vetor_par1.json,vetor_par1.json,for,2026-03-12 22:12:36,vetor_par1.js,3,1,2026-04-01T08:13:07.900192
Brenda-ketleyn,/home/gilmar/Documents/algoritmos/logado-utfpr-ifam/logado-students/repos_logado/Brenda-ketleyn/vetor_par1.json,vetor_par1.json,prompt,2026-03-12 22:13:46,vetor_par1.js,4,27,2026-04-01T08:13:07.900194
Brenda-ketleyn,/home/gilmar/Documents/algoritmos/logado-utfpr-ifam/logado-students/repos_logado/Brenda-ketleyn/vetor_par1.json,vetor_par1.json,if,2026-03-12 22:15:16,vetor_par1.js,5,5,2026-04-01T08:13:07.900196
Brenda-ketleyn,/home/gilmar/Documents/algoritmos/logado-utfpr-ifam/logado-students/repos_logado/Brenda-ketleyn/vetor_par1.json,vetor_par1.json,for,2026-03-12 22:18:37,vetor_par1.js,15,1,2026-04-01T08:13:07.900198
Brenda-ketleyn,/home/gilmar/Documents/algoritmos/logado-utfpr-ifam/logado-students/repos_logado/Brenda-ketleyn/vetor_par1.json,vetor_par1.json,let,2026-03-12 22:18:43,vetor_par1.js,15,5,2026-04-01T08:13:07.900199
Brenda-ketleyn,/home/gilmar/Documents/algoritmos/logado-utfpr-ifam/logado-students/repos_logado/Brenda-ketleyn/vetor_par1.json,vetor_par1.json,for,2026-03-12 22:22:56,vetor_par1.js,19,1,2026-04-01T08:13:07.900201
Brenda-ketleyn,/home/gilmar/Documents/algoritmos/logado-utfpr-ifam/logado-students/repos_logado/Brenda-ketleyn/domingos.json,domingos.json,for,2026-02-27 20:03:05,domingos.js,2,1,2026-04-01T08:13:07.900224
Brenda-ketleyn,/home/gilmar/Documents/algoritmos/logado-utfpr-ifam/logado-students/repos_logado/Brenda-ketleyn/domingos.json,domingos.json,prompt,2026-02-27 20:04:25,domingos.js,1,20,2026-04-01T08:13:07.900226
Brenda-ketleyn,/home/gilmar/Documents/algoritmos/logado-utfpr-ifam/logado-students/repos_logado/Brenda-ketleyn/domingos.json,domingos.json,prompt,2026-02-27 20:05:13,domingos.js,2,21,2026-04-01T08:13:07.900227
Brenda-ketleyn,/home/gilmar/Documents/algoritmos/logado-utfpr-ifam/logado-students/repos_logado/Brenda-ketleyn/domingos.json,domingos.json,for,2026-02-27 20:08:28,domingos.js,3,1,2026-04-01T08:13:07.900229
Brenda-ketleyn,/home/gilmar/Documents/algoritmos/logado-utfpr-ifam/logado-students/repos_logado/Brenda-ketleyn/domingos.json,domingos.json,alert,2026-02-27 20:13:30,domingos.js,8,4,2026-04-01T08:13:07.900231
Brenda-ketleyn,/home/gilmar/Documents/algoritmos/logado-utfpr-ifam/logado-students/repos_logado/Brenda-ketleyn/domingos.json,domingos.json,for,2026-02-27 20:23:40,domingos.js,8,1,2026-04-01T08:13:07.900232
Brenda-ketleyn,/home/gilmar/Documents/algoritmos/logado-utfpr-ifam/logado-students/repos_logado/Brenda-ketleyn/domingos.json,domingos.json,for,2026-02-27 20:25:26,domingos.js,7,1,2026-04-01T08:13:07.900233
Brenda-ketleyn,/home/gilmar/Documents/algoritmos/logado-utfpr-ifam/logado-students/repos_logado/Brenda-ketleyn/domingos.json,domingos.json,for,2026-02-27 20:27:33,domingos.js,6,4,2026-04-01T08:13:07.900236
Brenda-ketleyn,/home/gilmar/Documents/algoritmos/logado-utfpr-ifam/logado-students/repos_logado/Brenda-ketleyn/domingos.json,domingos.json,for,2026-02-27 20:45:09,domingos.js,7,1,2026-04-01T08:13:07.900237
Brenda-ketleyn,/home/gilmar/Documents/algoritmos/logado-utfpr-ifam/logado-students/repos_logado/Brenda-ketleyn/domingos.json,domingos.json,for,2026-02-27 22:10:17,domingos.js,14,1,2026-04-01T08:13:07.900239
Brenda-ketleyn,/home/gilmar/Documents/algoritmos/logado-utfpr-ifam/logado-students/repos_logado/Brenda-ketleyn/domingos.json,domingos.json,alert,2026-02-27 22:11:38,domingos.js,17,1,2026-04-01T08:13:07.900240
Brenda-ketleyn,/home/gilmar/Documents/algoritmos/logado-utfpr-ifam/logado-students/repos_logado/Brenda-ketleyn/vaquinha.json,vaquinha.json,continue,2026-03-12 19:58:18,vaquinha.js,1,1,2026-04-01T08:13:07.900258
Brenda-ketleyn,/home/gilmar/Documents/algoritmos/logado-utfpr-ifam/logado-students/repos_logado/Brenda-ketleyn/vaquinha.json,vaquinha.json,prompt,2026-03-12 19:59:37,vaquinha.js,3,24,2026-04-01T08:13:07.900260
Brenda-ketleyn,/home/gilmar/Documents/algoritmos/logado-utfpr-ifam/logado-students/repos_logado/Brenda-ketleyn/vaquinha.json,vaquinha.json,for,2026-03-12 20:00:12,vaquinha.js,4,1,2026-04-01T08:13:07.900262
Brenda-ketleyn,/home/gilmar/Documents/algoritmos/logado-utfpr-ifam/logado-students/repos_logado/Brenda-ketleyn/vaquinha.json,vaquinha.json,prompt,2026-03-12 20:01:51,vaquinha.js,5,27,2026-04-01T08:13:07.900263
Brenda-ketleyn,/home/gilmar/Documents/algoritmos/logado-utfpr-ifam/logado-students/repos_logado/Brenda-ketleyn/vaquinha.json,vaquinha.json,alert,2026-03-12 20:03:03,vaquinha.js,8,1,2026-04-01T08:13:07.900265
Brenda-ketleyn,/home/gilmar/Documents/algoritmos/logado-utfpr-ifam/logado-students/repos_logado/Brenda-ketleyn/vaquinha.json,vaquinha.json,for,2026-03-12 20:06:57,vaquinha.js,9,1,2026-04-01T08:13:07.900266
Brenda-ketleyn,/home/gilmar/Documents/algoritmos/logado-utfpr-ifam/logado-students/repos_logado/Brenda-ketleyn/exercicio_12.json,exercicio_12.json,prompt,2026-03-24 21:21:06,exercicio_12.js,1,27,2026-04-01T08:13:07.900284
Brenda-ketleyn,/home/gilmar/Documents/algoritmos/logado-utfpr-ifam/logado-students/repos_logado/Brenda-ketleyn/exercicio_12.json,exercicio_12.json,for,2026-03-24 21:21:57,exercicio_12.js,3,1,2026-04-01T08:13:07.900286
Brenda-ketleyn,/home/gilmar/Documents/algoritmos/logado-utfpr-ifam/logado-students/repos_logado/Brenda-ketleyn/exercicio_12.json,exercicio_12.json,prompt,2026-03-24 21:22:52,exercicio_12.js,4,27,2026-04-01T08:13:07.900287
Brenda-ketleyn,/home/gilmar/Documents/algoritmos/logado-utfpr-ifam/logado-students/repos_logado/Brenda-ketleyn/exercicio_12.json,exercicio_12.json,if,2026-03-24 21:24:01,exercicio_12.js,8,1,2026-04-01T08:13:07.900290
Brenda-ketleyn,/home/gilmar/Documents/algoritmos/logado-utfpr-ifam/logado-students/repos_logado/Brenda-ketleyn/exercicio_12.json,exercicio_12.json,alert,2026-03-24 21:24:45,exercicio_12.js,9,5,2026-04-01T08:13:07.900291
Brenda-ketleyn,/home/gilmar/Documents/algoritmos/logado-utfpr-ifam/logado-students/repos_logado/Brenda-ketleyn/exercicio_12.json,exercicio_12.json,alert,2026-03-24 21:25:53,exercicio_12.js,11,5,2026-04-01T08:13:07.900293
Brenda-ketleyn,/home/gilmar/Documents/algoritmos/logado-utfpr-ifam/logado-students/repos_logado/Brenda-ketleyn/funcaosoma.json,funcaosoma.json,function,2026-03-25 21:17:43,funcaosoma.js,1,1,2026-04-01T08:13:07.900326
Brenda-ketleyn,/home/gilmar/Documents/algoritmos/logado-utfpr-ifam/logado-students/repos_logado/Brenda-ketleyn/funcaosoma.json,funcaosoma.json,return,2026-03-25 21:18:15,funcaosoma.js,2,5,2026-04-01T08:13:07.900328
Brenda-ketleyn,/home/gilmar/Documents/algoritmos/logado-utfpr-ifam/logado-students/repos_logado/Brenda-ketleyn/funcaosoma.json,funcaosoma.json,prompt,2026-03-25 21:18:49,funcaosoma.js,4,18,2026-04-01T08:13:07.900331
Brenda-ketleyn,/home/gilmar/Documents/algoritmos/logado-utfpr-ifam/logado-students/repos_logado/Brenda-ketleyn/funcaosoma.json,funcaosoma.json,prompt,2026-03-25 21:19:30,funcaosoma.js,5,18,2026-04-01T08:13:07.900332
Brenda-ketleyn,/home/gilmar/Documents/algoritmos/logado-utfpr-ifam/logado-students/repos_logado/Brenda-ketleyn/funcaosoma.json,funcaosoma.json,alert,2026-03-25 21:20:18,funcaosoma.js,6,1,2026-04-01T08:13:07.900335
Brenda-ketleyn,/home/gilmar/Documents/algoritmos/logado-utfpr-ifam/logado-students/repos_logado/Brenda-ketleyn/funcaosoma.json,funcaosoma.json,prompt,2026-03-25 21:32:12,funcaosoma.js,1,15,2026-04-01T08:13:07.900336
Brenda-ketleyn,/home/gilmar/Documents/algoritmos/logado-utfpr-ifam/logado-students/repos_logado/Brenda-ketleyn/funcaosoma.json,funcaosoma.json,function,2026-03-25 21:35:20,funcaosoma.js,8,1,2026-04-01T08:13:07.900338
Brenda-ketleyn,/home/gilmar/Documents/algoritmos/logado-utfpr-ifam/logado-students/repos_logado/Brenda-ketleyn/funcaosoma.json,funcaosoma.json,return,2026-03-25 21:36:20,funcaosoma.js,9,5,2026-04-01T08:13:07.900339
Brenda-ketleyn,/home/gilmar/Documents/algoritmos/logado-utfpr-ifam/logado-students/repos_logado/Brenda-ketleyn/funcaosoma.json,funcaosoma.json,var,2026-03-25 21:39:11,funcaosoma.js,8,1,2026-04-01T08:13:07.900340
Brenda-ketleyn,/home/gilmar/Documents/algoritmos/logado-utfpr-ifam/logado-students/repos_logado/Brenda-ketleyn/funcaosoma.json,funcaosoma.json,prompt,2026-03-25 21:39:11,funcaosoma.js,8,18,2026-04-01T08:13:07.900342
Brenda-ketleyn,/home/gilmar/Documents/algoritmos/logado-utfpr-ifam/logado-students/repos_logado/Brenda-ketleyn/funcaosoma.json,funcaosoma.json,var,2026-03-25 21:39:11,funcaosoma.js,8,1,2026-04-01T08:13:07.900343
Brenda-ketleyn,/home/gilmar/Documents/algoritmos/logado-utfpr-ifam/logado-students/repos_logado/Brenda-ketleyn/funcaosoma.json,funcaosoma.json,prompt,2026-03-25 21:39:11,funcaosoma.js,8,18,2026-04-01T08:13:07.900345
Brenda-ketleyn,/home/gilmar/Documents/algoritmos/logado-utfpr-ifam/logado-students/repos_logado/Brenda-ketleyn/funcaosoma.json,funcaosoma.json,function,2026-03-25 21:40:56,funcaosoma.js,5,1,2026-04-01T08:13:07.900347
Brenda-ketleyn,/home/gilmar/Documents/algoritmos/logado-utfpr-ifam/logado-students/repos_logado/Brenda-ketleyn/funcaosoma.json,funcaosoma.json,function,2026-03-25 21:41:58,funcaosoma.js,8,1,2026-04-01T08:13:07.900348
Brenda-ketleyn,/home/gilmar/Documents/algoritmos/logado-utfpr-ifam/logado-students/repos_logado/Brenda-ketleyn/funcaosoma.json,funcaosoma.json,return,2026-03-25 21:42:16,funcaosoma.js,9,5,2026-04-01T08:13:07.900349
Brenda-ketleyn,/home/gilmar/Documents/algoritmos/logado-utfpr-ifam/logado-students/repos_logado/Brenda-ketleyn/funcaosoma.json,funcaosoma.json,function,2026-03-25 21:43:23,funcaosoma.js,11,1,2026-04-01T08:13:07.900351
Brenda-ketleyn,/home/gilmar/Documents/algoritmos/logado-utfpr-ifam/logado-students/repos_logado/Brenda-ketleyn/funcaosoma.json,funcaosoma.json,return,2026-03-25 21:43:46,funcaosoma.js,12,5,2026-04-01T08:13:07.900352
Brenda-ketleyn,/home/gilmar/Documents/algoritmos/logado-utfpr-ifam/logado-students/repos_logado/Brenda-ketleyn/funcaosoma.json,funcaosoma.json,let,2026-03-25 21:47:53,funcaosoma.js,14,1,2026-04-01T08:13:07.900353
Brenda-ketleyn,/home/gilmar/Documents/algoritmos/logado-utfpr-ifam/logado-students/repos_logado/Brenda-ketleyn/funcaosoma.json,funcaosoma.json,prompt,2026-03-25 21:47:53,funcaosoma.js,14,13,2026-04-01T08:13:07.900354
Brenda-ketleyn,/home/gilmar/Documents/algoritmos/logado-utfpr-ifam/logado-students/repos_logado/Brenda-ketleyn/funcaosoma.json,funcaosoma.json,switch,2026-03-25 21:48:29,funcaosoma.js,16,1,2026-04-01T08:13:07.900356
Brenda-ketleyn,/home/gilmar/Documents/algoritmos/logado-utfpr-ifam/logado-students/repos_logado/Brenda-ketleyn/funcaosoma.json,funcaosoma.json,alert,2026-03-25 21:50:42,funcaosoma.js,18,9,2026-04-01T08:13:07.900359
Brenda-ketleyn,/home/gilmar/Documents/algoritmos/logado-utfpr-ifam/logado-students/repos_logado/Brenda-ketleyn/funcaosoma.json,funcaosoma.json,break,2026-03-25 21:51:09,funcaosoma.js,18,29,2026-04-01T08:13:07.900360
Brenda-ketleyn,/home/gilmar/Documents/algoritmos/logado-utfpr-ifam/logado-students/repos_logado/Brenda-ketleyn/funcaosoma.json,funcaosoma.json,alert,2026-03-25 21:51:51,funcaosoma.js,20,9,2026-04-01T08:13:07.900362
Brenda-ketleyn,/home/gilmar/Documents/algoritmos/logado-utfpr-ifam/logado-students/repos_logado/Brenda-ketleyn/funcaosoma.json,funcaosoma.json,break,2026-03-25 21:52:12,funcaosoma.js,20,31,2026-04-01T08:13:07.900364
Brenda-ketleyn,/home/gilmar/Documents/algoritmos/logado-utfpr-ifam/logado-students/repos_logado/Brenda-ketleyn/funcaosoma.json,funcaosoma.json,alert,2026-03-25 21:52:30,funcaosoma.js,22,9,2026-04-01T08:13:07.900365
Brenda-ketleyn,/home/gilmar/Documents/algoritmos/logado-utfpr-ifam/logado-students/repos_logado/Brenda-ketleyn/funcaosoma.json,funcaosoma.json,break,2026-03-25 21:53:35,funcaosoma.js,22,29,2026-04-01T08:13:07.900367
Brenda-ketleyn,/home/gilmar/Documents/algoritmos/logado-utfpr-ifam/logado-students/repos_logado/Brenda-ketleyn/funcaosoma.json,funcaosoma.json,alert,2026-03-25 21:53:51,funcaosoma.js,24,9,2026-04-01T08:13:07.900368
Brenda-ketleyn,/home/gilmar/Documents/algoritmos/logado-utfpr-ifam/logado-students/repos_logado/Brenda-ketleyn/funcaosoma.json,funcaosoma.json,break,2026-03-25 21:54:29,funcaosoma.js,24,29,2026-04-01T08:13:07.900369
Brenda-ketleyn,/home/gilmar/Documents/algoritmos/logado-utfpr-ifam/logado-students/repos_logado/Brenda-ketleyn/funcaosoma.json,funcaosoma.json,alert,2026-03-25 21:55:00,funcaosoma.js,26,9,2026-04-01T08:13:07.900371
Brenda-ketleyn,/home/gilmar/Documents/algoritmos/logado-utfpr-ifam/logado-students/repos_logado/Brenda-ketleyn/vetor_par.json,vetor_par.json,let,2026-03-12 21:27:34,vetor_par.js,1,1,2026-04-01T08:13:07.900397
Brenda-ketleyn,/home/gilmar/Documents/algoritmos/logado-utfpr-ifam/logado-students/repos_logado/Brenda-ketleyn/vetor_par.json,vetor_par.json,prompt,2026-03-12 21:27:34,vetor_par.js,2,17,2026-04-01T08:13:07.900399
Brenda-ketleyn,/home/gilmar/Documents/algoritmos/logado-utfpr-ifam/logado-students/repos_logado/Brenda-ketleyn/vetor_par.json,vetor_par.json,for,2026-03-12 21:27:34,vetor_par.js,3,1,2026-04-01T08:13:07.900401
Brenda-ketleyn,/home/gilmar/Documents/algoritmos/logado-utfpr-ifam/logado-students/repos_logado/Brenda-ketleyn/vetor_par.json,vetor_par.json,let,2026-03-12 21:27:34,vetor_par.js,1,1,2026-04-01T08:13:07.900402
Brenda-ketleyn,/home/gilmar/Documents/algoritmos/logado-utfpr-ifam/logado-students/repos_logado/Brenda-ketleyn/vetor_par.json,vetor_par.json,prompt,2026-03-12 21:27:34,vetor_par.js,2,17,2026-04-01T08:13:07.900404
Brenda-ketleyn,/home/gilmar/Documents/algoritmos/logado-utfpr-ifam/logado-students/repos_logado/Brenda-ketleyn/vetor_par.json,vetor_par.json,if,2026-03-12 21:27:34,vetor_par.js,5,1,2026-04-01T08:13:07.900405
Brenda-ketleyn,/home/gilmar/Documents/algoritmos/logado-utfpr-ifam/logado-students/repos_logado/Brenda-ketleyn/vetor_par.json,vetor_par.json,else,2026-03-12 21:27:34,vetor_par.js,8,1,2026-04-01T08:13:07.900406
Brenda-ketleyn,/home/gilmar/Documents/algoritmos/logado-utfpr-ifam/logado-students/repos_logado/Brenda-ketleyn/vetor_par.json,vetor_par.json,alert,2026-03-12 21:27:34,vetor_par.js,11,1,2026-04-01T08:13:07.900408
Brenda-ketleyn,/home/gilmar/Documents/algoritmos/logado-utfpr-ifam/logado-students/repos_logado/Brenda-ketleyn/vetor_par.json,vetor_par.json,prompt,2026-03-12 21:31:03,vetor_par.js,3,16,2026-04-01T08:13:07.900409
Brenda-ketleyn,/home/gilmar/Documents/algoritmos/logado-utfpr-ifam/logado-students/repos_logado/Brenda-ketleyn/vetor_par.json,vetor_par.json,prompt,2026-03-12 21:38:09,vetor_par.js,5,26,2026-04-01T08:13:07.900411
Brenda-ketleyn,/home/gilmar/Documents/algoritmos/logado-utfpr-ifam/logado-students/repos_logado/Brenda-ketleyn/vetor_par.json,vetor_par.json,for,2026-03-12 21:39:34,vetor_par.js,7,1,2026-04-01T08:13:07.900412
Brenda-ketleyn,/home/gilmar/Documents/algoritmos/logado-utfpr-ifam/logado-students/repos_logado/Brenda-ketleyn/vetor_par.json,vetor_par.json,if,2026-03-12 21:41:57,vetor_par.js,8,5,2026-04-01T08:13:07.900414
Brenda-ketleyn,/home/gilmar/Documents/algoritmos/logado-utfpr-ifam/logado-students/repos_logado/Brenda-ketleyn/vetor_par.json,vetor_par.json,else,2026-03-12 21:41:57,vetor_par.js,11,1,2026-04-01T08:13:07.900415
Brenda-ketleyn,/home/gilmar/Documents/algoritmos/logado-utfpr-ifam/logado-students/repos_logado/Brenda-ketleyn/vetor_par.json,vetor_par.json,let,2026-03-12 21:42:38,vetor_par.js,3,1,2026-04-01T08:13:07.900417
Brenda-ketleyn,/home/gilmar/Documents/algoritmos/logado-utfpr-ifam/logado-students/repos_logado/Brenda-ketleyn/vetor_par.json,vetor_par.json,alert,2026-03-12 21:46:53,vetor_par.js,14,1,2026-04-01T08:13:07.900420
Brenda-ketleyn,/home/gilmar/Documents/algoritmos/logado-utfpr-ifam/logado-students/repos_logado/Brenda-ketleyn/vetor_par.json,vetor_par.json,alert,2026-03-12 21:47:52,vetor_par.js,14,1,2026-04-01T08:13:07.900422
Brenda-ketleyn,/home/gilmar/Documents/algoritmos/logado-utfpr-ifam/logado-students/repos_logado/Brenda-ketleyn/vetor_par.json,vetor_par.json,alert,2026-03-12 21:55:25,vetor_par.js,15,1,2026-04-01T08:13:07.900423
Brenda-ketleyn,/home/gilmar/Documents/algoritmos/logado-utfpr-ifam/logado-students/repos_logado/Brenda-ketleyn/vetor_par.json,vetor_par.json,alert,2026-03-12 21:56:23,vetor_par.js,14,1,2026-04-01T08:13:07.900424
Brenda-ketleyn,/home/gilmar/Documents/algoritmos/logado-utfpr-ifam/logado-students/repos_logado/Brenda-ketleyn/exercicio_05.json,exercicio_05.json,for,2026-03-10 20:09:35,exercicio_05.js,2,1,2026-04-01T08:13:07.900441
Brenda-ketleyn,/home/gilmar/Documents/algoritmos/logado-utfpr-ifam/logado-students/repos_logado/Brenda-ketleyn/exercicio_05.json,exercicio_05.json,prompt,2026-03-10 20:10:34,exercicio_05.js,3,17,2026-04-01T08:13:07.900442
Brenda-ketleyn,/home/gilmar/Documents/algoritmos/logado-utfpr-ifam/logado-students/repos_logado/Brenda-ketleyn/notas1.json,notas1.json,do,2026-03-06 21:18:02,notas1.js,1,1,2026-04-01T08:13:07.900475
Brenda-ketleyn,/home/gilmar/Documents/algoritmos/logado-utfpr-ifam/logado-students/repos_logado/Brenda-ketleyn/notas1.json,notas1.json,var,2026-03-06 21:18:02,notas1.js,2,5,2026-04-01T08:13:07.900477
Brenda-ketleyn,/home/gilmar/Documents/algoritmos/logado-utfpr-ifam/logado-students/repos_logado/Brenda-ketleyn/notas1.json,notas1.json,var,2026-03-06 21:18:02,notas1.js,2,5,2026-04-01T08:13:07.900478
Brenda-ketleyn,/home/gilmar/Documents/algoritmos/logado-utfpr-ifam/logado-students/repos_logado/Brenda-ketleyn/notas1.json,notas1.json,prompt,2026-03-06 21:18:02,notas1.js,3,27,2026-04-01T08:13:07.900480
Brenda-ketleyn,/home/gilmar/Documents/algoritmos/logado-utfpr-ifam/logado-students/repos_logado/Brenda-ketleyn/notas1.json,notas1.json,var,2026-03-06 21:18:02,notas1.js,2,5,2026-04-01T08:13:07.900482
Brenda-ketleyn,/home/gilmar/Documents/algoritmos/logado-utfpr-ifam/logado-students/repos_logado/Brenda-ketleyn/notas1.json,notas1.json,prompt,2026-03-06 21:18:02,notas1.js,3,27,2026-04-01T08:13:07.900483
Brenda-ketleyn,/home/gilmar/Documents/algoritmos/logado-utfpr-ifam/logado-students/repos_logado/Brenda-ketleyn/notas1.json,notas1.json,var,2026-03-06 21:18:02,notas1.js,2,5,2026-04-01T08:13:07.900485
Brenda-ketleyn,/home/gilmar/Documents/algoritmos/logado-utfpr-ifam/logado-students/repos_logado/Brenda-ketleyn/notas1.json,notas1.json,alert,2026-03-06 21:18:02,notas1.js,6,3,2026-04-01T08:13:07.900486
Brenda-ketleyn,/home/gilmar/Documents/algoritmos/logado-utfpr-ifam/logado-students/repos_logado/Brenda-ketleyn/notas1.json,notas1.json,if,2026-03-06 21:18:02,notas1.js,7,1,2026-04-01T08:13:07.900487
Brenda-ketleyn,/home/gilmar/Documents/algoritmos/logado-utfpr-ifam/logado-students/repos_logado/Brenda-ketleyn/notas1.json,notas1.json,alert,2026-03-06 21:18:02,notas1.js,6,3,2026-04-01T08:13:07.900489
Brenda-ketleyn,/home/gilmar/Documents/algoritmos/logado-utfpr-ifam/logado-students/repos_logado/Brenda-ketleyn/notas1.json,notas1.json,else,2026-03-06 21:18:02,notas1.js,11,1,2026-04-01T08:13:07.900490
Brenda-ketleyn,/home/gilmar/Documents/algoritmos/logado-utfpr-ifam/logado-students/repos_logado/Brenda-ketleyn/notas1.json,notas1.json,if,2026-03-06 21:18:02,notas1.js,7,1,2026-04-01T08:13:07.900492
Brenda-ketleyn,/home/gilmar/Documents/algoritmos/logado-utfpr-ifam/logado-students/repos_logado/Brenda-ketleyn/notas1.json,notas1.json,alert,2026-03-06 21:18:02,notas1.js,6,3,2026-04-01T08:13:07.900493
Brenda-ketleyn,/home/gilmar/Documents/algoritmos/logado-utfpr-ifam/logado-students/repos_logado/Brenda-ketleyn/notas1.json,notas1.json,prompt,2026-03-06 21:18:02,notas1.js,3,27,2026-04-01T08:13:07.900496
Brenda-ketleyn,/home/gilmar/Documents/algoritmos/logado-utfpr-ifam/logado-students/repos_logado/Brenda-ketleyn/notas1.json,notas1.json,if,2026-03-06 21:18:02,notas1.js,7,1,2026-04-01T08:13:07.900498
Brenda-ketleyn,/home/gilmar/Documents/algoritmos/logado-utfpr-ifam/logado-students/repos_logado/Brenda-ketleyn/notas1.json,notas1.json,alert,2026-03-06 21:18:02,notas1.js,6,3,2026-04-01T08:13:07.900499
Brenda-ketleyn,/home/gilmar/Documents/algoritmos/logado-utfpr-ifam/logado-students/repos_logado/Brenda-ketleyn/notas1.json,notas1.json,else,2026-03-06 21:18:02,notas1.js,11,1,2026-04-01T08:13:07.900500
Brenda-ketleyn,/home/gilmar/Documents/algoritmos/logado-utfpr-ifam/logado-students/repos_logado/Brenda-ketleyn/notas1.json,notas1.json,alert,2026-03-06 21:18:02,notas1.js,6,3,2026-04-01T08:13:07.900502
Brenda-ketleyn,/home/gilmar/Documents/algoritmos/logado-utfpr-ifam/logado-students/repos_logado/Brenda-ketleyn/notas1.json,notas1.json,else,2026-03-06 21:18:02,notas1.js,11,1,2026-04-01T08:13:07.900504
Brenda-ketleyn,/home/gilmar/Documents/algoritmos/logado-utfpr-ifam/logado-students/repos_logado/Brenda-ketleyn/notas1.json,notas1.json,alert,2026-03-06 21:18:02,notas1.js,6,3,2026-04-01T08:13:07.900506
Brenda-ketleyn,/home/gilmar/Documents/algoritmos/logado-utfpr-ifam/logado-students/repos_logado/Brenda-ketleyn/notas1.json,notas1.json,while,2026-03-06 21:18:02,notas1.js,29,2,2026-04-01T08:13:07.900508
Brenda-ketleyn,/home/gilmar/Documents/algoritmos/logado-utfpr-ifam/logado-students/repos_logado/Brenda-ketleyn/notas1.json,notas1.json,alert,2026-03-06 21:18:02,notas1.js,6,3,2026-04-01T08:13:07.900511
Brenda-ketleyn,/home/gilmar/Documents/algoritmos/logado-utfpr-ifam/logado-students/repos_logado/Brenda-ketleyn/notas1.json,notas1.json,prompt,2026-03-06 21:21:14,notas1.js,28,20,2026-04-01T08:13:07.900512
Brenda-ketleyn,/home/gilmar/Documents/algoritmos/logado-utfpr-ifam/logado-students/repos_logado/Brenda-ketleyn/notas1.json,notas1.json,prompt,2026-03-06 21:21:14,notas1.js,28,20,2026-04-01T08:13:07.900514
Brenda-ketleyn,/home/gilmar/Documents/algoritmos/logado-utfpr-ifam/logado-students/repos_logado/Brenda-ketleyn/notas1.json,notas1.json,do,2026-03-06 21:33:12,notas1.js,1,1,2026-04-01T08:13:07.900515
Brenda-ketleyn,/home/gilmar/Documents/algoritmos/logado-utfpr-ifam/logado-students/repos_logado/Brenda-ketleyn/notas1.json,notas1.json,var,2026-03-06 21:33:12,notas1.js,2,5,2026-04-01T08:13:07.900517
Brenda-ketleyn,/home/gilmar/Documents/algoritmos/logado-utfpr-ifam/logado-students/repos_logado/Brenda-ketleyn/notas1.json,notas1.json,var,2026-03-06 21:33:12,notas1.js,2,5,2026-04-01T08:13:07.900518
Brenda-ketleyn,/home/gilmar/Documents/algoritmos/logado-utfpr-ifam/logado-students/repos_logado/Brenda-ketleyn/notas1.json,notas1.json,prompt,2026-03-06 21:33:12,notas1.js,3,27,2026-04-01T08:13:07.900520
Brenda-ketleyn,/home/gilmar/Documents/algoritmos/logado-utfpr-ifam/logado-students/repos_logado/Brenda-ketleyn/notas1.json,notas1.json,var,2026-03-06 21:33:12,notas1.js,2,5,2026-04-01T08:13:07.900521
Brenda-ketleyn,/home/gilmar/Documents/algoritmos/logado-utfpr-ifam/logado-students/repos_logado/Brenda-ketleyn/notas1.json,notas1.json,prompt,2026-03-06 21:33:12,notas1.js,3,27,2026-04-01T08:13:07.900522
Brenda-ketleyn,/home/gilmar/Documents/algoritmos/logado-utfpr-ifam/logado-students/repos_logado/Brenda-ketleyn/notas1.json,notas1.json,var,2026-03-06 21:33:12,notas1.js,2,5,2026-04-01T08:13:07.900524
Brenda-ketleyn,/home/gilmar/Documents/algoritmos/logado-utfpr-ifam/logado-students/repos_logado/Brenda-ketleyn/notas1.json,notas1.json,alert,2026-03-06 21:33:12,notas1.js,6,3,2026-04-01T08:13:07.900526
Brenda-ketleyn,/home/gilmar/Documents/algoritmos/logado-utfpr-ifam/logado-students/repos_logado/Brenda-ketleyn/jogos.json,jogos.json,for,2026-02-20 21:46:41,jogos.js,1,1,2026-04-01T08:13:07.900552
Brenda-ketleyn,/home/gilmar/Documents/algoritmos/logado-utfpr-ifam/logado-students/repos_logado/Brenda-ketleyn/jogos.json,jogos.json,for,2026-02-26 19:42:31,jogos.js,2,1,2026-04-01T08:13:07.900554
Brenda-ketleyn,/home/gilmar/Documents/algoritmos/logado-utfpr-ifam/logado-students/repos_logado/Brenda-ketleyn/jogos.json,jogos.json,for,2026-02-26 20:07:15,jogos.js,7,1,2026-04-01T08:13:07.900556
Brenda-ketleyn,/home/gilmar/Documents/algoritmos/logado-utfpr-ifam/logado-students/repos_logado/Brenda-ketleyn/jogos.json,jogos.json,alert,2026-02-26 20:20:03,jogos.js,3,4,2026-04-01T08:13:07.900557
Brenda-ketleyn,/home/gilmar/Documents/algoritmos/logado-utfpr-ifam/logado-students/repos_logado/Brenda-ketleyn/jogos.json,jogos.json,alert,2026-02-26 20:21:55,jogos.js,2,1,2026-04-01T08:13:07.900559
Brenda-ketleyn,/home/gilmar/Documents/algoritmos/logado-utfpr-ifam/logado-students/repos_logado/Brenda-ketleyn/jogos.json,jogos.json,alert,2026-02-26 20:22:45,jogos.js,8,1,2026-04-01T08:13:07.900561
Brenda-ketleyn,/home/gilmar/Documents/algoritmos/logado-utfpr-ifam/logado-students/repos_logado/Brenda-ketleyn/jogos.json,jogos.json,do,2026-02-26 20:24:06,jogos.js,7,1,2026-04-01T08:13:07.900562
Brenda-ketleyn,/home/gilmar/Documents/algoritmos/logado-utfpr-ifam/logado-students/repos_logado/Brenda-ketleyn/jogos.json,jogos.json,alert,2026-02-26 20:27:34,jogos.js,14,1,2026-04-01T08:13:07.900563
Brenda-ketleyn,/home/gilmar/Documents/algoritmos/logado-utfpr-ifam/logado-students/repos_logado/Brenda-ketleyn/jogos.json,jogos.json,alert,2026-02-26 20:29:14,jogos.js,7,1,2026-04-01T08:13:07.900565
Brenda-ketleyn,/home/gilmar/Documents/algoritmos/logado-utfpr-ifam/logado-students/repos_logado/Brenda-ketleyn/jogos.json,jogos.json,alert,2026-02-26 20:36:31,jogos.js,10,1,2026-04-01T08:13:07.900566
Brenda-ketleyn,/home/gilmar/Documents/algoritmos/logado-utfpr-ifam/logado-students/repos_logado/Brenda-ketleyn/jogos.json,jogos.json,alert,2026-02-26 20:41:11,jogos.js,16,1,2026-04-01T08:13:07.900568
Brenda-ketleyn,/home/gilmar/Documents/algoritmos/logado-utfpr-ifam/logado-students/repos_logado/Brenda-ketleyn/maiorde3math.json,maiorde3math.json,alert,2026-03-19 22:14:33,maiorde3math.js,1,1,2026-04-01T08:13:07.900586
Brenda-ketleyn,/home/gilmar/Documents/algoritmos/logado-utfpr-ifam/logado-students/repos_logado/Brenda-ketleyn/maiorde3math.json,maiorde3math.json,max,2026-03-19 22:17:11,maiorde3math.js,2,12,2026-04-01T08:13:07.900588
Brenda-ketleyn,/home/gilmar/Documents/algoritmos/logado-utfpr-ifam/logado-students/repos_logado/Brenda-ketleyn/maiorde3math.json,maiorde3math.json,null,2026-03-19 22:17:17,maiorde3math.js,2,16,2026-04-01T08:13:07.900590
Brenda-ketleyn,/home/gilmar/Documents/algoritmos/logado-utfpr-ifam/logado-students/repos_logado/Brenda-ketleyn/funcaovetorr.json,funcaovetorr.json,function,2026-03-26 20:43:15,funcaovetorr.js,2,1,2026-04-01T08:13:07.900605
Brenda-ketleyn,/home/gilmar/Documents/algoritmos/logado-utfpr-ifam/logado-students/repos_logado/Brenda-ketleyn/funcaovetorr.json,funcaovetorr.json,prompt,2026-03-26 20:44:59,funcaovetorr.js,4,26,2026-04-01T08:13:07.900606
Brenda-ketleyn,/home/gilmar/Documents/algoritmos/logado-utfpr-ifam/logado-students/repos_logado/Brenda-ketleyn/notas.json,notas.json,prompt,2026-03-05 19:49:55,notas.js,1,23,2026-04-01T08:13:07.900652
Brenda-ketleyn,/home/gilmar/Documents/algoritmos/logado-utfpr-ifam/logado-students/repos_logado/Brenda-ketleyn/notas.json,notas.json,do,2026-03-05 19:52:59,notas.js,2,1,2026-04-01T08:13:07.900656
Brenda-ketleyn,/home/gilmar/Documents/algoritmos/logado-utfpr-ifam/logado-students/repos_logado/Brenda-ketleyn/notas.json,notas.json,do,2026-03-05 19:53:48,notas.js,2,1,2026-04-01T08:13:07.900658
Brenda-ketleyn,/home/gilmar/Documents/algoritmos/logado-utfpr-ifam/logado-students/repos_logado/Brenda-ketleyn/notas.json,notas.json,prompt,2026-03-05 19:55:08,notas.js,1,24,2026-04-01T08:13:07.900661
Brenda-ketleyn,/home/gilmar/Documents/algoritmos/logado-utfpr-ifam/logado-students/repos_logado/Brenda-ketleyn/notas.json,notas.json,prompt,2026-03-05 19:57:12,notas.js,2,24,2026-04-01T08:13:07.900667
Brenda-ketleyn,/home/gilmar/Documents/algoritmos/logado-utfpr-ifam/logado-students/repos_logado/Brenda-ketleyn/notas.json,notas.json,do,2026-03-05 19:58:53,notas.js,4,1,2026-04-01T08:13:07.900669
Brenda-ketleyn,/home/gilmar/Documents/algoritmos/logado-utfpr-ifam/logado-students/repos_logado/Brenda-ketleyn/notas.json,notas.json,if,2026-03-05 20:02:58,notas.js,4,1,2026-04-01T08:13:07.900670
Brenda-ketleyn,/home/gilmar/Documents/algoritmos/logado-utfpr-ifam/logado-students/repos_logado/Brenda-ketleyn/notas.json,notas.json,alert,2026-03-05 20:03:26,notas.js,5,5,2026-04-01T08:13:07.900672
Brenda-ketleyn,/home/gilmar/Documents/algoritmos/logado-utfpr-ifam/logado-students/repos_logado/Brenda-ketleyn/notas.json,notas.json,else,2026-03-05 20:05:08,notas.js,6,2,2026-04-01T08:13:07.900674
Brenda-ketleyn,/home/gilmar/Documents/algoritmos/logado-utfpr-ifam/logado-students/repos_logado/Brenda-ketleyn/notas.json,notas.json,if,2026-03-05 20:08:33,notas.js,6,6,2026-04-01T08:13:07.900676
Brenda-ketleyn,/home/gilmar/Documents/algoritmos/logado-utfpr-ifam/logado-students/repos_logado/Brenda-ketleyn/notas.json,notas.json,alert,2026-03-05 20:09:35,notas.js,7,5,2026-04-01T08:13:07.900677
Brenda-ketleyn,/home/gilmar/Documents/algoritmos/logado-utfpr-ifam/logado-students/repos_logado/Brenda-ketleyn/notas.json,notas.json,prompt,2026-03-05 20:19:00,notas.js,8,32,2026-04-01T08:13:07.900679
Brenda-ketleyn,/home/gilmar/Documents/algoritmos/logado-utfpr-ifam/logado-students/repos_logado/Brenda-ketleyn/notas.json,notas.json,alert,2026-03-05 20:23:09,notas.js,9,5,2026-04-01T08:13:07.900680
Brenda-ketleyn,/home/gilmar/Documents/algoritmos/logado-utfpr-ifam/logado-students/repos_logado/Brenda-ketleyn/notas.json,notas.json,alert,2026-03-05 20:25:00,notas.js,7,5,2026-04-01T08:13:07.900682
Brenda-ketleyn,/home/gilmar/Documents/algoritmos/logado-utfpr-ifam/logado-students/repos_logado/Brenda-ketleyn/notas.json,notas.json,else,2026-03-05 20:25:46,notas.js,10,2,2026-04-01T08:13:07.900685
Brenda-ketleyn,/home/gilmar/Documents/algoritmos/logado-utfpr-ifam/logado-students/repos_logado/Brenda-ketleyn/notas.json,notas.json,alert,2026-03-05 20:25:59,notas.js,11,5,2026-04-01T08:13:07.900687
Brenda-ketleyn,/home/gilmar/Documents/algoritmos/logado-utfpr-ifam/logado-students/repos_logado/Brenda-ketleyn/notas.json,notas.json,if,2026-03-05 20:30:13,notas.js,10,5,2026-04-01T08:13:07.900688
Brenda-ketleyn,/home/gilmar/Documents/algoritmos/logado-utfpr-ifam/logado-students/repos_logado/Brenda-ketleyn/notas.json,notas.json,else,2026-03-05 20:31:20,notas.js,12,10,2026-04-01T08:13:07.900690
Brenda-ketleyn,/home/gilmar/Documents/algoritmos/logado-utfpr-ifam/logado-students/repos_logado/Brenda-ketleyn/notas.json,notas.json,alert,2026-03-05 20:31:28,notas.js,13,13,2026-04-01T08:13:07.900692
Brenda-ketleyn,/home/gilmar/Documents/algoritmos/logado-utfpr-ifam/logado-students/repos_logado/Brenda-ketleyn/notas.json,notas.json,do,2026-03-05 20:39:09,notas.js,4,1,2026-04-01T08:13:07.900693
Brenda-ketleyn,/home/gilmar/Documents/algoritmos/logado-utfpr-ifam/logado-students/repos_logado/Brenda-ketleyn/notas.json,notas.json,while,2026-03-05 20:39:20,notas.js,19,1,2026-04-01T08:13:07.900695
Brenda-ketleyn,/home/gilmar/Documents/algoritmos/logado-utfpr-ifam/logado-students/repos_logado/Brenda-ketleyn/notas.json,notas.json,while,2026-03-05 20:43:15,notas.js,19,2,2026-04-01T08:13:07.900696
Brenda-ketleyn,/home/gilmar/Documents/algoritmos/logado-utfpr-ifam/logado-students/repos_logado/Brenda-ketleyn/notas.json,notas.json,while,2026-03-05 22:16:59,notas.js,20,3,2026-04-01T08:13:07.900698
Brenda-ketleyn,/home/gilmar/Documents/algoritmos/logado-utfpr-ifam/logado-students/repos_logado/Brenda-ketleyn/notas.json,notas.json,while,2026-03-06 20:14:53,notas.js,26,3,2026-04-01T08:13:07.900699
Brenda-ketleyn,/home/gilmar/Documents/algoritmos/logado-utfpr-ifam/logado-students/repos_logado/Brenda-ketleyn/notas.json,notas.json,let,2026-03-06 20:29:35,notas.js,6,5,2026-04-01T08:13:07.900702
Brenda-ketleyn,/home/gilmar/Documents/algoritmos/logado-utfpr-ifam/logado-students/repos_logado/Brenda-ketleyn/notas.json,notas.json,prompt,2026-03-06 20:32:00,notas.js,26,20,2026-04-01T08:13:07.900704
Brenda-ketleyn,/home/gilmar/Documents/algoritmos/logado-utfpr-ifam/logado-students/repos_logado/Brenda-ketleyn/notas.json,notas.json,prompt,2026-03-06 20:32:50,notas.js,26,20,2026-04-01T08:13:07.900706
Brenda-ketleyn,/home/gilmar/Documents/algoritmos/logado-utfpr-ifam/logado-students/repos_logado/Brenda-ketleyn/notas.json,notas.json,let,2026-03-06 20:32:50,notas.js,27,1,2026-04-01T08:13:07.900707
Brenda-ketleyn,/home/gilmar/Documents/algoritmos/logado-utfpr-ifam/logado-students/repos_logado/Brenda-ketleyn/notas.json,notas.json,prompt,2026-03-06 20:32:50,notas.js,26,20,2026-04-01T08:13:07.900709
Brenda-ketleyn,/home/gilmar/Documents/algoritmos/logado-utfpr-ifam/logado-students/repos_logado/Brenda-ketleyn/main.json,main.json,alert,2026-02-20 20:37:18,main.js,1,1,2026-04-01T08:13:07.900737
Brenda-ketleyn,/home/gilmar/Documents/algoritmos/logado-utfpr-ifam/logado-students/repos_logado/Brenda-ketleyn/main.json,main.json,alert,2026-02-20 20:41:29,main.js,2,1,2026-04-01T08:13:07.900738
Brenda-ketleyn,/home/gilmar/Documents/algoritmos/logado-utfpr-ifam/logado-students/repos_logado/Brenda-ketleyn/par=impar.json,par=impar.json,prompt,2026-02-26 22:07:06,par=impar.js,1,22,2026-04-01T08:13:07.900763
Brenda-ketleyn,/home/gilmar/Documents/algoritmos/logado-utfpr-ifam/logado-students/repos_logado/Brenda-ketleyn/par=impar.json,par=impar.json,const,2026-02-26 22:13:56,par=impar.js,2,1,2026-04-01T08:13:07.900766
Brenda-ketleyn,/home/gilmar/Documents/algoritmos/logado-utfpr-ifam/logado-students/repos_logado/Brenda-ketleyn/par=impar.json,par=impar.json,prompt,2026-02-26 22:16:56,par=impar.js,2,20,2026-04-01T08:13:07.900767
Brenda-ketleyn,/home/gilmar/Documents/algoritmos/logado-utfpr-ifam/logado-students/repos_logado/Brenda-ketleyn/par=impar.json,par=impar.json,for,2026-02-26 22:20:52,par=impar.js,2,1,2026-04-01T08:13:07.900769
Brenda-ketleyn,/home/gilmar/Documents/algoritmos/logado-utfpr-ifam/logado-students/repos_logado/Brenda-ketleyn/par=impar.json,par=impar.json,if,2026-02-26 22:23:47,par=impar.js,5,1,2026-04-01T08:13:07.900770
Brenda-ketleyn,/home/gilmar/Documents/algoritmos/logado-utfpr-ifam/logado-students/repos_logado/Brenda-ketleyn/par=impar.json,par=impar.json,else,2026-02-26 22:24:39,par=impar.js,7,2,2026-04-01T08:13:07.900771
Brenda-ketleyn,/home/gilmar/Documents/algoritmos/logado-utfpr-ifam/logado-students/repos_logado/Brenda-ketleyn/par=impar.json,par=impar.json,alert,2026-02-26 22:25:12,par=impar.js,9,5,2026-04-01T08:13:07.900773
Brenda-ketleyn,/home/gilmar/Documents/algoritmos/logado-utfpr-ifam/logado-students/repos_logado/Brenda-ketleyn/par=impar.json,par=impar.json,alert,2026-03-12 21:52:15,par=impar.js,12,1,2026-04-01T08:13:07.900774
Brenda-ketleyn,/home/gilmar/Documents/algoritmos/logado-utfpr-ifam/logado-students/repos_logado/Brenda-ketleyn/exercicio_01.json,exercicio_01.json,prompt,2026-02-24 21:22:07,exercicio_01.js,1,22,2026-04-01T08:13:07.900793
Brenda-ketleyn,/home/gilmar/Documents/algoritmos/logado-utfpr-ifam/logado-students/repos_logado/Brenda-ketleyn/exercicio_01.json,exercicio_01.json,prompt,2026-02-24 21:23:30,exercicio_01.js,2,22,2026-04-01T08:13:07.900795
Brenda-ketleyn,/home/gilmar/Documents/algoritmos/logado-utfpr-ifam/logado-students/repos_logado/Brenda-ketleyn/exercicio_01.json,exercicio_01.json,alert,2026-02-24 21:26:49,exercicio_01.js,5,1,2026-04-01T08:13:07.900796
Brenda-ketleyn,/home/gilmar/Documents/algoritmos/logado-utfpr-ifam/logado-students/repos_logado/Brenda-ketleyn/exercicio_08.json,exercicio_08.json,prompt,2026-03-24 20:07:44,exercicio_08.js,1,17,2026-04-01T08:13:07.900814
Brenda-ketleyn,/home/gilmar/Documents/algoritmos/logado-utfpr-ifam/logado-students/repos_logado/Brenda-ketleyn/exercicio_08.json,exercicio_08.json,prompt,2026-03-24 20:08:59,exercicio_08.js,2,18,2026-04-01T08:13:07.900815
Brenda-ketleyn,/home/gilmar/Documents/algoritmos/logado-utfpr-ifam/logado-students/repos_logado/Brenda-ketleyn/exercicio_08.json,exercicio_08.json,alert,2026-03-24 20:11:00,exercicio_08.js,4,1,2026-04-01T08:13:07.900816
Brenda-ketleyn,/home/gilmar/Documents/algoritmos/logado-utfpr-ifam/logado-students/repos_logado/Brenda-ketleyn/exercicio_02.json,exercicio_02.json,prompt,2026-02-24 21:54:37,exercicio_02.js,1,28,2026-04-01T08:13:07.900831
Brenda-ketleyn,/home/gilmar/Documents/algoritmos/logado-utfpr-ifam/logado-students/repos_logado/Brenda-ketleyn/exercicio_02.json,exercicio_02.json,alert,2026-02-24 21:59:46,exercicio_02.js,3,1,2026-04-01T08:13:07.900833
Brenda-ketleyn,/home/gilmar/Documents/algoritmos/logado-utfpr-ifam/logado-students/repos_logado/Brenda-ketleyn/revisaovetor.json,revisaovetor.json,prompt,2026-03-26 19:36:27,revisaovetor.js,2,19,2026-04-01T08:13:07.900858
Brenda-ketleyn,/home/gilmar/Documents/algoritmos/logado-utfpr-ifam/logado-students/repos_logado/Brenda-ketleyn/revisaovetor.json,revisaovetor.json,prompt,2026-03-26 19:39:23,revisaovetor.js,2,24,2026-04-01T08:13:07.900860
Brenda-ketleyn,/home/gilmar/Documents/algoritmos/logado-utfpr-ifam/logado-students/repos_logado/Brenda-ketleyn/revisaovetor.json,revisaovetor.json,for,2026-03-26 19:40:21,revisaovetor.js,4,1,2026-04-01T08:13:07.900863
Brenda-ketleyn,/home/gilmar/Documents/algoritmos/logado-utfpr-ifam/logado-students/repos_logado/Brenda-ketleyn/revisaovetor.json,revisaovetor.json,alert,2026-03-26 19:42:34,revisaovetor.js,5,5,2026-04-01T08:13:07.900864
Brenda-ketleyn,/home/gilmar/Documents/algoritmos/logado-utfpr-ifam/logado-students/repos_logado/Brenda-ketleyn/revisaovetor.json,revisaovetor.json,let,2026-03-26 19:45:19,revisaovetor.js,4,5,2026-04-01T08:13:07.900866
Brenda-ketleyn,/home/gilmar/Documents/algoritmos/logado-utfpr-ifam/logado-students/repos_logado/Brenda-ketleyn/revisaovetor.json,revisaovetor.json,prompt,2026-03-26 19:45:19,revisaovetor.js,4,23,2026-04-01T08:13:07.900868
Brenda-ketleyn,/home/gilmar/Documents/algoritmos/logado-utfpr-ifam/logado-students/repos_logado/Brenda-ketleyn/revisaovetor.json,revisaovetor.json,alert,2026-03-26 19:46:27,revisaovetor.js,5,5,2026-04-01T08:13:07.900869
Brenda-ketleyn,/home/gilmar/Documents/algoritmos/logado-utfpr-ifam/logado-students/repos_logado/Brenda-ketleyn/revisaovetor.json,revisaovetor.json,null,2026-03-26 19:47:25,revisaovetor.js,5,5,2026-04-01T08:13:07.900871
Brenda-ketleyn,/home/gilmar/Documents/algoritmos/logado-utfpr-ifam/logado-students/repos_logado/Brenda-ketleyn/revisaovetor.json,revisaovetor.json,alert,2026-03-26 19:47:46,revisaovetor.js,8,1,2026-04-01T08:13:07.900872
Brenda-ketleyn,/home/gilmar/Documents/algoritmos/logado-utfpr-ifam/logado-students/repos_logado/Brenda-ketleyn/revisaovetor.json,revisaovetor.json,alert,2026-03-26 19:50:27,revisaovetor.js,7,1,2026-04-01T08:13:07.900874
Brenda-ketleyn,/home/gilmar/Documents/algoritmos/logado-utfpr-ifam/logado-students/repos_logado/Brenda-ketleyn/revisaovetor.json,revisaovetor.json,for,2026-03-26 19:56:00,revisaovetor.js,7,1,2026-04-01T08:13:07.900875
Brenda-ketleyn,/home/gilmar/Documents/algoritmos/logado-utfpr-ifam/logado-students/repos_logado/Brenda-ketleyn/revisaovetor.json,revisaovetor.json,null,2026-03-26 19:58:16,revisaovetor.js,4,4,2026-04-01T08:13:07.900876
Brenda-ketleyn,/home/gilmar/Documents/algoritmos/logado-utfpr-ifam/logado-students/repos_logado/Brenda-ketleyn/revisaovetor.json,revisaovetor.json,null,2026-03-26 19:58:26,revisaovetor.js,8,22,2026-04-01T08:13:07.900878
Brenda-ketleyn,/home/gilmar/Documents/algoritmos/logado-utfpr-ifam/logado-students/repos_logado/Brenda-ketleyn/vetor_tabuada.json,vetor_tabuada.json,var,2026-03-13 19:44:44,vetor_tabuada.js,2,1,2026-04-01T08:13:07.900899
Brenda-ketleyn,/home/gilmar/Documents/algoritmos/logado-utfpr-ifam/logado-students/repos_logado/Brenda-ketleyn/vetor_tabuada.json,vetor_tabuada.json,prompt,2026-03-13 19:44:44,vetor_tabuada.js,2,23,2026-04-01T08:13:07.900901
Brenda-ketleyn,/home/gilmar/Documents/algoritmos/logado-utfpr-ifam/logado-students/repos_logado/Brenda-ketleyn/vetor_tabuada.json,vetor_tabuada.json,let,2026-03-13 19:44:44,vetor_tabuada.js,3,5,2026-04-01T08:13:07.900903
Brenda-ketleyn,/home/gilmar/Documents/algoritmos/logado-utfpr-ifam/logado-students/repos_logado/Brenda-ketleyn/vetor_tabuada.json,vetor_tabuada.json,while,2026-03-13 19:44:44,vetor_tabuada.js,4,5,2026-04-01T08:13:07.900906
Brenda-ketleyn,/home/gilmar/Documents/algoritmos/logado-utfpr-ifam/logado-students/repos_logado/Brenda-ketleyn/vetor_tabuada.json,vetor_tabuada.json,for,2026-03-13 19:46:16,vetor_tabuada.js,3,1,2026-04-01T08:13:07.900908
Brenda-ketleyn,/home/gilmar/Documents/algoritmos/logado-utfpr-ifam/logado-students/repos_logado/Brenda-ketleyn/vetor_tabuada.json,vetor_tabuada.json,var,2026-03-13 19:53:11,vetor_tabuada.js,5,2,2026-04-01T08:13:07.900910
Brenda-ketleyn,/home/gilmar/Documents/algoritmos/logado-utfpr-ifam/logado-students/repos_logado/Brenda-ketleyn/vetor_tabuada.json,vetor_tabuada.json,prompt,2026-03-13 19:53:11,vetor_tabuada.js,5,24,2026-04-01T08:13:07.900911
Brenda-ketleyn,/home/gilmar/Documents/algoritmos/logado-utfpr-ifam/logado-students/repos_logado/Brenda-ketleyn/vetor_tabuada.json,vetor_tabuada.json,let,2026-03-13 19:53:11,vetor_tabuada.js,6,5,2026-04-01T08:13:07.900913
Brenda-ketleyn,/home/gilmar/Documents/algoritmos/logado-utfpr-ifam/logado-students/repos_logado/Brenda-ketleyn/vetor_tabuada.json,vetor_tabuada.json,while,2026-03-13 19:53:11,vetor_tabuada.js,7,5,2026-04-01T08:13:07.900914
Brenda-ketleyn,/home/gilmar/Documents/algoritmos/logado-utfpr-ifam/logado-students/repos_logado/Brenda-ketleyn/vetor_tabuada.json,vetor_tabuada.json,const,2026-03-13 19:56:43,vetor_tabuada.js,1,1,2026-04-01T08:13:07.900916
Brenda-ketleyn,/home/gilmar/Documents/algoritmos/logado-utfpr-ifam/logado-students/repos_logado/Brenda-ketleyn/vetor_tabuada.json,vetor_tabuada.json,for,2026-03-13 19:58:11,vetor_tabuada.js,7,2,2026-04-01T08:13:07.900917
Brenda-ketleyn,/home/gilmar/Documents/algoritmos/logado-utfpr-ifam/logado-students/repos_logado/Brenda-ketleyn/exercicio_09.json,exercicio_09.json,prompt,2026-03-24 20:19:21,exercicio_09.js,1,13,2026-04-01T08:13:07.900946
Brenda-ketleyn,/home/gilmar/Documents/algoritmos/logado-utfpr-ifam/logado-students/repos_logado/Brenda-ketleyn/exercicio_09.json,exercicio_09.json,prompt,2026-03-24 20:21:14,exercicio_09.js,1,22,2026-04-01T08:13:07.900948
Brenda-ketleyn,/home/gilmar/Documents/algoritmos/logado-utfpr-ifam/logado-students/repos_logado/Brenda-ketleyn/exercicio_09.json,exercicio_09.json,prompt,2026-03-24 20:21:32,exercicio_09.js,2,19,2026-04-01T08:13:07.900950
Brenda-ketleyn,/home/gilmar/Documents/algoritmos/logado-utfpr-ifam/logado-students/repos_logado/Brenda-ketleyn/exercicio_09.json,exercicio_09.json,if,2026-03-24 20:23:40,exercicio_09.js,3,1,2026-04-01T08:13:07.900953
Brenda-ketleyn,/home/gilmar/Documents/algoritmos/logado-utfpr-ifam/logado-students/repos_logado/Brenda-ketleyn/exercicio_09.json,exercicio_09.json,alert,2026-03-24 20:24:28,exercicio_09.js,4,5,2026-04-01T08:13:07.900955
Brenda-ketleyn,/home/gilmar/Documents/algoritmos/logado-utfpr-ifam/logado-students/repos_logado/Brenda-ketleyn/exercicio_09.json,exercicio_09.json,alert,2026-03-24 20:24:53,exercicio_09.js,6,5,2026-04-01T08:13:07.900956
Brenda-ketleyn,/home/gilmar/Documents/algoritmos/logado-utfpr-ifam/logado-students/repos_logado/Brenda-ketleyn/copa.json,copa.json,for,2026-02-26 21:27:49,copa.js,2,1,2026-04-01T08:13:07.900976
Brenda-ketleyn,/home/gilmar/Documents/algoritmos/logado-utfpr-ifam/logado-students/repos_logado/Brenda-ketleyn/copa.json,copa.json,do,2026-02-26 21:37:32,copa.js,6,1,2026-04-01T08:13:07.900977
Brenda-ketleyn,/home/gilmar/Documents/algoritmos/logado-utfpr-ifam/logado-students/repos_logado/Brenda-ketleyn/copa.json,copa.json,alert,2026-02-26 21:42:02,copa.js,7,1,2026-04-01T08:13:07.900979
Brenda-ketleyn,/home/gilmar/Documents/algoritmos/logado-utfpr-ifam/logado-students/repos_logado/Brenda-ketleyn/copa.json,copa.json,if,2026-02-26 21:44:07,copa.js,3,4,2026-04-01T08:13:07.900980
Brenda-ketleyn,/home/gilmar/Documents/algoritmos/logado-utfpr-ifam/logado-students/repos_logado/Brenda-ketleyn/for.json,for.json,alert,2026-02-20 21:22:27,for.js,2,5,2026-04-01T08:13:07.901004
Brenda-ketleyn,/home/gilmar/Documents/algoritmos/logado-utfpr-ifam/logado-students/repos_logado/Brenda-ketleyn/for.json,for.json,for,2026-02-20 21:24:56,for.js,4,1,2026-04-01T08:13:07.901006
Brenda-ketleyn,/home/gilmar/Documents/algoritmos/logado-utfpr-ifam/logado-students/repos_logado/Brenda-ketleyn/for.json,for.json,for,2026-02-20 21:30:50,for.js,9,1,2026-04-01T08:13:07.901007
Brenda-ketleyn,/home/gilmar/Documents/algoritmos/logado-utfpr-ifam/logado-students/repos_logado/Brenda-ketleyn/for.json,for.json,alert,2026-02-20 21:31:55,for.js,10,5,2026-04-01T08:13:07.901009
Brenda-ketleyn,/home/gilmar/Documents/algoritmos/logado-utfpr-ifam/logado-students/repos_logado/Brenda-ketleyn/exercicio_03.json,exercicio_03.json,prompt,2026-02-24 22:15:09,exercicio_03.js,1,22,2026-04-01T08:13:07.901032
Brenda-ketleyn,/home/gilmar/Documents/algoritmos/logado-utfpr-ifam/logado-students/repos_logado/Brenda-ketleyn/exercicio_03.json,exercicio_03.json,if,2026-02-24 22:15:57,exercicio_03.js,2,1,2026-04-01T08:13:07.901034
Brenda-ketleyn,/home/gilmar/Documents/algoritmos/logado-utfpr-ifam/logado-students/repos_logado/Brenda-ketleyn/exercicio_03.json,exercicio_03.json,alert,2026-02-24 22:16:30,exercicio_03.js,3,5,2026-04-01T08:13:07.901035
Brenda-ketleyn,/home/gilmar/Documents/algoritmos/logado-utfpr-ifam/logado-students/repos_logado/Brenda-ketleyn/exercicio_03.json,exercicio_03.json,else,2026-02-24 22:16:50,exercicio_03.js,4,1,2026-04-01T08:13:07.901037
Brenda-ketleyn,/home/gilmar/Documents/algoritmos/logado-utfpr-ifam/logado-students/repos_logado/Brenda-ketleyn/exercicio_03.json,exercicio_03.json,alert,2026-02-24 22:17:09,exercicio_03.js,5,5,2026-04-01T08:13:07.901038
Brenda-ketleyn,/home/gilmar/Documents/algoritmos/logado-utfpr-ifam/logado-students/repos_logado/Brenda-ketleyn/maiorde3.json,maiorde3.json,while,2026-03-19 21:48:00,maiorde3.js,2,1,2026-04-01T08:13:07.901057
Brenda-ketleyn,/home/gilmar/Documents/algoritmos/logado-utfpr-ifam/logado-students/repos_logado/Brenda-ketleyn/maiorde3.json,maiorde3.json,if,2026-03-19 21:51:54,maiorde3.js,2,1,2026-04-01T08:13:07.901059
Brenda-ketleyn,/home/gilmar/Documents/algoritmos/logado-utfpr-ifam/logado-students/repos_logado/Brenda-ketleyn/maiorde3.json,maiorde3.json,alert,2026-03-19 21:53:39,maiorde3.js,3,5,2026-04-01T08:13:07.901060
Brenda-ketleyn,/home/gilmar/Documents/algoritmos/logado-utfpr-ifam/logado-students/repos_logado/Brenda-ketleyn/maiorde3.json,maiorde3.json,else,2026-03-19 21:55:15,maiorde3.js,5,4,2026-04-01T08:13:07.901062
Brenda-ketleyn,/home/gilmar/Documents/algoritmos/logado-utfpr-ifam/logado-students/repos_logado/Brenda-ketleyn/maiorde3.json,maiorde3.json,alert,2026-03-19 22:00:16,maiorde3.js,6,5,2026-04-01T08:13:07.901063
Brenda-ketleyn,/home/gilmar/Documents/algoritmos/logado-utfpr-ifam/logado-students/repos_logado/Brenda-ketleyn/maiorde3.json,maiorde3.json,alert,2026-03-19 22:00:32,maiorde3.js,9,5,2026-04-01T08:13:07.901065
Brenda-ketleyn,/home/gilmar/Documents/algoritmos/logado-utfpr-ifam/logado-students/repos_logado/Brenda-ketleyn/maiorde3.json,maiorde3.json,else,2026-03-19 22:00:55,maiorde3.js,11,1,2026-04-01T08:13:07.901066
Brenda-ketleyn,/home/gilmar/Documents/algoritmos/logado-utfpr-ifam/logado-students/repos_logado/Brenda-ketleyn/maiorde3.json,maiorde3.json,alert,2026-03-19 22:01:06,maiorde3.js,12,5,2026-04-01T08:13:07.901068
Brenda-ketleyn,/home/gilmar/Documents/algoritmos/logado-utfpr-ifam/logado-students/repos_logado/Brenda-ketleyn/espalhamento-minimo.json,espalhamento-minimo.json,alert,2026-03-20 19:45:07,espalhamento-minimo.js,2,1,2026-04-01T08:13:07.901085
Brenda-ketleyn,/home/gilmar/Documents/algoritmos/logado-utfpr-ifam/logado-students/repos_logado/Brenda-ketleyn/espalhamento-minimo.json,espalhamento-minimo.json,min,2026-03-20 19:46:52,espalhamento-minimo.js,2,12,2026-04-01T08:13:07.901089
Brenda-ketleyn,/home/gilmar/Documents/algoritmos/logado-utfpr-ifam/logado-students/repos_logado/Brenda-ketleyn/decremento.json,decremento.json,prompt,2026-03-06 21:55:01,decremento.js,1,22,2026-04-01T08:13:07.901111
Brenda-ketleyn,/home/gilmar/Documents/algoritmos/logado-utfpr-ifam/logado-students/repos_logado/Brenda-ketleyn/decremento.json,decremento.json,let,2026-03-06 21:56:52,decremento.js,1,1,2026-04-01T08:13:07.901113
Brenda-ketleyn,/home/gilmar/Documents/algoritmos/logado-utfpr-ifam/logado-students/repos_logado/Brenda-ketleyn/decremento.json,decremento.json,prompt,2026-03-06 21:56:52,decremento.js,1,22,2026-04-01T08:13:07.901116
Brenda-ketleyn,/home/gilmar/Documents/algoritmos/logado-utfpr-ifam/logado-students/repos_logado/Brenda-ketleyn/decremento.json,decremento.json,do,2026-03-06 21:56:52,decremento.js,2,1,2026-04-01T08:13:07.901117
Brenda-ketleyn,/home/gilmar/Documents/algoritmos/logado-utfpr-ifam/logado-students/repos_logado/Brenda-ketleyn/decremento.json,decremento.json,while,2026-03-06 21:57:15,decremento.js,4,2,2026-04-01T08:13:07.901119
Brenda-ketleyn,/home/gilmar/Documents/algoritmos/logado-utfpr-ifam/logado-students/repos_logado/Brenda-ketleyn/decremento.json,decremento.json,prompt,2026-03-06 21:58:15,decremento.js,1,20,2026-04-01T08:13:07.901120
Brenda-ketleyn,/home/gilmar/Documents/algoritmos/logado-utfpr-ifam/logado-students/repos_logado/Brenda-ketleyn/decremento.json,decremento.json,while,2026-03-06 22:00:09,decremento.js,2,1,2026-04-01T08:13:07.901122
Brenda-ketleyn,/home/gilmar/Documents/algoritmos/logado-utfpr-ifam/logado-students/repos_logado/Brenda-ketleyn/decremento.json,decremento.json,alert,2026-03-06 22:00:34,decremento.js,3,5,2026-04-01T08:13:07.901123
Brenda-ketleyn,/home/gilmar/Documents/algoritmos/logado-utfpr-ifam/logado-students/repos_logado/Brenda-ketleyn/espalhamento.json,espalhamento.json,alert,2026-03-19 22:28:27,espalhamento.js,2,1,2026-04-01T08:13:07.901139
Brenda-ketleyn,/home/gilmar/Documents/algoritmos/logado-utfpr-ifam/logado-students/repos_logado/Brenda-ketleyn/espalhamento.json,espalhamento.json,max,2026-03-19 22:28:43,espalhamento.js,2,12,2026-04-01T08:13:07.901145
Brenda-ketleyn,/home/gilmar/Documents/algoritmos/logado-utfpr-ifam/logado-students/repos_logado/Brenda-ketleyn/funcaovetor.json,funcaovetor.json,function,2026-03-25 22:16:45,funcaovetor.js,1,1,2026-04-01T08:13:07.901172
Brenda-ketleyn,/home/gilmar/Documents/algoritmos/logado-utfpr-ifam/logado-students/repos_logado/Brenda-ketleyn/funcaovetor.json,funcaovetor.json,function,2026-03-25 22:19:56,funcaovetor.js,4,1,2026-04-01T08:13:07.901174
Brenda-ketleyn,/home/gilmar/Documents/algoritmos/logado-utfpr-ifam/logado-students/repos_logado/Brenda-ketleyn/funcaovetor.json,funcaovetor.json,prompt,2026-03-25 22:21:10,funcaovetor.js,7,21,2026-04-01T08:13:07.901175
Brenda-ketleyn,/home/gilmar/Documents/algoritmos/logado-utfpr-ifam/logado-students/repos_logado/Brenda-ketleyn/funcaovetor.json,funcaovetor.json,for,2026-03-25 22:23:11,funcaovetor.js,8,1,2026-04-01T08:13:07.901177
Brenda-ketleyn,/home/gilmar/Documents/algoritmos/logado-utfpr-ifam/logado-students/repos_logado/Brenda-ketleyn/funcaovetor.json,funcaovetor.json,alert,2026-03-25 22:24:13,funcaovetor.js,9,5,2026-04-01T08:13:07.901178
Brenda-ketleyn,/home/gilmar/Documents/algoritmos/logado-utfpr-ifam/logado-students/repos_logado/Brenda-ketleyn/funcaovetor.json,funcaovetor.json,return,2026-03-25 22:28:19,funcaovetor.js,2,5,2026-04-01T08:13:07.901184
Brenda-ketleyn,/home/gilmar/Documents/algoritmos/logado-utfpr-ifam/logado-students/repos_logado/Brenda-ketleyn/funcaovetor.json,funcaovetor.json,return,2026-03-25 22:29:51,funcaovetor.js,5,5,2026-04-01T08:13:07.901185
Brenda-ketleyn,/home/gilmar/Documents/algoritmos/logado-utfpr-ifam/logado-students/repos_logado/Brenda-ketleyn/funcaovetor.json,funcaovetor.json,let,2026-03-26 20:12:13,funcaovetor.js,9,5,2026-04-01T08:13:07.901187
Brenda-ketleyn,/home/gilmar/Documents/algoritmos/logado-utfpr-ifam/logado-students/repos_logado/Brenda-ketleyn/funcaovetor.json,funcaovetor.json,prompt,2026-03-26 20:12:13,funcaovetor.js,9,23,2026-04-01T08:13:07.901190
Brenda-ketleyn,/home/gilmar/Documents/algoritmos/logado-utfpr-ifam/logado-students/repos_logado/Brenda-ketleyn/funcaovetor.json,funcaovetor.json,prompt,2026-03-26 20:13:03,funcaovetor.js,8,19,2026-04-01T08:13:07.901191
Brenda-ketleyn,/home/gilmar/Documents/algoritmos/logado-utfpr-ifam/logado-students/repos_logado/Brenda-ketleyn/funcaovetor.json,funcaovetor.json,let,2026-03-26 20:21:29,funcaovetor.js,1,1,2026-04-01T08:13:07.901193
Brenda-ketleyn,/home/gilmar/Documents/algoritmos/logado-utfpr-ifam/logado-students/repos_logado/Brenda-ketleyn/funcaovetor.json,funcaovetor.json,function,2026-03-26 20:22:26,funcaovetor.js,14,1,2026-04-01T08:13:07.901197
Brenda-ketleyn,/home/gilmar/Documents/algoritmos/logado-utfpr-ifam/logado-students/repos_logado/Brenda-ketleyn/funcaovetor.json,funcaovetor.json,return,2026-03-26 20:22:26,funcaovetor.js,15,5,2026-04-01T08:13:07.901199
Brenda-ketleyn,/home/gilmar/Documents/algoritmos/logado-utfpr-ifam/logado-students/repos_logado/Brenda-ketleyn/funcaovetor.json,funcaovetor.json,function,2026-03-26 20:23:42,funcaovetor.js,5,1,2026-04-01T08:13:07.901200
Brenda-ketleyn,/home/gilmar/Documents/algoritmos/logado-utfpr-ifam/logado-students/repos_logado/Brenda-ketleyn/funcaovetor.json,funcaovetor.json,return,2026-03-26 20:23:42,funcaovetor.js,6,5,2026-04-01T08:13:07.901202
Brenda-ketleyn,/home/gilmar/Documents/algoritmos/logado-utfpr-ifam/logado-students/repos_logado/Brenda-ketleyn/funcaovetor.json,funcaovetor.json,for,2026-03-26 20:27:02,funcaovetor.js,12,1,2026-04-01T08:13:07.901203
Brenda-ketleyn,/home/gilmar/Documents/algoritmos/logado-utfpr-ifam/logado-students/repos_logado/Brenda-ketleyn/funcaovetor.json,funcaovetor.json,let,2026-03-26 20:27:02,funcaovetor.js,12,5,2026-04-01T08:13:07.901205
Brenda-ketleyn,/home/gilmar/Documents/algoritmos/logado-utfpr-ifam/logado-students/repos_logado/Brenda-ketleyn/funcaovetor.json,funcaovetor.json,for,2026-03-26 20:46:25,funcaovetor.js,3,2,2026-04-01T08:13:07.901207
Brenda-ketleyn,/home/gilmar/Documents/algoritmos/logado-utfpr-ifam/logado-students/repos_logado/Brenda-ketleyn/funcaovetor.json,funcaovetor.json,let,2026-03-26 20:46:25,funcaovetor.js,3,6,2026-04-01T08:13:07.901208
Brenda-ketleyn,/home/gilmar/Documents/algoritmos/logado-utfpr-ifam/logado-students/repos_logado/Brenda-ketleyn/funcaovetor.json,funcaovetor.json,prompt,2026-03-26 20:46:25,funcaovetor.js,4,22,2026-04-01T08:13:07.901210
Brenda-ketleyn,/home/gilmar/Documents/algoritmos/logado-utfpr-ifam/logado-students/repos_logado/Brenda-ketleyn/funcaovetor.json,funcaovetor.json,let,2026-03-26 20:47:27,funcaovetor.js,1,8,2026-04-01T08:13:07.901211
Brenda-ketleyn,/home/gilmar/Documents/algoritmos/logado-utfpr-ifam/logado-students/repos_logado/Brenda-ketleyn/funcaovetor.json,funcaovetor.json,prompt,2026-03-26 20:47:27,funcaovetor.js,1,30,2026-04-01T08:13:07.901213
Brenda-ketleyn,/home/gilmar/Documents/algoritmos/logado-utfpr-ifam/logado-students/repos_logado/Brenda-ketleyn/exercicio_10.json,exercicio_10.json,prompt,2026-03-24 20:32:36,exercicio_10.js,1,27,2026-04-01T08:13:07.901233
Brenda-ketleyn,/home/gilmar/Documents/algoritmos/logado-utfpr-ifam/logado-students/repos_logado/Brenda-ketleyn/exercicio_10.json,exercicio_10.json,for,2026-03-24 20:33:11,exercicio_10.js,3,1,2026-04-01T08:13:07.901235
Brenda-ketleyn,/home/gilmar/Documents/algoritmos/logado-utfpr-ifam/logado-students/repos_logado/Brenda-ketleyn/exercicio_10.json,exercicio_10.json,prompt,2026-03-24 20:36:12,exercicio_10.js,4,28,2026-04-01T08:13:07.901237
Brenda-ketleyn,/home/gilmar/Documents/algoritmos/logado-utfpr-ifam/logado-students/repos_logado/Brenda-ketleyn/exercicio_10.json,exercicio_10.json,alert,2026-03-24 20:38:05,exercicio_10.js,7,1,2026-04-01T08:13:07.901238
Brenda-ketleyn,/home/gilmar/Documents/algoritmos/logado-utfpr-ifam/logado-students/repos_logado/Brenda-ketleyn/pa.json,pa.json,let,2026-03-06 22:20:33,pa.js,1,1,2026-04-01T08:13:07.901254
Brenda-ketleyn,/home/gilmar/Documents/algoritmos/logado-utfpr-ifam/logado-students/repos_logado/Brenda-ketleyn/pa.json,pa.json,while,2026-03-06 22:20:33,pa.js,2,1,2026-04-01T08:13:07.901256
Brenda-ketleyn,/home/gilmar/Documents/algoritmos/logado-utfpr-ifam/logado-students/repos_logado/Brenda-ketleyn/pa.json,pa.json,alert,2026-03-06 22:20:33,pa.js,3,5,2026-04-01T08:13:07.901257
Brenda-ketleyn,/home/gilmar/Documents/algoritmos/logado-utfpr-ifam/logado-students/repos_logado/Brenda-ketleyn/pa.json,pa.json,alert,2026-03-06 22:27:10,pa.js,8,1,2026-04-01T08:13:07.901259
Brenda-ketleyn,/home/gilmar/Documents/algoritmos/logado-utfpr-ifam/logado-students/repos_logado/Brenda-ketleyn/exercicio_06.json,exercicio_06.json,prompt,2026-03-10 20:13:40,exercicio_06.js,2,25,2026-04-01T08:13:07.901279
Brenda-ketleyn,/home/gilmar/Documents/algoritmos/logado-utfpr-ifam/logado-students/repos_logado/Brenda-ketleyn/exercicio_06.json,exercicio_06.json,if,2026-03-10 20:15:09,exercicio_06.js,4,1,2026-04-01T08:13:07.901281
Brenda-ketleyn,/home/gilmar/Documents/algoritmos/logado-utfpr-ifam/logado-students/repos_logado/Brenda-ketleyn/exercicio_06.json,exercicio_06.json,alert,2026-03-10 20:15:41,exercicio_06.js,5,5,2026-04-01T08:13:07.901282
Brenda-ketleyn,/home/gilmar/Documents/algoritmos/logado-utfpr-ifam/logado-students/repos_logado/Brenda-ketleyn/exercicio_06.json,exercicio_06.json,alert,2026-03-10 20:16:36,exercicio_06.js,7,5,2026-04-01T08:13:07.901284
Brenda-ketleyn,/home/gilmar/Documents/algoritmos/logado-utfpr-ifam/logado-students/repos_logado/Brenda-ketleyn/time.json,time.json,prompt,2026-03-05 21:53:19,time.js,1,12,2026-04-01T08:13:07.901301
Brenda-ketleyn,/home/gilmar/Documents/algoritmos/logado-utfpr-ifam/logado-students/repos_logado/Brenda-ketleyn/time.json,time.json,while,2026-03-05 21:54:30,time.js,4,2,2026-04-01T08:13:07.901303
Brenda-ketleyn,/home/gilmar/Documents/algoritmos/logado-utfpr-ifam/logado-students/repos_logado/Brenda-ketleyn/time.json,time.json,alert,2026-03-05 22:05:48,time.js,6,1,2026-04-01T08:13:07.901305
Brenda-ketleyn,/home/gilmar/Documents/algoritmos/logado-utfpr-ifam/logado-students/repos_logado/Brenda-ketleyn/time.json,time.json,alert,2026-03-05 22:12:26,time.js,4,6,2026-04-01T08:13:07.901306
Brenda-ketleyn,/home/gilmar/Documents/algoritmos/logado-utfpr-ifam/logado-students/repos_logado/Brenda-ketleyn/exercicio_04.json,exercicio_04.json,prompt,2026-03-10 20:00:29,exercicio_04.js,2,17,2026-04-01T08:13:07.901324
Brenda-ketleyn,/home/gilmar/Documents/algoritmos/logado-utfpr-ifam/logado-students/repos_logado/Brenda-ketleyn/exercicio_04.json,exercicio_04.json,while,2026-03-10 20:01:08,exercicio_04.js,3,2,2026-04-01T08:13:07.901326
Brenda-ketleyn,/home/gilmar/Documents/algoritmos/logado-utfpr-ifam/logado-students/repos_logado/Brenda-ketleyn/exercicio_04.json,exercicio_04.json,prompt,2026-03-10 20:04:19,exercicio_04.js,4,15,2026-04-01T08:13:07.901329
Brenda-ketleyn,/home/gilmar/Documents/algoritmos/logado-utfpr-ifam/logado-students/repos_logado/Brenda-ketleyn/exercicio_04.json,exercicio_04.json,if,2026-03-10 20:05:09,exercicio_04.js,5,5,2026-04-01T08:13:07.901330
Brenda-ketleyn,/home/gilmar/Documents/algoritmos/logado-utfpr-ifam/logado-students/repos_logado/Brenda-ketleyn/exercicio_04.json,exercicio_04.json,break,2026-03-10 20:06:01,exercicio_04.js,6,9,2026-04-01T08:13:07.901331
Brenda-ketleyn,/home/gilmar/Documents/algoritmos/logado-utfpr-ifam/logado-students/repos_logado/Brenda-ketleyn/exercicio_04.json,exercicio_04.json,push,2026-03-10 20:06:19,exercicio_04.js,7,17,2026-04-01T08:13:07.901333
Brenda-ketleyn,/home/gilmar/Documents/algoritmos/logado-utfpr-ifam/logado-students/repos_logado/Brenda-ketleyn/exercicio_04.json,exercicio_04.json,alert,2026-03-10 20:07:59,exercicio_04.js,10,5,2026-04-01T08:13:07.901335
Brenda-ketleyn,/home/gilmar/Documents/algoritmos/logado-utfpr-ifam/logado-students/repos_logado/Brenda-ketleyn/exercicio_07.json,exercicio_07.json,prompt,2026-03-10 20:20:26,exercicio_07.js,1,22,2026-04-01T08:13:07.901351
Brenda-ketleyn,/home/gilmar/Documents/algoritmos/logado-utfpr-ifam/logado-students/repos_logado/Brenda-ketleyn/exercicio_07.json,exercicio_07.json,while,2026-03-10 20:22:38,exercicio_07.js,4,1,2026-04-01T08:13:07.901353
Brenda-ketleyn,/home/gilmar/Documents/algoritmos/logado-utfpr-ifam/logado-students/repos_logado/Brenda-ketleyn/exercicio_07.json,exercicio_07.json,alert,2026-03-10 20:23:17,exercicio_07.js,5,5,2026-04-01T08:13:07.901355
Brenda-ketleyn,/home/gilmar/Documents/algoritmos/logado-utfpr-ifam/logado-students/repos_logado/Brenda-ketleyn/exercicio_07.json,exercicio_07.json,alert,2026-03-10 21:35:54,exercicio_07.js,7,1,2026-04-01T08:13:07.901356
Brenda-ketleyn,/home/gilmar/Documents/algoritmos/logado-utfpr-ifam/logado-students/repos_logado/Brenda-ketleyn/merge.json,merge.json,let,2026-03-25 20:17:01,merge.js,1,1,2026-04-01T08:13:07.901470
Brenda-ketleyn,/home/gilmar/Documents/algoritmos/logado-utfpr-ifam/logado-students/repos_logado/Brenda-ketleyn/merge.json,merge.json,prompt,2026-03-25 20:17:01,merge.js,1,27,2026-04-01T08:13:07.901473
Brenda-ketleyn,/home/gilmar/Documents/algoritmos/logado-utfpr-ifam/logado-students/repos_logado/Brenda-ketleyn/merge.json,merge.json,let,2026-03-25 20:17:01,merge.js,1,1,2026-04-01T08:13:07.901474
Brenda-ketleyn,/home/gilmar/Documents/algoritmos/logado-utfpr-ifam/logado-students/repos_logado/Brenda-ketleyn/merge.json,merge.json,for,2026-03-25 20:17:01,merge.js,5,1,2026-04-01T08:13:07.901476
Brenda-ketleyn,/home/gilmar/Documents/algoritmos/logado-utfpr-ifam/logado-students/repos_logado/Brenda-ketleyn/merge.json,merge.json,let,2026-03-25 20:17:01,merge.js,1,1,2026-04-01T08:13:07.901477
Brenda-ketleyn,/home/gilmar/Documents/algoritmos/logado-utfpr-ifam/logado-students/repos_logado/Brenda-ketleyn/merge.json,merge.json,prompt,2026-03-25 20:17:01,merge.js,1,27,2026-04-01T08:13:07.901479
Brenda-ketleyn,/home/gilmar/Documents/algoritmos/logado-utfpr-ifam/logado-students/repos_logado/Brenda-ketleyn/merge.json,merge.json,function,2026-03-25 20:17:01,merge.js,9,1,2026-04-01T08:13:07.901480
Brenda-ketleyn,/home/gilmar/Documents/algoritmos/logado-utfpr-ifam/logado-students/repos_logado/Brenda-ketleyn/merge.json,merge.json,if,2026-03-25 20:17:01,merge.js,11,5,2026-04-01T08:13:07.901482
Brenda-ketleyn,/home/gilmar/Documents/algoritmos/logado-utfpr-ifam/logado-students/repos_logado/Brenda-ketleyn/merge.json,merge.json,length,2026-03-25 20:17:01,merge.js,11,15,2026-04-01T08:13:07.901483
Brenda-ketleyn,/home/gilmar/Documents/algoritmos/logado-utfpr-ifam/logado-students/repos_logado/Brenda-ketleyn/merge.json,merge.json,return,2026-03-25 20:17:01,merge.js,12,9,2026-04-01T08:13:07.901484
Brenda-ketleyn,/home/gilmar/Documents/algoritmos/logado-utfpr-ifam/logado-students/repos_logado/Brenda-ketleyn/merge.json,merge.json,let,2026-03-25 20:17:01,merge.js,1,1,2026-04-01T08:13:07.901486
Brenda-ketleyn,/home/gilmar/Documents/algoritmos/logado-utfpr-ifam/logado-students/repos_logado/Brenda-ketleyn/merge.json,merge.json,floor,2026-03-25 20:17:01,merge.js,15,21,2026-04-01T08:13:07.901487
Brenda-ketleyn,/home/gilmar/Documents/algoritmos/logado-utfpr-ifam/logado-students/repos_logado/Brenda-ketleyn/merge.json,merge.json,length,2026-03-25 20:17:01,merge.js,11,15,2026-04-01T08:13:07.901489
Brenda-ketleyn,/home/gilmar/Documents/algoritmos/logado-utfpr-ifam/logado-students/repos_logado/Brenda-ketleyn/merge.json,merge.json,let,2026-03-25 20:17:01,merge.js,1,1,2026-04-01T08:13:07.901490
Brenda-ketleyn,/home/gilmar/Documents/algoritmos/logado-utfpr-ifam/logado-students/repos_logado/Brenda-ketleyn/merge.json,merge.json,slice,2026-03-25 20:17:01,merge.js,17,26,2026-04-01T08:13:07.901492
Brenda-ketleyn,/home/gilmar/Documents/algoritmos/logado-utfpr-ifam/logado-students/repos_logado/Brenda-ketleyn/merge.json,merge.json,let,2026-03-25 20:17:01,merge.js,1,1,2026-04-01T08:13:07.901493
Brenda-ketleyn,/home/gilmar/Documents/algoritmos/logado-utfpr-ifam/logado-students/repos_logado/Brenda-ketleyn/merge.json,merge.json,slice,2026-03-25 20:17:01,merge.js,17,26,2026-04-01T08:13:07.901495
Brenda-ketleyn,/home/gilmar/Documents/algoritmos/logado-utfpr-ifam/logado-students/repos_logado/Brenda-ketleyn/merge.json,merge.json,return,2026-03-25 20:17:01,merge.js,12,9,2026-04-01T08:13:07.901496
Brenda-ketleyn,/home/gilmar/Documents/algoritmos/logado-utfpr-ifam/logado-students/repos_logado/Brenda-ketleyn/merge.json,merge.json,function,2026-03-25 20:17:01,merge.js,9,1,2026-04-01T08:13:07.901497
Brenda-ketleyn,/home/gilmar/Documents/algoritmos/logado-utfpr-ifam/logado-students/repos_logado/Brenda-ketleyn/merge.json,merge.json,let,2026-03-25 20:17:01,merge.js,1,1,2026-04-01T08:13:07.901500
Brenda-ketleyn,/home/gilmar/Documents/algoritmos/logado-utfpr-ifam/logado-students/repos_logado/Brenda-ketleyn/merge.json,merge.json,let,2026-03-25 20:17:01,merge.js,1,1,2026-04-01T08:13:07.901501
Brenda-ketleyn,/home/gilmar/Documents/algoritmos/logado-utfpr-ifam/logado-students/repos_logado/Brenda-ketleyn/merge.json,merge.json,let,2026-03-25 20:17:01,merge.js,1,1,2026-04-01T08:13:07.901504
Brenda-ketleyn,/home/gilmar/Documents/algoritmos/logado-utfpr-ifam/logado-students/repos_logado/Brenda-ketleyn/merge.json,merge.json,while,2026-03-25 20:17:01,merge.js,29,5,2026-04-01T08:13:07.901506
Brenda-ketleyn,/home/gilmar/Documents/algoritmos/logado-utfpr-ifam/logado-students/repos_logado/Brenda-ketleyn/merge.json,merge.json,length,2026-03-25 20:17:01,merge.js,11,15,2026-04-01T08:13:07.901507
Brenda-ketleyn,/home/gilmar/Documents/algoritmos/logado-utfpr-ifam/logado-students/repos_logado/Brenda-ketleyn/merge.json,merge.json,length,2026-03-25 20:17:01,merge.js,11,15,2026-04-01T08:13:07.901508
Brenda-ketleyn,/home/gilmar/Documents/algoritmos/logado-utfpr-ifam/logado-students/repos_logado/Brenda-ketleyn/merge.json,merge.json,if,2026-03-25 20:17:01,merge.js,11,5,2026-04-01T08:13:07.901510
Brenda-ketleyn,/home/gilmar/Documents/algoritmos/logado-utfpr-ifam/logado-students/repos_logado/Brenda-ketleyn/merge.json,merge.json,push,2026-03-25 20:17:01,merge.js,32,23,2026-04-01T08:13:07.901511
Brenda-ketleyn,/home/gilmar/Documents/algoritmos/logado-utfpr-ifam/logado-students/repos_logado/Brenda-ketleyn/merge.json,merge.json,else,2026-03-25 20:17:01,merge.js,34,11,2026-04-01T08:13:07.901512
Brenda-ketleyn,/home/gilmar/Documents/algoritmos/logado-utfpr-ifam/logado-students/repos_logado/Brenda-ketleyn/merge.json,merge.json,push,2026-03-25 20:17:01,merge.js,32,23,2026-04-01T08:13:07.901514
Brenda-ketleyn,/home/gilmar/Documents/algoritmos/logado-utfpr-ifam/logado-students/repos_logado/Brenda-ketleyn/merge.json,merge.json,while,2026-03-25 20:17:01,merge.js,29,5,2026-04-01T08:13:07.901515
Brenda-ketleyn,/home/gilmar/Documents/algoritmos/logado-utfpr-ifam/logado-students/repos_logado/Brenda-ketleyn/merge.json,merge.json,length,2026-03-25 20:17:01,merge.js,11,15,2026-04-01T08:13:07.901516
Brenda-ketleyn,/home/gilmar/Documents/algoritmos/logado-utfpr-ifam/logado-students/repos_logado/Brenda-ketleyn/merge.json,merge.json,push,2026-03-25 20:17:01,merge.js,32,23,2026-04-01T08:13:07.901518
Brenda-ketleyn,/home/gilmar/Documents/algoritmos/logado-utfpr-ifam/logado-students/repos_logado/Brenda-ketleyn/merge.json,merge.json,while,2026-03-25 20:17:01,merge.js,29,5,2026-04-01T08:13:07.901519
Brenda-ketleyn,/home/gilmar/Documents/algoritmos/logado-utfpr-ifam/logado-students/repos_logado/Brenda-ketleyn/merge.json,merge.json,length,2026-03-25 20:17:01,merge.js,11,15,2026-04-01T08:13:07.901520
Brenda-ketleyn,/home/gilmar/Documents/algoritmos/logado-utfpr-ifam/logado-students/repos_logado/Brenda-ketleyn/merge.json,merge.json,push,2026-03-25 20:17:01,merge.js,32,23,2026-04-01T08:13:07.901523
Brenda-ketleyn,/home/gilmar/Documents/algoritmos/logado-utfpr-ifam/logado-students/repos_logado/Brenda-ketleyn/merge.json,merge.json,return,2026-03-25 20:17:01,merge.js,12,9,2026-04-01T08:13:07.901525
Brenda-ketleyn,/home/gilmar/Documents/algoritmos/logado-utfpr-ifam/logado-students/repos_logado/Brenda-ketleyn/merge.json,merge.json,let,2026-03-25 20:17:01,merge.js,1,1,2026-04-01T08:13:07.901526
Brenda-ketleyn,/home/gilmar/Documents/algoritmos/logado-utfpr-ifam/logado-students/repos_logado/Brenda-ketleyn/merge.json,merge.json,console,2026-03-25 20:17:01,merge.js,56,1,2026-04-01T08:13:07.901528
Brenda-ketleyn,/home/gilmar/Documents/algoritmos/logado-utfpr-ifam/logado-students/repos_logado/Brenda-ketleyn/merge.json,merge.json,log,2026-03-25 20:17:01,merge.js,56,9,2026-04-01T08:13:07.901530
Brenda-ketleyn,/home/gilmar/Documents/algoritmos/logado-utfpr-ifam/logado-students/repos_logado/Brenda-ketleyn/merge.json,merge.json,var,2026-03-25 20:22:09,merge.js,1,1,2026-04-01T08:13:07.901531
Brenda-ketleyn,/home/gilmar/Documents/algoritmos/logado-utfpr-ifam/logado-students/repos_logado/Brenda-ketleyn/merge.json,merge.json,prompt,2026-03-25 20:22:09,merge.js,1,27,2026-04-01T08:13:07.901536
Brenda-ketleyn,/home/gilmar/Documents/algoritmos/logado-utfpr-ifam/logado-students/repos_logado/Brenda-ketleyn/merge.json,merge.json,var,2026-03-25 20:22:09,merge.js,1,1,2026-04-01T08:13:07.901537
Brenda-ketleyn,/home/gilmar/Documents/algoritmos/logado-utfpr-ifam/logado-students/repos_logado/Brenda-ketleyn/merge.json,merge.json,for,2026-03-25 20:22:09,merge.js,5,1,2026-04-01T08:13:07.901538
Brenda-ketleyn,/home/gilmar/Documents/algoritmos/logado-utfpr-ifam/logado-students/repos_logado/Brenda-ketleyn/merge.json,merge.json,var,2026-03-25 20:22:09,merge.js,1,1,2026-04-01T08:13:07.901540
Brenda-ketleyn,/home/gilmar/Documents/algoritmos/logado-utfpr-ifam/logado-students/repos_logado/Brenda-ketleyn/merge.json,merge.json,var,2026-03-25 20:22:09,merge.js,1,1,2026-04-01T08:13:07.901541
Brenda-ketleyn,/home/gilmar/Documents/algoritmos/logado-utfpr-ifam/logado-students/repos_logado/Brenda-ketleyn/merge.json,merge.json,prompt,2026-03-25 20:22:09,merge.js,1,27,2026-04-01T08:13:07.901543
Brenda-ketleyn,/home/gilmar/Documents/algoritmos/logado-utfpr-ifam/logado-students/repos_logado/Brenda-ketleyn/merge.json,merge.json,push,2026-03-25 20:22:09,merge.js,7,13,2026-04-01T08:13:07.901544
Brenda-ketleyn,/home/gilmar/Documents/algoritmos/logado-utfpr-ifam/logado-students/repos_logado/Brenda-ketleyn/merge.json,merge.json,function,2026-03-25 20:22:09,merge.js,10,1,2026-04-01T08:13:07.901546
Brenda-ketleyn,/home/gilmar/Documents/algoritmos/logado-utfpr-ifam/logado-students/repos_logado/Brenda-ketleyn/merge.json,merge.json,if,2026-03-25 20:22:09,merge.js,12,5,2026-04-01T08:13:07.901547
Brenda-ketleyn,/home/gilmar/Documents/algoritmos/logado-utfpr-ifam/logado-students/repos_logado/Brenda-ketleyn/merge.json,merge.json,length,2026-03-25 20:22:09,merge.js,12,15,2026-04-01T08:13:07.901548
Brenda-ketleyn,/home/gilmar/Documents/algoritmos/logado-utfpr-ifam/logado-students/repos_logado/Brenda-ketleyn/merge.json,merge.json,return,2026-03-25 20:22:09,merge.js,13,9,2026-04-01T08:13:07.901550
Brenda-ketleyn,/home/gilmar/Documents/algoritmos/logado-utfpr-ifam/logado-students/repos_logado/Brenda-ketleyn/merge.json,merge.json,var,2026-03-25 20:22:09,merge.js,1,1,2026-04-01T08:13:07.901552
Brenda-ketleyn,/home/gilmar/Documents/algoritmos/logado-utfpr-ifam/logado-students/repos_logado/Brenda-ketleyn/merge.json,merge.json,floor,2026-03-25 20:22:09,merge.js,16,21,2026-04-01T08:13:07.901554
Brenda-ketleyn,/home/gilmar/Documents/algoritmos/logado-utfpr-ifam/logado-students/repos_logado/Brenda-ketleyn/merge.json,merge.json,length,2026-03-25 20:22:09,merge.js,12,15,2026-04-01T08:13:07.901555
Brenda-ketleyn,/home/gilmar/Documents/algoritmos/logado-utfpr-ifam/logado-students/repos_logado/Brenda-ketleyn/merge.json,merge.json,var,2026-03-25 20:22:09,merge.js,1,1,2026-04-01T08:13:07.901556
Brenda-ketleyn,/home/gilmar/Documents/algoritmos/logado-utfpr-ifam/logado-students/repos_logado/Brenda-ketleyn/merge.json,merge.json,slice,2026-03-25 20:22:09,merge.js,18,24,2026-04-01T08:13:07.901558
Brenda-ketleyn,/home/gilmar/Documents/algoritmos/logado-utfpr-ifam/logado-students/repos_logado/Brenda-ketleyn/merge.json,merge.json,var,2026-03-25 20:22:09,merge.js,1,1,2026-04-01T08:13:07.901559
Brenda-ketleyn,/home/gilmar/Documents/algoritmos/logado-utfpr-ifam/logado-students/repos_logado/Brenda-ketleyn/merge.json,merge.json,slice,2026-03-25 20:22:09,merge.js,18,24,2026-04-01T08:13:07.901560
Brenda-ketleyn,/home/gilmar/Documents/algoritmos/logado-utfpr-ifam/logado-students/repos_logado/Brenda-ketleyn/merge.json,merge.json,var,2026-03-25 20:22:09,merge.js,1,1,2026-04-01T08:13:07.901562
Brenda-ketleyn,/home/gilmar/Documents/algoritmos/logado-utfpr-ifam/logado-students/repos_logado/Brenda-ketleyn/merge.json,merge.json,var,2026-03-25 20:22:09,merge.js,1,1,2026-04-01T08:13:07.901563
Brenda-ketleyn,/home/gilmar/Documents/algoritmos/logado-utfpr-ifam/logado-students/repos_logado/Brenda-ketleyn/merge.json,merge.json,return,2026-03-25 20:22:09,merge.js,13,9,2026-04-01T08:13:07.901566
Brenda-ketleyn,/home/gilmar/Documents/algoritmos/logado-utfpr-ifam/logado-students/repos_logado/Brenda-ketleyn/merge.json,merge.json,function,2026-03-25 20:22:09,merge.js,10,1,2026-04-01T08:13:07.901567
Brenda-ketleyn,/home/gilmar/Documents/algoritmos/logado-utfpr-ifam/logado-students/repos_logado/Brenda-ketleyn/merge.json,merge.json,var,2026-03-25 20:22:09,merge.js,1,1,2026-04-01T08:13:07.901569
Brenda-ketleyn,/home/gilmar/Documents/algoritmos/logado-utfpr-ifam/logado-students/repos_logado/Brenda-ketleyn/merge.json,merge.json,var,2026-03-25 20:22:09,merge.js,1,1,2026-04-01T08:13:07.901570
Brenda-ketleyn,/home/gilmar/Documents/algoritmos/logado-utfpr-ifam/logado-students/repos_logado/Brenda-ketleyn/merge.json,merge.json,var,2026-03-25 20:22:09,merge.js,1,1,2026-04-01T08:13:07.901572
Brenda-ketleyn,/home/gilmar/Documents/algoritmos/logado-utfpr-ifam/logado-students/repos_logado/Brenda-ketleyn/merge.json,merge.json,while,2026-03-25 20:22:09,merge.js,33,5,2026-04-01T08:13:07.901573
Brenda-ketleyn,/home/gilmar/Documents/algoritmos/logado-utfpr-ifam/logado-students/repos_logado/Brenda-ketleyn/merge.json,merge.json,length,2026-03-25 20:22:09,merge.js,12,15,2026-04-01T08:13:07.901574
Brenda-ketleyn,/home/gilmar/Documents/algoritmos/logado-utfpr-ifam/logado-students/repos_logado/Brenda-ketleyn/merge.json,merge.json,length,2026-03-25 20:22:09,merge.js,12,15,2026-04-01T08:13:07.901576
Brenda-ketleyn,/home/gilmar/Documents/algoritmos/logado-utfpr-ifam/logado-students/repos_logado/Brenda-ketleyn/merge.json,merge.json,if,2026-03-25 20:22:09,merge.js,12,5,2026-04-01T08:13:07.901577
Brenda-ketleyn,/home/gilmar/Documents/algoritmos/logado-utfpr-ifam/logado-students/repos_logado/Brenda-ketleyn/merge.json,merge.json,push,2026-03-25 20:22:09,merge.js,7,13,2026-04-01T08:13:07.901579
Brenda-ketleyn,/home/gilmar/Documents/algoritmos/logado-utfpr-ifam/logado-students/repos_logado/Brenda-ketleyn/merge.json,merge.json,else,2026-03-25 20:22:09,merge.js,38,11,2026-04-01T08:13:07.901582
Brenda-ketleyn,/home/gilmar/Documents/algoritmos/logado-utfpr-ifam/logado-students/repos_logado/Brenda-ketleyn/merge.json,merge.json,push,2026-03-25 20:22:09,merge.js,7,13,2026-04-01T08:13:07.901584
Brenda-ketleyn,/home/gilmar/Documents/algoritmos/logado-utfpr-ifam/logado-students/repos_logado/Brenda-ketleyn/merge.json,merge.json,while,2026-03-25 20:22:09,merge.js,33,5,2026-04-01T08:13:07.901586
Brenda-ketleyn,/home/gilmar/Documents/algoritmos/logado-utfpr-ifam/logado-students/repos_logado/Brenda-ketleyn/merge.json,merge.json,length,2026-03-25 20:22:09,merge.js,12,15,2026-04-01T08:13:07.901587
Brenda-ketleyn,/home/gilmar/Documents/algoritmos/logado-utfpr-ifam/logado-students/repos_logado/Brenda-ketleyn/merge.json,merge.json,push,2026-03-25 20:22:09,merge.js,7,13,2026-04-01T08:13:07.901588
Brenda-ketleyn,/home/gilmar/Documents/algoritmos/logado-utfpr-ifam/logado-students/repos_logado/Brenda-ketleyn/merge.json,merge.json,while,2026-03-25 20:22:09,merge.js,33,5,2026-04-01T08:13:07.901590
Brenda-ketleyn,/home/gilmar/Documents/algoritmos/logado-utfpr-ifam/logado-students/repos_logado/Brenda-ketleyn/merge.json,merge.json,length,2026-03-25 20:22:09,merge.js,12,15,2026-04-01T08:13:07.901591
Brenda-ketleyn,/home/gilmar/Documents/algoritmos/logado-utfpr-ifam/logado-students/repos_logado/Brenda-ketleyn/merge.json,merge.json,push,2026-03-25 20:22:09,merge.js,7,13,2026-04-01T08:13:07.901593
Brenda-ketleyn,/home/gilmar/Documents/algoritmos/logado-utfpr-ifam/logado-students/repos_logado/Brenda-ketleyn/merge.json,merge.json,return,2026-03-25 20:22:09,merge.js,13,9,2026-04-01T08:13:07.901594
Brenda-ketleyn,/home/gilmar/Documents/algoritmos/logado-utfpr-ifam/logado-students/repos_logado/Brenda-ketleyn/merge.json,merge.json,var,2026-03-25 20:22:09,merge.js,1,1,2026-04-01T08:13:07.901597
Brenda-ketleyn,/home/gilmar/Documents/algoritmos/logado-utfpr-ifam/logado-students/repos_logado/Brenda-ketleyn/merge.json,merge.json,console,2026-03-25 20:22:09,merge.js,60,1,2026-04-01T08:13:07.901598
Brenda-ketleyn,/home/gilmar/Documents/algoritmos/logado-utfpr-ifam/logado-students/repos_logado/Brenda-ketleyn/merge.json,merge.json,log,2026-03-25 20:22:09,merge.js,60,9,2026-04-01T08:13:07.901600
Brenda-ketleyn,/home/gilmar/Documents/algoritmos/logado-utfpr-ifam/logado-students/repos_logado/Brenda-ketleyn/merge.json,merge.json,console,2026-03-25 20:22:09,merge.js,60,1,2026-04-01T08:13:07.901601
Brenda-ketleyn,/home/gilmar/Documents/algoritmos/logado-utfpr-ifam/logado-students/repos_logado/Brenda-ketleyn/merge.json,merge.json,log,2026-03-25 20:22:09,merge.js,60,9,2026-04-01T08:13:07.901602
Brenda-ketleyn,/home/gilmar/Documents/algoritmos/logado-utfpr-ifam/logado-students/repos_logado/Brenda-ketleyn/merge.json,merge.json,let,2026-03-25 20:30:34,merge.js,39,1,2026-04-01T08:13:07.901604
Brenda-ketleyn,/home/gilmar/Documents/algoritmos/logado-utfpr-ifam/logado-students/repos_logado/Brenda-ketleyn/merge.json,merge.json,var,2026-03-25 20:36:19,merge.js,1,1,2026-04-01T08:13:07.901605
Brenda-ketleyn,/home/gilmar/Documents/algoritmos/logado-utfpr-ifam/logado-students/repos_logado/Brenda-ketleyn/merge.json,merge.json,prompt,2026-03-25 20:36:19,merge.js,1,18,2026-04-01T08:13:07.901607
Brenda-ketleyn,/home/gilmar/Documents/algoritmos/logado-utfpr-ifam/logado-students/repos_logado/Brenda-ketleyn/merge.json,merge.json,var,2026-03-25 20:36:19,merge.js,1,1,2026-04-01T08:13:07.901608
Brenda-ketleyn,/home/gilmar/Documents/algoritmos/logado-utfpr-ifam/logado-students/repos_logado/Brenda-ketleyn/merge.json,merge.json,for,2026-03-25 20:36:19,merge.js,4,1,2026-04-01T08:13:07.901609
Brenda-ketleyn,/home/gilmar/Documents/algoritmos/logado-utfpr-ifam/logado-students/repos_logado/Brenda-ketleyn/merge.json,merge.json,var,2026-03-25 20:36:19,merge.js,1,1,2026-04-01T08:13:07.901611
Brenda-ketleyn,/home/gilmar/Documents/algoritmos/logado-utfpr-ifam/logado-students/repos_logado/Brenda-ketleyn/merge.json,merge.json,push,2026-03-25 20:36:19,merge.js,5,13,2026-04-01T08:13:07.901612
Brenda-ketleyn,/home/gilmar/Documents/algoritmos/logado-utfpr-ifam/logado-students/repos_logado/Brenda-ketleyn/merge.json,merge.json,prompt,2026-03-25 20:36:19,merge.js,1,18,2026-04-01T08:13:07.901613
Brenda-ketleyn,/home/gilmar/Documents/algoritmos/logado-utfpr-ifam/logado-students/repos_logado/Brenda-ketleyn/merge.json,merge.json,function,2026-03-25 20:36:19,merge.js,8,1,2026-04-01T08:13:07.901615
Brenda-ketleyn,/home/gilmar/Documents/algoritmos/logado-utfpr-ifam/logado-students/repos_logado/Brenda-ketleyn/merge.json,merge.json,if,2026-03-25 20:36:19,merge.js,10,5,2026-04-01T08:13:07.901616
Brenda-ketleyn,/home/gilmar/Documents/algoritmos/logado-utfpr-ifam/logado-students/repos_logado/Brenda-ketleyn/merge.json,merge.json,length,2026-03-25 20:36:19,merge.js,10,15,2026-04-01T08:13:07.901617
Brenda-ketleyn,/home/gilmar/Documents/algoritmos/logado-utfpr-ifam/logado-students/repos_logado/Brenda-ketleyn/merge.json,merge.json,return,2026-03-25 20:36:19,merge.js,10,28,2026-04-01T08:13:07.901619
Brenda-ketleyn,/home/gilmar/Documents/algoritmos/logado-utfpr-ifam/logado-students/repos_logado/Brenda-ketleyn/merge.json,merge.json,var,2026-03-25 20:36:19,merge.js,1,1,2026-04-01T08:13:07.901620
Brenda-ketleyn,/home/gilmar/Documents/algoritmos/logado-utfpr-ifam/logado-students/repos_logado/Brenda-ketleyn/merge.json,merge.json,floor,2026-03-25 20:36:19,merge.js,12,21,2026-04-01T08:13:07.901623
Brenda-ketleyn,/home/gilmar/Documents/algoritmos/logado-utfpr-ifam/logado-students/repos_logado/Brenda-ketleyn/merge.json,merge.json,length,2026-03-25 20:36:19,merge.js,10,15,2026-04-01T08:13:07.901624
Brenda-ketleyn,/home/gilmar/Documents/algoritmos/logado-utfpr-ifam/logado-students/repos_logado/Brenda-ketleyn/merge.json,merge.json,var,2026-03-25 20:36:19,merge.js,1,1,2026-04-01T08:13:07.901627
Brenda-ketleyn,/home/gilmar/Documents/algoritmos/logado-utfpr-ifam/logado-students/repos_logado/Brenda-ketleyn/merge.json,merge.json,slice,2026-03-25 20:36:19,merge.js,14,31,2026-04-01T08:13:07.901628
Brenda-ketleyn,/home/gilmar/Documents/algoritmos/logado-utfpr-ifam/logado-students/repos_logado/Brenda-ketleyn/merge.json,merge.json,var,2026-03-25 20:36:19,merge.js,1,1,2026-04-01T08:13:07.901630
Brenda-ketleyn,/home/gilmar/Documents/algoritmos/logado-utfpr-ifam/logado-students/repos_logado/Brenda-ketleyn/merge.json,merge.json,slice,2026-03-25 20:36:19,merge.js,14,31,2026-04-01T08:13:07.901631
Brenda-ketleyn,/home/gilmar/Documents/algoritmos/logado-utfpr-ifam/logado-students/repos_logado/Brenda-ketleyn/merge.json,merge.json,return,2026-03-25 20:36:19,merge.js,10,28,2026-04-01T08:13:07.901633
Brenda-ketleyn,/home/gilmar/Documents/algoritmos/logado-utfpr-ifam/logado-students/repos_logado/Brenda-ketleyn/merge.json,merge.json,function,2026-03-25 20:36:19,merge.js,8,1,2026-04-01T08:13:07.901634
Brenda-ketleyn,/home/gilmar/Documents/algoritmos/logado-utfpr-ifam/logado-students/repos_logado/Brenda-ketleyn/merge.json,merge.json,var,2026-03-25 20:36:19,merge.js,1,1,2026-04-01T08:13:07.901635
Brenda-ketleyn,/home/gilmar/Documents/algoritmos/logado-utfpr-ifam/logado-students/repos_logado/Brenda-ketleyn/merge.json,merge.json,while,2026-03-25 20:36:19,merge.js,24,5,2026-04-01T08:13:07.901637
Brenda-ketleyn,/home/gilmar/Documents/algoritmos/logado-utfpr-ifam/logado-students/repos_logado/Brenda-ketleyn/merge.json,merge.json,length,2026-03-25 20:36:19,merge.js,10,15,2026-04-01T08:13:07.901638
Brenda-ketleyn,/home/gilmar/Documents/algoritmos/logado-utfpr-ifam/logado-students/repos_logado/Brenda-ketleyn/merge.json,merge.json,length,2026-03-25 20:36:19,merge.js,10,15,2026-04-01T08:13:07.901640
Brenda-ketleyn,/home/gilmar/Documents/algoritmos/logado-utfpr-ifam/logado-students/repos_logado/Brenda-ketleyn/merge.json,merge.json,if,2026-03-25 20:36:19,merge.js,10,5,2026-04-01T08:13:07.901641
Brenda-ketleyn,/home/gilmar/Documents/algoritmos/logado-utfpr-ifam/logado-students/repos_logado/Brenda-ketleyn/merge.json,merge.json,push,2026-03-25 20:36:19,merge.js,5,13,2026-04-01T08:13:07.901642
Brenda-ketleyn,/home/gilmar/Documents/algoritmos/logado-utfpr-ifam/logado-students/repos_logado/Brenda-ketleyn/merge.json,merge.json,shift,2026-03-25 20:36:19,merge.js,26,32,2026-04-01T08:13:07.901644
Brenda-ketleyn,/home/gilmar/Documents/algoritmos/logado-utfpr-ifam/logado-students/repos_logado/Brenda-ketleyn/merge.json,merge.json,else,2026-03-25 20:36:19,merge.js,27,11,2026-04-01T08:13:07.901645
Brenda-ketleyn,/home/gilmar/Documents/algoritmos/logado-utfpr-ifam/logado-students/repos_logado/Brenda-ketleyn/merge.json,merge.json,push,2026-03-25 20:36:19,merge.js,5,13,2026-04-01T08:13:07.901647
Brenda-ketleyn,/home/gilmar/Documents/algoritmos/logado-utfpr-ifam/logado-students/repos_logado/Brenda-ketleyn/merge.json,merge.json,shift,2026-03-25 20:36:19,merge.js,26,32,2026-04-01T08:13:07.901648
Brenda-ketleyn,/home/gilmar/Documents/algoritmos/logado-utfpr-ifam/logado-students/repos_logado/Brenda-ketleyn/merge.json,merge.json,return,2026-03-25 20:36:19,merge.js,10,28,2026-04-01T08:13:07.901670
Brenda-ketleyn,/home/gilmar/Documents/algoritmos/logado-utfpr-ifam/logado-students/repos_logado/Brenda-ketleyn/merge.json,merge.json,concat,2026-03-25 20:36:19,merge.js,32,22,2026-04-01T08:13:07.901672
Brenda-ketleyn,/home/gilmar/Documents/algoritmos/logado-utfpr-ifam/logado-students/repos_logado/Brenda-ketleyn/merge.json,merge.json,var,2026-03-25 20:36:19,merge.js,1,1,2026-04-01T08:13:07.901674
Brenda-ketleyn,/home/gilmar/Documents/algoritmos/logado-utfpr-ifam/logado-students/repos_logado/Brenda-ketleyn/merge.json,merge.json,var,2026-03-25 20:38:12,merge.js,1,1,2026-04-01T08:13:07.901676
Brenda-ketleyn,/home/gilmar/Documents/algoritmos/logado-utfpr-ifam/logado-students/repos_logado/Brenda-ketleyn/merge.json,merge.json,prompt,2026-03-25 20:38:12,merge.js,1,27,2026-04-01T08:13:07.901678
Brenda-ketleyn,/home/gilmar/Documents/algoritmos/logado-utfpr-ifam/logado-students/repos_logado/Brenda-ketleyn/merge.json,merge.json,var,2026-03-25 20:38:12,merge.js,1,1,2026-04-01T08:13:07.901679
Brenda-ketleyn,/home/gilmar/Documents/algoritmos/logado-utfpr-ifam/logado-students/repos_logado/Brenda-ketleyn/merge.json,merge.json,for,2026-03-25 20:38:12,merge.js,5,1,2026-04-01T08:13:07.901682
Brenda-ketleyn,/home/gilmar/Documents/algoritmos/logado-utfpr-ifam/logado-students/repos_logado/Brenda-ketleyn/merge.json,merge.json,var,2026-03-25 20:38:12,merge.js,1,1,2026-04-01T08:13:07.901683
Brenda-ketleyn,/home/gilmar/Documents/algoritmos/logado-utfpr-ifam/logado-students/repos_logado/Brenda-ketleyn/merge.json,merge.json,var,2026-03-25 20:38:12,merge.js,1,1,2026-04-01T08:13:07.901685
Brenda-ketleyn,/home/gilmar/Documents/algoritmos/logado-utfpr-ifam/logado-students/repos_logado/Brenda-ketleyn/merge.json,merge.json,prompt,2026-03-25 20:38:12,merge.js,1,27,2026-04-01T08:13:07.901686
Brenda-ketleyn,/home/gilmar/Documents/algoritmos/logado-utfpr-ifam/logado-students/repos_logado/Brenda-ketleyn/merge.json,merge.json,push,2026-03-25 20:38:12,merge.js,7,13,2026-04-01T08:13:07.901688
Brenda-ketleyn,/home/gilmar/Documents/algoritmos/logado-utfpr-ifam/logado-students/repos_logado/Brenda-ketleyn/merge.json,merge.json,function,2026-03-25 20:38:12,merge.js,10,1,2026-04-01T08:13:07.901689
Brenda-ketleyn,/home/gilmar/Documents/algoritmos/logado-utfpr-ifam/logado-students/repos_logado/Brenda-ketleyn/merge.json,merge.json,if,2026-03-25 20:38:12,merge.js,12,5,2026-04-01T08:13:07.901690
Brenda-ketleyn,/home/gilmar/Documents/algoritmos/logado-utfpr-ifam/logado-students/repos_logado/Brenda-ketleyn/merge.json,merge.json,length,2026-03-25 20:38:12,merge.js,12,15,2026-04-01T08:13:07.901692
Brenda-ketleyn,/home/gilmar/Documents/algoritmos/logado-utfpr-ifam/logado-students/repos_logado/Brenda-ketleyn/merge.json,merge.json,return,2026-03-25 20:38:12,merge.js,13,9,2026-04-01T08:13:07.901693
Brenda-ketleyn,/home/gilmar/Documents/algoritmos/logado-utfpr-ifam/logado-students/repos_logado/Brenda-ketleyn/merge.json,merge.json,var,2026-03-25 20:38:12,merge.js,1,1,2026-04-01T08:13:07.901695
Brenda-ketleyn,/home/gilmar/Documents/algoritmos/logado-utfpr-ifam/logado-students/repos_logado/Brenda-ketleyn/merge.json,merge.json,floor,2026-03-25 20:38:12,merge.js,16,21,2026-04-01T08:13:07.901697
Brenda-ketleyn,/home/gilmar/Documents/algoritmos/logado-utfpr-ifam/logado-students/repos_logado/Brenda-ketleyn/merge.json,merge.json,length,2026-03-25 20:38:12,merge.js,12,15,2026-04-01T08:13:07.901698
Brenda-ketleyn,/home/gilmar/Documents/algoritmos/logado-utfpr-ifam/logado-students/repos_logado/Brenda-ketleyn/merge.json,merge.json,var,2026-03-25 20:38:12,merge.js,1,1,2026-04-01T08:13:07.901699
Brenda-ketleyn,/home/gilmar/Documents/algoritmos/logado-utfpr-ifam/logado-students/repos_logado/Brenda-ketleyn/merge.json,merge.json,slice,2026-03-25 20:38:12,merge.js,18,24,2026-04-01T08:13:07.901701
Brenda-ketleyn,/home/gilmar/Documents/algoritmos/logado-utfpr-ifam/logado-students/repos_logado/Brenda-ketleyn/merge.json,merge.json,var,2026-03-25 20:38:12,merge.js,1,1,2026-04-01T08:13:07.901702
Brenda-ketleyn,/home/gilmar/Documents/algoritmos/logado-utfpr-ifam/logado-students/repos_logado/Brenda-ketleyn/merge.json,merge.json,slice,2026-03-25 20:38:12,merge.js,18,24,2026-04-01T08:13:07.901703
Brenda-ketleyn,/home/gilmar/Documents/algoritmos/logado-utfpr-ifam/logado-students/repos_logado/Brenda-ketleyn/merge.json,merge.json,var,2026-03-25 20:38:12,merge.js,1,1,2026-04-01T08:13:07.901705
Brenda-ketleyn,/home/gilmar/Documents/algoritmos/logado-utfpr-ifam/logado-students/repos_logado/Brenda-ketleyn/merge.json,merge.json,var,2026-03-25 20:38:12,merge.js,1,1,2026-04-01T08:13:07.901707
Brenda-ketleyn,/home/gilmar/Documents/algoritmos/logado-utfpr-ifam/logado-students/repos_logado/Brenda-ketleyn/merge.json,merge.json,return,2026-03-25 20:38:12,merge.js,13,9,2026-04-01T08:13:07.901709
Brenda-ketleyn,/home/gilmar/Documents/algoritmos/logado-utfpr-ifam/logado-students/repos_logado/Brenda-ketleyn/merge.json,merge.json,function,2026-03-25 20:38:12,merge.js,10,1,2026-04-01T08:13:07.901710
Brenda-ketleyn,/home/gilmar/Documents/algoritmos/logado-utfpr-ifam/logado-students/repos_logado/Brenda-ketleyn/merge.json,merge.json,var,2026-03-25 20:38:12,merge.js,1,1,2026-04-01T08:13:07.901711
Brenda-ketleyn,/home/gilmar/Documents/algoritmos/logado-utfpr-ifam/logado-students/repos_logado/Brenda-ketleyn/merge.json,merge.json,var,2026-03-25 20:38:12,merge.js,1,1,2026-04-01T08:13:07.901713
Brenda-ketleyn,/home/gilmar/Documents/algoritmos/logado-utfpr-ifam/logado-students/repos_logado/Brenda-ketleyn/merge.json,merge.json,var,2026-03-25 20:38:12,merge.js,1,1,2026-04-01T08:13:07.901714
Brenda-ketleyn,/home/gilmar/Documents/algoritmos/logado-utfpr-ifam/logado-students/repos_logado/Brenda-ketleyn/merge.json,merge.json,while,2026-03-25 20:38:12,merge.js,33,5,2026-04-01T08:13:07.901715
Brenda-ketleyn,/home/gilmar/Documents/algoritmos/logado-utfpr-ifam/logado-students/repos_logado/Brenda-ketleyn/merge.json,merge.json,length,2026-03-25 20:38:12,merge.js,12,15,2026-04-01T08:13:07.901717
Brenda-ketleyn,/home/gilmar/Documents/algoritmos/logado-utfpr-ifam/logado-students/repos_logado/Brenda-ketleyn/merge.json,merge.json,length,2026-03-25 20:38:12,merge.js,12,15,2026-04-01T08:13:07.901718
Brenda-ketleyn,/home/gilmar/Documents/algoritmos/logado-utfpr-ifam/logado-students/repos_logado/Brenda-ketleyn/merge.json,merge.json,if,2026-03-25 20:38:12,merge.js,12,5,2026-04-01T08:13:07.901720
Brenda-ketleyn,/home/gilmar/Documents/algoritmos/logado-utfpr-ifam/logado-students/repos_logado/Brenda-ketleyn/merge.json,merge.json,push,2026-03-25 20:38:12,merge.js,7,13,2026-04-01T08:13:07.901721
Brenda-ketleyn,/home/gilmar/Documents/algoritmos/logado-utfpr-ifam/logado-students/repos_logado/Brenda-ketleyn/merge.json,merge.json,else,2026-03-25 20:38:12,merge.js,38,11,2026-04-01T08:13:07.901722
Brenda-ketleyn,/home/gilmar/Documents/algoritmos/logado-utfpr-ifam/logado-students/repos_logado/Brenda-ketleyn/merge.json,merge.json,push,2026-03-25 20:38:12,merge.js,7,13,2026-04-01T08:13:07.901724
Brenda-ketleyn,/home/gilmar/Documents/algoritmos/logado-utfpr-ifam/logado-students/repos_logado/Brenda-ketleyn/merge.json,merge.json,while,2026-03-25 20:38:12,merge.js,33,5,2026-04-01T08:13:07.901725
Brenda-ketleyn,/home/gilmar/Documents/algoritmos/logado-utfpr-ifam/logado-students/repos_logado/Brenda-ketleyn/merge.json,merge.json,length,2026-03-25 20:38:12,merge.js,12,15,2026-04-01T08:13:07.901726
Brenda-ketleyn,/home/gilmar/Documents/algoritmos/logado-utfpr-ifam/logado-students/repos_logado/Brenda-ketleyn/merge.json,merge.json,push,2026-03-25 20:38:12,merge.js,7,13,2026-04-01T08:13:07.901728
Brenda-ketleyn,/home/gilmar/Documents/algoritmos/logado-utfpr-ifam/logado-students/repos_logado/Brenda-ketleyn/merge.json,merge.json,while,2026-03-25 20:38:12,merge.js,33,5,2026-04-01T08:13:07.901729
Brenda-ketleyn,/home/gilmar/Documents/algoritmos/logado-utfpr-ifam/logado-students/repos_logado/Brenda-ketleyn/merge.json,merge.json,length,2026-03-25 20:38:12,merge.js,12,15,2026-04-01T08:13:07.901730
Brenda-ketleyn,/home/gilmar/Documents/algoritmos/logado-utfpr-ifam/logado-students/repos_logado/Brenda-ketleyn/merge.json,merge.json,push,2026-03-25 20:38:12,merge.js,7,13,2026-04-01T08:13:07.901732
Brenda-ketleyn,/home/gilmar/Documents/algoritmos/logado-utfpr-ifam/logado-students/repos_logado/Brenda-ketleyn/merge.json,merge.json,return,2026-03-25 20:38:12,merge.js,13,9,2026-04-01T08:13:07.901734
Brenda-ketleyn,/home/gilmar/Documents/algoritmos/logado-utfpr-ifam/logado-students/repos_logado/Brenda-ketleyn/merge.json,merge.json,var,2026-03-25 20:38:12,merge.js,1,1,2026-04-01T08:13:07.901736
Brenda-ketleyn,/home/gilmar/Documents/algoritmos/logado-utfpr-ifam/logado-students/repos_logado/Brenda-ketleyn/merge.json,merge.json,slice,2026-03-25 20:40:44,merge.js,12,54,2026-04-01T08:13:07.901737
Brenda-ketleyn,/home/gilmar/Documents/algoritmos/logado-utfpr-ifam/logado-students/repos_logado/Brenda-ketleyn/dowhile.json,dowhile.json,var,2026-03-05 21:48:17,dowhile.js,1,1,2026-04-01T08:13:07.901767
Brenda-ketleyn,/home/gilmar/Documents/algoritmos/logado-utfpr-ifam/logado-students/repos_logado/Brenda-ketleyn/dowhile.json,dowhile.json,var,2026-03-05 21:48:17,dowhile.js,1,1,2026-04-01T08:13:07.901769
Brenda-ketleyn,/home/gilmar/Documents/algoritmos/logado-utfpr-ifam/logado-students/repos_logado/Brenda-ketleyn/dowhile.json,dowhile.json,do,2026-03-05 21:48:17,dowhile.js,1,12,2026-04-01T08:13:07.901770
Brenda-ketleyn,/home/gilmar/Documents/algoritmos/logado-utfpr-ifam/logado-students/repos_logado/Brenda-ketleyn/dowhile.json,dowhile.json,while,2026-03-05 21:48:17,dowhile.js,6,3,2026-04-01T08:13:07.901771
Brenda-ketleyn,/home/gilmar/Documents/algoritmos/logado-utfpr-ifam/logado-students/repos_logado/Brenda-ketleyn/jogos1.json,jogos1.json,while,2026-03-06 22:10:48,jogos1.js,2,1,2026-04-01T08:13:07.901786
Brenda-ketleyn,/home/gilmar/Documents/algoritmos/logado-utfpr-ifam/logado-students/repos_logado/Brenda-ketleyn/jogos1.json,jogos1.json,alert,2026-03-06 22:11:48,jogos1.js,3,5,2026-04-01T08:13:07.901788
Brenda-ketleyn,/home/gilmar/Documents/algoritmos/logado-utfpr-ifam/logado-students/repos_logado/Brenda-ketleyn/troca.json,troca.json,alert,2026-03-20 20:05:20,troca.js,2,1,2026-04-01T08:13:07.901801
Brenda-ketleyn,/home/gilmar/Documents/algoritmos/logado-utfpr-ifam/logado-students/repos_logado/Brenda-ketleyn/troca.json,troca.json,alert,2026-03-20 20:34:13,troca.js,6,1,2026-04-01T08:13:07.901803
Brenda-ketleyn,/home/gilmar/Documents/algoritmos/logado-utfpr-ifam/logado-students/repos_logado/Brenda-ketleyn/exercicio_11.json,exercicio_11.json,prompt,2026-03-24 20:43:38,exercicio_11.js,1,22,2026-04-01T08:13:07.901819
Brenda-ketleyn,/home/gilmar/Documents/algoritmos/logado-utfpr-ifam/logado-students/repos_logado/Brenda-ketleyn/exercicio_11.json,exercicio_11.json,while,2026-03-24 20:45:33,exercicio_11.js,2,1,2026-04-01T08:13:07.901821
Brenda-ketleyn,/home/gilmar/Documents/algoritmos/logado-utfpr-ifam/logado-students/repos_logado/Brenda-ketleyn/exercicio_11.json,exercicio_11.json,alert,2026-03-24 20:46:27,exercicio_11.js,3,5,2026-04-01T08:13:07.901822
Brenda-ketleyn,/home/gilmar/Documents/algoritmos/logado-utfpr-ifam/logado-students/repos_logado/Brenda-ketleyn/exercicio_11.json,exercicio_11.json,prompt,2026-03-24 20:46:55,exercicio_11.js,4,13,2026-04-01T08:13:07.901825
Brenda-ketleyn,/home/gilmar/Documents/algoritmos/logado-utfpr-ifam/logado-students/repos_logado/Brenda-ketleyn/exercicio_11.json,exercicio_11.json,alert,2026-03-24 20:47:28,exercicio_11.js,6,1,2026-04-01T08:13:07.901827
Brenda-ketleyn,/home/gilmar/Documents/algoritmos/logado-utfpr-ifam/logado-students/repos_logado/Brenda-ketleyn/vetor_jogos.json,vetor_jogos.json,for,2026-03-12 20:20:31,vetor_jogos.js,2,1,2026-04-01T08:13:07.901842
Brenda-ketleyn,/home/gilmar/Documents/algoritmos/logado-utfpr-ifam/logado-students/repos_logado/Brenda-ketleyn/vetor_jogos.json,vetor_jogos.json,for,2026-03-12 20:28:33,vetor_jogos.js,3,1,2026-04-01T08:13:07.901844
Brenda-ketleyn,/home/gilmar/Documents/algoritmos/logado-utfpr-ifam/logado-students/repos_logado/Brenda-ketleyn/vetor_jogos.json,vetor_jogos.json,for,2026-03-12 20:32:30,vetor_jogos.js,7,1,2026-04-01T08:13:07.901845
barbosalevir3-rgb,/home/gilmar/Documents/algoritmos/logado-utfpr-ifam/logado-students/repos_logado/barbosalevir3-rgb/algoritmo09.json,algoritmo09.json,while,2026-03-10 19:34:32,algoritmo09.js,3,1,2026-04-01T08:13:07.901861
barbosalevir3-rgb,/home/gilmar/Documents/algoritmos/logado-utfpr-ifam/logado-students/repos_logado/barbosalevir3-rgb/algoritmo09.json,algoritmo09.json,alert,2026-03-10 19:34:59,algoritmo09.js,7,1,2026-04-01T08:13:07.901862
barbosalevir3-rgb,/home/gilmar/Documents/algoritmos/logado-utfpr-ifam/logado-students/repos_logado/barbosalevir3-rgb/vetor-tabuada.json,vetor-tabuada.json,for,2026-03-13 19:35:00,vetor-tabuada.js,4,1,2026-04-01T08:13:07.901880
barbosalevir3-rgb,/home/gilmar/Documents/algoritmos/logado-utfpr-ifam/logado-students/repos_logado/barbosalevir3-rgb/vetor-tabuada.json,vetor-tabuada.json,for,2026-03-13 19:36:11,vetor-tabuada.js,9,1,2026-04-01T08:13:07.901882
barbosalevir3-rgb,/home/gilmar/Documents/algoritmos/logado-utfpr-ifam/logado-students/repos_logado/barbosalevir3-rgb/vetor-tabuada.json,vetor-tabuada.json,for,2026-03-13 19:43:21,vetor-tabuada.js,8,1,2026-04-01T08:13:07.901883
barbosalevir3-rgb,/home/gilmar/Documents/algoritmos/logado-utfpr-ifam/logado-students/repos_logado/barbosalevir3-rgb/vetor-tabuada.json,vetor-tabuada.json,let,2026-03-13 19:43:21,vetor-tabuada.js,8,5,2026-04-01T08:13:07.901885
barbosalevir3-rgb,/home/gilmar/Documents/algoritmos/logado-utfpr-ifam/logado-students/repos_logado/barbosalevir3-rgb/vetor-tabuada.json,vetor-tabuada.json,var,2026-03-13 19:55:04,vetor-tabuada.js,3,1,2026-04-01T08:13:07.901886
barbosalevir3-rgb,/home/gilmar/Documents/algoritmos/logado-utfpr-ifam/logado-students/repos_logado/barbosalevir3-rgb/vetor-tabuada.json,vetor-tabuada.json,for,2026-03-13 19:57:38,vetor-tabuada.js,6,1,2026-04-01T08:13:07.901887
barbosalevir3-rgb,/home/gilmar/Documents/algoritmos/logado-utfpr-ifam/logado-students/repos_logado/barbosalevir3-rgb/vetor-tabuada.json,vetor-tabuada.json,var,2026-03-13 19:59:10,vetor-tabuada.js,1,1,2026-04-01T08:13:07.901889
barbosalevir3-rgb,/home/gilmar/Documents/algoritmos/logado-utfpr-ifam/logado-students/repos_logado/barbosalevir3-rgb/vetor-tabuada.json,vetor-tabuada.json,prompt,2026-03-13 19:59:10,vetor-tabuada.js,1,18,2026-04-01T08:13:07.901890
barbosalevir3-rgb,/home/gilmar/Documents/algoritmos/logado-utfpr-ifam/logado-students/repos_logado/barbosalevir3-rgb/vetor-tabuada.json,vetor-tabuada.json,var,2026-03-13 19:59:24,vetor-tabuada.js,3,1,2026-04-01T08:13:07.901892
barbosalevir3-rgb,/home/gilmar/Documents/algoritmos/logado-utfpr-ifam/logado-students/repos_logado/barbosalevir3-rgb/vetor-tabuada.json,vetor-tabuada.json,prompt,2026-03-13 19:59:24,vetor-tabuada.js,3,18,2026-04-01T08:13:07.901893
barbosalevir3-rgb,/home/gilmar/Documents/algoritmos/logado-utfpr-ifam/logado-students/repos_logado/barbosalevir3-rgb/exercicio03.json,exercicio03.json,alert,2026-03-24 20:29:26,exercicio03.js,5,1,2026-04-01T08:13:07.901914
barbosalevir3-rgb,/home/gilmar/Documents/algoritmos/logado-utfpr-ifam/logado-students/repos_logado/barbosalevir3-rgb/exercicio03.json,exercicio03.json,for,2026-03-24 20:31:45,exercicio03.js,2,1,2026-04-01T08:13:07.901915
barbosalevir3-rgb,/home/gilmar/Documents/algoritmos/logado-utfpr-ifam/logado-students/repos_logado/barbosalevir3-rgb/exercicio03.json,exercicio03.json,alert,2026-03-24 20:33:50,exercicio03.js,6,1,2026-04-01T08:13:07.901917
barbosalevir3-rgb,/home/gilmar/Documents/algoritmos/logado-utfpr-ifam/logado-students/repos_logado/barbosalevir3-rgb/exercicio03.json,exercicio03.json,for,2026-03-24 20:35:46,exercicio03.js,5,1,2026-04-01T08:13:07.901918
barbosalevir3-rgb,/home/gilmar/Documents/algoritmos/logado-utfpr-ifam/logado-students/repos_logado/barbosalevir3-rgb/exercicio03.json,exercicio03.json,let,2026-03-24 20:35:46,exercicio03.js,6,2,2026-04-01T08:13:07.901920
barbosalevir3-rgb,/home/gilmar/Documents/algoritmos/logado-utfpr-ifam/logado-students/repos_logado/barbosalevir3-rgb/exercicio03.json,exercicio03.json,var,2026-03-24 20:36:21,exercicio03.js,3,1,2026-04-01T08:13:07.901921
barbosalevir3-rgb,/home/gilmar/Documents/algoritmos/logado-utfpr-ifam/logado-students/repos_logado/barbosalevir3-rgb/exercicio03.json,exercicio03.json,for,2026-03-24 20:36:21,exercicio03.js,4,1,2026-04-01T08:13:07.901922
barbosalevir3-rgb,/home/gilmar/Documents/algoritmos/logado-utfpr-ifam/logado-students/repos_logado/barbosalevir3-rgb/exercicio03.json,exercicio03.json,let,2026-03-24 20:36:21,exercicio03.js,4,5,2026-04-01T08:13:07.901924
barbosalevir3-rgb,/home/gilmar/Documents/algoritmos/logado-utfpr-ifam/logado-students/repos_logado/barbosalevir3-rgb/exercicio03.json,exercicio03.json,alert,2026-03-24 20:36:21,exercicio03.js,6,1,2026-04-01T08:13:07.901926
barbosalevir3-rgb,/home/gilmar/Documents/algoritmos/logado-utfpr-ifam/logado-students/repos_logado/barbosalevir3-rgb/exercicio03.json,exercicio03.json,for,2026-03-24 20:36:22,exercicio03.js,2,1,2026-04-01T08:13:07.901927
barbosalevir3-rgb,/home/gilmar/Documents/algoritmos/logado-utfpr-ifam/logado-students/repos_logado/barbosalevir3-rgb/exercicio03.json,exercicio03.json,let,2026-03-24 20:36:22,exercicio03.js,2,5,2026-04-01T08:13:07.901929
barbosalevir3-rgb,/home/gilmar/Documents/algoritmos/logado-utfpr-ifam/logado-students/repos_logado/barbosalevir3-rgb/vaquinha.json,vaquinha.json,for,2026-03-12 19:44:19,vaquinha.js,3,1,2026-04-01T08:13:07.901946
barbosalevir3-rgb,/home/gilmar/Documents/algoritmos/logado-utfpr-ifam/logado-students/repos_logado/barbosalevir3-rgb/vaquinha.json,vaquinha.json,alert,2026-03-12 19:47:00,vaquinha.js,7,2,2026-04-01T08:13:07.901948
barbosalevir3-rgb,/home/gilmar/Documents/algoritmos/logado-utfpr-ifam/logado-students/repos_logado/barbosalevir3-rgb/vaquinha.json,vaquinha.json,let,2026-03-12 19:48:23,vaquinha.js,3,1,2026-04-01T08:13:07.901949
barbosalevir3-rgb,/home/gilmar/Documents/algoritmos/logado-utfpr-ifam/logado-students/repos_logado/barbosalevir3-rgb/vaquinha.json,vaquinha.json,alert,2026-03-12 19:49:35,vaquinha.js,6,1,2026-04-01T08:13:07.901950
barbosalevir3-rgb,/home/gilmar/Documents/algoritmos/logado-utfpr-ifam/logado-students/repos_logado/barbosalevir3-rgb/vaquinha.json,vaquinha.json,const,2026-03-12 19:50:22,vaquinha.js,3,1,2026-04-01T08:13:07.901952
barbosalevir3-rgb,/home/gilmar/Documents/algoritmos/logado-utfpr-ifam/logado-students/repos_logado/barbosalevir3-rgb/vaquinha.json,vaquinha.json,let,2026-03-12 19:51:21,vaquinha.js,5,5,2026-04-01T08:13:07.901953
barbosalevir3-rgb,/home/gilmar/Documents/algoritmos/logado-utfpr-ifam/logado-students/repos_logado/barbosalevir3-rgb/vaquinha.json,vaquinha.json,const,2026-03-12 19:51:21,vaquinha.js,1,1,2026-04-01T08:13:07.901955
barbosalevir3-rgb,/home/gilmar/Documents/algoritmos/logado-utfpr-ifam/logado-students/repos_logado/barbosalevir3-rgb/vaquinha.json,vaquinha.json,alert,2026-03-12 19:51:24,vaquinha.js,6,1,2026-04-01T08:13:07.901956
barbosalevir3-rgb,/home/gilmar/Documents/algoritmos/logado-utfpr-ifam/logado-students/repos_logado/barbosalevir3-rgb/vaquinha.json,vaquinha.json,alert,2026-03-12 19:53:34,vaquinha.js,8,1,2026-04-01T08:13:07.901957
barbosalevir3-rgb,/home/gilmar/Documents/algoritmos/logado-utfpr-ifam/logado-students/repos_logado/barbosalevir3-rgb/vaquinha.json,vaquinha.json,for,2026-03-12 20:07:42,vaquinha.js,9,1,2026-04-01T08:13:07.901959
barbosalevir3-rgb,/home/gilmar/Documents/algoritmos/logado-utfpr-ifam/logado-students/repos_logado/barbosalevir3-rgb/exercicio04.json,exercicio04.json,if,2026-03-24 20:13:35,exercicio04.js,2,1,2026-04-01T08:13:07.901974
barbosalevir3-rgb,/home/gilmar/Documents/algoritmos/logado-utfpr-ifam/logado-students/repos_logado/barbosalevir3-rgb/exercicio04.json,exercicio04.json,alert,2026-03-24 20:13:48,exercicio04.js,3,5,2026-04-01T08:13:07.901975
barbosalevir3-rgb,/home/gilmar/Documents/algoritmos/logado-utfpr-ifam/logado-students/repos_logado/barbosalevir3-rgb/exercicio04.json,exercicio04.json,alert,2026-03-24 20:14:11,exercicio04.js,5,5,2026-04-01T08:13:07.901977
barbosalevir3-rgb,/home/gilmar/Documents/algoritmos/logado-utfpr-ifam/logado-students/repos_logado/barbosalevir3-rgb/algoritmo2.json,algoritmo2.json,alert,2026-02-24 21:57:49,algoritmo2.js,6,1,2026-04-01T08:13:07.901993
barbosalevir3-rgb,/home/gilmar/Documents/algoritmos/logado-utfpr-ifam/logado-students/repos_logado/barbosalevir3-rgb/algoritmo2.json,algoritmo2.json,let,2026-02-24 22:02:53,algoritmo2.js,4,1,2026-04-01T08:13:07.901995
barbosalevir3-rgb,/home/gilmar/Documents/algoritmos/logado-utfpr-ifam/logado-students/repos_logado/barbosalevir3-rgb/algoritmo2.json,algoritmo2.json,let,2026-02-24 22:02:53,algoritmo2.js,5,1,2026-04-01T08:13:07.901998
barbosalevir3-rgb,/home/gilmar/Documents/algoritmos/logado-utfpr-ifam/logado-students/repos_logado/barbosalevir3-rgb/algoritmo2.json,algoritmo2.json,let,2026-02-24 22:07:08,algoritmo2.js,4,1,2026-04-01T08:13:07.901999
barbosalevir3-rgb,/home/gilmar/Documents/algoritmos/logado-utfpr-ifam/logado-students/repos_logado/barbosalevir3-rgb/algoritmo2.json,algoritmo2.json,let,2026-02-24 22:08:53,algoritmo2.js,4,1,2026-04-01T08:13:07.902001
barbosalevir3-rgb,/home/gilmar/Documents/algoritmos/logado-utfpr-ifam/logado-students/repos_logado/barbosalevir3-rgb/algoritmo2.json,algoritmo2.json,let,2026-02-24 22:08:56,algoritmo2.js,5,1,2026-04-01T08:13:07.902003
barbosalevir3-rgb,/home/gilmar/Documents/algoritmos/logado-utfpr-ifam/logado-students/repos_logado/barbosalevir3-rgb/algoritmo2.json,algoritmo2.json,alert,2026-03-03 19:49:17,algoritmo2.js,6,1,2026-04-01T08:13:07.902005
barbosalevir3-rgb,/home/gilmar/Documents/algoritmos/logado-utfpr-ifam/logado-students/repos_logado/barbosalevir3-rgb/domigos.json,domigos.json,for,2026-02-27 19:50:31,domigos.js,3,1,2026-04-01T08:13:07.902038
barbosalevir3-rgb,/home/gilmar/Documents/algoritmos/logado-utfpr-ifam/logado-students/repos_logado/barbosalevir3-rgb/domigos.json,domigos.json,if,2026-02-27 19:53:44,domigos.js,6,5,2026-04-01T08:13:07.902039
barbosalevir3-rgb,/home/gilmar/Documents/algoritmos/logado-utfpr-ifam/logado-students/repos_logado/barbosalevir3-rgb/domigos.json,domigos.json,for,2026-02-27 19:53:59,domigos.js,6,2,2026-04-01T08:13:07.902041
barbosalevir3-rgb,/home/gilmar/Documents/algoritmos/logado-utfpr-ifam/logado-students/repos_logado/barbosalevir3-rgb/domigos.json,domigos.json,for,2026-02-27 20:00:49,domigos.js,7,1,2026-04-01T08:13:07.902042
barbosalevir3-rgb,/home/gilmar/Documents/algoritmos/logado-utfpr-ifam/logado-students/repos_logado/barbosalevir3-rgb/domigos.json,domigos.json,alert,2026-02-27 20:02:31,domigos.js,7,1,2026-04-01T08:13:07.902043
barbosalevir3-rgb,/home/gilmar/Documents/algoritmos/logado-utfpr-ifam/logado-students/repos_logado/barbosalevir3-rgb/domigos.json,domigos.json,alert,2026-02-27 20:02:49,domigos.js,12,1,2026-04-01T08:13:07.902045
barbosalevir3-rgb,/home/gilmar/Documents/algoritmos/logado-utfpr-ifam/logado-students/repos_logado/barbosalevir3-rgb/domigos.json,domigos.json,alert,2026-02-27 20:04:32,domigos.js,12,17,2026-04-01T08:13:07.902046
barbosalevir3-rgb,/home/gilmar/Documents/algoritmos/logado-utfpr-ifam/logado-students/repos_logado/barbosalevir3-rgb/domigos.json,domigos.json,for,2026-02-27 20:04:34,domigos.js,10,4,2026-04-01T08:13:07.902048
barbosalevir3-rgb,/home/gilmar/Documents/algoritmos/logado-utfpr-ifam/logado-students/repos_logado/barbosalevir3-rgb/domigos.json,domigos.json,let,2026-02-27 20:04:34,domigos.js,10,8,2026-04-01T08:13:07.902049
barbosalevir3-rgb,/home/gilmar/Documents/algoritmos/logado-utfpr-ifam/logado-students/repos_logado/barbosalevir3-rgb/domigos.json,domigos.json,for,2026-02-27 20:08:53,domigos.js,2,1,2026-04-01T08:13:07.902050
barbosalevir3-rgb,/home/gilmar/Documents/algoritmos/logado-utfpr-ifam/logado-students/repos_logado/barbosalevir3-rgb/domigos.json,domigos.json,for,2026-02-27 20:11:37,domigos.js,2,1,2026-04-01T08:13:07.902053
barbosalevir3-rgb,/home/gilmar/Documents/algoritmos/logado-utfpr-ifam/logado-students/repos_logado/barbosalevir3-rgb/domigos.json,domigos.json,alert,2026-02-27 20:13:00,domigos.js,5,1,2026-04-01T08:13:07.902054
barbosalevir3-rgb,/home/gilmar/Documents/algoritmos/logado-utfpr-ifam/logado-students/repos_logado/barbosalevir3-rgb/domigos.json,domigos.json,for,2026-02-27 20:15:37,domigos.js,6,1,2026-04-01T08:13:07.902056
barbosalevir3-rgb,/home/gilmar/Documents/algoritmos/logado-utfpr-ifam/logado-students/repos_logado/barbosalevir3-rgb/domigos.json,domigos.json,alert,2026-02-27 20:16:53,domigos.js,8,1,2026-04-01T08:13:07.902057
barbosalevir3-rgb,/home/gilmar/Documents/algoritmos/logado-utfpr-ifam/logado-students/repos_logado/barbosalevir3-rgb/domigos.json,domigos.json,alert,2026-02-27 20:19:47,domigos.js,5,1,2026-04-01T08:13:07.902058
barbosalevir3-rgb,/home/gilmar/Documents/algoritmos/logado-utfpr-ifam/logado-students/repos_logado/barbosalevir3-rgb/domigos.json,domigos.json,alert,2026-02-27 20:20:34,domigos.js,5,1,2026-04-01T08:13:07.902060
barbosalevir3-rgb,/home/gilmar/Documents/algoritmos/logado-utfpr-ifam/logado-students/repos_logado/barbosalevir3-rgb/domigos.json,domigos.json,for,2026-02-27 20:20:35,domigos.js,5,1,2026-04-01T08:13:07.902062
barbosalevir3-rgb,/home/gilmar/Documents/algoritmos/logado-utfpr-ifam/logado-students/repos_logado/barbosalevir3-rgb/domigos.json,domigos.json,let,2026-02-27 20:20:35,domigos.js,5,5,2026-04-01T08:13:07.902064
barbosalevir3-rgb,/home/gilmar/Documents/algoritmos/logado-utfpr-ifam/logado-students/repos_logado/barbosalevir3-rgb/domigos.json,domigos.json,alert,2026-02-27 20:20:35,domigos.js,8,1,2026-04-01T08:13:07.902065
barbosalevir3-rgb,/home/gilmar/Documents/algoritmos/logado-utfpr-ifam/logado-students/repos_logado/barbosalevir3-rgb/domigos.json,domigos.json,length,2026-02-27 20:22:44,domigos.js,2,1,2026-04-01T08:13:07.902067
barbosalevir3-rgb,/home/gilmar/Documents/algoritmos/logado-utfpr-ifam/logado-students/repos_logado/barbosalevir3-rgb/domigos.json,domigos.json,for,2026-02-27 20:23:46,domigos.js,4,1,2026-04-01T08:13:07.902068
barbosalevir3-rgb,/home/gilmar/Documents/algoritmos/logado-utfpr-ifam/logado-students/repos_logado/barbosalevir3-rgb/domigos.json,domigos.json,for,2026-02-27 20:26:59,domigos.js,3,1,2026-04-01T08:13:07.902069
barbosalevir3-rgb,/home/gilmar/Documents/algoritmos/logado-utfpr-ifam/logado-students/repos_logado/barbosalevir3-rgb/domigos.json,domigos.json,if,2026-02-27 20:28:20,domigos.js,5,5,2026-04-01T08:13:07.902071
barbosalevir3-rgb,/home/gilmar/Documents/algoritmos/logado-utfpr-ifam/logado-students/repos_logado/barbosalevir3-rgb/domigos.json,domigos.json,if,2026-02-27 20:31:08,domigos.js,5,5,2026-04-01T08:13:07.902072
barbosalevir3-rgb,/home/gilmar/Documents/algoritmos/logado-utfpr-ifam/logado-students/repos_logado/barbosalevir3-rgb/domigos.json,domigos.json,for,2026-02-27 20:31:09,domigos.js,3,1,2026-04-01T08:13:07.902074
barbosalevir3-rgb,/home/gilmar/Documents/algoritmos/logado-utfpr-ifam/logado-students/repos_logado/barbosalevir3-rgb/domigos.json,domigos.json,let,2026-02-27 20:31:10,domigos.js,2,1,2026-04-01T08:13:07.902075
barbosalevir3-rgb,/home/gilmar/Documents/algoritmos/logado-utfpr-ifam/logado-students/repos_logado/barbosalevir3-rgb/domigos.json,domigos.json,prompt,2026-02-27 20:31:10,domigos.js,3,23,2026-04-01T08:13:07.902077
barbosalevir3-rgb,/home/gilmar/Documents/algoritmos/logado-utfpr-ifam/logado-students/repos_logado/barbosalevir3-rgb/domigos.json,domigos.json,for,2026-02-27 20:31:10,domigos.js,4,1,2026-04-01T08:13:07.902078
barbosalevir3-rgb,/home/gilmar/Documents/algoritmos/logado-utfpr-ifam/logado-students/repos_logado/barbosalevir3-rgb/domigos.json,domigos.json,let,2026-02-27 20:31:10,domigos.js,2,1,2026-04-01T08:13:07.902079
barbosalevir3-rgb,/home/gilmar/Documents/algoritmos/logado-utfpr-ifam/logado-students/repos_logado/barbosalevir3-rgb/domigos.json,domigos.json,let,2026-02-27 20:31:12,domigos.js,3,1,2026-04-01T08:13:07.902081
barbosalevir3-rgb,/home/gilmar/Documents/algoritmos/logado-utfpr-ifam/logado-students/repos_logado/barbosalevir3-rgb/domigos.json,domigos.json,for,2026-02-27 20:31:12,domigos.js,4,1,2026-04-01T08:13:07.902082
barbosalevir3-rgb,/home/gilmar/Documents/algoritmos/logado-utfpr-ifam/logado-students/repos_logado/barbosalevir3-rgb/domigos.json,domigos.json,length,2026-02-27 20:31:14,domigos.js,2,1,2026-04-01T08:13:07.902083
barbosalevir3-rgb,/home/gilmar/Documents/algoritmos/logado-utfpr-ifam/logado-students/repos_logado/barbosalevir3-rgb/domigos.json,domigos.json,for,2026-02-27 20:48:40,domigos.js,8,1,2026-04-01T08:13:07.902085
barbosalevir3-rgb,/home/gilmar/Documents/algoritmos/logado-utfpr-ifam/logado-students/repos_logado/barbosalevir3-rgb/domigos.json,domigos.json,for,2026-02-27 22:23:10,domigos.js,12,1,2026-04-01T08:13:07.902086
barbosalevir3-rgb,/home/gilmar/Documents/algoritmos/logado-utfpr-ifam/logado-students/repos_logado/barbosalevir3-rgb/domigos.json,domigos.json,for,2026-02-27 22:23:22,domigos.js,12,1,2026-04-01T08:13:07.902088
barbosalevir3-rgb,/home/gilmar/Documents/algoritmos/logado-utfpr-ifam/logado-students/repos_logado/barbosalevir3-rgb/domigos.json,domigos.json,for,2026-02-27 22:23:30,domigos.js,12,1,2026-04-01T08:13:07.902089
barbosalevir3-rgb,/home/gilmar/Documents/algoritmos/logado-utfpr-ifam/logado-students/repos_logado/barbosalevir3-rgb/domigos.json,domigos.json,alert,2026-02-27 22:25:29,domigos.js,15,1,2026-04-01T08:13:07.902091
barbosalevir3-rgb,/home/gilmar/Documents/algoritmos/logado-utfpr-ifam/logado-students/repos_logado/barbosalevir3-rgb/funcaosoma.json,funcaosoma.json,alert,2026-03-25 21:18:47,funcaosoma.js,6,1,2026-04-01T08:13:07.902107
barbosalevir3-rgb,/home/gilmar/Documents/algoritmos/logado-utfpr-ifam/logado-students/repos_logado/barbosalevir3-rgb/vetor-par-impar.json,vetor-par-impar.json,for,2026-03-12 21:26:25,vetor-par-impar.js,3,1,2026-04-01T08:13:07.902130
barbosalevir3-rgb,/home/gilmar/Documents/algoritmos/logado-utfpr-ifam/logado-students/repos_logado/barbosalevir3-rgb/vetor-par-impar.json,vetor-par-impar.json,if,2026-03-12 21:27:53,vetor-par-impar.js,5,5,2026-04-01T08:13:07.902132
barbosalevir3-rgb,/home/gilmar/Documents/algoritmos/logado-utfpr-ifam/logado-students/repos_logado/barbosalevir3-rgb/vetor-par-impar.json,vetor-par-impar.json,if,2026-03-12 21:30:16,vetor-par-impar.js,12,1,2026-04-01T08:13:07.902134
barbosalevir3-rgb,/home/gilmar/Documents/algoritmos/logado-utfpr-ifam/logado-students/repos_logado/barbosalevir3-rgb/vetor-par-impar.json,vetor-par-impar.json,for,2026-03-12 21:42:41,vetor-par-impar.js,10,2,2026-04-01T08:13:07.902135
barbosalevir3-rgb,/home/gilmar/Documents/algoritmos/logado-utfpr-ifam/logado-students/repos_logado/barbosalevir3-rgb/vetor-par-impar.json,vetor-par-impar.json,for,2026-03-12 21:50:34,vetor-par-impar.js,10,2,2026-04-01T08:13:07.902136
barbosalevir3-rgb,/home/gilmar/Documents/algoritmos/logado-utfpr-ifam/logado-students/repos_logado/barbosalevir3-rgb/vetor-par-impar.json,vetor-par-impar.json,let,2026-03-12 21:50:34,vetor-par-impar.js,10,6,2026-04-01T08:13:07.902138
barbosalevir3-rgb,/home/gilmar/Documents/algoritmos/logado-utfpr-ifam/logado-students/repos_logado/barbosalevir3-rgb/vetor-par-impar.json,vetor-par-impar.json,if,2026-03-12 21:50:34,vetor-par-impar.js,11,1,2026-04-01T08:13:07.902139
barbosalevir3-rgb,/home/gilmar/Documents/algoritmos/logado-utfpr-ifam/logado-students/repos_logado/barbosalevir3-rgb/vetor-par-impar.json,vetor-par-impar.json,else,2026-03-12 21:50:34,vetor-par-impar.js,13,1,2026-04-01T08:13:07.902141
barbosalevir3-rgb,/home/gilmar/Documents/algoritmos/logado-utfpr-ifam/logado-students/repos_logado/barbosalevir3-rgb/vetor-par-impar.json,vetor-par-impar.json,for,2026-03-12 22:01:25,vetor-par-impar.js,14,1,2026-04-01T08:13:07.902142
barbosalevir3-rgb,/home/gilmar/Documents/algoritmos/logado-utfpr-ifam/logado-students/repos_logado/barbosalevir3-rgb/vetor-par-impar.json,vetor-par-impar.json,for,2026-03-12 22:02:30,vetor-par-impar.js,18,1,2026-04-01T08:13:07.902143
barbosalevir3-rgb,/home/gilmar/Documents/algoritmos/logado-utfpr-ifam/logado-students/repos_logado/barbosalevir3-rgb/vetor-par-impar.json,vetor-par-impar.json,if,2026-03-12 22:11:53,vetor-par-impar.js,7,1,2026-04-01T08:13:07.902145
barbosalevir3-rgb,/home/gilmar/Documents/algoritmos/logado-utfpr-ifam/logado-students/repos_logado/barbosalevir3-rgb/vetor-par-impar.json,vetor-par-impar.json,else,2026-03-12 22:13:37,vetor-par-impar.js,10,1,2026-04-01T08:13:07.902146
barbosalevir3-rgb,/home/gilmar/Documents/algoritmos/logado-utfpr-ifam/logado-students/repos_logado/barbosalevir3-rgb/vetor-par-impar.json,vetor-par-impar.json,for,2026-03-12 22:13:37,vetor-par-impar.js,16,1,2026-04-01T08:13:07.902147
barbosalevir3-rgb,/home/gilmar/Documents/algoritmos/logado-utfpr-ifam/logado-students/repos_logado/barbosalevir3-rgb/vetor-par-impar.json,vetor-par-impar.json,let,2026-03-12 22:13:37,vetor-par-impar.js,16,5,2026-04-01T08:13:07.902149
barbosalevir3-rgb,/home/gilmar/Documents/algoritmos/logado-utfpr-ifam/logado-students/repos_logado/barbosalevir3-rgb/vetor-par-impar.json,vetor-par-impar.json,for,2026-03-12 22:13:37,vetor-par-impar.js,16,1,2026-04-01T08:13:07.902150
barbosalevir3-rgb,/home/gilmar/Documents/algoritmos/logado-utfpr-ifam/logado-students/repos_logado/barbosalevir3-rgb/vetor-par-impar.json,vetor-par-impar.json,let,2026-03-12 22:13:37,vetor-par-impar.js,16,5,2026-04-01T08:13:07.902152
barbosalevir3-rgb,/home/gilmar/Documents/algoritmos/logado-utfpr-ifam/logado-students/repos_logado/barbosalevir3-rgb/amanese.json,amanese.json,prompt,2026-03-05 19:39:11,amanese.js,1,26,2026-04-01T08:13:07.902185
barbosalevir3-rgb,/home/gilmar/Documents/algoritmos/logado-utfpr-ifam/logado-students/repos_logado/barbosalevir3-rgb/amanese.json,amanese.json,for,2026-03-05 19:41:01,amanese.js,4,1,2026-04-01T08:13:07.902186
barbosalevir3-rgb,/home/gilmar/Documents/algoritmos/logado-utfpr-ifam/logado-students/repos_logado/barbosalevir3-rgb/amanese.json,amanese.json,if,2026-03-05 19:41:56,amanese.js,3,1,2026-04-01T08:13:07.902188
barbosalevir3-rgb,/home/gilmar/Documents/algoritmos/logado-utfpr-ifam/logado-students/repos_logado/barbosalevir3-rgb/amanese.json,amanese.json,alert,2026-03-05 19:43:10,amanese.js,4,5,2026-04-01T08:13:07.902189
barbosalevir3-rgb,/home/gilmar/Documents/algoritmos/logado-utfpr-ifam/logado-students/repos_logado/barbosalevir3-rgb/amanese.json,amanese.json,if,2026-03-05 19:44:17,amanese.js,5,7,2026-04-01T08:13:07.902191
barbosalevir3-rgb,/home/gilmar/Documents/algoritmos/logado-utfpr-ifam/logado-students/repos_logado/barbosalevir3-rgb/amanese.json,amanese.json,alert,2026-03-05 19:45:28,amanese.js,6,5,2026-04-01T08:13:07.902192
barbosalevir3-rgb,/home/gilmar/Documents/algoritmos/logado-utfpr-ifam/logado-students/repos_logado/barbosalevir3-rgb/amanese.json,amanese.json,if,2026-03-05 19:45:40,amanese.js,7,7,2026-04-01T08:13:07.902193
barbosalevir3-rgb,/home/gilmar/Documents/algoritmos/logado-utfpr-ifam/logado-students/repos_logado/barbosalevir3-rgb/amanese.json,amanese.json,alert,2026-03-05 19:45:51,amanese.js,8,5,2026-04-01T08:13:07.902195
barbosalevir3-rgb,/home/gilmar/Documents/algoritmos/logado-utfpr-ifam/logado-students/repos_logado/barbosalevir3-rgb/espalhamentominimo.json,espalhamentominimo.json,alert,2026-03-20 19:44:32,espalhamentominimo.js,2,1,2026-04-01T08:13:07.902212
barbosalevir3-rgb,/home/gilmar/Documents/algoritmos/logado-utfpr-ifam/logado-students/repos_logado/barbosalevir3-rgb/espalhamentominimo.json,espalhamentominimo.json,min,2026-03-20 19:44:53,espalhamentominimo.js,2,12,2026-04-01T08:13:07.902214
barbosalevir3-rgb,/home/gilmar/Documents/algoritmos/logado-utfpr-ifam/logado-students/repos_logado/barbosalevir3-rgb/espalhamentominimo.json,espalhamentominimo.json,console,2026-03-20 19:53:03,espalhamentominimo.js,2,1,2026-04-01T08:13:07.902216
barbosalevir3-rgb,/home/gilmar/Documents/algoritmos/logado-utfpr-ifam/logado-students/repos_logado/barbosalevir3-rgb/espalhamentominimo.json,espalhamentominimo.json,console,2026-03-20 19:54:51,espalhamentominimo.js,2,1,2026-04-01T08:13:07.902217
barbosalevir3-rgb,/home/gilmar/Documents/algoritmos/logado-utfpr-ifam/logado-students/repos_logado/barbosalevir3-rgb/espalhamentominimo.json,espalhamentominimo.json,alert,2026-03-20 19:54:52,espalhamentominimo.js,2,1,2026-04-01T08:13:07.902218
barbosalevir3-rgb,/home/gilmar/Documents/algoritmos/logado-utfpr-ifam/logado-students/repos_logado/barbosalevir3-rgb/maiordetresmath.json,maiordetresmath.json,alert,2026-03-19 22:14:26,maiordetresmath.js,2,1,2026-04-01T08:13:07.902233
barbosalevir3-rgb,/home/gilmar/Documents/algoritmos/logado-utfpr-ifam/logado-students/repos_logado/barbosalevir3-rgb/maiordetresmath.json,maiordetresmath.json,max,2026-03-19 22:15:09,maiordetresmath.js,2,12,2026-04-01T08:13:07.902235
barbosalevir3-rgb,/home/gilmar/Documents/algoritmos/logado-utfpr-ifam/logado-students/repos_logado/barbosalevir3-rgb/jogos.json,jogos.json,for,2026-02-20 21:40:52,jogos.js,1,1,2026-04-01T08:13:07.902251
barbosalevir3-rgb,/home/gilmar/Documents/algoritmos/logado-utfpr-ifam/logado-students/repos_logado/barbosalevir3-rgb/jogos.json,jogos.json,for,2026-02-26 19:36:00,jogos.js,7,1,2026-04-01T08:13:07.902253
barbosalevir3-rgb,/home/gilmar/Documents/algoritmos/logado-utfpr-ifam/logado-students/repos_logado/barbosalevir3-rgb/jogos.json,jogos.json,for,2026-02-26 19:41:29,jogos.js,3,1,2026-04-01T08:13:07.902254
barbosalevir3-rgb,/home/gilmar/Documents/algoritmos/logado-utfpr-ifam/logado-students/repos_logado/barbosalevir3-rgb/jogos.json,jogos.json,let,2026-02-26 19:41:29,jogos.js,3,5,2026-04-01T08:13:07.902256
barbosalevir3-rgb,/home/gilmar/Documents/algoritmos/logado-utfpr-ifam/logado-students/repos_logado/barbosalevir3-rgb/jogos.json,jogos.json,alert,2026-02-26 20:41:26,jogos.js,9,5,2026-04-01T08:13:07.902257
barbosalevir3-rgb,/home/gilmar/Documents/algoritmos/logado-utfpr-ifam/logado-students/repos_logado/barbosalevir3-rgb/jogos.json,jogos.json,alert,2026-02-26 20:44:07,jogos.js,7,1,2026-04-01T08:13:07.902259
barbosalevir3-rgb,/home/gilmar/Documents/algoritmos/logado-utfpr-ifam/logado-students/repos_logado/barbosalevir3-rgb/jogos.json,jogos.json,alert,2026-02-26 20:44:42,jogos.js,13,1,2026-04-01T08:13:07.902262
barbosalevir3-rgb,/home/gilmar/Documents/algoritmos/logado-utfpr-ifam/logado-students/repos_logado/barbosalevir3-rgb/algoritmo04.json,algoritmo04.json,if,2026-03-03 20:22:51,algoritmo04.js,3,1,2026-04-01T08:13:07.902278
barbosalevir3-rgb,/home/gilmar/Documents/algoritmos/logado-utfpr-ifam/logado-students/repos_logado/barbosalevir3-rgb/algoritmo04.json,algoritmo04.json,alert,2026-03-03 20:23:31,algoritmo04.js,4,4,2026-04-01T08:13:07.902279
barbosalevir3-rgb,/home/gilmar/Documents/algoritmos/logado-utfpr-ifam/logado-students/repos_logado/barbosalevir3-rgb/algoritmo04.json,algoritmo04.json,else,2026-03-03 20:23:46,algoritmo04.js,5,2,2026-04-01T08:13:07.902280
barbosalevir3-rgb,/home/gilmar/Documents/algoritmos/logado-utfpr-ifam/logado-students/repos_logado/barbosalevir3-rgb/algoritmo04.json,algoritmo04.json,alert,2026-03-03 20:23:53,algoritmo04.js,6,5,2026-04-01T08:13:07.902282
barbosalevir3-rgb,/home/gilmar/Documents/algoritmos/logado-utfpr-ifam/logado-students/repos_logado/barbosalevir3-rgb/main.json,main.json,alert,2026-02-20 20:36:45,main.js,1,1,2026-04-01T08:13:07.902296
barbosalevir3-rgb,/home/gilmar/Documents/algoritmos/logado-utfpr-ifam/logado-students/repos_logado/barbosalevir3-rgb/main.json,main.json,alert,2026-02-20 20:39:48,main.js,2,1,2026-04-01T08:13:07.902298
barbosalevir3-rgb,/home/gilmar/Documents/algoritmos/logado-utfpr-ifam/logado-students/repos_logado/barbosalevir3-rgb/calculadora.json,calculadora.json,function,2026-03-25 21:31:23,calculadora.js,1,1,2026-04-01T08:13:07.902357
barbosalevir3-rgb,/home/gilmar/Documents/algoritmos/logado-utfpr-ifam/logado-students/repos_logado/barbosalevir3-rgb/calculadora.json,calculadora.json,break,2026-03-25 21:31:45,calculadora.js,2,9,2026-04-01T08:13:07.902359
barbosalevir3-rgb,/home/gilmar/Documents/algoritmos/logado-utfpr-ifam/logado-students/repos_logado/barbosalevir3-rgb/calculadora.json,calculadora.json,alert,2026-03-25 21:33:17,calculadora.js,6,1,2026-04-01T08:13:07.902360
barbosalevir3-rgb,/home/gilmar/Documents/algoritmos/logado-utfpr-ifam/logado-students/repos_logado/barbosalevir3-rgb/calculadora.json,calculadora.json,function,2026-03-25 21:33:30,calculadora.js,7,1,2026-04-01T08:13:07.902362
barbosalevir3-rgb,/home/gilmar/Documents/algoritmos/logado-utfpr-ifam/logado-students/repos_logado/barbosalevir3-rgb/calculadora.json,calculadora.json,alert,2026-03-25 21:35:05,calculadora.js,12,1,2026-04-01T08:13:07.902363
barbosalevir3-rgb,/home/gilmar/Documents/algoritmos/logado-utfpr-ifam/logado-students/repos_logado/barbosalevir3-rgb/calculadora.json,calculadora.json,function,2026-03-25 21:35:19,calculadora.js,13,1,2026-04-01T08:13:07.902364
barbosalevir3-rgb,/home/gilmar/Documents/algoritmos/logado-utfpr-ifam/logado-students/repos_logado/barbosalevir3-rgb/calculadora.json,calculadora.json,alert,2026-03-25 21:36:30,calculadora.js,18,1,2026-04-01T08:13:07.902366
barbosalevir3-rgb,/home/gilmar/Documents/algoritmos/logado-utfpr-ifam/logado-students/repos_logado/barbosalevir3-rgb/calculadora.json,calculadora.json,function,2026-03-25 21:36:44,calculadora.js,19,1,2026-04-01T08:13:07.902367
barbosalevir3-rgb,/home/gilmar/Documents/algoritmos/logado-utfpr-ifam/logado-students/repos_logado/barbosalevir3-rgb/calculadora.json,calculadora.json,var,2026-03-25 21:37:05,calculadora.js,22,1,2026-04-01T08:13:07.902369
barbosalevir3-rgb,/home/gilmar/Documents/algoritmos/logado-utfpr-ifam/logado-students/repos_logado/barbosalevir3-rgb/calculadora.json,calculadora.json,prompt,2026-03-25 21:37:05,calculadora.js,22,18,2026-04-01T08:13:07.902370
barbosalevir3-rgb,/home/gilmar/Documents/algoritmos/logado-utfpr-ifam/logado-students/repos_logado/barbosalevir3-rgb/calculadora.json,calculadora.json,var,2026-03-25 21:37:05,calculadora.js,22,1,2026-04-01T08:13:07.902372
barbosalevir3-rgb,/home/gilmar/Documents/algoritmos/logado-utfpr-ifam/logado-students/repos_logado/barbosalevir3-rgb/calculadora.json,calculadora.json,prompt,2026-03-25 21:37:05,calculadora.js,22,18,2026-04-01T08:13:07.902374
barbosalevir3-rgb,/home/gilmar/Documents/algoritmos/logado-utfpr-ifam/logado-students/repos_logado/barbosalevir3-rgb/calculadora.json,calculadora.json,alert,2026-03-25 21:37:05,calculadora.js,24,1,2026-04-01T08:13:07.902376
barbosalevir3-rgb,/home/gilmar/Documents/algoritmos/logado-utfpr-ifam/logado-students/repos_logado/barbosalevir3-rgb/calculadora.json,calculadora.json,return,2026-03-25 21:40:56,calculadora.js,21,4,2026-04-01T08:13:07.902377
barbosalevir3-rgb,/home/gilmar/Documents/algoritmos/logado-utfpr-ifam/logado-students/repos_logado/barbosalevir3-rgb/calculadora.json,calculadora.json,return,2026-03-25 21:41:02,calculadora.js,15,5,2026-04-01T08:13:07.902379
barbosalevir3-rgb,/home/gilmar/Documents/algoritmos/logado-utfpr-ifam/logado-students/repos_logado/barbosalevir3-rgb/calculadora.json,calculadora.json,return,2026-03-25 21:41:07,calculadora.js,9,5,2026-04-01T08:13:07.902380
barbosalevir3-rgb,/home/gilmar/Documents/algoritmos/logado-utfpr-ifam/logado-students/repos_logado/barbosalevir3-rgb/calculadora.json,calculadora.json,return,2026-03-25 21:41:13,calculadora.js,3,5,2026-04-01T08:13:07.902381
barbosalevir3-rgb,/home/gilmar/Documents/algoritmos/logado-utfpr-ifam/logado-students/repos_logado/barbosalevir3-rgb/calculadora.json,calculadora.json,function,2026-03-25 21:42:25,calculadora.js,1,1,2026-04-01T08:13:07.902383
barbosalevir3-rgb,/home/gilmar/Documents/algoritmos/logado-utfpr-ifam/logado-students/repos_logado/barbosalevir3-rgb/calculadora.json,calculadora.json,return,2026-03-25 21:42:25,calculadora.js,2,5,2026-04-01T08:13:07.902384
barbosalevir3-rgb,/home/gilmar/Documents/algoritmos/logado-utfpr-ifam/logado-students/repos_logado/barbosalevir3-rgb/calculadora.json,calculadora.json,var,2026-03-25 21:42:26,calculadora.js,4,1,2026-04-01T08:13:07.902386
barbosalevir3-rgb,/home/gilmar/Documents/algoritmos/logado-utfpr-ifam/logado-students/repos_logado/barbosalevir3-rgb/calculadora.json,calculadora.json,prompt,2026-03-25 21:42:26,calculadora.js,4,18,2026-04-01T08:13:07.902387
barbosalevir3-rgb,/home/gilmar/Documents/algoritmos/logado-utfpr-ifam/logado-students/repos_logado/barbosalevir3-rgb/calculadora.json,calculadora.json,var,2026-03-25 21:42:26,calculadora.js,5,1,2026-04-01T08:13:07.902388
barbosalevir3-rgb,/home/gilmar/Documents/algoritmos/logado-utfpr-ifam/logado-students/repos_logado/barbosalevir3-rgb/calculadora.json,calculadora.json,prompt,2026-03-25 21:42:26,calculadora.js,5,18,2026-04-01T08:13:07.902390
barbosalevir3-rgb,/home/gilmar/Documents/algoritmos/logado-utfpr-ifam/logado-students/repos_logado/barbosalevir3-rgb/calculadora.json,calculadora.json,alert,2026-03-25 21:42:26,calculadora.js,6,1,2026-04-01T08:13:07.902392
barbosalevir3-rgb,/home/gilmar/Documents/algoritmos/logado-utfpr-ifam/logado-students/repos_logado/barbosalevir3-rgb/calculadora.json,calculadora.json,function,2026-03-25 21:42:26,calculadora.js,7,1,2026-04-01T08:13:07.902394
barbosalevir3-rgb,/home/gilmar/Documents/algoritmos/logado-utfpr-ifam/logado-students/repos_logado/barbosalevir3-rgb/calculadora.json,calculadora.json,return,2026-03-25 21:42:26,calculadora.js,8,5,2026-04-01T08:13:07.902396
barbosalevir3-rgb,/home/gilmar/Documents/algoritmos/logado-utfpr-ifam/logado-students/repos_logado/barbosalevir3-rgb/calculadora.json,calculadora.json,var,2026-03-25 21:42:26,calculadora.js,10,1,2026-04-01T08:13:07.902397
barbosalevir3-rgb,/home/gilmar/Documents/algoritmos/logado-utfpr-ifam/logado-students/repos_logado/barbosalevir3-rgb/calculadora.json,calculadora.json,prompt,2026-03-25 21:42:26,calculadora.js,10,18,2026-04-01T08:13:07.902399
barbosalevir3-rgb,/home/gilmar/Documents/algoritmos/logado-utfpr-ifam/logado-students/repos_logado/barbosalevir3-rgb/calculadora.json,calculadora.json,var,2026-03-25 21:42:26,calculadora.js,11,1,2026-04-01T08:13:07.902400
barbosalevir3-rgb,/home/gilmar/Documents/algoritmos/logado-utfpr-ifam/logado-students/repos_logado/barbosalevir3-rgb/calculadora.json,calculadora.json,prompt,2026-03-25 21:42:26,calculadora.js,11,18,2026-04-01T08:13:07.902402
barbosalevir3-rgb,/home/gilmar/Documents/algoritmos/logado-utfpr-ifam/logado-students/repos_logado/barbosalevir3-rgb/calculadora.json,calculadora.json,alert,2026-03-25 21:42:26,calculadora.js,12,1,2026-04-01T08:13:07.902403
barbosalevir3-rgb,/home/gilmar/Documents/algoritmos/logado-utfpr-ifam/logado-students/repos_logado/barbosalevir3-rgb/calculadora.json,calculadora.json,function,2026-03-25 21:42:26,calculadora.js,13,1,2026-04-01T08:13:07.902404
barbosalevir3-rgb,/home/gilmar/Documents/algoritmos/logado-utfpr-ifam/logado-students/repos_logado/barbosalevir3-rgb/calculadora.json,calculadora.json,return,2026-03-25 21:42:26,calculadora.js,14,5,2026-04-01T08:13:07.902407
barbosalevir3-rgb,/home/gilmar/Documents/algoritmos/logado-utfpr-ifam/logado-students/repos_logado/barbosalevir3-rgb/calculadora.json,calculadora.json,var,2026-03-25 21:42:27,calculadora.js,16,1,2026-04-01T08:13:07.902409
barbosalevir3-rgb,/home/gilmar/Documents/algoritmos/logado-utfpr-ifam/logado-students/repos_logado/barbosalevir3-rgb/calculadora.json,calculadora.json,prompt,2026-03-25 21:42:27,calculadora.js,16,18,2026-04-01T08:13:07.902411
barbosalevir3-rgb,/home/gilmar/Documents/algoritmos/logado-utfpr-ifam/logado-students/repos_logado/barbosalevir3-rgb/calculadora.json,calculadora.json,var,2026-03-25 21:42:27,calculadora.js,17,1,2026-04-01T08:13:07.902412
barbosalevir3-rgb,/home/gilmar/Documents/algoritmos/logado-utfpr-ifam/logado-students/repos_logado/barbosalevir3-rgb/calculadora.json,calculadora.json,prompt,2026-03-25 21:42:27,calculadora.js,17,18,2026-04-01T08:13:07.902414
barbosalevir3-rgb,/home/gilmar/Documents/algoritmos/logado-utfpr-ifam/logado-students/repos_logado/barbosalevir3-rgb/calculadora.json,calculadora.json,alert,2026-03-25 21:42:27,calculadora.js,18,1,2026-04-01T08:13:07.902415
barbosalevir3-rgb,/home/gilmar/Documents/algoritmos/logado-utfpr-ifam/logado-students/repos_logado/barbosalevir3-rgb/calculadora.json,calculadora.json,function,2026-03-25 21:42:27,calculadora.js,19,1,2026-04-01T08:13:07.902416
barbosalevir3-rgb,/home/gilmar/Documents/algoritmos/logado-utfpr-ifam/logado-students/repos_logado/barbosalevir3-rgb/calculadora.json,calculadora.json,return,2026-03-25 21:42:28,calculadora.js,20,5,2026-04-01T08:13:07.902418
barbosalevir3-rgb,/home/gilmar/Documents/algoritmos/logado-utfpr-ifam/logado-students/repos_logado/barbosalevir3-rgb/calculadora.json,calculadora.json,var,2026-03-25 21:42:28,calculadora.js,22,1,2026-04-01T08:13:07.902419
barbosalevir3-rgb,/home/gilmar/Documents/algoritmos/logado-utfpr-ifam/logado-students/repos_logado/barbosalevir3-rgb/calculadora.json,calculadora.json,prompt,2026-03-25 21:42:28,calculadora.js,22,18,2026-04-01T08:13:07.902420
barbosalevir3-rgb,/home/gilmar/Documents/algoritmos/logado-utfpr-ifam/logado-students/repos_logado/barbosalevir3-rgb/calculadora.json,calculadora.json,var,2026-03-25 21:42:28,calculadora.js,23,1,2026-04-01T08:13:07.902422
barbosalevir3-rgb,/home/gilmar/Documents/algoritmos/logado-utfpr-ifam/logado-students/repos_logado/barbosalevir3-rgb/calculadora.json,calculadora.json,prompt,2026-03-25 21:42:28,calculadora.js,23,18,2026-04-01T08:13:07.902423
barbosalevir3-rgb,/home/gilmar/Documents/algoritmos/logado-utfpr-ifam/logado-students/repos_logado/barbosalevir3-rgb/calculadora.json,calculadora.json,alert,2026-03-25 21:42:28,calculadora.js,24,1,2026-04-01T08:13:07.902425
barbosalevir3-rgb,/home/gilmar/Documents/algoritmos/logado-utfpr-ifam/logado-students/repos_logado/barbosalevir3-rgb/calculadora.json,calculadora.json,switch,2026-03-25 21:42:42,calculadora.js,26,1,2026-04-01T08:13:07.902426
barbosalevir3-rgb,/home/gilmar/Documents/algoritmos/logado-utfpr-ifam/logado-students/repos_logado/barbosalevir3-rgb/calculadora.json,calculadora.json,alert,2026-03-25 21:49:10,calculadora.js,16,9,2026-04-01T08:13:07.902427
barbosalevir3-rgb,/home/gilmar/Documents/algoritmos/logado-utfpr-ifam/logado-students/repos_logado/barbosalevir3-rgb/calculadora.json,calculadora.json,break,2026-03-25 21:49:39,calculadora.js,16,28,2026-04-01T08:13:07.902429
barbosalevir3-rgb,/home/gilmar/Documents/algoritmos/logado-utfpr-ifam/logado-students/repos_logado/barbosalevir3-rgb/calculadora.json,calculadora.json,alert,2026-03-25 21:50:34,calculadora.js,18,9,2026-04-01T08:13:07.902430
barbosalevir3-rgb,/home/gilmar/Documents/algoritmos/logado-utfpr-ifam/logado-students/repos_logado/barbosalevir3-rgb/calculadora.json,calculadora.json,break,2026-03-25 21:51:24,calculadora.js,18,32,2026-04-01T08:13:07.902431
barbosalevir3-rgb,/home/gilmar/Documents/algoritmos/logado-utfpr-ifam/logado-students/repos_logado/barbosalevir3-rgb/calculadora.json,calculadora.json,alert,2026-03-25 21:51:29,calculadora.js,19,9,2026-04-01T08:13:07.902433
barbosalevir3-rgb,/home/gilmar/Documents/algoritmos/logado-utfpr-ifam/logado-students/repos_logado/barbosalevir3-rgb/calculadora.json,calculadora.json,alert,2026-03-25 21:51:54,calculadora.js,20,9,2026-04-01T08:13:07.902435
barbosalevir3-rgb,/home/gilmar/Documents/algoritmos/logado-utfpr-ifam/logado-students/repos_logado/barbosalevir3-rgb/calculadora.json,calculadora.json,break,2026-03-25 21:52:09,calculadora.js,20,36,2026-04-01T08:13:07.902436
barbosalevir3-rgb,/home/gilmar/Documents/algoritmos/logado-utfpr-ifam/logado-students/repos_logado/barbosalevir3-rgb/calculadora.json,calculadora.json,alert,2026-03-25 21:52:26,calculadora.js,22,9,2026-04-01T08:13:07.902438
barbosalevir3-rgb,/home/gilmar/Documents/algoritmos/logado-utfpr-ifam/logado-students/repos_logado/barbosalevir3-rgb/calculadora.json,calculadora.json,break,2026-03-25 21:53:07,calculadora.js,22,41,2026-04-01T08:13:07.902439
barbosalevir3-rgb,/home/gilmar/Documents/algoritmos/logado-utfpr-ifam/logado-students/repos_logado/barbosalevir3-rgb/calculadora.json,calculadora.json,alert,2026-03-25 21:53:19,calculadora.js,24,9,2026-04-01T08:13:07.902441
barbosalevir3-rgb,/home/gilmar/Documents/algoritmos/logado-utfpr-ifam/logado-students/repos_logado/barbosalevir3-rgb/calculadora.json,calculadora.json,while,2026-03-25 22:05:20,calculadora.js,28,1,2026-04-01T08:13:07.902442
barbosalevir3-rgb,/home/gilmar/Documents/algoritmos/logado-utfpr-ifam/logado-students/repos_logado/barbosalevir3-rgb/calculadora.json,calculadora.json,alert,2026-03-25 22:05:48,calculadora.js,29,5,2026-04-01T08:13:07.902443
barbosalevir3-rgb,/home/gilmar/Documents/algoritmos/logado-utfpr-ifam/logado-students/repos_logado/barbosalevir3-rgb/calculadora.json,calculadora.json,alert,2026-03-25 22:06:20,calculadora.js,30,2,2026-04-01T08:13:07.902445
barbosalevir3-rgb,/home/gilmar/Documents/algoritmos/logado-utfpr-ifam/logado-students/repos_logado/barbosalevir3-rgb/calculadora.json,calculadora.json,alert,2026-03-25 22:06:21,calculadora.js,28,9,2026-04-01T08:13:07.902446
barbosalevir3-rgb,/home/gilmar/Documents/algoritmos/logado-utfpr-ifam/logado-students/repos_logado/barbosalevir3-rgb/calculadora.json,calculadora.json,break,2026-03-25 22:06:21,calculadora.js,29,27,2026-04-01T08:13:07.902448
barbosalevir3-rgb,/home/gilmar/Documents/algoritmos/logado-utfpr-ifam/logado-students/repos_logado/barbosalevir3-rgb/calculadora.json,calculadora.json,case,2026-03-25 22:06:21,calculadora.js,27,5,2026-04-01T08:13:07.902449
barbosalevir3-rgb,/home/gilmar/Documents/algoritmos/logado-utfpr-ifam/logado-students/repos_logado/barbosalevir3-rgb/calculadora.json,calculadora.json,alert,2026-03-25 22:06:21,calculadora.js,26,9,2026-04-01T08:13:07.902450
barbosalevir3-rgb,/home/gilmar/Documents/algoritmos/logado-utfpr-ifam/logado-students/repos_logado/barbosalevir3-rgb/calculadora.json,calculadora.json,break,2026-03-25 22:06:21,calculadora.js,27,21,2026-04-01T08:13:07.902451
barbosalevir3-rgb,/home/gilmar/Documents/algoritmos/logado-utfpr-ifam/logado-students/repos_logado/barbosalevir3-rgb/calculadora.json,calculadora.json,case,2026-03-25 22:06:21,calculadora.js,25,5,2026-04-01T08:13:07.902453
barbosalevir3-rgb,/home/gilmar/Documents/algoritmos/logado-utfpr-ifam/logado-students/repos_logado/barbosalevir3-rgb/calculadora.json,calculadora.json,alert,2026-03-25 22:06:21,calculadora.js,24,9,2026-04-01T08:13:07.902454
barbosalevir3-rgb,/home/gilmar/Documents/algoritmos/logado-utfpr-ifam/logado-students/repos_logado/barbosalevir3-rgb/calculadora.json,calculadora.json,break,2026-03-25 22:06:21,calculadora.js,25,17,2026-04-01T08:13:07.902455
barbosalevir3-rgb,/home/gilmar/Documents/algoritmos/logado-utfpr-ifam/logado-students/repos_logado/barbosalevir3-rgb/calculadora.json,calculadora.json,case,2026-03-25 22:06:22,calculadora.js,23,5,2026-04-01T08:13:07.902457
barbosalevir3-rgb,/home/gilmar/Documents/algoritmos/logado-utfpr-ifam/logado-students/repos_logado/barbosalevir3-rgb/calculadora.json,calculadora.json,alert,2026-03-25 22:06:22,calculadora.js,22,9,2026-04-01T08:13:07.902458
barbosalevir3-rgb,/home/gilmar/Documents/algoritmos/logado-utfpr-ifam/logado-students/repos_logado/barbosalevir3-rgb/calculadora.json,calculadora.json,break,2026-03-25 22:06:22,calculadora.js,23,14,2026-04-01T08:13:07.902459
barbosalevir3-rgb,/home/gilmar/Documents/algoritmos/logado-utfpr-ifam/logado-students/repos_logado/barbosalevir3-rgb/calculadora.json,calculadora.json,case,2026-03-25 22:06:22,calculadora.js,21,17,2026-04-01T08:13:07.902461
barbosalevir3-rgb,/home/gilmar/Documents/algoritmos/logado-utfpr-ifam/logado-students/repos_logado/barbosalevir3-rgb/calculadora.json,calculadora.json,switch,2026-03-25 22:06:22,calculadora.js,20,13,2026-04-01T08:13:07.902463
barbosalevir3-rgb,/home/gilmar/Documents/algoritmos/logado-utfpr-ifam/logado-students/repos_logado/barbosalevir3-rgb/calculadora.json,calculadora.json,var,2026-03-25 22:08:11,calculadora.js,13,1,2026-04-01T08:13:07.902464
barbosalevir3-rgb,/home/gilmar/Documents/algoritmos/logado-utfpr-ifam/logado-students/repos_logado/barbosalevir3-rgb/calculadora.json,calculadora.json,prompt,2026-03-25 22:08:11,calculadora.js,13,18,2026-04-01T08:13:07.902467
barbosalevir3-rgb,/home/gilmar/Documents/algoritmos/logado-utfpr-ifam/logado-students/repos_logado/barbosalevir3-rgb/calculadora.json,calculadora.json,var,2026-03-25 22:08:11,calculadora.js,13,1,2026-04-01T08:13:07.902469
barbosalevir3-rgb,/home/gilmar/Documents/algoritmos/logado-utfpr-ifam/logado-students/repos_logado/barbosalevir3-rgb/calculadora.json,calculadora.json,prompt,2026-03-25 22:08:11,calculadora.js,13,18,2026-04-01T08:13:07.902470
barbosalevir3-rgb,/home/gilmar/Documents/algoritmos/logado-utfpr-ifam/logado-students/repos_logado/barbosalevir3-rgb/calculadora.json,calculadora.json,alert,2026-03-25 22:08:11,calculadora.js,15,1,2026-04-01T08:13:07.902472
barbosalevir3-rgb,/home/gilmar/Documents/algoritmos/logado-utfpr-ifam/logado-students/repos_logado/barbosalevir3-rgb/calculadora.json,calculadora.json,while,2026-03-25 22:09:29,calculadora.js,29,2,2026-04-01T08:13:07.902473
barbosalevir3-rgb,/home/gilmar/Documents/algoritmos/logado-utfpr-ifam/logado-students/repos_logado/barbosalevir3-rgb/calculadora.json,calculadora.json,var,2026-03-25 22:11:24,calculadora.js,15,5,2026-04-01T08:13:07.902474
barbosalevir3-rgb,/home/gilmar/Documents/algoritmos/logado-utfpr-ifam/logado-students/repos_logado/barbosalevir3-rgb/calculadora.json,calculadora.json,prompt,2026-03-25 22:11:24,calculadora.js,15,22,2026-04-01T08:13:07.902476
barbosalevir3-rgb,/home/gilmar/Documents/algoritmos/logado-utfpr-ifam/logado-students/repos_logado/barbosalevir3-rgb/algoritmo3.json,algoritmo3.json,if,2026-03-03 19:39:09,algoritmo3.js,4,1,2026-04-01T08:13:07.902496
barbosalevir3-rgb,/home/gilmar/Documents/algoritmos/logado-utfpr-ifam/logado-students/repos_logado/barbosalevir3-rgb/algoritmo3.json,algoritmo3.json,alert,2026-03-03 19:39:43,algoritmo3.js,5,5,2026-04-01T08:13:07.902498
barbosalevir3-rgb,/home/gilmar/Documents/algoritmos/logado-utfpr-ifam/logado-students/repos_logado/barbosalevir3-rgb/algoritmo3.json,algoritmo3.json,alert,2026-03-03 19:40:03,algoritmo3.js,7,5,2026-04-01T08:13:07.902499
barbosalevir3-rgb,/home/gilmar/Documents/algoritmos/logado-utfpr-ifam/logado-students/repos_logado/barbosalevir3-rgb/algoritmo3.json,algoritmo3.json,if,2026-03-03 19:40:50,algoritmo3.js,10,1,2026-04-01T08:13:07.902501
barbosalevir3-rgb,/home/gilmar/Documents/algoritmos/logado-utfpr-ifam/logado-students/repos_logado/barbosalevir3-rgb/algoritmo3.json,algoritmo3.json,alert,2026-03-03 19:41:03,algoritmo3.js,11,5,2026-04-01T08:13:07.902502
barbosalevir3-rgb,/home/gilmar/Documents/algoritmos/logado-utfpr-ifam/logado-students/repos_logado/barbosalevir3-rgb/algoritmo3.json,algoritmo3.json,alert,2026-03-03 19:41:40,algoritmo3.js,13,5,2026-04-01T08:13:07.902504
barbosalevir3-rgb,/home/gilmar/Documents/algoritmos/logado-utfpr-ifam/logado-students/repos_logado/barbosalevir3-rgb/algoritmo06.json,algoritmo06.json,if,2026-03-03 20:25:59,algoritmo06.js,3,1,2026-04-01T08:13:07.902524
barbosalevir3-rgb,/home/gilmar/Documents/algoritmos/logado-utfpr-ifam/logado-students/repos_logado/barbosalevir3-rgb/algoritmo06.json,algoritmo06.json,alert,2026-03-03 20:26:33,algoritmo06.js,4,5,2026-04-01T08:13:07.902526
barbosalevir3-rgb,/home/gilmar/Documents/algoritmos/logado-utfpr-ifam/logado-students/repos_logado/barbosalevir3-rgb/algoritmo06.json,algoritmo06.json,alert,2026-03-03 20:27:17,algoritmo06.js,6,5,2026-04-01T08:13:07.902527
barbosalevir3-rgb,/home/gilmar/Documents/algoritmos/logado-utfpr-ifam/logado-students/repos_logado/barbosalevir3-rgb/algoritmo06.json,algoritmo06.json,if,2026-03-03 20:37:42,algoritmo06.js,5,1,2026-04-01T08:13:07.902529
barbosalevir3-rgb,/home/gilmar/Documents/algoritmos/logado-utfpr-ifam/logado-students/repos_logado/barbosalevir3-rgb/algoritmo06.json,algoritmo06.json,alert,2026-03-03 20:38:34,algoritmo06.js,6,4,2026-04-01T08:13:07.902532
barbosalevir3-rgb,/home/gilmar/Documents/algoritmos/logado-utfpr-ifam/logado-students/repos_logado/barbosalevir3-rgb/algoritmo06.json,algoritmo06.json,alert,2026-03-03 20:39:09,algoritmo06.js,8,5,2026-04-01T08:13:07.902533
barbosalevir3-rgb,/home/gilmar/Documents/algoritmos/logado-utfpr-ifam/logado-students/repos_logado/barbosalevir3-rgb/algoritmo06.json,algoritmo06.json,if,2026-03-03 20:41:58,algoritmo06.js,7,7,2026-04-01T08:13:07.902534
barbosalevir3-rgb,/home/gilmar/Documents/algoritmos/logado-utfpr-ifam/logado-students/repos_logado/barbosalevir3-rgb/algoritmo06.json,algoritmo06.json,alert,2026-03-03 20:42:19,algoritmo06.js,10,5,2026-04-01T08:13:07.902536
barbosalevir3-rgb,/home/gilmar/Documents/algoritmos/logado-utfpr-ifam/logado-students/repos_logado/barbosalevir3-rgb/algoritmo06.json,algoritmo06.json,if,2026-03-03 20:45:51,algoritmo06.js,4,1,2026-04-01T08:13:07.902537
barbosalevir3-rgb,/home/gilmar/Documents/algoritmos/logado-utfpr-ifam/logado-students/repos_logado/barbosalevir3-rgb/algoritmo06.json,algoritmo06.json,alert,2026-03-03 20:46:08,algoritmo06.js,5,5,2026-04-01T08:13:07.902539
barbosalevir3-rgb,/home/gilmar/Documents/algoritmos/logado-utfpr-ifam/logado-students/repos_logado/barbosalevir3-rgb/algoritmo06.json,algoritmo06.json,if,2026-03-03 20:46:25,algoritmo06.js,6,7,2026-04-01T08:13:07.902540
barbosalevir3-rgb,/home/gilmar/Documents/algoritmos/logado-utfpr-ifam/logado-students/repos_logado/barbosalevir3-rgb/algoritmo06.json,algoritmo06.json,alert,2026-03-03 20:46:38,algoritmo06.js,7,5,2026-04-01T08:13:07.902541
barbosalevir3-rgb,/home/gilmar/Documents/algoritmos/logado-utfpr-ifam/logado-students/repos_logado/barbosalevir3-rgb/algoritmo06.json,algoritmo06.json,alert,2026-03-03 20:47:00,algoritmo06.js,9,5,2026-04-01T08:13:07.902543
barbosalevir3-rgb,/home/gilmar/Documents/algoritmos/logado-utfpr-ifam/logado-students/repos_logado/barbosalevir3-rgb/algoritmo06.json,algoritmo06.json,if,2026-03-03 21:34:50,algoritmo06.js,5,1,2026-04-01T08:13:07.902544
barbosalevir3-rgb,/home/gilmar/Documents/algoritmos/logado-utfpr-ifam/logado-students/repos_logado/barbosalevir3-rgb/algoritmo06.json,algoritmo06.json,alert,2026-03-03 21:35:01,algoritmo06.js,6,5,2026-04-01T08:13:07.902545
barbosalevir3-rgb,/home/gilmar/Documents/algoritmos/logado-utfpr-ifam/logado-students/repos_logado/barbosalevir3-rgb/algoritmo06.json,algoritmo06.json,if,2026-03-03 21:35:26,algoritmo06.js,7,7,2026-04-01T08:13:07.902547
barbosalevir3-rgb,/home/gilmar/Documents/algoritmos/logado-utfpr-ifam/logado-students/repos_logado/barbosalevir3-rgb/algoritmo06.json,algoritmo06.json,alert,2026-03-03 21:35:38,algoritmo06.js,8,5,2026-04-01T08:13:07.902548
barbosalevir3-rgb,/home/gilmar/Documents/algoritmos/logado-utfpr-ifam/logado-students/repos_logado/barbosalevir3-rgb/algoritmo06.json,algoritmo06.json,alert,2026-03-03 21:36:21,algoritmo06.js,10,5,2026-04-01T08:13:07.902550
barbosalevir3-rgb,/home/gilmar/Documents/algoritmos/logado-utfpr-ifam/logado-students/repos_logado/barbosalevir3-rgb/revisaovetor.json,revisaovetor.json,alert,2026-03-26 19:40:13,revisaovetor.js,7,1,2026-04-01T08:13:07.902567
barbosalevir3-rgb,/home/gilmar/Documents/algoritmos/logado-utfpr-ifam/logado-students/repos_logado/barbosalevir3-rgb/revisaovetor.json,revisaovetor.json,alert,2026-03-26 19:42:15,revisaovetor.js,7,1,2026-04-01T08:13:07.902569
barbosalevir3-rgb,/home/gilmar/Documents/algoritmos/logado-utfpr-ifam/logado-students/repos_logado/barbosalevir3-rgb/revisaovetor.json,revisaovetor.json,let,2026-03-26 19:45:11,revisaovetor.js,3,1,2026-04-01T08:13:07.902570
barbosalevir3-rgb,/home/gilmar/Documents/algoritmos/logado-utfpr-ifam/logado-students/repos_logado/barbosalevir3-rgb/revisaovetor.json,revisaovetor.json,prompt,2026-03-26 19:45:11,revisaovetor.js,3,24,2026-04-01T08:13:07.902573
barbosalevir3-rgb,/home/gilmar/Documents/algoritmos/logado-utfpr-ifam/logado-students/repos_logado/barbosalevir3-rgb/revisaovetor.json,revisaovetor.json,alert,2026-03-26 19:45:32,revisaovetor.js,7,1,2026-04-01T08:13:07.902574
barbosalevir3-rgb,/home/gilmar/Documents/algoritmos/logado-utfpr-ifam/logado-students/repos_logado/barbosalevir3-rgb/revisaovetor.json,revisaovetor.json,alert,2026-03-26 19:51:18,revisaovetor.js,7,5,2026-04-01T08:13:07.902576
barbosalevir3-rgb,/home/gilmar/Documents/algoritmos/logado-utfpr-ifam/logado-students/repos_logado/barbosalevir3-rgb/revisaovetor.json,revisaovetor.json,for,2026-03-26 19:54:14,revisaovetor.js,6,1,2026-04-01T08:13:07.902589
barbosalevir3-rgb,/home/gilmar/Documents/algoritmos/logado-utfpr-ifam/logado-students/repos_logado/barbosalevir3-rgb/insertion.json,insertion.json,for,2026-03-25 19:39:30,insertion.js,2,1,2026-04-01T08:13:07.902612
barbosalevir3-rgb,/home/gilmar/Documents/algoritmos/logado-utfpr-ifam/logado-students/repos_logado/barbosalevir3-rgb/insertion.json,insertion.json,length,2026-03-25 19:39:46,insertion.js,2,26,2026-04-01T08:13:07.902613
barbosalevir3-rgb,/home/gilmar/Documents/algoritmos/logado-utfpr-ifam/logado-students/repos_logado/barbosalevir3-rgb/insertion.json,insertion.json,let,2026-03-25 20:27:16,insertion.js,1,1,2026-04-01T08:13:07.902615
barbosalevir3-rgb,/home/gilmar/Documents/algoritmos/logado-utfpr-ifam/logado-students/repos_logado/barbosalevir3-rgb/insertion.json,insertion.json,do,2026-03-25 20:27:16,insertion.js,3,14,2026-04-01T08:13:07.902616
barbosalevir3-rgb,/home/gilmar/Documents/algoritmos/logado-utfpr-ifam/logado-students/repos_logado/barbosalevir3-rgb/insertion.json,insertion.json,for,2026-03-25 20:27:16,insertion.js,4,1,2026-04-01T08:13:07.902618
barbosalevir3-rgb,/home/gilmar/Documents/algoritmos/logado-utfpr-ifam/logado-students/repos_logado/barbosalevir3-rgb/insertion.json,insertion.json,let,2026-03-25 20:27:16,insertion.js,1,1,2026-04-01T08:13:07.902619
barbosalevir3-rgb,/home/gilmar/Documents/algoritmos/logado-utfpr-ifam/logado-students/repos_logado/barbosalevir3-rgb/insertion.json,insertion.json,length,2026-03-25 20:27:16,insertion.js,4,27,2026-04-01T08:13:07.902620
barbosalevir3-rgb,/home/gilmar/Documents/algoritmos/logado-utfpr-ifam/logado-students/repos_logado/barbosalevir3-rgb/insertion.json,insertion.json,let,2026-03-25 20:27:16,insertion.js,1,1,2026-04-01T08:13:07.902622
barbosalevir3-rgb,/home/gilmar/Documents/algoritmos/logado-utfpr-ifam/logado-students/repos_logado/barbosalevir3-rgb/insertion.json,insertion.json,let,2026-03-25 20:27:16,insertion.js,1,1,2026-04-01T08:13:07.902623
barbosalevir3-rgb,/home/gilmar/Documents/algoritmos/logado-utfpr-ifam/logado-students/repos_logado/barbosalevir3-rgb/insertion.json,insertion.json,for,2026-03-25 20:27:16,insertion.js,4,1,2026-04-01T08:13:07.902625
barbosalevir3-rgb,/home/gilmar/Documents/algoritmos/logado-utfpr-ifam/logado-students/repos_logado/barbosalevir3-rgb/insertion.json,insertion.json,for,2026-03-25 20:27:16,insertion.js,4,1,2026-04-01T08:13:07.902626
barbosalevir3-rgb,/home/gilmar/Documents/algoritmos/logado-utfpr-ifam/logado-students/repos_logado/barbosalevir3-rgb/insertion.json,insertion.json,while,2026-03-25 20:27:16,insertion.js,11,5,2026-04-01T08:13:07.902627
barbosalevir3-rgb,/home/gilmar/Documents/algoritmos/logado-utfpr-ifam/logado-students/repos_logado/barbosalevir3-rgb/insertion.json,insertion.json,alert,2026-03-25 20:46:38,insertion.js,19,1,2026-04-01T08:13:07.902629
barbosalevir3-rgb,/home/gilmar/Documents/algoritmos/logado-utfpr-ifam/logado-students/repos_logado/barbosalevir3-rgb/insertion.json,insertion.json,alert,2026-03-25 20:46:51,insertion.js,18,5,2026-04-01T08:13:07.902630
barbosalevir3-rgb,/home/gilmar/Documents/algoritmos/logado-utfpr-ifam/logado-students/repos_logado/barbosalevir3-rgb/insertion.json,insertion.json,let,2026-03-25 20:50:45,insertion.js,2,1,2026-04-01T08:13:07.902632
barbosalevir3-rgb,/home/gilmar/Documents/algoritmos/logado-utfpr-ifam/logado-students/repos_logado/barbosalevir3-rgb/insertion.json,insertion.json,alert,2026-03-25 20:50:53,insertion.js,18,5,2026-04-01T08:13:07.902633
barbosalevir3-rgb,/home/gilmar/Documents/algoritmos/logado-utfpr-ifam/logado-students/repos_logado/barbosalevir3-rgb/insertion.json,insertion.json,alert,2026-03-25 20:50:54,insertion.js,19,1,2026-04-01T08:13:07.902634
barbosalevir3-rgb,/home/gilmar/Documents/algoritmos/logado-utfpr-ifam/logado-students/repos_logado/barbosalevir3-rgb/insertion.json,insertion.json,alert,2026-03-25 20:50:54,insertion.js,19,1,2026-04-01T08:13:07.902636
barbosalevir3-rgb,/home/gilmar/Documents/algoritmos/logado-utfpr-ifam/logado-students/repos_logado/barbosalevir3-rgb/exercicio02.json,exercicio02.json,if,2026-03-24 20:05:34,exercicio02.js,2,1,2026-04-01T08:13:07.902662
barbosalevir3-rgb,/home/gilmar/Documents/algoritmos/logado-utfpr-ifam/logado-students/repos_logado/barbosalevir3-rgb/exercicio02.json,exercicio02.json,alert,2026-03-24 20:06:00,exercicio02.js,3,5,2026-04-01T08:13:07.902663
barbosalevir3-rgb,/home/gilmar/Documents/algoritmos/logado-utfpr-ifam/logado-students/repos_logado/barbosalevir3-rgb/exercicio02.json,exercicio02.json,if,2026-03-24 20:06:20,exercicio02.js,4,7,2026-04-01T08:13:07.902665
barbosalevir3-rgb,/home/gilmar/Documents/algoritmos/logado-utfpr-ifam/logado-students/repos_logado/barbosalevir3-rgb/exercicio02.json,exercicio02.json,alert,2026-03-24 20:07:08,exercicio02.js,5,5,2026-04-01T08:13:07.902666
barbosalevir3-rgb,/home/gilmar/Documents/algoritmos/logado-utfpr-ifam/logado-students/repos_logado/barbosalevir3-rgb/exercicio02.json,exercicio02.json,alert,2026-03-24 20:07:25,exercicio02.js,7,5,2026-04-01T08:13:07.902668
barbosalevir3-rgb,/home/gilmar/Documents/algoritmos/logado-utfpr-ifam/logado-students/repos_logado/barbosalevir3-rgb/exercicio02.json,exercicio02.json,if,2026-03-24 20:39:56,exercicio02.js,3,1,2026-04-01T08:13:07.902670
barbosalevir3-rgb,/home/gilmar/Documents/algoritmos/logado-utfpr-ifam/logado-students/repos_logado/barbosalevir3-rgb/exercicio02.json,exercicio02.json,alert,2026-03-24 20:40:13,exercicio02.js,4,5,2026-04-01T08:13:07.902671
barbosalevir3-rgb,/home/gilmar/Documents/algoritmos/logado-utfpr-ifam/logado-students/repos_logado/barbosalevir3-rgb/exercicio02.json,exercicio02.json,alert,2026-03-24 20:40:27,exercicio02.js,6,5,2026-04-01T08:13:07.902673
barbosalevir3-rgb,/home/gilmar/Documents/algoritmos/logado-utfpr-ifam/logado-students/repos_logado/barbosalevir3-rgb/aprovacao_01.json,aprovacao_01.json,while,2026-03-06 21:27:46,aprovacao_01.js,30,35,2026-04-01T08:13:07.902693
barbosalevir3-rgb,/home/gilmar/Documents/algoritmos/logado-utfpr-ifam/logado-students/repos_logado/barbosalevir3-rgb/aprovacao_01.json,aprovacao_01.json,let,2026-03-06 21:29:44,aprovacao_01.js,4,5,2026-04-01T08:13:07.902695
barbosalevir3-rgb,/home/gilmar/Documents/algoritmos/logado-utfpr-ifam/logado-students/repos_logado/barbosalevir3-rgb/aprovacao_01.json,aprovacao_01.json,var,2026-03-06 21:29:44,aprovacao_01.js,4,5,2026-04-01T08:13:07.902696
barbosalevir3-rgb,/home/gilmar/Documents/algoritmos/logado-utfpr-ifam/logado-students/repos_logado/barbosalevir3-rgb/aprovacao_01.json,aprovacao_01.json,var,2026-03-06 21:29:45,aprovacao_01.js,3,5,2026-04-01T08:13:07.902698
barbosalevir3-rgb,/home/gilmar/Documents/algoritmos/logado-utfpr-ifam/logado-students/repos_logado/barbosalevir3-rgb/aprovacao_01.json,aprovacao_01.json,while,2026-03-06 21:31:19,aprovacao_01.js,28,2,2026-04-01T08:13:07.902699
barbosalevir3-rgb,/home/gilmar/Documents/algoritmos/logado-utfpr-ifam/logado-students/repos_logado/barbosalevir3-rgb/aprovacao_01.json,aprovacao_01.json,do,2026-03-06 21:32:20,aprovacao_01.js,3,5,2026-04-01T08:13:07.902700
barbosalevir3-rgb,/home/gilmar/Documents/algoritmos/logado-utfpr-ifam/logado-students/repos_logado/barbosalevir3-rgb/algoritmo1.json,algoritmo1.json,alert,2026-02-24 20:33:30,algoritmo1.js,3,1,2026-04-01T08:13:07.902717
barbosalevir3-rgb,/home/gilmar/Documents/algoritmos/logado-utfpr-ifam/logado-students/repos_logado/barbosalevir3-rgb/algoritmo1.json,algoritmo1.json,alert,2026-02-24 20:34:11,algoritmo1.js,3,1,2026-04-01T08:13:07.902718
barbosalevir3-rgb,/home/gilmar/Documents/algoritmos/logado-utfpr-ifam/logado-students/repos_logado/barbosalevir3-rgb/algoritmo1.json,algoritmo1.json,alert,2026-02-24 20:38:12,algoritmo1.js,4,1,2026-04-01T08:13:07.902720
barbosalevir3-rgb,/home/gilmar/Documents/algoritmos/logado-utfpr-ifam/logado-students/repos_logado/barbosalevir3-rgb/algoritmo1.json,algoritmo1.json,alert,2026-02-24 20:40:17,algoritmo1.js,4,1,2026-04-01T08:13:07.902721
barbosalevir3-rgb,/home/gilmar/Documents/algoritmos/logado-utfpr-ifam/logado-students/repos_logado/barbosalevir3-rgb/algoritmo1.json,algoritmo1.json,alert,2026-02-24 20:45:55,algoritmo1.js,3,1,2026-04-01T08:13:07.902722
barbosalevir3-rgb,/home/gilmar/Documents/algoritmos/logado-utfpr-ifam/logado-students/repos_logado/barbosalevir3-rgb/algoritmo07.json,algoritmo07.json,alert,2026-03-03 20:32:22,algoritmo07.js,3,5,2026-04-01T08:13:07.902737
barbosalevir3-rgb,/home/gilmar/Documents/algoritmos/logado-utfpr-ifam/logado-students/repos_logado/barbosalevir3-rgb/algoritmo07.json,algoritmo07.json,while,2026-03-03 20:32:43,algoritmo07.js,4,2,2026-04-01T08:13:07.902738
barbosalevir3-rgb,/home/gilmar/Documents/algoritmos/logado-utfpr-ifam/logado-students/repos_logado/barbosalevir3-rgb/saque2.json,saque2.json,while,2026-03-10 21:32:58,saque2.js,3,1,2026-04-01T08:13:07.902752
barbosalevir3-rgb,/home/gilmar/Documents/algoritmos/logado-utfpr-ifam/logado-students/repos_logado/barbosalevir3-rgb/saque2.json,saque2.json,alert,2026-03-10 21:33:28,saque2.js,7,1,2026-04-01T08:13:07.902754
barbosalevir3-rgb,/home/gilmar/Documents/algoritmos/logado-utfpr-ifam/logado-students/repos_logado/barbosalevir3-rgb/aprovacao.json,aprovacao.json,if,2026-03-05 19:54:55,aprovacao.js,5,5,2026-04-01T08:13:07.902799
barbosalevir3-rgb,/home/gilmar/Documents/algoritmos/logado-utfpr-ifam/logado-students/repos_logado/barbosalevir3-rgb/aprovacao.json,aprovacao.json,alert,2026-03-05 19:56:54,aprovacao.js,6,9,2026-04-01T08:13:07.902801
barbosalevir3-rgb,/home/gilmar/Documents/algoritmos/logado-utfpr-ifam/logado-students/repos_logado/barbosalevir3-rgb/aprovacao.json,aprovacao.json,alert,2026-03-05 19:57:15,aprovacao.js,8,9,2026-04-01T08:13:07.902803
barbosalevir3-rgb,/home/gilmar/Documents/algoritmos/logado-utfpr-ifam/logado-students/repos_logado/barbosalevir3-rgb/aprovacao.json,aprovacao.json,if,2026-03-05 19:57:29,aprovacao.js,7,11,2026-04-01T08:13:07.902805
barbosalevir3-rgb,/home/gilmar/Documents/algoritmos/logado-utfpr-ifam/logado-students/repos_logado/barbosalevir3-rgb/aprovacao.json,aprovacao.json,alert,2026-03-05 19:57:44,aprovacao.js,8,9,2026-04-01T08:13:07.902807
barbosalevir3-rgb,/home/gilmar/Documents/algoritmos/logado-utfpr-ifam/logado-students/repos_logado/barbosalevir3-rgb/aprovacao.json,aprovacao.json,alert,2026-03-05 19:59:46,aprovacao.js,10,9,2026-04-01T08:13:07.902808
barbosalevir3-rgb,/home/gilmar/Documents/algoritmos/logado-utfpr-ifam/logado-students/repos_logado/barbosalevir3-rgb/aprovacao.json,aprovacao.json,while,2026-03-05 20:00:31,aprovacao.js,12,2,2026-04-01T08:13:07.902810
barbosalevir3-rgb,/home/gilmar/Documents/algoritmos/logado-utfpr-ifam/logado-students/repos_logado/barbosalevir3-rgb/aprovacao.json,aprovacao.json,if,2026-03-05 20:04:09,aprovacao.js,13,5,2026-04-01T08:13:07.902812
barbosalevir3-rgb,/home/gilmar/Documents/algoritmos/logado-utfpr-ifam/logado-students/repos_logado/barbosalevir3-rgb/aprovacao.json,aprovacao.json,alert,2026-03-05 20:04:30,aprovacao.js,14,9,2026-04-01T08:13:07.902813
barbosalevir3-rgb,/home/gilmar/Documents/algoritmos/logado-utfpr-ifam/logado-students/repos_logado/barbosalevir3-rgb/aprovacao.json,aprovacao.json,alert,2026-03-05 20:04:48,aprovacao.js,16,9,2026-04-01T08:13:07.902814
barbosalevir3-rgb,/home/gilmar/Documents/algoritmos/logado-utfpr-ifam/logado-students/repos_logado/barbosalevir3-rgb/aprovacao.json,aprovacao.json,alert,2026-03-05 20:08:50,aprovacao.js,18,9,2026-04-01T08:13:07.902816
barbosalevir3-rgb,/home/gilmar/Documents/algoritmos/logado-utfpr-ifam/logado-students/repos_logado/barbosalevir3-rgb/aprovacao.json,aprovacao.json,else,2026-03-05 20:10:22,aprovacao.js,17,6,2026-04-01T08:13:07.902817
barbosalevir3-rgb,/home/gilmar/Documents/algoritmos/logado-utfpr-ifam/logado-students/repos_logado/barbosalevir3-rgb/aprovacao.json,aprovacao.json,while,2026-03-05 20:10:59,aprovacao.js,20,2,2026-04-01T08:13:07.902819
barbosalevir3-rgb,/home/gilmar/Documents/algoritmos/logado-utfpr-ifam/logado-students/repos_logado/barbosalevir3-rgb/aprovacao.json,aprovacao.json,let,2026-03-05 20:15:36,aprovacao.js,11,9,2026-04-01T08:13:07.902820
barbosalevir3-rgb,/home/gilmar/Documents/algoritmos/logado-utfpr-ifam/logado-students/repos_logado/barbosalevir3-rgb/aprovacao.json,aprovacao.json,alert,2026-03-05 20:15:37,aprovacao.js,11,9,2026-04-01T08:13:07.902821
barbosalevir3-rgb,/home/gilmar/Documents/algoritmos/logado-utfpr-ifam/logado-students/repos_logado/barbosalevir3-rgb/aprovacao.json,aprovacao.json,alert,2026-03-05 20:19:02,aprovacao.js,13,9,2026-04-01T08:13:07.902823
barbosalevir3-rgb,/home/gilmar/Documents/algoritmos/logado-utfpr-ifam/logado-students/repos_logado/barbosalevir3-rgb/aprovacao.json,aprovacao.json,if,2026-03-05 20:22:16,aprovacao.js,12,9,2026-04-01T08:13:07.902826
barbosalevir3-rgb,/home/gilmar/Documents/algoritmos/logado-utfpr-ifam/logado-students/repos_logado/barbosalevir3-rgb/aprovacao.json,aprovacao.json,alert,2026-03-05 20:22:51,aprovacao.js,13,13,2026-04-01T08:13:07.902827
barbosalevir3-rgb,/home/gilmar/Documents/algoritmos/logado-utfpr-ifam/logado-students/repos_logado/barbosalevir3-rgb/aprovacao.json,aprovacao.json,alert,2026-03-05 20:23:07,aprovacao.js,15,13,2026-04-01T08:13:07.902828
barbosalevir3-rgb,/home/gilmar/Documents/algoritmos/logado-utfpr-ifam/logado-students/repos_logado/barbosalevir3-rgb/aprovacao.json,aprovacao.json,if,2026-03-05 20:23:13,aprovacao.js,14,15,2026-04-01T08:13:07.902830
barbosalevir3-rgb,/home/gilmar/Documents/algoritmos/logado-utfpr-ifam/logado-students/repos_logado/barbosalevir3-rgb/aprovacao.json,aprovacao.json,alert,2026-03-05 20:23:26,aprovacao.js,15,13,2026-04-01T08:13:07.902831
barbosalevir3-rgb,/home/gilmar/Documents/algoritmos/logado-utfpr-ifam/logado-students/repos_logado/barbosalevir3-rgb/aprovacao.json,aprovacao.json,while,2026-03-05 20:24:42,aprovacao.js,18,2,2026-04-01T08:13:07.902832
barbosalevir3-rgb,/home/gilmar/Documents/algoritmos/logado-utfpr-ifam/logado-students/repos_logado/barbosalevir3-rgb/aprovacao.json,aprovacao.json,while,2026-03-05 20:28:23,aprovacao.js,18,2,2026-04-01T08:13:07.902834
barbosalevir3-rgb,/home/gilmar/Documents/algoritmos/logado-utfpr-ifam/logado-students/repos_logado/barbosalevir3-rgb/aprovacao.json,aprovacao.json,while,2026-03-05 20:42:53,aprovacao.js,18,2,2026-04-01T08:13:07.902835
barbosalevir3-rgb,/home/gilmar/Documents/algoritmos/logado-utfpr-ifam/logado-students/repos_logado/barbosalevir3-rgb/aprovacao.json,aprovacao.json,do,2026-03-05 20:44:17,aprovacao.js,10,1,2026-04-01T08:13:07.902836
barbosalevir3-rgb,/home/gilmar/Documents/algoritmos/logado-utfpr-ifam/logado-students/repos_logado/barbosalevir3-rgb/aprovacao.json,aprovacao.json,let,2026-03-05 21:24:11,aprovacao.js,6,1,2026-04-01T08:13:07.902838
barbosalevir3-rgb,/home/gilmar/Documents/algoritmos/logado-utfpr-ifam/logado-students/repos_logado/barbosalevir3-rgb/aprovacao.json,aprovacao.json,let,2026-03-05 21:24:12,aprovacao.js,5,1,2026-04-01T08:13:07.902839
barbosalevir3-rgb,/home/gilmar/Documents/algoritmos/logado-utfpr-ifam/logado-students/repos_logado/barbosalevir3-rgb/aprovacao.json,aprovacao.json,prompt,2026-03-05 21:24:12,aprovacao.js,5,24,2026-04-01T08:13:07.902841
barbosalevir3-rgb,/home/gilmar/Documents/algoritmos/logado-utfpr-ifam/logado-students/repos_logado/barbosalevir3-rgb/aprovacao.json,aprovacao.json,let,2026-03-05 21:24:12,aprovacao.js,4,1,2026-04-01T08:13:07.902842
barbosalevir3-rgb,/home/gilmar/Documents/algoritmos/logado-utfpr-ifam/logado-students/repos_logado/barbosalevir3-rgb/aprovacao.json,aprovacao.json,prompt,2026-03-05 21:24:12,aprovacao.js,4,24,2026-04-01T08:13:07.902844
barbosalevir3-rgb,/home/gilmar/Documents/algoritmos/logado-utfpr-ifam/logado-students/repos_logado/barbosalevir3-rgb/aprovacao.json,aprovacao.json,else,2026-03-05 21:27:07,aprovacao.js,17,1,2026-04-01T08:13:07.902845
barbosalevir3-rgb,/home/gilmar/Documents/algoritmos/logado-utfpr-ifam/logado-students/repos_logado/barbosalevir3-rgb/aprovacao.json,aprovacao.json,alert,2026-03-05 21:27:11,aprovacao.js,18,5,2026-04-01T08:13:07.902847
barbosalevir3-rgb,/home/gilmar/Documents/algoritmos/logado-utfpr-ifam/logado-students/repos_logado/barbosalevir3-rgb/aprovacao.json,aprovacao.json,else,2026-03-05 21:33:50,aprovacao.js,16,1,2026-04-01T08:13:07.902848
barbosalevir3-rgb,/home/gilmar/Documents/algoritmos/logado-utfpr-ifam/logado-students/repos_logado/barbosalevir3-rgb/aprovacao.json,aprovacao.json,alert,2026-03-05 21:33:53,aprovacao.js,17,5,2026-04-01T08:13:07.902849
barbosalevir3-rgb,/home/gilmar/Documents/algoritmos/logado-utfpr-ifam/logado-students/repos_logado/barbosalevir3-rgb/aprovacao.json,aprovacao.json,while,2026-03-05 21:38:34,aprovacao.js,19,2,2026-04-01T08:13:07.902851
barbosalevir3-rgb,/home/gilmar/Documents/algoritmos/logado-utfpr-ifam/logado-students/repos_logado/barbosalevir3-rgb/aprovacao.json,aprovacao.json,do,2026-03-05 21:51:20,aprovacao.js,3,1,2026-04-01T08:13:07.902852
barbosalevir3-rgb,/home/gilmar/Documents/algoritmos/logado-utfpr-ifam/logado-students/repos_logado/barbosalevir3-rgb/aprovacao.json,aprovacao.json,do,2026-03-05 21:51:22,aprovacao.js,1,1,2026-04-01T08:13:07.902854
barbosalevir3-rgb,/home/gilmar/Documents/algoritmos/logado-utfpr-ifam/logado-students/repos_logado/barbosalevir3-rgb/aprovacao.json,aprovacao.json,var,2026-03-05 22:18:34,aprovacao.js,3,17,2026-04-01T08:13:07.902856
barbosalevir3-rgb,/home/gilmar/Documents/algoritmos/logado-utfpr-ifam/logado-students/repos_logado/barbosalevir3-rgb/aprovacao.json,aprovacao.json,alert,2026-03-06 19:47:34,aprovacao.js,10,5,2026-04-01T08:13:07.902857
barbosalevir3-rgb,/home/gilmar/Documents/algoritmos/logado-utfpr-ifam/logado-students/repos_logado/barbosalevir3-rgb/aprovacao.json,aprovacao.json,alert,2026-03-06 19:47:46,aprovacao.js,13,5,2026-04-01T08:13:07.902859
barbosalevir3-rgb,/home/gilmar/Documents/algoritmos/logado-utfpr-ifam/logado-students/repos_logado/barbosalevir3-rgb/aprovacao.json,aprovacao.json,alert,2026-03-06 19:48:34,aprovacao.js,22,5,2026-04-01T08:13:07.902860
barbosalevir3-rgb,/home/gilmar/Documents/algoritmos/logado-utfpr-ifam/logado-students/repos_logado/barbosalevir3-rgb/aprovacao.json,aprovacao.json,do,2026-03-06 20:03:16,aprovacao.js,3,1,2026-04-01T08:13:07.902862
barbosalevir3-rgb,/home/gilmar/Documents/algoritmos/logado-utfpr-ifam/logado-students/repos_logado/barbosalevir3-rgb/aprovacao.json,aprovacao.json,do,2026-03-06 20:10:06,aprovacao.js,1,1,2026-04-01T08:13:07.902863
barbosalevir3-rgb,/home/gilmar/Documents/algoritmos/logado-utfpr-ifam/logado-students/repos_logado/barbosalevir3-rgb/aprovacao.json,aprovacao.json,var,2026-03-06 20:10:10,aprovacao.js,2,5,2026-04-01T08:13:07.902864
barbosalevir3-rgb,/home/gilmar/Documents/algoritmos/logado-utfpr-ifam/logado-students/repos_logado/barbosalevir3-rgb/aprovacao.json,aprovacao.json,alert,2026-03-06 20:14:20,aprovacao.js,23,5,2026-04-01T08:13:07.902866
barbosalevir3-rgb,/home/gilmar/Documents/algoritmos/logado-utfpr-ifam/logado-students/repos_logado/barbosalevir3-rgb/aprovacao.json,aprovacao.json,var,2026-03-06 20:18:17,aprovacao.js,7,1,2026-04-01T08:13:07.902867
barbosalevir3-rgb,/home/gilmar/Documents/algoritmos/logado-utfpr-ifam/logado-students/repos_logado/barbosalevir3-rgb/aprovacao.json,aprovacao.json,while,2026-03-06 21:36:23,aprovacao.js,24,2,2026-04-01T08:13:07.902869
barbosalevir3-rgb,/home/gilmar/Documents/algoritmos/logado-utfpr-ifam/logado-students/repos_logado/barbosalevir3-rgb/aprovacao.json,aprovacao.json,if,2026-03-06 21:36:23,aprovacao.js,24,61,2026-04-01T08:13:07.902871
barbosalevir3-rgb,/home/gilmar/Documents/algoritmos/logado-utfpr-ifam/logado-students/repos_logado/barbosalevir3-rgb/aprovacao.json,aprovacao.json,else,2026-03-06 21:36:23,aprovacao.js,24,64,2026-04-01T08:13:07.902872
barbosalevir3-rgb,/home/gilmar/Documents/algoritmos/logado-utfpr-ifam/logado-students/repos_logado/barbosalevir3-rgb/inserto02.json,inserto02.json,function,2026-03-25 19:52:49,inserto02.js,1,1,2026-04-01T08:13:07.902949
barbosalevir3-rgb,/home/gilmar/Documents/algoritmos/logado-utfpr-ifam/logado-students/repos_logado/barbosalevir3-rgb/inserto02.json,inserto02.json,for,2026-03-25 19:52:49,inserto02.js,2,1,2026-04-01T08:13:07.902951
barbosalevir3-rgb,/home/gilmar/Documents/algoritmos/logado-utfpr-ifam/logado-students/repos_logado/barbosalevir3-rgb/inserto02.json,inserto02.json,let,2026-03-25 19:52:49,inserto02.js,2,6,2026-04-01T08:13:07.902952
barbosalevir3-rgb,/home/gilmar/Documents/algoritmos/logado-utfpr-ifam/logado-students/repos_logado/barbosalevir3-rgb/inserto02.json,inserto02.json,length,2026-03-25 19:52:49,inserto02.js,2,25,2026-04-01T08:13:07.902955
barbosalevir3-rgb,/home/gilmar/Documents/algoritmos/logado-utfpr-ifam/logado-students/repos_logado/barbosalevir3-rgb/inserto02.json,inserto02.json,let,2026-03-25 19:52:49,inserto02.js,2,6,2026-04-01T08:13:07.902957
barbosalevir3-rgb,/home/gilmar/Documents/algoritmos/logado-utfpr-ifam/logado-students/repos_logado/barbosalevir3-rgb/inserto02.json,inserto02.json,let,2026-03-25 19:52:49,inserto02.js,2,6,2026-04-01T08:13:07.902958
barbosalevir3-rgb,/home/gilmar/Documents/algoritmos/logado-utfpr-ifam/logado-students/repos_logado/barbosalevir3-rgb/inserto02.json,inserto02.json,while,2026-03-25 19:52:49,inserto02.js,7,1,2026-04-01T08:13:07.902962
barbosalevir3-rgb,/home/gilmar/Documents/algoritmos/logado-utfpr-ifam/logado-students/repos_logado/barbosalevir3-rgb/inserto02.json,inserto02.json,return,2026-03-25 19:52:49,inserto02.js,15,1,2026-04-01T08:13:07.902964
barbosalevir3-rgb,/home/gilmar/Documents/algoritmos/logado-utfpr-ifam/logado-students/repos_logado/barbosalevir3-rgb/inserto02.json,inserto02.json,const,2026-03-25 19:52:49,inserto02.js,19,1,2026-04-01T08:13:07.902965
barbosalevir3-rgb,/home/gilmar/Documents/algoritmos/logado-utfpr-ifam/logado-students/repos_logado/barbosalevir3-rgb/inserto02.json,inserto02.json,console,2026-03-25 19:52:49,inserto02.js,20,1,2026-04-01T08:13:07.902966
barbosalevir3-rgb,/home/gilmar/Documents/algoritmos/logado-utfpr-ifam/logado-students/repos_logado/barbosalevir3-rgb/inserto02.json,inserto02.json,log,2026-03-25 19:52:49,inserto02.js,20,9,2026-04-01T08:13:07.902968
barbosalevir3-rgb,/home/gilmar/Documents/algoritmos/logado-utfpr-ifam/logado-students/repos_logado/barbosalevir3-rgb/inserto02.json,inserto02.json,console,2026-03-25 19:52:49,inserto02.js,20,1,2026-04-01T08:13:07.902970
barbosalevir3-rgb,/home/gilmar/Documents/algoritmos/logado-utfpr-ifam/logado-students/repos_logado/barbosalevir3-rgb/inserto02.json,inserto02.json,log,2026-03-25 19:52:49,inserto02.js,20,9,2026-04-01T08:13:07.902971
barbosalevir3-rgb,/home/gilmar/Documents/algoritmos/logado-utfpr-ifam/logado-students/repos_logado/barbosalevir3-rgb/inserto02.json,inserto02.json,function,2026-03-25 19:54:07,inserto02.js,1,1,2026-04-01T08:13:07.902973
barbosalevir3-rgb,/home/gilmar/Documents/algoritmos/logado-utfpr-ifam/logado-students/repos_logado/barbosalevir3-rgb/inserto02.json,inserto02.json,length,2026-03-25 19:54:07,inserto02.js,3,26,2026-04-01T08:13:07.902975
barbosalevir3-rgb,/home/gilmar/Documents/algoritmos/logado-utfpr-ifam/logado-students/repos_logado/barbosalevir3-rgb/inserto02.json,inserto02.json,let,2026-03-25 19:54:07,inserto02.js,4,5,2026-04-01T08:13:07.902977
barbosalevir3-rgb,/home/gilmar/Documents/algoritmos/logado-utfpr-ifam/logado-students/repos_logado/barbosalevir3-rgb/inserto02.json,inserto02.json,length,2026-03-25 19:54:07,inserto02.js,3,26,2026-04-01T08:13:07.902979
barbosalevir3-rgb,/home/gilmar/Documents/algoritmos/logado-utfpr-ifam/logado-students/repos_logado/barbosalevir3-rgb/inserto02.json,inserto02.json,let,2026-03-25 19:54:07,inserto02.js,4,5,2026-04-01T08:13:07.902980
barbosalevir3-rgb,/home/gilmar/Documents/algoritmos/logado-utfpr-ifam/logado-students/repos_logado/barbosalevir3-rgb/inserto02.json,inserto02.json,let,2026-03-25 19:54:07,inserto02.js,4,5,2026-04-01T08:13:07.902981
barbosalevir3-rgb,/home/gilmar/Documents/algoritmos/logado-utfpr-ifam/logado-students/repos_logado/barbosalevir3-rgb/inserto02.json,inserto02.json,for,2026-03-25 19:54:07,inserto02.js,12,25,2026-04-01T08:13:07.902983
barbosalevir3-rgb,/home/gilmar/Documents/algoritmos/logado-utfpr-ifam/logado-students/repos_logado/barbosalevir3-rgb/inserto02.json,inserto02.json,for,2026-03-25 19:54:07,inserto02.js,12,25,2026-04-01T08:13:07.902984
barbosalevir3-rgb,/home/gilmar/Documents/algoritmos/logado-utfpr-ifam/logado-students/repos_logado/barbosalevir3-rgb/inserto02.json,inserto02.json,const,2026-03-25 19:54:07,inserto02.js,28,1,2026-04-01T08:13:07.902985
barbosalevir3-rgb,/home/gilmar/Documents/algoritmos/logado-utfpr-ifam/logado-students/repos_logado/barbosalevir3-rgb/inserto02.json,inserto02.json,console,2026-03-25 19:54:07,inserto02.js,31,1,2026-04-01T08:13:07.902988
barbosalevir3-rgb,/home/gilmar/Documents/algoritmos/logado-utfpr-ifam/logado-students/repos_logado/barbosalevir3-rgb/inserto02.json,inserto02.json,log,2026-03-25 19:54:07,inserto02.js,31,9,2026-04-01T08:13:07.902990
barbosalevir3-rgb,/home/gilmar/Documents/algoritmos/logado-utfpr-ifam/logado-students/repos_logado/barbosalevir3-rgb/inserto02.json,inserto02.json,function,2026-03-25 19:54:07,inserto02.js,1,1,2026-04-01T08:13:07.902991
barbosalevir3-rgb,/home/gilmar/Documents/algoritmos/logado-utfpr-ifam/logado-students/repos_logado/barbosalevir3-rgb/inserto02.json,inserto02.json,console,2026-03-25 19:54:07,inserto02.js,31,1,2026-04-01T08:13:07.902993
barbosalevir3-rgb,/home/gilmar/Documents/algoritmos/logado-utfpr-ifam/logado-students/repos_logado/barbosalevir3-rgb/inserto02.json,inserto02.json,log,2026-03-25 19:54:07,inserto02.js,31,9,2026-04-01T08:13:07.902995
barbosalevir3-rgb,/home/gilmar/Documents/algoritmos/logado-utfpr-ifam/logado-students/repos_logado/barbosalevir3-rgb/inserto02.json,inserto02.json,function,2026-03-25 19:55:34,inserto02.js,1,1,2026-04-01T08:13:07.902997
barbosalevir3-rgb,/home/gilmar/Documents/algoritmos/logado-utfpr-ifam/logado-students/repos_logado/barbosalevir3-rgb/inserto02.json,inserto02.json,let,2026-03-25 19:55:34,inserto02.js,2,5,2026-04-01T08:13:07.902998
barbosalevir3-rgb,/home/gilmar/Documents/algoritmos/logado-utfpr-ifam/logado-students/repos_logado/barbosalevir3-rgb/inserto02.json,inserto02.json,length,2026-03-25 19:55:34,inserto02.js,2,17,2026-04-01T08:13:07.902999
barbosalevir3-rgb,/home/gilmar/Documents/algoritmos/logado-utfpr-ifam/logado-students/repos_logado/barbosalevir3-rgb/inserto02.json,inserto02.json,for,2026-03-25 19:55:34,inserto02.js,4,5,2026-04-01T08:13:07.903001
barbosalevir3-rgb,/home/gilmar/Documents/algoritmos/logado-utfpr-ifam/logado-students/repos_logado/barbosalevir3-rgb/inserto02.json,inserto02.json,let,2026-03-25 19:55:34,inserto02.js,2,5,2026-04-01T08:13:07.903002
barbosalevir3-rgb,/home/gilmar/Documents/algoritmos/logado-utfpr-ifam/logado-students/repos_logado/barbosalevir3-rgb/inserto02.json,inserto02.json,let,2026-03-25 19:55:34,inserto02.js,2,5,2026-04-01T08:13:07.903003
barbosalevir3-rgb,/home/gilmar/Documents/algoritmos/logado-utfpr-ifam/logado-students/repos_logado/barbosalevir3-rgb/inserto02.json,inserto02.json,let,2026-03-25 19:55:34,inserto02.js,2,5,2026-04-01T08:13:07.903005
barbosalevir3-rgb,/home/gilmar/Documents/algoritmos/logado-utfpr-ifam/logado-students/repos_logado/barbosalevir3-rgb/inserto02.json,inserto02.json,while,2026-03-25 19:55:34,inserto02.js,8,9,2026-04-01T08:13:07.903006
barbosalevir3-rgb,/home/gilmar/Documents/algoritmos/logado-utfpr-ifam/logado-students/repos_logado/barbosalevir3-rgb/inserto02.json,inserto02.json,const,2026-03-25 19:55:34,inserto02.js,18,1,2026-04-01T08:13:07.903007
barbosalevir3-rgb,/home/gilmar/Documents/algoritmos/logado-utfpr-ifam/logado-students/repos_logado/barbosalevir3-rgb/inserto02.json,inserto02.json,console,2026-03-25 19:55:34,inserto02.js,19,1,2026-04-01T08:13:07.903009
barbosalevir3-rgb,/home/gilmar/Documents/algoritmos/logado-utfpr-ifam/logado-students/repos_logado/barbosalevir3-rgb/inserto02.json,inserto02.json,log,2026-03-25 19:55:34,inserto02.js,19,9,2026-04-01T08:13:07.903010
barbosalevir3-rgb,/home/gilmar/Documents/algoritmos/logado-utfpr-ifam/logado-students/repos_logado/barbosalevir3-rgb/inserto02.json,inserto02.json,console,2026-03-25 19:55:34,inserto02.js,19,1,2026-04-01T08:13:07.903012
barbosalevir3-rgb,/home/gilmar/Documents/algoritmos/logado-utfpr-ifam/logado-students/repos_logado/barbosalevir3-rgb/inserto02.json,inserto02.json,log,2026-03-25 19:55:34,inserto02.js,19,9,2026-04-01T08:13:07.903013
barbosalevir3-rgb,/home/gilmar/Documents/algoritmos/logado-utfpr-ifam/logado-students/repos_logado/barbosalevir3-rgb/inserto02.json,inserto02.json,function,2026-03-25 19:56:54,inserto02.js,1,1,2026-04-01T08:13:07.903014
barbosalevir3-rgb,/home/gilmar/Documents/algoritmos/logado-utfpr-ifam/logado-students/repos_logado/barbosalevir3-rgb/inserto02.json,inserto02.json,let,2026-03-25 19:56:54,inserto02.js,2,5,2026-04-01T08:13:07.903016
barbosalevir3-rgb,/home/gilmar/Documents/algoritmos/logado-utfpr-ifam/logado-students/repos_logado/barbosalevir3-rgb/inserto02.json,inserto02.json,length,2026-03-25 19:56:54,inserto02.js,2,17,2026-04-01T08:13:07.903017
barbosalevir3-rgb,/home/gilmar/Documents/algoritmos/logado-utfpr-ifam/logado-students/repos_logado/barbosalevir3-rgb/inserto02.json,inserto02.json,for,2026-03-25 19:56:54,inserto02.js,4,5,2026-04-01T08:13:07.903019
barbosalevir3-rgb,/home/gilmar/Documents/algoritmos/logado-utfpr-ifam/logado-students/repos_logado/barbosalevir3-rgb/inserto02.json,inserto02.json,let,2026-03-25 19:56:54,inserto02.js,2,5,2026-04-01T08:13:07.903020
barbosalevir3-rgb,/home/gilmar/Documents/algoritmos/logado-utfpr-ifam/logado-students/repos_logado/barbosalevir3-rgb/inserto02.json,inserto02.json,do,2026-03-25 19:56:54,inserto02.js,4,45,2026-04-01T08:13:07.903023
barbosalevir3-rgb,/home/gilmar/Documents/algoritmos/logado-utfpr-ifam/logado-students/repos_logado/barbosalevir3-rgb/inserto02.json,inserto02.json,let,2026-03-25 19:56:54,inserto02.js,2,5,2026-04-01T08:13:07.903024
barbosalevir3-rgb,/home/gilmar/Documents/algoritmos/logado-utfpr-ifam/logado-students/repos_logado/barbosalevir3-rgb/inserto02.json,inserto02.json,let,2026-03-25 19:56:54,inserto02.js,2,5,2026-04-01T08:13:07.903025
barbosalevir3-rgb,/home/gilmar/Documents/algoritmos/logado-utfpr-ifam/logado-students/repos_logado/barbosalevir3-rgb/inserto02.json,inserto02.json,while,2026-03-25 19:56:54,inserto02.js,8,9,2026-04-01T08:13:07.903027
barbosalevir3-rgb,/home/gilmar/Documents/algoritmos/logado-utfpr-ifam/logado-students/repos_logado/barbosalevir3-rgb/inserto02.json,inserto02.json,function,2026-03-25 20:08:54,inserto02.js,1,1,2026-04-01T08:13:07.903028
barbosalevir3-rgb,/home/gilmar/Documents/algoritmos/logado-utfpr-ifam/logado-students/repos_logado/barbosalevir3-rgb/inserto02.json,inserto02.json,let,2026-03-25 20:08:54,inserto02.js,2,5,2026-04-01T08:13:07.903030
barbosalevir3-rgb,/home/gilmar/Documents/algoritmos/logado-utfpr-ifam/logado-students/repos_logado/barbosalevir3-rgb/inserto02.json,inserto02.json,length,2026-03-25 20:08:54,inserto02.js,2,17,2026-04-01T08:13:07.903031
barbosalevir3-rgb,/home/gilmar/Documents/algoritmos/logado-utfpr-ifam/logado-students/repos_logado/barbosalevir3-rgb/inserto02.json,inserto02.json,for,2026-03-25 20:08:54,inserto02.js,4,5,2026-04-01T08:13:07.903032
barbosalevir3-rgb,/home/gilmar/Documents/algoritmos/logado-utfpr-ifam/logado-students/repos_logado/barbosalevir3-rgb/inserto02.json,inserto02.json,let,2026-03-25 20:08:54,inserto02.js,2,5,2026-04-01T08:13:07.903034
barbosalevir3-rgb,/home/gilmar/Documents/algoritmos/logado-utfpr-ifam/logado-students/repos_logado/barbosalevir3-rgb/inserto02.json,inserto02.json,let,2026-03-25 20:08:54,inserto02.js,2,5,2026-04-01T08:13:07.903035
barbosalevir3-rgb,/home/gilmar/Documents/algoritmos/logado-utfpr-ifam/logado-students/repos_logado/barbosalevir3-rgb/inserto02.json,inserto02.json,let,2026-03-25 20:08:54,inserto02.js,2,5,2026-04-01T08:13:07.903037
barbosalevir3-rgb,/home/gilmar/Documents/algoritmos/logado-utfpr-ifam/logado-students/repos_logado/barbosalevir3-rgb/inserto02.json,inserto02.json,while,2026-03-25 20:08:54,inserto02.js,8,9,2026-04-01T08:13:07.903038
barbosalevir3-rgb,/home/gilmar/Documents/algoritmos/logado-utfpr-ifam/logado-students/repos_logado/barbosalevir3-rgb/inserto02.json,inserto02.json,const,2026-03-25 20:08:54,inserto02.js,18,1,2026-04-01T08:13:07.903039
barbosalevir3-rgb,/home/gilmar/Documents/algoritmos/logado-utfpr-ifam/logado-students/repos_logado/barbosalevir3-rgb/inserto02.json,inserto02.json,console,2026-03-25 20:08:54,inserto02.js,19,1,2026-04-01T08:13:07.903041
barbosalevir3-rgb,/home/gilmar/Documents/algoritmos/logado-utfpr-ifam/logado-students/repos_logado/barbosalevir3-rgb/inserto02.json,inserto02.json,log,2026-03-25 20:08:54,inserto02.js,19,9,2026-04-01T08:13:07.903042
barbosalevir3-rgb,/home/gilmar/Documents/algoritmos/logado-utfpr-ifam/logado-students/repos_logado/barbosalevir3-rgb/inserto02.json,inserto02.json,console,2026-03-25 20:08:54,inserto02.js,19,1,2026-04-01T08:13:07.903043
barbosalevir3-rgb,/home/gilmar/Documents/algoritmos/logado-utfpr-ifam/logado-students/repos_logado/barbosalevir3-rgb/inserto02.json,inserto02.json,log,2026-03-25 20:08:54,inserto02.js,19,9,2026-04-01T08:13:07.903045
barbosalevir3-rgb,/home/gilmar/Documents/algoritmos/logado-utfpr-ifam/logado-students/repos_logado/barbosalevir3-rgb/inserto02.json,inserto02.json,function,2026-03-25 20:08:54,inserto02.js,1,1,2026-04-01T08:13:07.903046
barbosalevir3-rgb,/home/gilmar/Documents/algoritmos/logado-utfpr-ifam/logado-students/repos_logado/barbosalevir3-rgb/inserto02.json,inserto02.json,length,2026-03-25 20:08:54,inserto02.js,3,26,2026-04-01T08:13:07.903048
barbosalevir3-rgb,/home/gilmar/Documents/algoritmos/logado-utfpr-ifam/logado-students/repos_logado/barbosalevir3-rgb/inserto02.json,inserto02.json,let,2026-03-25 20:08:54,inserto02.js,4,5,2026-04-01T08:13:07.903051
barbosalevir3-rgb,/home/gilmar/Documents/algoritmos/logado-utfpr-ifam/logado-students/repos_logado/barbosalevir3-rgb/inserto02.json,inserto02.json,length,2026-03-25 20:08:54,inserto02.js,3,26,2026-04-01T08:13:07.903053
barbosalevir3-rgb,/home/gilmar/Documents/algoritmos/logado-utfpr-ifam/logado-students/repos_logado/barbosalevir3-rgb/inserto02.json,inserto02.json,let,2026-03-25 20:08:54,inserto02.js,4,5,2026-04-01T08:13:07.903055
barbosalevir3-rgb,/home/gilmar/Documents/algoritmos/logado-utfpr-ifam/logado-students/repos_logado/barbosalevir3-rgb/inserto02.json,inserto02.json,let,2026-03-25 20:08:54,inserto02.js,4,5,2026-04-01T08:13:07.903056
barbosalevir3-rgb,/home/gilmar/Documents/algoritmos/logado-utfpr-ifam/logado-students/repos_logado/barbosalevir3-rgb/inserto02.json,inserto02.json,for,2026-03-25 20:08:54,inserto02.js,12,25,2026-04-01T08:13:07.903057
barbosalevir3-rgb,/home/gilmar/Documents/algoritmos/logado-utfpr-ifam/logado-students/repos_logado/barbosalevir3-rgb/inserto02.json,inserto02.json,for,2026-03-25 20:08:54,inserto02.js,12,25,2026-04-01T08:13:07.903059
barbosalevir3-rgb,/home/gilmar/Documents/algoritmos/logado-utfpr-ifam/logado-students/repos_logado/barbosalevir3-rgb/inserto02.json,inserto02.json,const,2026-03-25 20:08:54,inserto02.js,28,1,2026-04-01T08:13:07.903060
barbosalevir3-rgb,/home/gilmar/Documents/algoritmos/logado-utfpr-ifam/logado-students/repos_logado/barbosalevir3-rgb/inserto02.json,inserto02.json,alert,2026-03-25 20:08:54,inserto02.js,31,1,2026-04-01T08:13:07.903061
barbosalevir3-rgb,/home/gilmar/Documents/algoritmos/logado-utfpr-ifam/logado-students/repos_logado/barbosalevir3-rgb/inserto02.json,inserto02.json,function,2026-03-25 20:08:54,inserto02.js,1,1,2026-04-01T08:13:07.903063
barbosalevir3-rgb,/home/gilmar/Documents/algoritmos/logado-utfpr-ifam/logado-students/repos_logado/barbosalevir3-rgb/inserto02.json,inserto02.json,alert,2026-03-25 20:08:54,inserto02.js,31,1,2026-04-01T08:13:07.903064
barbosalevir3-rgb,/home/gilmar/Documents/algoritmos/logado-utfpr-ifam/logado-students/repos_logado/barbosalevir3-rgb/inserto02.json,inserto02.json,console,2026-03-25 20:08:56,inserto02.js,37,1,2026-04-01T08:13:07.903066
barbosalevir3-rgb,/home/gilmar/Documents/algoritmos/logado-utfpr-ifam/logado-students/repos_logado/barbosalevir3-rgb/inserto02.json,inserto02.json,log,2026-03-25 20:08:56,inserto02.js,37,9,2026-04-01T08:13:07.903067
barbosalevir3-rgb,/home/gilmar/Documents/algoritmos/logado-utfpr-ifam/logado-students/repos_logado/barbosalevir3-rgb/inserto02.json,inserto02.json,console,2026-03-25 20:08:56,inserto02.js,31,1,2026-04-01T08:13:07.903068
barbosalevir3-rgb,/home/gilmar/Documents/algoritmos/logado-utfpr-ifam/logado-students/repos_logado/barbosalevir3-rgb/inserto02.json,inserto02.json,log,2026-03-25 20:08:56,inserto02.js,31,9,2026-04-01T08:13:07.903070
barbosalevir3-rgb,/home/gilmar/Documents/algoritmos/logado-utfpr-ifam/logado-students/repos_logado/barbosalevir3-rgb/inserto02.json,inserto02.json,function,2026-03-25 20:08:57,inserto02.js,1,1,2026-04-01T08:13:07.903071
barbosalevir3-rgb,/home/gilmar/Documents/algoritmos/logado-utfpr-ifam/logado-students/repos_logado/barbosalevir3-rgb/inserto02.json,inserto02.json,for,2026-03-25 20:08:57,inserto02.js,2,1,2026-04-01T08:13:07.903072
barbosalevir3-rgb,/home/gilmar/Documents/algoritmos/logado-utfpr-ifam/logado-students/repos_logado/barbosalevir3-rgb/inserto02.json,inserto02.json,let,2026-03-25 20:08:57,inserto02.js,2,6,2026-04-01T08:13:07.903074
barbosalevir3-rgb,/home/gilmar/Documents/algoritmos/logado-utfpr-ifam/logado-students/repos_logado/barbosalevir3-rgb/inserto02.json,inserto02.json,length,2026-03-25 20:08:57,inserto02.js,2,25,2026-04-01T08:13:07.903075
barbosalevir3-rgb,/home/gilmar/Documents/algoritmos/logado-utfpr-ifam/logado-students/repos_logado/barbosalevir3-rgb/inserto02.json,inserto02.json,let,2026-03-25 20:08:57,inserto02.js,2,6,2026-04-01T08:13:07.903076
barbosalevir3-rgb,/home/gilmar/Documents/algoritmos/logado-utfpr-ifam/logado-students/repos_logado/barbosalevir3-rgb/inserto02.json,inserto02.json,let,2026-03-25 20:08:57,inserto02.js,2,6,2026-04-01T08:13:07.903078
barbosalevir3-rgb,/home/gilmar/Documents/algoritmos/logado-utfpr-ifam/logado-students/repos_logado/barbosalevir3-rgb/inserto02.json,inserto02.json,while,2026-03-25 20:08:57,inserto02.js,7,1,2026-04-01T08:13:07.903081
barbosalevir3-rgb,/home/gilmar/Documents/algoritmos/logado-utfpr-ifam/logado-students/repos_logado/barbosalevir3-rgb/inserto02.json,inserto02.json,return,2026-03-25 20:08:57,inserto02.js,15,1,2026-04-01T08:13:07.903084
barbosalevir3-rgb,/home/gilmar/Documents/algoritmos/logado-utfpr-ifam/logado-students/repos_logado/barbosalevir3-rgb/inserto02.json,inserto02.json,const,2026-03-25 20:08:57,inserto02.js,19,1,2026-04-01T08:13:07.903085
barbosalevir3-rgb,/home/gilmar/Documents/algoritmos/logado-utfpr-ifam/logado-students/repos_logado/barbosalevir3-rgb/inserto02.json,inserto02.json,console,2026-03-25 20:08:57,inserto02.js,20,1,2026-04-01T08:13:07.903087
barbosalevir3-rgb,/home/gilmar/Documents/algoritmos/logado-utfpr-ifam/logado-students/repos_logado/barbosalevir3-rgb/inserto02.json,inserto02.json,log,2026-03-25 20:08:57,inserto02.js,20,9,2026-04-01T08:13:07.903088
barbosalevir3-rgb,/home/gilmar/Documents/algoritmos/logado-utfpr-ifam/logado-students/repos_logado/barbosalevir3-rgb/inserto02.json,inserto02.json,console,2026-03-25 20:08:57,inserto02.js,20,1,2026-04-01T08:13:07.903090
barbosalevir3-rgb,/home/gilmar/Documents/algoritmos/logado-utfpr-ifam/logado-students/repos_logado/barbosalevir3-rgb/inserto02.json,inserto02.json,log,2026-03-25 20:08:57,inserto02.js,20,9,2026-04-01T08:13:07.903091
barbosalevir3-rgb,/home/gilmar/Documents/algoritmos/logado-utfpr-ifam/logado-students/repos_logado/barbosalevir3-rgb/inserto02.json,inserto02.json,function,2026-03-25 20:09:01,inserto02.js,1,1,2026-04-01T08:13:07.903093
barbosalevir3-rgb,/home/gilmar/Documents/algoritmos/logado-utfpr-ifam/logado-students/repos_logado/barbosalevir3-rgb/inserto02.json,inserto02.json,for,2026-03-25 20:09:01,inserto02.js,2,1,2026-04-01T08:13:07.903094
barbosalevir3-rgb,/home/gilmar/Documents/algoritmos/logado-utfpr-ifam/logado-students/repos_logado/barbosalevir3-rgb/inserto02.json,inserto02.json,let,2026-03-25 20:09:01,inserto02.js,2,6,2026-04-01T08:13:07.903095
barbosalevir3-rgb,/home/gilmar/Documents/algoritmos/logado-utfpr-ifam/logado-students/repos_logado/barbosalevir3-rgb/inserto02.json,inserto02.json,length,2026-03-25 20:09:01,inserto02.js,2,25,2026-04-01T08:13:07.903097
barbosalevir3-rgb,/home/gilmar/Documents/algoritmos/logado-utfpr-ifam/logado-students/repos_logado/barbosalevir3-rgb/inserto02.json,inserto02.json,let,2026-03-25 20:09:01,inserto02.js,2,6,2026-04-01T08:13:07.903098
barbosalevir3-rgb,/home/gilmar/Documents/algoritmos/logado-utfpr-ifam/logado-students/repos_logado/barbosalevir3-rgb/inserto02.json,inserto02.json,let,2026-03-25 20:09:01,inserto02.js,2,6,2026-04-01T08:13:07.903099
barbosalevir3-rgb,/home/gilmar/Documents/algoritmos/logado-utfpr-ifam/logado-students/repos_logado/barbosalevir3-rgb/inserto02.json,inserto02.json,while,2026-03-25 20:09:01,inserto02.js,7,1,2026-04-01T08:13:07.903101
barbosalevir3-rgb,/home/gilmar/Documents/algoritmos/logado-utfpr-ifam/logado-students/repos_logado/barbosalevir3-rgb/inserto02.json,inserto02.json,return,2026-03-25 20:09:01,inserto02.js,15,1,2026-04-01T08:13:07.903103
barbosalevir3-rgb,/home/gilmar/Documents/algoritmos/logado-utfpr-ifam/logado-students/repos_logado/barbosalevir3-rgb/inserto02.json,inserto02.json,const,2026-03-25 20:09:01,inserto02.js,19,1,2026-04-01T08:13:07.903104
barbosalevir3-rgb,/home/gilmar/Documents/algoritmos/logado-utfpr-ifam/logado-students/repos_logado/barbosalevir3-rgb/inserto02.json,inserto02.json,console,2026-03-25 20:09:01,inserto02.js,20,1,2026-04-01T08:13:07.903105
barbosalevir3-rgb,/home/gilmar/Documents/algoritmos/logado-utfpr-ifam/logado-students/repos_logado/barbosalevir3-rgb/inserto02.json,inserto02.json,log,2026-03-25 20:09:01,inserto02.js,20,9,2026-04-01T08:13:07.903107
barbosalevir3-rgb,/home/gilmar/Documents/algoritmos/logado-utfpr-ifam/logado-students/repos_logado/barbosalevir3-rgb/inserto02.json,inserto02.json,console,2026-03-25 20:09:01,inserto02.js,20,1,2026-04-01T08:13:07.903108
barbosalevir3-rgb,/home/gilmar/Documents/algoritmos/logado-utfpr-ifam/logado-students/repos_logado/barbosalevir3-rgb/inserto02.json,inserto02.json,log,2026-03-25 20:09:01,inserto02.js,20,9,2026-04-01T08:13:07.903109
barbosalevir3-rgb,/home/gilmar/Documents/algoritmos/logado-utfpr-ifam/logado-students/repos_logado/barbosalevir3-rgb/copa.json,copa.json,for,2026-02-26 20:22:05,copa.js,2,1,2026-04-01T08:13:07.903142
barbosalevir3-rgb,/home/gilmar/Documents/algoritmos/logado-utfpr-ifam/logado-students/repos_logado/barbosalevir3-rgb/copa.json,copa.json,alert,2026-02-26 20:46:50,copa.js,5,2,2026-04-01T08:13:07.903144
barbosalevir3-rgb,/home/gilmar/Documents/algoritmos/logado-utfpr-ifam/logado-students/repos_logado/barbosalevir3-rgb/copa.json,copa.json,for,2026-02-26 20:53:49,copa.js,7,1,2026-04-01T08:13:07.903145
barbosalevir3-rgb,/home/gilmar/Documents/algoritmos/logado-utfpr-ifam/logado-students/repos_logado/barbosalevir3-rgb/copa.json,copa.json,alert,2026-02-26 20:54:52,copa.js,11,1,2026-04-01T08:13:07.903148
barbosalevir3-rgb,/home/gilmar/Documents/algoritmos/logado-utfpr-ifam/logado-students/repos_logado/barbosalevir3-rgb/copa.json,copa.json,alert,2026-02-26 21:27:31,copa.js,12,1,2026-04-01T08:13:07.903149
barbosalevir3-rgb,/home/gilmar/Documents/algoritmos/logado-utfpr-ifam/logado-students/repos_logado/barbosalevir3-rgb/copa.json,copa.json,alert,2026-02-26 21:33:44,copa.js,4,5,2026-04-01T08:13:07.903151
barbosalevir3-rgb,/home/gilmar/Documents/algoritmos/logado-utfpr-ifam/logado-students/repos_logado/barbosalevir3-rgb/copa.json,copa.json,if,2026-02-26 21:34:14,copa.js,4,5,2026-04-01T08:13:07.903152
barbosalevir3-rgb,/home/gilmar/Documents/algoritmos/logado-utfpr-ifam/logado-students/repos_logado/barbosalevir3-rgb/copa.json,copa.json,alert,2026-02-26 21:34:22,copa.js,4,5,2026-04-01T08:13:07.903153
barbosalevir3-rgb,/home/gilmar/Documents/algoritmos/logado-utfpr-ifam/logado-students/repos_logado/barbosalevir3-rgb/copa.json,copa.json,if,2026-02-26 21:36:18,copa.js,5,5,2026-04-01T08:13:07.903155
barbosalevir3-rgb,/home/gilmar/Documents/algoritmos/logado-utfpr-ifam/logado-students/repos_logado/barbosalevir3-rgb/copa.json,copa.json,alert,2026-02-26 21:37:08,copa.js,6,9,2026-04-01T08:13:07.903156
barbosalevir3-rgb,/home/gilmar/Documents/algoritmos/logado-utfpr-ifam/logado-students/repos_logado/barbosalevir3-rgb/copa.json,copa.json,if,2026-02-26 21:37:51,copa.js,7,11,2026-04-01T08:13:07.903157
barbosalevir3-rgb,/home/gilmar/Documents/algoritmos/logado-utfpr-ifam/logado-students/repos_logado/barbosalevir3-rgb/copa.json,copa.json,alert,2026-02-26 21:38:32,copa.js,8,9,2026-04-01T08:13:07.903159
barbosalevir3-rgb,/home/gilmar/Documents/algoritmos/logado-utfpr-ifam/logado-students/repos_logado/barbosalevir3-rgb/copa.json,copa.json,for,2026-02-26 21:41:10,copa.js,2,1,2026-04-01T08:13:07.903160
barbosalevir3-rgb,/home/gilmar/Documents/algoritmos/logado-utfpr-ifam/logado-students/repos_logado/barbosalevir3-rgb/copa.json,copa.json,if,2026-02-26 21:41:55,copa.js,3,5,2026-04-01T08:13:07.903161
barbosalevir3-rgb,/home/gilmar/Documents/algoritmos/logado-utfpr-ifam/logado-students/repos_logado/barbosalevir3-rgb/for.json,for.json,for,2026-02-20 21:18:05,for.js,1,1,2026-04-01T08:13:07.903178
barbosalevir3-rgb,/home/gilmar/Documents/algoritmos/logado-utfpr-ifam/logado-students/repos_logado/barbosalevir3-rgb/for.json,for.json,for,2026-02-20 21:23:38,for.js,4,1,2026-04-01T08:13:07.903179
barbosalevir3-rgb,/home/gilmar/Documents/algoritmos/logado-utfpr-ifam/logado-students/repos_logado/barbosalevir3-rgb/for.json,for.json,for,2026-02-20 21:25:37,for.js,7,1,2026-04-01T08:13:07.903181
barbosalevir3-rgb,/home/gilmar/Documents/algoritmos/logado-utfpr-ifam/logado-students/repos_logado/barbosalevir3-rgb/for.json,for.json,alert,2026-02-20 21:29:20,for.js,8,5,2026-04-01T08:13:07.903182
barbosalevir3-rgb,/home/gilmar/Documents/algoritmos/logado-utfpr-ifam/logado-students/repos_logado/barbosalevir3-rgb/decremento.json,decremento.json,let,2026-03-06 22:03:47,decremento.js,1,1,2026-04-01T08:13:07.903199
barbosalevir3-rgb,/home/gilmar/Documents/algoritmos/logado-utfpr-ifam/logado-students/repos_logado/barbosalevir3-rgb/decremento.json,decremento.json,while,2026-03-06 22:03:47,decremento.js,2,1,2026-04-01T08:13:07.903201
barbosalevir3-rgb,/home/gilmar/Documents/algoritmos/logado-utfpr-ifam/logado-students/repos_logado/barbosalevir3-rgb/decremento.json,decremento.json,alert,2026-03-06 22:03:47,decremento.js,3,5,2026-04-01T08:13:07.903202
barbosalevir3-rgb,/home/gilmar/Documents/algoritmos/logado-utfpr-ifam/logado-students/repos_logado/barbosalevir3-rgb/espalhamento.json,espalhamento.json,function,2026-03-19 22:26:12,espalhamento.js,1,1,2026-04-01T08:13:07.903222
barbosalevir3-rgb,/home/gilmar/Documents/algoritmos/logado-utfpr-ifam/logado-students/repos_logado/barbosalevir3-rgb/espalhamento.json,espalhamento.json,return,2026-03-19 22:26:12,espalhamento.js,2,3,2026-04-01T08:13:07.903224
barbosalevir3-rgb,/home/gilmar/Documents/algoritmos/logado-utfpr-ifam/logado-students/repos_logado/barbosalevir3-rgb/espalhamento.json,espalhamento.json,const,2026-03-19 22:26:12,espalhamento.js,5,1,2026-04-01T08:13:07.903225
barbosalevir3-rgb,/home/gilmar/Documents/algoritmos/logado-utfpr-ifam/logado-students/repos_logado/barbosalevir3-rgb/espalhamento.json,espalhamento.json,console,2026-03-19 22:26:12,espalhamento.js,7,1,2026-04-01T08:13:07.903227
barbosalevir3-rgb,/home/gilmar/Documents/algoritmos/logado-utfpr-ifam/logado-students/repos_logado/barbosalevir3-rgb/espalhamento.json,espalhamento.json,log,2026-03-19 22:26:12,espalhamento.js,7,9,2026-04-01T08:13:07.903228
barbosalevir3-rgb,/home/gilmar/Documents/algoritmos/logado-utfpr-ifam/logado-students/repos_logado/barbosalevir3-rgb/espalhamento.json,espalhamento.json,console,2026-03-19 22:26:12,espalhamento.js,7,1,2026-04-01T08:13:07.903229
barbosalevir3-rgb,/home/gilmar/Documents/algoritmos/logado-utfpr-ifam/logado-students/repos_logado/barbosalevir3-rgb/espalhamento.json,espalhamento.json,log,2026-03-19 22:26:12,espalhamento.js,7,9,2026-04-01T08:13:07.903231
barbosalevir3-rgb,/home/gilmar/Documents/algoritmos/logado-utfpr-ifam/logado-students/repos_logado/barbosalevir3-rgb/espalhamento.json,espalhamento.json,null,2026-03-19 22:26:12,espalhamento.js,10,23,2026-04-01T08:13:07.903232
barbosalevir3-rgb,/home/gilmar/Documents/algoritmos/logado-utfpr-ifam/logado-students/repos_logado/barbosalevir3-rgb/espalhamento.json,espalhamento.json,alert,2026-03-19 22:28:36,espalhamento.js,2,1,2026-04-01T08:13:07.903234
barbosalevir3-rgb,/home/gilmar/Documents/algoritmos/logado-utfpr-ifam/logado-students/repos_logado/barbosalevir3-rgb/espalhamento.json,espalhamento.json,max,2026-03-19 22:28:47,espalhamento.js,2,12,2026-04-01T08:13:07.903236
barbosalevir3-rgb,/home/gilmar/Documents/algoritmos/logado-utfpr-ifam/logado-students/repos_logado/barbosalevir3-rgb/funcaovetor.json,funcaovetor.json,function,2026-03-25 22:15:32,funcaovetor.js,1,1,2026-04-01T08:13:07.903269
barbosalevir3-rgb,/home/gilmar/Documents/algoritmos/logado-utfpr-ifam/logado-students/repos_logado/barbosalevir3-rgb/funcaovetor.json,funcaovetor.json,for,2026-03-25 22:15:46,funcaovetor.js,2,1,2026-04-01T08:13:07.903271
barbosalevir3-rgb,/home/gilmar/Documents/algoritmos/logado-utfpr-ifam/logado-students/repos_logado/barbosalevir3-rgb/funcaovetor.json,funcaovetor.json,length,2026-03-25 22:16:17,funcaovetor.js,2,26,2026-04-01T08:13:07.903272
barbosalevir3-rgb,/home/gilmar/Documents/algoritmos/logado-utfpr-ifam/logado-students/repos_logado/barbosalevir3-rgb/funcaovetor.json,funcaovetor.json,length,2026-03-25 22:23:08,funcaovetor.js,7,28,2026-04-01T08:13:07.903274
barbosalevir3-rgb,/home/gilmar/Documents/algoritmos/logado-utfpr-ifam/logado-students/repos_logado/barbosalevir3-rgb/funcaovetor.json,funcaovetor.json,alert,2026-03-25 22:24:30,funcaovetor.js,11,1,2026-04-01T08:13:07.903275
barbosalevir3-rgb,/home/gilmar/Documents/algoritmos/logado-utfpr-ifam/logado-students/repos_logado/barbosalevir3-rgb/funcaovetor.json,funcaovetor.json,for,2026-03-25 22:27:15,funcaovetor.js,2,1,2026-04-01T08:13:07.903276
barbosalevir3-rgb,/home/gilmar/Documents/algoritmos/logado-utfpr-ifam/logado-students/repos_logado/barbosalevir3-rgb/funcaovetor.json,funcaovetor.json,let,2026-03-25 22:27:15,funcaovetor.js,2,5,2026-04-01T08:13:07.903278
barbosalevir3-rgb,/home/gilmar/Documents/algoritmos/logado-utfpr-ifam/logado-students/repos_logado/barbosalevir3-rgb/funcaovetor.json,funcaovetor.json,length,2026-03-25 22:27:15,funcaovetor.js,2,24,2026-04-01T08:13:07.903279
barbosalevir3-rgb,/home/gilmar/Documents/algoritmos/logado-utfpr-ifam/logado-students/repos_logado/barbosalevir3-rgb/funcaovetor.json,funcaovetor.json,var,2026-03-25 22:27:15,funcaovetor.js,3,7,2026-04-01T08:13:07.903281
barbosalevir3-rgb,/home/gilmar/Documents/algoritmos/logado-utfpr-ifam/logado-students/repos_logado/barbosalevir3-rgb/funcaovetor.json,funcaovetor.json,prompt,2026-03-25 22:27:15,funcaovetor.js,3,26,2026-04-01T08:13:07.903283
barbosalevir3-rgb,/home/gilmar/Documents/algoritmos/logado-utfpr-ifam/logado-students/repos_logado/barbosalevir3-rgb/funcaovetor.json,funcaovetor.json,function,2026-03-25 22:27:15,funcaovetor.js,6,1,2026-04-01T08:13:07.903284
barbosalevir3-rgb,/home/gilmar/Documents/algoritmos/logado-utfpr-ifam/logado-students/repos_logado/barbosalevir3-rgb/funcaovetor.json,funcaovetor.json,for,2026-03-25 22:27:15,funcaovetor.js,2,1,2026-04-01T08:13:07.903286
barbosalevir3-rgb,/home/gilmar/Documents/algoritmos/logado-utfpr-ifam/logado-students/repos_logado/barbosalevir3-rgb/funcaovetor.json,funcaovetor.json,let,2026-03-25 22:27:15,funcaovetor.js,2,5,2026-04-01T08:13:07.903287
barbosalevir3-rgb,/home/gilmar/Documents/algoritmos/logado-utfpr-ifam/logado-students/repos_logado/barbosalevir3-rgb/funcaovetor.json,funcaovetor.json,length,2026-03-25 22:27:15,funcaovetor.js,2,24,2026-04-01T08:13:07.903289
barbosalevir3-rgb,/home/gilmar/Documents/algoritmos/logado-utfpr-ifam/logado-students/repos_logado/barbosalevir3-rgb/funcaovetor.json,funcaovetor.json,alert,2026-03-25 22:27:15,funcaovetor.js,11,1,2026-04-01T08:13:07.903290
barbosalevir3-rgb,/home/gilmar/Documents/algoritmos/logado-utfpr-ifam/logado-students/repos_logado/barbosalevir3-rgb/funcaovetor.json,funcaovetor.json,for,2026-03-26 20:11:27,funcaovetor.js,7,5,2026-04-01T08:13:07.903292
barbosalevir3-rgb,/home/gilmar/Documents/algoritmos/logado-utfpr-ifam/logado-students/repos_logado/barbosalevir3-rgb/funcaovetor.json,funcaovetor.json,length,2026-03-26 20:19:19,funcaovetor.js,6,24,2026-04-01T08:13:07.903293
barbosalevir3-rgb,/home/gilmar/Documents/algoritmos/logado-utfpr-ifam/logado-students/repos_logado/barbosalevir3-rgb/funcaovetor.json,funcaovetor.json,return,2026-03-26 20:21:06,funcaovetor.js,2,5,2026-04-01T08:13:07.903294
barbosalevir3-rgb,/home/gilmar/Documents/algoritmos/logado-utfpr-ifam/logado-students/repos_logado/barbosalevir3-rgb/funcaovetor.json,funcaovetor.json,return,2026-03-26 20:25:36,funcaovetor.js,2,5,2026-04-01T08:13:07.903296
barbosalevir3-rgb,/home/gilmar/Documents/algoritmos/logado-utfpr-ifam/logado-students/repos_logado/barbosalevir3-rgb/funcaovetor.json,funcaovetor.json,return,2026-03-26 20:26:44,funcaovetor.js,8,5,2026-04-01T08:13:07.903297
barbosalevir3-rgb,/home/gilmar/Documents/algoritmos/logado-utfpr-ifam/logado-students/repos_logado/barbosalevir3-rgb/funcaovetor.json,funcaovetor.json,return,2026-03-26 20:28:27,funcaovetor.js,2,5,2026-04-01T08:13:07.903298
barbosalevir3-rgb,/home/gilmar/Documents/algoritmos/logado-utfpr-ifam/logado-students/repos_logado/barbosalevir3-rgb/funcaovetor.json,funcaovetor.json,length,2026-03-26 20:28:28,funcaovetor.js,10,28,2026-04-01T08:13:07.903300
barbosalevir3-rgb,/home/gilmar/Documents/algoritmos/logado-utfpr-ifam/logado-students/repos_logado/barbosalevir3-rgb/funcaovetor.json,funcaovetor.json,length,2026-03-26 20:28:28,funcaovetor.js,4,28,2026-04-01T08:13:07.903301
barbosalevir3-rgb,/home/gilmar/Documents/algoritmos/logado-utfpr-ifam/logado-students/repos_logado/barbosalevir3-rgb/funcaovetor.json,funcaovetor.json,for,2026-03-26 20:31:26,funcaovetor.js,5,2,2026-04-01T08:13:07.903302
barbosalevir3-rgb,/home/gilmar/Documents/algoritmos/logado-utfpr-ifam/logado-students/repos_logado/barbosalevir3-rgb/funcaovetor.json,funcaovetor.json,let,2026-03-26 20:31:26,funcaovetor.js,5,6,2026-04-01T08:13:07.903304
barbosalevir3-rgb,/home/gilmar/Documents/algoritmos/logado-utfpr-ifam/logado-students/repos_logado/barbosalevir3-rgb/funcaovetor.json,funcaovetor.json,function,2026-03-26 20:31:26,funcaovetor.js,3,5,2026-04-01T08:13:07.903307
barbosalevir3-rgb,/home/gilmar/Documents/algoritmos/logado-utfpr-ifam/logado-students/repos_logado/barbosalevir3-rgb/funcaovetor.json,funcaovetor.json,function,2026-03-26 20:32:10,funcaovetor.js,1,1,2026-04-01T08:13:07.903309
barbosalevir3-rgb,/home/gilmar/Documents/algoritmos/logado-utfpr-ifam/logado-students/repos_logado/barbosalevir3-rgb/funcaovetor.json,funcaovetor.json,for,2026-03-26 20:32:10,funcaovetor.js,2,5,2026-04-01T08:13:07.903312
barbosalevir3-rgb,/home/gilmar/Documents/algoritmos/logado-utfpr-ifam/logado-students/repos_logado/barbosalevir3-rgb/funcaovetor.json,funcaovetor.json,let,2026-03-26 20:32:10,funcaovetor.js,2,9,2026-04-01T08:13:07.903314
barbosalevir3-rgb,/home/gilmar/Documents/algoritmos/logado-utfpr-ifam/logado-students/repos_logado/barbosalevir3-rgb/funcaovetor.json,funcaovetor.json,alert,2026-03-26 20:35:54,funcaovetor.js,5,1,2026-04-01T08:13:07.903315
barbosalevir3-rgb,/home/gilmar/Documents/algoritmos/logado-utfpr-ifam/logado-students/repos_logado/barbosalevir3-rgb/funcaovetor.json,funcaovetor.json,console,2026-03-26 20:46:52,funcaovetor.js,10,9,2026-04-01T08:13:07.903316
barbosalevir3-rgb,/home/gilmar/Documents/algoritmos/logado-utfpr-ifam/logado-students/repos_logado/barbosalevir3-rgb/par-impar.json,par-impar.json,if,2026-02-26 22:08:40,par-impar.js,2,1,2026-04-01T08:13:07.903340
barbosalevir3-rgb,/home/gilmar/Documents/algoritmos/logado-utfpr-ifam/logado-students/repos_logado/barbosalevir3-rgb/par-impar.json,par-impar.json,if,2026-02-26 22:11:00,par-impar.js,3,1,2026-04-01T08:13:07.903342
barbosalevir3-rgb,/home/gilmar/Documents/algoritmos/logado-utfpr-ifam/logado-students/repos_logado/barbosalevir3-rgb/par-impar.json,par-impar.json,if,2026-02-26 22:11:46,par-impar.js,3,1,2026-04-01T08:13:07.903344
barbosalevir3-rgb,/home/gilmar/Documents/algoritmos/logado-utfpr-ifam/logado-students/repos_logado/barbosalevir3-rgb/par-impar.json,par-impar.json,alert,2026-02-26 22:12:47,par-impar.js,4,5,2026-04-01T08:13:07.903345
barbosalevir3-rgb,/home/gilmar/Documents/algoritmos/logado-utfpr-ifam/logado-students/repos_logado/barbosalevir3-rgb/par-impar.json,par-impar.json,if,2026-02-26 22:15:23,par-impar.js,3,1,2026-04-01T08:13:07.903346
barbosalevir3-rgb,/home/gilmar/Documents/algoritmos/logado-utfpr-ifam/logado-students/repos_logado/barbosalevir3-rgb/par-impar.json,par-impar.json,for,2026-02-26 22:24:30,par-impar.js,3,1,2026-04-01T08:13:07.903348
barbosalevir3-rgb,/home/gilmar/Documents/algoritmos/logado-utfpr-ifam/logado-students/repos_logado/barbosalevir3-rgb/par-impar.json,par-impar.json,if,2026-02-26 22:25:19,par-impar.js,5,5,2026-04-01T08:13:07.903349
barbosalevir3-rgb,/home/gilmar/Documents/algoritmos/logado-utfpr-ifam/logado-students/repos_logado/barbosalevir3-rgb/par-impar.json,par-impar.json,alert,2026-02-26 22:26:28,par-impar.js,9,9,2026-04-01T08:13:07.903351
barbosalevir3-rgb,/home/gilmar/Documents/algoritmos/logado-utfpr-ifam/logado-students/repos_logado/barbosalevir3-rgb/time.json,time.json,while,2026-03-05 21:53:20,time.js,3,2,2026-04-01T08:13:07.903394
barbosalevir3-rgb,/home/gilmar/Documents/algoritmos/logado-utfpr-ifam/logado-students/repos_logado/barbosalevir3-rgb/time.json,time.json,alert,2026-03-05 21:56:12,time.js,3,5,2026-04-01T08:13:07.903397
barbosalevir3-rgb,/home/gilmar/Documents/algoritmos/logado-utfpr-ifam/logado-students/repos_logado/barbosalevir3-rgb/km.json,km.json,alert,2026-03-24 19:58:31,km.js,3,1,2026-04-01T08:13:07.903412
barbosalevir3-rgb,/home/gilmar/Documents/algoritmos/logado-utfpr-ifam/logado-students/repos_logado/barbosalevir3-rgb/algoritmo4.json,algoritmo4.json,if,2026-02-24 21:52:36,algoritmo4.js,3,1,2026-04-01T08:13:07.903429
barbosalevir3-rgb,/home/gilmar/Documents/algoritmos/logado-utfpr-ifam/logado-students/repos_logado/barbosalevir3-rgb/algoritmo4.json,algoritmo4.json,alert,2026-02-24 21:52:47,algoritmo4.js,4,5,2026-04-01T08:13:07.903431
barbosalevir3-rgb,/home/gilmar/Documents/algoritmos/logado-utfpr-ifam/logado-students/repos_logado/barbosalevir3-rgb/algoritmo4.json,algoritmo4.json,alert,2026-02-24 21:53:04,algoritmo4.js,6,5,2026-04-01T08:13:07.903433
barbosalevir3-rgb,/home/gilmar/Documents/algoritmos/logado-utfpr-ifam/logado-students/repos_logado/barbosalevir3-rgb/maiordetres.json,maiordetres.json,if,2026-03-19 21:42:16,maiordetres.js,2,1,2026-04-01T08:13:07.903450
barbosalevir3-rgb,/home/gilmar/Documents/algoritmos/logado-utfpr-ifam/logado-students/repos_logado/barbosalevir3-rgb/maiordetres.json,maiordetres.json,if,2026-03-19 21:43:30,maiordetres.js,4,7,2026-04-01T08:13:07.903452
barbosalevir3-rgb,/home/gilmar/Documents/algoritmos/logado-utfpr-ifam/logado-students/repos_logado/barbosalevir3-rgb/maiordetres.json,maiordetres.json,if,2026-03-19 21:44:20,maiordetres.js,6,7,2026-04-01T08:13:07.903458
barbosalevir3-rgb,/home/gilmar/Documents/algoritmos/logado-utfpr-ifam/logado-students/repos_logado/barbosalevir3-rgb/maiordetres.json,maiordetres.json,alert,2026-03-19 21:55:22,maiordetres.js,9,5,2026-04-01T08:13:07.903460
barbosalevir3-rgb,/home/gilmar/Documents/algoritmos/logado-utfpr-ifam/logado-students/repos_logado/barbosalevir3-rgb/troca.json,troca.json,alert,2026-03-20 20:04:15,troca.js,2,1,2026-04-01T08:13:07.903488
barbosalevir3-rgb,/home/gilmar/Documents/algoritmos/logado-utfpr-ifam/logado-students/repos_logado/barbosalevir3-rgb/troca.json,troca.json,alert,2026-03-20 20:04:40,troca.js,2,1,2026-04-01T08:13:07.903490
barbosalevir3-rgb,/home/gilmar/Documents/algoritmos/logado-utfpr-ifam/logado-students/repos_logado/barbosalevir3-rgb/troca.json,troca.json,alert,2026-03-20 20:06:49,troca.js,4,1,2026-04-01T08:13:07.903493
barbosalevir3-rgb,/home/gilmar/Documents/algoritmos/logado-utfpr-ifam/logado-students/repos_logado/barbosalevir3-rgb/troca.json,troca.json,if,2026-03-20 20:18:37,troca.js,2,1,2026-04-01T08:13:07.903495
barbosalevir3-rgb,/home/gilmar/Documents/algoritmos/logado-utfpr-ifam/logado-students/repos_logado/barbosalevir3-rgb/troca.json,troca.json,if,2026-03-20 20:19:23,troca.js,4,6,2026-04-01T08:13:07.903498
barbosalevir3-rgb,/home/gilmar/Documents/algoritmos/logado-utfpr-ifam/logado-students/repos_logado/barbosalevir3-rgb/troca.json,troca.json,alert,2026-03-20 20:21:27,troca.js,7,5,2026-04-01T08:13:07.903501
barbosalevir3-rgb,/home/gilmar/Documents/algoritmos/logado-utfpr-ifam/logado-students/repos_logado/barbosalevir3-rgb/algoritmo08.json,algoritmo08.json,for,2026-03-03 21:38:30,algoritmo08.js,2,1,2026-04-01T08:13:07.903529
barbosalevir3-rgb,/home/gilmar/Documents/algoritmos/logado-utfpr-ifam/logado-students/repos_logado/barbosalevir3-rgb/algoritmo08.json,algoritmo08.json,for,2026-03-03 21:40:25,algoritmo08.js,3,1,2026-04-01T08:13:07.903532
barbosalevir3-rgb,/home/gilmar/Documents/algoritmos/logado-utfpr-ifam/logado-students/repos_logado/barbosalevir3-rgb/algoritmo08.json,algoritmo08.json,for,2026-03-03 21:50:25,algoritmo08.js,7,1,2026-04-01T08:13:07.903535
barbosalevir3-rgb,/home/gilmar/Documents/algoritmos/logado-utfpr-ifam/logado-students/repos_logado/barbosalevir3-rgb/algoritmo08.json,algoritmo08.json,alert,2026-03-03 22:15:52,algoritmo08.js,8,5,2026-04-01T08:13:07.903537
barbosalevir3-rgb,/home/gilmar/Documents/algoritmos/logado-utfpr-ifam/logado-students/repos_logado/barbosalevir3-rgb/algoritmo08.json,algoritmo08.json,for,2026-03-10 19:31:53,algoritmo08.js,3,1,2026-04-01T08:13:07.903539
barbosalevir3-rgb,/home/gilmar/Documents/algoritmos/logado-utfpr-ifam/logado-students/repos_logado/barbosalevir3-rgb/algoritmo08.json,algoritmo08.json,alert,2026-03-10 19:32:35,algoritmo08.js,5,5,2026-04-01T08:13:07.903542
barbosalevir3-rgb,/home/gilmar/Documents/algoritmos/logado-utfpr-ifam/logado-students/repos_logado/barbosalevir3-rgb/teste.json,teste.json,for,2026-03-06 20:02:13,teste.js,1,1,2026-04-01T08:13:07.903570
barbosalevir3-rgb,/home/gilmar/Documents/algoritmos/logado-utfpr-ifam/logado-students/repos_logado/barbosalevir3-rgb/teste.json,teste.json,for,2026-03-13 20:20:14,teste.js,2,1,2026-04-01T08:13:07.903574
barbosalevir3-rgb,/home/gilmar/Documents/algoritmos/logado-utfpr-ifam/logado-students/repos_logado/barbosalevir3-rgb/teste.json,teste.json,var,2026-03-13 20:20:14,teste.js,2,6,2026-04-01T08:13:07.903577
barbosalevir3-rgb,/home/gilmar/Documents/algoritmos/logado-utfpr-ifam/logado-students/repos_logado/barbosalevir3-rgb/teste.json,teste.json,push,2026-03-13 20:20:14,teste.js,3,10,2026-04-01T08:13:07.903580
barbosalevir3-rgb,/home/gilmar/Documents/algoritmos/logado-utfpr-ifam/logado-students/repos_logado/barbosalevir3-rgb/teste.json,teste.json,console,2026-03-13 20:20:14,teste.js,5,1,2026-04-01T08:13:07.903582
barbosalevir3-rgb,/home/gilmar/Documents/algoritmos/logado-utfpr-ifam/logado-students/repos_logado/barbosalevir3-rgb/tarefa2.json,tarefa2.json,for,2026-03-10 22:18:22,tarefa2.js,2,1,2026-04-01T08:13:07.903614
barbosalevir3-rgb,/home/gilmar/Documents/algoritmos/logado-utfpr-ifam/logado-students/repos_logado/barbosalevir3-rgb/vetor_jogos.json,vetor_jogos.json,for,2026-03-12 20:14:22,vetor_jogos.js,2,1,2026-04-01T08:13:07.903644
barbosalevir3-rgb,/home/gilmar/Documents/algoritmos/logado-utfpr-ifam/logado-students/repos_logado/barbosalevir3-rgb/vetor_jogos.json,vetor_jogos.json,for,2026-03-12 20:17:50,vetor_jogos.js,7,1,2026-04-01T08:13:07.903646
barbosalevir3-rgb,/home/gilmar/Documents/algoritmos/logado-utfpr-ifam/logado-students/repos_logado/barbosalevir3-rgb/vetor_jogos.json,vetor_jogos.json,if,2026-03-12 20:19:42,vetor_jogos.js,6,2,2026-04-01T08:13:07.903648
barbosalevir3-rgb,/home/gilmar/Documents/algoritmos/logado-utfpr-ifam/logado-students/repos_logado/barbosalevir3-rgb/vetor_jogos.json,vetor_jogos.json,let,2026-03-12 20:21:02,vetor_jogos.js,1,1,2026-04-01T08:13:07.903656
barbosalevir3-rgb,/home/gilmar/Documents/algoritmos/logado-utfpr-ifam/logado-students/repos_logado/barbosalevir3-rgb/vetor_jogos.json,vetor_jogos.json,for,2026-03-12 20:22:21,vetor_jogos.js,10,1,2026-04-01T08:13:07.903658
barbosalevir3-rgb,/home/gilmar/Documents/algoritmos/logado-utfpr-ifam/logado-students/repos_logado/barbosalevir3-rgb/vetor_jogos.json,vetor_jogos.json,let,2026-03-12 20:22:21,vetor_jogos.js,10,5,2026-04-01T08:13:07.903660
barbosalevir3-rgb,/home/gilmar/Documents/algoritmos/logado-utfpr-ifam/logado-students/repos_logado/barbosalevir3-rgb/vetor_jogos.json,vetor_jogos.json,if,2026-03-12 20:22:21,vetor_jogos.js,9,2,2026-04-01T08:13:07.903663
barbosalevir3-rgb,/home/gilmar/Documents/algoritmos/logado-utfpr-ifam/logado-students/repos_logado/barbosalevir3-rgb/vetor_jogos.json,vetor_jogos.json,if,2026-03-12 20:22:23,vetor_jogos.js,7,2,2026-04-01T08:13:07.903665
barbosalevir3-rgb,/home/gilmar/Documents/algoritmos/logado-utfpr-ifam/logado-students/repos_logado/barbosalevir3-rgb/vetor_jogos.json,vetor_jogos.json,if,2026-03-12 20:22:43,vetor_jogos.js,10,5,2026-04-01T08:13:07.903667
barbosalevir3-rgb,/home/gilmar/Documents/algoritmos/logado-utfpr-ifam/logado-students/repos_logado/barbosalevir3-rgb/vetor_jogos.json,vetor_jogos.json,prompt,2026-03-12 20:31:24,vetor_jogos.js,3,29,2026-04-01T08:13:07.903669
barbosalevir3-rgb,/home/gilmar/Documents/algoritmos/logado-utfpr-ifam/logado-students/repos_logado/barbosalevir3-rgb/vetor_jogos.json,vetor_jogos.json,if,2026-03-12 20:32:07,vetor_jogos.js,6,5,2026-04-01T08:13:07.903671
barbosalevir3-rgb,/home/gilmar/Documents/algoritmos/logado-utfpr-ifam/logado-students/repos_logado/barbosalevir3-rgb/vetor_jogos.json,vetor_jogos.json,if,2026-03-12 20:38:46,vetor_jogos.js,8,9,2026-04-01T08:13:07.903672
barbosalevir3-rgb,/home/gilmar/Documents/algoritmos/logado-utfpr-ifam/logado-students/repos_logado/barbosalevir3-rgb/vetor_jogos.json,vetor_jogos.json,for,2026-03-12 20:38:46,vetor_jogos.js,6,5,2026-04-01T08:13:07.903674
barbosalevir3-rgb,/home/gilmar/Documents/algoritmos/logado-utfpr-ifam/logado-students/repos_logado/barbosalevir3-rgb/vetor_jogos.json,vetor_jogos.json,let,2026-03-12 20:38:46,vetor_jogos.js,6,9,2026-04-01T08:13:07.903676
barbosalevir3-rgb,/home/gilmar/Documents/algoritmos/logado-utfpr-ifam/logado-students/repos_logado/barbosalevir3-rgb/vetor_jogos.json,vetor_jogos.json,if,2026-03-12 20:38:53,vetor_jogos.js,6,5,2026-04-01T08:13:07.903678
barbosalevir3-rgb,/home/gilmar/Documents/algoritmos/logado-utfpr-ifam/logado-students/repos_logado/barbosalevir3-rgb/vetor_jogos.json,vetor_jogos.json,const,2026-03-12 20:39:52,vetor_jogos.js,1,1,2026-04-01T08:13:07.903680
barbosalevir3-rgb,/home/gilmar/Documents/algoritmos/logado-utfpr-ifam/logado-students/repos_logado/barbosalevir3-rgb/vetor_jogos.json,vetor_jogos.json,for,2026-03-12 20:42:13,vetor_jogos.js,7,1,2026-04-01T08:13:07.903682
barbosalevir3-rgb,/home/gilmar/Documents/algoritmos/logado-utfpr-ifam/logado-students/repos_logado/barbosalevir3-rgb/exercicio05.json,exercicio05.json,for,2026-03-24 21:19:54,exercicio05.js,3,1,2026-04-01T08:13:07.903710
barbosalevir3-rgb,/home/gilmar/Documents/algoritmos/logado-utfpr-ifam/logado-students/repos_logado/barbosalevir3-rgb/exercicio05.json,exercicio05.json,alert,2026-03-24 21:21:45,exercicio05.js,8,1,2026-04-01T08:13:07.903712
barbosalevir3-rgb,/home/gilmar/Documents/algoritmos/logado-utfpr-ifam/logado-students/repos_logado/barbosalevir3-rgb/exercicio05.json,exercicio05.json,if,2026-03-24 21:22:16,exercicio05.js,9,1,2026-04-01T08:13:07.903715
barbosalevir3-rgb,/home/gilmar/Documents/algoritmos/logado-utfpr-ifam/logado-students/repos_logado/barbosalevir3-rgb/exercicio05.json,exercicio05.json,alert,2026-03-24 21:22:39,exercicio05.js,10,5,2026-04-01T08:13:07.903717
barbosalevir3-rgb,/home/gilmar/Documents/algoritmos/logado-utfpr-ifam/logado-students/repos_logado/barbosalevir3-rgb/exercicio05.json,exercicio05.json,alert,2026-03-24 21:22:53,exercicio05.js,12,5,2026-04-01T08:13:07.903719
barbosalevir3-rgb,/home/gilmar/Documents/algoritmos/logado-utfpr-ifam/logado-students/repos_logado/barbosalevir3-rgb/jogos2.json,jogos2.json,while,2026-03-06 22:09:23,jogos2.js,2,1,2026-04-01T08:13:07.903740
barbosalevir3-rgb,/home/gilmar/Documents/algoritmos/logado-utfpr-ifam/logado-students/repos_logado/barbosalevir3-rgb/jogos2.json,jogos2.json,alert,2026-03-06 22:10:16,jogos2.js,5,5,2026-04-01T08:13:07.903742
barbosalevir3-rgb,/home/gilmar/Documents/algoritmos/logado-utfpr-ifam/logado-students/repos_logado/barbosalevir3-rgb/jogos2.json,jogos2.json,while,2026-03-06 22:11:14,jogos2.js,9,1,2026-04-01T08:13:07.903743
barbosalevir3-rgb,/home/gilmar/Documents/algoritmos/logado-utfpr-ifam/logado-students/repos_logado/barbosalevir3-rgb/jogos2.json,jogos2.json,alert,2026-03-06 22:11:49,jogos2.js,12,5,2026-04-01T08:13:07.903745
barbosalevir3-rgb,/home/gilmar/Documents/algoritmos/logado-utfpr-ifam/logado-students/repos_logado/barbosalevir3-rgb/jogos2.json,jogos2.json,if,2026-03-06 22:12:26,jogos2.js,14,1,2026-04-01T08:13:07.903746
barbosalevir3-rgb,/home/gilmar/Documents/algoritmos/logado-utfpr-ifam/logado-students/repos_logado/barbosalevir3-rgb/jogos2.json,jogos2.json,alert,2026-03-06 22:13:14,jogos2.js,14,2,2026-04-01T08:13:07.903747
barbosalevir3-rgb,/home/gilmar/Documents/algoritmos/logado-utfpr-ifam/logado-students/repos_logado/barbosalevir3-rgb/jogos2.json,jogos2.json,while,2026-03-06 22:13:14,jogos2.js,11,5,2026-04-01T08:13:07.903749
barbosalevir3-rgb,/home/gilmar/Documents/algoritmos/logado-utfpr-ifam/logado-students/repos_logado/barbosalevir3-rgb/jogos2.json,jogos2.json,let,2026-03-06 22:13:15,jogos2.js,10,1,2026-04-01T08:13:07.903750
joerlenss,/home/gilmar/Documents/algoritmos/logado-utfpr-ifam/logado-students/repos_logado/joerlenss/domingos.json,domingos.json,for,2026-02-27 20:16:01,domingos.js,8,1,2026-04-01T08:13:07.903782
joerlenss,/home/gilmar/Documents/algoritmos/logado-utfpr-ifam/logado-students/repos_logado/joerlenss/domingos.json,domingos.json,prompt,2026-02-27 20:41:32,domingos.js,1,31,2026-04-01T08:13:07.903785
joerlenss,/home/gilmar/Documents/algoritmos/logado-utfpr-ifam/logado-students/repos_logado/joerlenss/domingos.json,domingos.json,prompt,2026-02-27 20:43:14,domingos.js,2,32,2026-04-01T08:13:07.903789
joerlenss,/home/gilmar/Documents/algoritmos/logado-utfpr-ifam/logado-students/repos_logado/joerlenss/domingos.json,domingos.json,for,2026-02-27 20:46:45,domingos.js,5,1,2026-04-01T08:13:07.903791
joerlenss,/home/gilmar/Documents/algoritmos/logado-utfpr-ifam/logado-students/repos_logado/joerlenss/domingos.json,domingos.json,for,2026-02-27 21:01:37,domingos.js,13,1,2026-04-01T08:13:07.903792
joerlenss,/home/gilmar/Documents/algoritmos/logado-utfpr-ifam/logado-students/repos_logado/joerlenss/domingos.json,domingos.json,do,2026-02-27 21:35:19,domingos.js,15,5,2026-04-01T08:13:07.903794
joerlenss,/home/gilmar/Documents/algoritmos/logado-utfpr-ifam/logado-students/repos_logado/joerlenss/domingos.json,domingos.json,do,2026-02-27 21:36:03,domingos.js,12,1,2026-04-01T08:13:07.903795
joerlenss,/home/gilmar/Documents/algoritmos/logado-utfpr-ifam/logado-students/repos_logado/joerlenss/domingos.json,domingos.json,for,2026-02-27 22:23:28,domingos.js,12,5,2026-04-01T08:13:07.903797
joerlenss,/home/gilmar/Documents/algoritmos/logado-utfpr-ifam/logado-students/repos_logado/joerlenss/domingos.json,domingos.json,alert,2026-02-27 22:26:48,domingos.js,15,1,2026-04-01T08:13:07.903800
joerlenss,/home/gilmar/Documents/algoritmos/logado-utfpr-ifam/logado-students/repos_logado/joerlenss/vaquinha.json,vaquinha.json,alert,2026-03-13 20:22:54,vaquinha.js,8,1,2026-04-01T08:13:07.903821
joerlenss,/home/gilmar/Documents/algoritmos/logado-utfpr-ifam/logado-students/repos_logado/joerlenss/funcaosoma.json,funcaosoma.json,function,2026-03-25 21:17:20,funcaosoma.js,1,1,2026-04-01T08:13:07.903855
joerlenss,/home/gilmar/Documents/algoritmos/logado-utfpr-ifam/logado-students/repos_logado/joerlenss/funcaosoma.json,funcaosoma.json,return,2026-03-25 21:17:57,funcaosoma.js,2,5,2026-04-01T08:13:07.903856
joerlenss,/home/gilmar/Documents/algoritmos/logado-utfpr-ifam/logado-students/repos_logado/joerlenss/funcaosoma.json,funcaosoma.json,prompt,2026-03-25 21:19:06,funcaosoma.js,5,18,2026-04-01T08:13:07.903858
joerlenss,/home/gilmar/Documents/algoritmos/logado-utfpr-ifam/logado-students/repos_logado/joerlenss/funcaosoma.json,funcaosoma.json,alert,2026-03-25 21:19:28,funcaosoma.js,6,1,2026-04-01T08:13:07.903859
joerlenss,/home/gilmar/Documents/algoritmos/logado-utfpr-ifam/logado-students/repos_logado/joerlenss/funcaosoma.json,funcaosoma.json,prompt,2026-03-25 21:34:10,funcaosoma.js,1,16,2026-04-01T08:13:07.903861
joerlenss,/home/gilmar/Documents/algoritmos/logado-utfpr-ifam/logado-students/repos_logado/joerlenss/funcaosoma.json,funcaosoma.json,function,2026-03-25 21:35:33,funcaosoma.js,9,1,2026-04-01T08:13:07.903864
joerlenss,/home/gilmar/Documents/algoritmos/logado-utfpr-ifam/logado-students/repos_logado/joerlenss/funcaosoma.json,funcaosoma.json,return,2026-03-25 21:36:34,funcaosoma.js,10,1,2026-04-01T08:13:07.903865
joerlenss,/home/gilmar/Documents/algoritmos/logado-utfpr-ifam/logado-students/repos_logado/joerlenss/funcaosoma.json,funcaosoma.json,alert,2026-03-25 21:37:11,funcaosoma.js,12,1,2026-04-01T08:13:07.903870
joerlenss,/home/gilmar/Documents/algoritmos/logado-utfpr-ifam/logado-students/repos_logado/joerlenss/funcaosoma.json,funcaosoma.json,function,2026-03-25 21:38:55,funcaosoma.js,9,1,2026-04-01T08:13:07.903872
joerlenss,/home/gilmar/Documents/algoritmos/logado-utfpr-ifam/logado-students/repos_logado/joerlenss/funcaosoma.json,funcaosoma.json,return,2026-03-25 21:38:55,funcaosoma.js,10,5,2026-04-01T08:13:07.903873
joerlenss,/home/gilmar/Documents/algoritmos/logado-utfpr-ifam/logado-students/repos_logado/joerlenss/funcaosoma.json,funcaosoma.json,var,2026-03-25 21:38:55,funcaosoma.js,12,1,2026-04-01T08:13:07.903875
joerlenss,/home/gilmar/Documents/algoritmos/logado-utfpr-ifam/logado-students/repos_logado/joerlenss/funcaosoma.json,funcaosoma.json,prompt,2026-03-25 21:38:55,funcaosoma.js,12,18,2026-04-01T08:13:07.903876
joerlenss,/home/gilmar/Documents/algoritmos/logado-utfpr-ifam/logado-students/repos_logado/joerlenss/funcaosoma.json,funcaosoma.json,var,2026-03-25 21:38:55,funcaosoma.js,12,1,2026-04-01T08:13:07.903877
joerlenss,/home/gilmar/Documents/algoritmos/logado-utfpr-ifam/logado-students/repos_logado/joerlenss/funcaosoma.json,funcaosoma.json,prompt,2026-03-25 21:38:55,funcaosoma.js,12,18,2026-04-01T08:13:07.903879
joerlenss,/home/gilmar/Documents/algoritmos/logado-utfpr-ifam/logado-students/repos_logado/joerlenss/funcaosoma.json,funcaosoma.json,alert,2026-03-25 21:38:55,funcaosoma.js,14,1,2026-04-01T08:13:07.903880
joerlenss,/home/gilmar/Documents/algoritmos/logado-utfpr-ifam/logado-students/repos_logado/joerlenss/funcaosoma.json,funcaosoma.json,function,2026-03-25 21:41:12,funcaosoma.js,1,1,2026-04-01T08:13:07.903882
joerlenss,/home/gilmar/Documents/algoritmos/logado-utfpr-ifam/logado-students/repos_logado/joerlenss/funcaosoma.json,funcaosoma.json,return,2026-03-25 21:41:38,funcaosoma.js,2,1,2026-04-01T08:13:07.903883
joerlenss,/home/gilmar/Documents/algoritmos/logado-utfpr-ifam/logado-students/repos_logado/joerlenss/funcaosoma.json,funcaosoma.json,function,2026-03-25 21:42:23,funcaosoma.js,4,2,2026-04-01T08:13:07.903884
joerlenss,/home/gilmar/Documents/algoritmos/logado-utfpr-ifam/logado-students/repos_logado/joerlenss/funcaosoma.json,funcaosoma.json,return,2026-03-25 21:42:43,funcaosoma.js,5,5,2026-04-01T08:13:07.903887
joerlenss,/home/gilmar/Documents/algoritmos/logado-utfpr-ifam/logado-students/repos_logado/joerlenss/funcaosoma.json,funcaosoma.json,function,2026-03-25 21:42:52,funcaosoma.js,7,2,2026-04-01T08:13:07.903889
joerlenss,/home/gilmar/Documents/algoritmos/logado-utfpr-ifam/logado-students/repos_logado/joerlenss/funcaosoma.json,funcaosoma.json,return,2026-03-25 21:43:17,funcaosoma.js,8,5,2026-04-01T08:13:07.903890
joerlenss,/home/gilmar/Documents/algoritmos/logado-utfpr-ifam/logado-students/repos_logado/joerlenss/funcaosoma.json,funcaosoma.json,function,2026-03-25 21:43:27,funcaosoma.js,10,2,2026-04-01T08:13:07.903891
joerlenss,/home/gilmar/Documents/algoritmos/logado-utfpr-ifam/logado-students/repos_logado/joerlenss/funcaosoma.json,funcaosoma.json,return,2026-03-25 21:43:42,funcaosoma.js,11,5,2026-04-01T08:13:07.903893
joerlenss,/home/gilmar/Documents/algoritmos/logado-utfpr-ifam/logado-students/repos_logado/joerlenss/funcaosoma.json,funcaosoma.json,prompt,2026-03-25 21:50:35,funcaosoma.js,14,19,2026-04-01T08:13:07.903894
joerlenss,/home/gilmar/Documents/algoritmos/logado-utfpr-ifam/logado-students/repos_logado/joerlenss/funcaosoma.json,funcaosoma.json,prompt,2026-03-25 21:50:41,funcaosoma.js,14,19,2026-04-01T08:13:07.903897
joerlenss,/home/gilmar/Documents/algoritmos/logado-utfpr-ifam/logado-students/repos_logado/joerlenss/funcaosoma.json,funcaosoma.json,prompt,2026-03-25 21:51:04,funcaosoma.js,15,19,2026-04-01T08:13:07.903899
joerlenss,/home/gilmar/Documents/algoritmos/logado-utfpr-ifam/logado-students/repos_logado/joerlenss/funcaosoma.json,funcaosoma.json,switch,2026-03-25 21:51:29,funcaosoma.js,16,2,2026-04-01T08:13:07.903901
joerlenss,/home/gilmar/Documents/algoritmos/logado-utfpr-ifam/logado-students/repos_logado/joerlenss/funcaosoma.json,funcaosoma.json,alert,2026-03-25 21:52:09,funcaosoma.js,18,9,2026-04-01T08:13:07.903903
joerlenss,/home/gilmar/Documents/algoritmos/logado-utfpr-ifam/logado-students/repos_logado/joerlenss/funcaosoma.json,funcaosoma.json,alert,2026-03-25 21:52:43,funcaosoma.js,20,13,2026-04-01T08:13:07.903906
joerlenss,/home/gilmar/Documents/algoritmos/logado-utfpr-ifam/logado-students/repos_logado/joerlenss/funcaosoma.json,funcaosoma.json,alert,2026-03-25 21:53:03,funcaosoma.js,22,17,2026-04-01T08:13:07.903908
joerlenss,/home/gilmar/Documents/algoritmos/logado-utfpr-ifam/logado-students/repos_logado/joerlenss/funcaosoma.json,funcaosoma.json,alert,2026-03-25 21:53:46,funcaosoma.js,24,21,2026-04-01T08:13:07.903910
joerlenss,/home/gilmar/Documents/algoritmos/logado-utfpr-ifam/logado-students/repos_logado/joerlenss/funcaosoma.json,funcaosoma.json,break,2026-03-25 21:54:25,funcaosoma.js,18,26,2026-04-01T08:13:07.903913
joerlenss,/home/gilmar/Documents/algoritmos/logado-utfpr-ifam/logado-students/repos_logado/joerlenss/funcaosoma.json,funcaosoma.json,break,2026-03-25 21:54:33,funcaosoma.js,20,35,2026-04-01T08:13:07.903915
joerlenss,/home/gilmar/Documents/algoritmos/logado-utfpr-ifam/logado-students/repos_logado/joerlenss/funcaosoma.json,funcaosoma.json,break,2026-03-25 21:54:39,funcaosoma.js,22,43,2026-04-01T08:13:07.903916
joerlenss,/home/gilmar/Documents/algoritmos/logado-utfpr-ifam/logado-students/repos_logado/joerlenss/funcaosoma.json,funcaosoma.json,break,2026-03-25 21:54:47,funcaosoma.js,24,47,2026-04-01T08:13:07.903918
joerlenss,/home/gilmar/Documents/algoritmos/logado-utfpr-ifam/logado-students/repos_logado/joerlenss/funcaosoma.json,funcaosoma.json,alert,2026-03-25 21:55:01,funcaosoma.js,26,25,2026-04-01T08:13:07.903919
joerlenss,/home/gilmar/Documents/algoritmos/logado-utfpr-ifam/logado-students/repos_logado/joerlenss/espalhamentominimo.json,espalhamentominimo.json,alert,2026-03-20 19:44:54,espalhamentominimo.js,2,1,2026-04-01T08:13:07.903939
joerlenss,/home/gilmar/Documents/algoritmos/logado-utfpr-ifam/logado-students/repos_logado/joerlenss/espalhamentominimo.json,espalhamentominimo.json,min,2026-03-20 19:45:17,espalhamentominimo.js,2,12,2026-04-01T08:13:07.903941
joerlenss,/home/gilmar/Documents/algoritmos/logado-utfpr-ifam/logado-students/repos_logado/joerlenss/jogos.json,jogos.json,alert,2026-02-26 20:18:34,jogos.js,10,5,2026-04-01T08:13:07.903958
joerlenss,/home/gilmar/Documents/algoritmos/logado-utfpr-ifam/logado-students/repos_logado/joerlenss/jogos.json,jogos.json,alert,2026-02-26 20:30:52,jogos.js,5,5,2026-04-01T08:13:07.903959
joerlenss,/home/gilmar/Documents/algoritmos/logado-utfpr-ifam/logado-students/repos_logado/joerlenss/jogos.json,jogos.json,alert,2026-02-26 20:34:05,jogos.js,5,5,2026-04-01T08:13:07.903960
joerlenss,/home/gilmar/Documents/algoritmos/logado-utfpr-ifam/logado-students/repos_logado/joerlenss/jogos.json,jogos.json,alert,2026-02-26 20:35:10,jogos.js,11,1,2026-04-01T08:13:07.903962
joerlenss,/home/gilmar/Documents/algoritmos/logado-utfpr-ifam/logado-students/repos_logado/joerlenss/jogos.json,jogos.json,alert,2026-02-26 20:44:22,jogos.js,6,1,2026-04-01T08:13:07.903963
joerlenss,/home/gilmar/Documents/algoritmos/logado-utfpr-ifam/logado-students/repos_logado/joerlenss/jogos.json,jogos.json,alert,2026-02-26 20:45:23,jogos.js,18,1,2026-04-01T08:13:07.903965
joerlenss,/home/gilmar/Documents/algoritmos/logado-utfpr-ifam/logado-students/repos_logado/joerlenss/maiorde3math.json,maiorde3math.json,alert,2026-03-19 22:14:26,maiorde3math.js,2,1,2026-04-01T08:13:07.903980
joerlenss,/home/gilmar/Documents/algoritmos/logado-utfpr-ifam/logado-students/repos_logado/joerlenss/maiorde3math.json,maiorde3math.json,max,2026-03-19 22:15:44,maiorde3math.js,2,12,2026-04-01T08:13:07.903982
joerlenss,/home/gilmar/Documents/algoritmos/logado-utfpr-ifam/logado-students/repos_logado/joerlenss/revisaovetor.json,revisaovetor.json,prompt,2026-03-26 19:34:43,revisaovetor.js,1,18,2026-04-01T08:13:07.904013
joerlenss,/home/gilmar/Documents/algoritmos/logado-utfpr-ifam/logado-students/repos_logado/joerlenss/revisaovetor.json,revisaovetor.json,prompt,2026-03-26 19:34:57,revisaovetor.js,1,27,2026-04-01T08:13:07.904016
joerlenss,/home/gilmar/Documents/algoritmos/logado-utfpr-ifam/logado-students/repos_logado/joerlenss/revisaovetor.json,revisaovetor.json,const,2026-03-26 19:36:32,revisaovetor.js,1,1,2026-04-01T08:13:07.904017
joerlenss,/home/gilmar/Documents/algoritmos/logado-utfpr-ifam/logado-students/repos_logado/joerlenss/revisaovetor.json,revisaovetor.json,let,2026-03-26 19:36:53,revisaovetor.js,1,1,2026-04-01T08:13:07.904019
joerlenss,/home/gilmar/Documents/algoritmos/logado-utfpr-ifam/logado-students/repos_logado/joerlenss/revisaovetor.json,revisaovetor.json,prompt,2026-03-26 19:36:53,revisaovetor.js,1,27,2026-04-01T08:13:07.904020
joerlenss,/home/gilmar/Documents/algoritmos/logado-utfpr-ifam/logado-students/repos_logado/joerlenss/revisaovetor.json,revisaovetor.json,prompt,2026-03-26 19:37:36,revisaovetor.js,2,18,2026-04-01T08:13:07.904022
joerlenss,/home/gilmar/Documents/algoritmos/logado-utfpr-ifam/logado-students/repos_logado/joerlenss/revisaovetor.json,revisaovetor.json,for,2026-03-26 19:43:34,revisaovetor.js,3,1,2026-04-01T08:13:07.904023
joerlenss,/home/gilmar/Documents/algoritmos/logado-utfpr-ifam/logado-students/repos_logado/joerlenss/revisaovetor.json,revisaovetor.json,prompt,2026-03-26 19:44:30,revisaovetor.js,2,17,2026-04-01T08:13:07.904024
joerlenss,/home/gilmar/Documents/algoritmos/logado-utfpr-ifam/logado-students/repos_logado/joerlenss/revisaovetor.json,revisaovetor.json,for,2026-03-26 19:45:41,revisaovetor.js,4,1,2026-04-01T08:13:07.904026
joerlenss,/home/gilmar/Documents/algoritmos/logado-utfpr-ifam/logado-students/repos_logado/joerlenss/revisaovetor.json,revisaovetor.json,prompt,2026-03-26 19:53:05,revisaovetor.js,2,24,2026-04-01T08:13:07.904027
joerlenss,/home/gilmar/Documents/algoritmos/logado-utfpr-ifam/logado-students/repos_logado/joerlenss/revisaovetor.json,revisaovetor.json,prompt,2026-03-26 19:54:10,revisaovetor.js,4,27,2026-04-01T08:13:07.904029
joerlenss,/home/gilmar/Documents/algoritmos/logado-utfpr-ifam/logado-students/repos_logado/joerlenss/tabuada_vetor.json,tabuada_vetor.json,for,2026-03-13 19:57:01,tabuada_vetor.js,7,1,2026-04-01T08:13:07.904044
joerlenss,/home/gilmar/Documents/algoritmos/logado-utfpr-ifam/logado-students/repos_logado/joerlenss/aprovacao.json,aprovacao.json,prompt,2026-03-05 19:41:51,aprovacao.js,1,22,2026-04-01T08:13:07.904089
joerlenss,/home/gilmar/Documents/algoritmos/logado-utfpr-ifam/logado-students/repos_logado/joerlenss/aprovacao.json,aprovacao.json,prompt,2026-03-05 19:42:38,aprovacao.js,2,24,2026-04-01T08:13:07.904092
joerlenss,/home/gilmar/Documents/algoritmos/logado-utfpr-ifam/logado-students/repos_logado/joerlenss/aprovacao.json,aprovacao.json,prompt,2026-03-05 19:53:42,aprovacao.js,1,24,2026-04-01T08:13:07.904093
joerlenss,/home/gilmar/Documents/algoritmos/logado-utfpr-ifam/logado-students/repos_logado/joerlenss/aprovacao.json,aprovacao.json,prompt,2026-03-05 19:54:36,aprovacao.js,2,24,2026-04-01T08:13:07.904095
joerlenss,/home/gilmar/Documents/algoritmos/logado-utfpr-ifam/logado-students/repos_logado/joerlenss/aprovacao.json,aprovacao.json,if,2026-03-05 19:59:31,aprovacao.js,4,1,2026-04-01T08:13:07.904096
joerlenss,/home/gilmar/Documents/algoritmos/logado-utfpr-ifam/logado-students/repos_logado/joerlenss/aprovacao.json,aprovacao.json,alert,2026-03-05 20:00:01,aprovacao.js,5,5,2026-04-01T08:13:07.904098
joerlenss,/home/gilmar/Documents/algoritmos/logado-utfpr-ifam/logado-students/repos_logado/joerlenss/aprovacao.json,aprovacao.json,else,2026-03-05 20:01:24,aprovacao.js,7,1,2026-04-01T08:13:07.904099
joerlenss,/home/gilmar/Documents/algoritmos/logado-utfpr-ifam/logado-students/repos_logado/joerlenss/aprovacao.json,aprovacao.json,alert,2026-03-05 20:02:33,aprovacao.js,8,5,2026-04-01T08:13:07.904101
joerlenss,/home/gilmar/Documents/algoritmos/logado-utfpr-ifam/logado-students/repos_logado/joerlenss/aprovacao.json,aprovacao.json,prompt,2026-03-05 20:09:39,aprovacao.js,11,9,2026-04-01T08:13:07.904102
joerlenss,/home/gilmar/Documents/algoritmos/logado-utfpr-ifam/logado-students/repos_logado/joerlenss/aprovacao.json,aprovacao.json,if,2026-03-05 20:17:02,aprovacao.js,11,1,2026-04-01T08:13:07.904104
joerlenss,/home/gilmar/Documents/algoritmos/logado-utfpr-ifam/logado-students/repos_logado/joerlenss/aprovacao.json,aprovacao.json,if,2026-03-05 20:17:33,aprovacao.js,12,1,2026-04-01T08:13:07.904105
joerlenss,/home/gilmar/Documents/algoritmos/logado-utfpr-ifam/logado-students/repos_logado/joerlenss/aprovacao.json,aprovacao.json,alert,2026-03-05 20:18:14,aprovacao.js,13,5,2026-04-01T08:13:07.904106
joerlenss,/home/gilmar/Documents/algoritmos/logado-utfpr-ifam/logado-students/repos_logado/joerlenss/aprovacao.json,aprovacao.json,else,2026-03-05 20:18:51,aprovacao.js,15,1,2026-04-01T08:13:07.904108
joerlenss,/home/gilmar/Documents/algoritmos/logado-utfpr-ifam/logado-students/repos_logado/joerlenss/aprovacao.json,aprovacao.json,alert,2026-03-05 20:18:59,aprovacao.js,16,5,2026-04-01T08:13:07.904109
joerlenss,/home/gilmar/Documents/algoritmos/logado-utfpr-ifam/logado-students/repos_logado/joerlenss/aprovacao.json,aprovacao.json,alert,2026-03-05 20:24:05,aprovacao.js,4,1,2026-04-01T08:13:07.904111
joerlenss,/home/gilmar/Documents/algoritmos/logado-utfpr-ifam/logado-students/repos_logado/joerlenss/aprovacao.json,aprovacao.json,alert,2026-03-05 20:24:26,aprovacao.js,5,1,2026-04-01T08:13:07.904112
joerlenss,/home/gilmar/Documents/algoritmos/logado-utfpr-ifam/logado-students/repos_logado/joerlenss/aprovacao.json,aprovacao.json,alert,2026-03-05 20:29:37,aprovacao.js,17,14,2026-04-01T08:13:07.904113
joerlenss,/home/gilmar/Documents/algoritmos/logado-utfpr-ifam/logado-students/repos_logado/joerlenss/aprovacao.json,aprovacao.json,if,2026-03-05 20:29:37,aprovacao.js,17,17,2026-04-01T08:13:07.904115
joerlenss,/home/gilmar/Documents/algoritmos/logado-utfpr-ifam/logado-students/repos_logado/joerlenss/aprovacao.json,aprovacao.json,prompt,2026-03-05 20:29:38,aprovacao.js,17,4,2026-04-01T08:13:07.904117
joerlenss,/home/gilmar/Documents/algoritmos/logado-utfpr-ifam/logado-students/repos_logado/joerlenss/aprovacao.json,aprovacao.json,do,2026-03-05 20:29:38,aprovacao.js,18,4,2026-04-01T08:13:07.904119
joerlenss,/home/gilmar/Documents/algoritmos/logado-utfpr-ifam/logado-students/repos_logado/joerlenss/aprovacao.json,aprovacao.json,alert,2026-03-05 20:29:46,aprovacao.js,16,4,2026-04-01T08:13:07.904120
joerlenss,/home/gilmar/Documents/algoritmos/logado-utfpr-ifam/logado-students/repos_logado/joerlenss/aprovacao.json,aprovacao.json,else,2026-03-05 20:29:46,aprovacao.js,14,15,2026-04-01T08:13:07.904122
joerlenss,/home/gilmar/Documents/algoritmos/logado-utfpr-ifam/logado-students/repos_logado/joerlenss/aprovacao.json,aprovacao.json,alert,2026-03-05 20:29:47,aprovacao.js,12,5,2026-04-01T08:13:07.904123
joerlenss,/home/gilmar/Documents/algoritmos/logado-utfpr-ifam/logado-students/repos_logado/joerlenss/aprovacao.json,aprovacao.json,prompt,2026-03-05 20:29:56,aprovacao.js,12,24,2026-04-01T08:13:07.904127
joerlenss,/home/gilmar/Documents/algoritmos/logado-utfpr-ifam/logado-students/repos_logado/joerlenss/aprovacao.json,aprovacao.json,do,2026-03-05 20:29:56,aprovacao.js,14,1,2026-04-01T08:13:07.904128
joerlenss,/home/gilmar/Documents/algoritmos/logado-utfpr-ifam/logado-students/repos_logado/joerlenss/aprovacao.json,aprovacao.json,if,2026-03-05 20:30:14,aprovacao.js,13,5,2026-04-01T08:13:07.904130
joerlenss,/home/gilmar/Documents/algoritmos/logado-utfpr-ifam/logado-students/repos_logado/joerlenss/aprovacao.json,aprovacao.json,alert,2026-03-05 20:30:23,aprovacao.js,14,9,2026-04-01T08:13:07.904131
joerlenss,/home/gilmar/Documents/algoritmos/logado-utfpr-ifam/logado-students/repos_logado/joerlenss/aprovacao.json,aprovacao.json,while,2026-03-05 20:50:58,aprovacao.js,20,2,2026-04-01T08:13:07.904133
joerlenss,/home/gilmar/Documents/algoritmos/logado-utfpr-ifam/logado-students/repos_logado/joerlenss/aprovacao.json,aprovacao.json,if,2026-03-05 21:18:40,aprovacao.js,4,1,2026-04-01T08:13:07.904134
joerlenss,/home/gilmar/Documents/algoritmos/logado-utfpr-ifam/logado-students/repos_logado/joerlenss/aprovacao.json,aprovacao.json,if,2026-03-05 22:21:53,aprovacao.js,4,1,2026-04-01T08:13:07.904136
joerlenss,/home/gilmar/Documents/algoritmos/logado-utfpr-ifam/logado-students/repos_logado/joerlenss/aprovacao.json,aprovacao.json,while,2026-03-05 22:22:40,aprovacao.js,22,2,2026-04-01T08:13:07.904137
joerlenss,/home/gilmar/Documents/algoritmos/logado-utfpr-ifam/logado-students/repos_logado/joerlenss/aprovacao.json,aprovacao.json,alert,2026-03-06 19:50:45,aprovacao.js,13,5,2026-04-01T08:13:07.904138
joerlenss,/home/gilmar/Documents/algoritmos/logado-utfpr-ifam/logado-students/repos_logado/joerlenss/aprovacao.json,aprovacao.json,while,2026-03-06 19:52:00,aprovacao.js,25,2,2026-04-01T08:13:07.904140
joerlenss,/home/gilmar/Documents/algoritmos/logado-utfpr-ifam/logado-students/repos_logado/joerlenss/aprovacao.json,aprovacao.json,let,2026-03-06 19:53:48,aprovacao.js,5,1,2026-04-01T08:13:07.904141
joerlenss,/home/gilmar/Documents/algoritmos/logado-utfpr-ifam/logado-students/repos_logado/joerlenss/aprovacao.json,aprovacao.json,prompt,2026-03-06 19:53:48,aprovacao.js,5,24,2026-04-01T08:13:07.904142
joerlenss,/home/gilmar/Documents/algoritmos/logado-utfpr-ifam/logado-students/repos_logado/joerlenss/aprovacao.json,aprovacao.json,let,2026-03-06 19:53:51,aprovacao.js,4,1,2026-04-01T08:13:07.904144
joerlenss,/home/gilmar/Documents/algoritmos/logado-utfpr-ifam/logado-students/repos_logado/joerlenss/aprovacao.json,aprovacao.json,prompt,2026-03-06 19:53:51,aprovacao.js,4,24,2026-04-01T08:13:07.904145
joerlenss,/home/gilmar/Documents/algoritmos/logado-utfpr-ifam/logado-students/repos_logado/joerlenss/aprovacao.json,aprovacao.json,var,2026-03-06 19:53:51,aprovacao.js,3,1,2026-04-01T08:13:07.904146
joerlenss,/home/gilmar/Documents/algoritmos/logado-utfpr-ifam/logado-students/repos_logado/joerlenss/aprovacao.json,aprovacao.json,alert,2026-03-06 19:57:42,aprovacao.js,26,1,2026-04-01T08:13:07.904149
joerlenss,/home/gilmar/Documents/algoritmos/logado-utfpr-ifam/logado-students/repos_logado/joerlenss/aprovacao.json,aprovacao.json,while,2026-03-06 19:59:59,aprovacao.js,27,1,2026-04-01T08:13:07.904150
joerlenss,/home/gilmar/Documents/algoritmos/logado-utfpr-ifam/logado-students/repos_logado/joerlenss/aprovacao.json,aprovacao.json,while,2026-03-06 20:11:33,aprovacao.js,26,2,2026-04-01T08:13:07.904152
joerlenss,/home/gilmar/Documents/algoritmos/logado-utfpr-ifam/logado-students/repos_logado/joerlenss/aprovacao.json,aprovacao.json,alert,2026-03-06 21:28:03,aprovacao.js,11,5,2026-04-01T08:13:07.904154
joerlenss,/home/gilmar/Documents/algoritmos/logado-utfpr-ifam/logado-students/repos_logado/joerlenss/copa.json,copa.json,if,2026-02-26 21:44:07,copa.js,3,5,2026-04-01T08:13:07.904173
joerlenss,/home/gilmar/Documents/algoritmos/logado-utfpr-ifam/logado-students/repos_logado/joerlenss/maiorde3.json,maiorde3.json,if,2026-03-19 21:51:27,maiorde3.js,2,1,2026-04-01T08:13:07.904188
joerlenss,/home/gilmar/Documents/algoritmos/logado-utfpr-ifam/logado-students/repos_logado/joerlenss/maiorde3.json,maiorde3.json,alert,2026-03-19 21:52:36,maiorde3.js,3,5,2026-04-01T08:13:07.904190
joerlenss,/home/gilmar/Documents/algoritmos/logado-utfpr-ifam/logado-students/repos_logado/joerlenss/maiorde3.json,maiorde3.json,alert,2026-03-19 21:54:40,maiorde3.js,5,5,2026-04-01T08:13:07.904191
joerlenss,/home/gilmar/Documents/algoritmos/logado-utfpr-ifam/logado-students/repos_logado/joerlenss/maiorde3.json,maiorde3.json,alert,2026-03-19 21:55:29,maiorde3.js,7,1,2026-04-01T08:13:07.904192
joerlenss,/home/gilmar/Documents/algoritmos/logado-utfpr-ifam/logado-students/repos_logado/joerlenss/maiorde3.json,maiorde3.json,alert,2026-03-19 22:00:25,maiorde3.js,9,5,2026-04-01T08:13:07.904194
joerlenss,/home/gilmar/Documents/algoritmos/logado-utfpr-ifam/logado-students/repos_logado/joerlenss/decremento.json,decremento.json,while,2026-03-06 21:55:22,decremento.js,2,1,2026-04-01T08:13:07.904210
joerlenss,/home/gilmar/Documents/algoritmos/logado-utfpr-ifam/logado-students/repos_logado/joerlenss/decremento.json,decremento.json,alert,2026-03-06 21:58:30,decremento.js,3,5,2026-04-01T08:13:07.904213
joerlenss,/home/gilmar/Documents/algoritmos/logado-utfpr-ifam/logado-students/repos_logado/joerlenss/espalhamento.json,espalhamento.json,alert,2026-03-19 22:28:02,espalhamento.js,2,1,2026-04-01T08:13:07.904230
joerlenss,/home/gilmar/Documents/algoritmos/logado-utfpr-ifam/logado-students/repos_logado/joerlenss/espalhamento.json,espalhamento.json,max,2026-03-19 22:28:19,espalhamento.js,2,12,2026-04-01T08:13:07.904232
joerlenss,/home/gilmar/Documents/algoritmos/logado-utfpr-ifam/logado-students/repos_logado/joerlenss/pan.json,pan.json,while,2026-03-06 22:10:37,pan.js,2,1,2026-04-01T08:13:07.904257
joerlenss,/home/gilmar/Documents/algoritmos/logado-utfpr-ifam/logado-students/repos_logado/joerlenss/pan.json,pan.json,alert,2026-03-06 22:11:48,pan.js,3,5,2026-04-01T08:13:07.904259
joerlenss,/home/gilmar/Documents/algoritmos/logado-utfpr-ifam/logado-students/repos_logado/joerlenss/pan.json,pan.json,while,2026-03-06 22:21:50,pan.js,10,1,2026-04-01T08:13:07.904262
joerlenss,/home/gilmar/Documents/algoritmos/logado-utfpr-ifam/logado-students/repos_logado/joerlenss/pan.json,pan.json,var,2026-03-06 22:28:27,pan.js,1,1,2026-04-01T08:13:07.904265
joerlenss,/home/gilmar/Documents/algoritmos/logado-utfpr-ifam/logado-students/repos_logado/joerlenss/pan.json,pan.json,while,2026-03-06 22:28:35,pan.js,3,1,2026-04-01T08:13:07.904267
joerlenss,/home/gilmar/Documents/algoritmos/logado-utfpr-ifam/logado-students/repos_logado/joerlenss/pan.json,pan.json,alert,2026-03-06 22:29:21,pan.js,7,1,2026-04-01T08:13:07.904272
joerlenss,/home/gilmar/Documents/algoritmos/logado-utfpr-ifam/logado-students/repos_logado/joerlenss/funcaovetor.json,funcaovetor.json,const,2026-03-26 20:17:09,funcaovetor.js,2,5,2026-04-01T08:13:07.904315
joerlenss,/home/gilmar/Documents/algoritmos/logado-utfpr-ifam/logado-students/repos_logado/joerlenss/funcaovetor.json,funcaovetor.json,var,2026-03-26 20:17:09,funcaovetor.js,3,1,2026-04-01T08:13:07.904317
joerlenss,/home/gilmar/Documents/algoritmos/logado-utfpr-ifam/logado-students/repos_logado/joerlenss/funcaovetor.json,funcaovetor.json,prompt,2026-03-26 20:17:09,funcaovetor.js,3,24,2026-04-01T08:13:07.904320
joerlenss,/home/gilmar/Documents/algoritmos/logado-utfpr-ifam/logado-students/repos_logado/joerlenss/funcaovetor.json,funcaovetor.json,for,2026-03-26 20:17:09,funcaovetor.js,4,1,2026-04-01T08:13:07.904322
joerlenss,/home/gilmar/Documents/algoritmos/logado-utfpr-ifam/logado-students/repos_logado/joerlenss/funcaovetor.json,funcaovetor.json,let,2026-03-26 20:17:09,funcaovetor.js,4,6,2026-04-01T08:13:07.904324
joerlenss,/home/gilmar/Documents/algoritmos/logado-utfpr-ifam/logado-students/repos_logado/joerlenss/funcaovetor.json,funcaovetor.json,prompt,2026-03-26 20:17:09,funcaovetor.js,3,24,2026-04-01T08:13:07.904326
joerlenss,/home/gilmar/Documents/algoritmos/logado-utfpr-ifam/logado-students/repos_logado/joerlenss/funcaovetor.json,funcaovetor.json,const,2026-03-26 20:19:32,funcaovetor.js,9,5,2026-04-01T08:13:07.904328
joerlenss,/home/gilmar/Documents/algoritmos/logado-utfpr-ifam/logado-students/repos_logado/joerlenss/funcaovetor.json,funcaovetor.json,var,2026-03-26 20:19:32,funcaovetor.js,10,1,2026-04-01T08:13:07.904330
joerlenss,/home/gilmar/Documents/algoritmos/logado-utfpr-ifam/logado-students/repos_logado/joerlenss/funcaovetor.json,funcaovetor.json,prompt,2026-03-26 20:19:32,funcaovetor.js,10,24,2026-04-01T08:13:07.904333
joerlenss,/home/gilmar/Documents/algoritmos/logado-utfpr-ifam/logado-students/repos_logado/joerlenss/funcaovetor.json,funcaovetor.json,for,2026-03-26 20:19:32,funcaovetor.js,11,1,2026-04-01T08:13:07.904335
joerlenss,/home/gilmar/Documents/algoritmos/logado-utfpr-ifam/logado-students/repos_logado/joerlenss/funcaovetor.json,funcaovetor.json,let,2026-03-26 20:19:32,funcaovetor.js,11,6,2026-04-01T08:13:07.904337
joerlenss,/home/gilmar/Documents/algoritmos/logado-utfpr-ifam/logado-students/repos_logado/joerlenss/funcaovetor.json,funcaovetor.json,prompt,2026-03-26 20:19:32,funcaovetor.js,10,24,2026-04-01T08:13:07.904339
joerlenss,/home/gilmar/Documents/algoritmos/logado-utfpr-ifam/logado-students/repos_logado/joerlenss/funcaovetor.json,funcaovetor.json,for,2026-03-26 20:21:46,funcaovetor.js,10,1,2026-04-01T08:13:07.904342
joerlenss,/home/gilmar/Documents/algoritmos/logado-utfpr-ifam/logado-students/repos_logado/joerlenss/funcaovetor.json,funcaovetor.json,let,2026-03-26 20:21:46,funcaovetor.js,10,6,2026-04-01T08:13:07.904344
joerlenss,/home/gilmar/Documents/algoritmos/logado-utfpr-ifam/logado-students/repos_logado/joerlenss/funcaovetor.json,funcaovetor.json,var,2026-03-26 20:39:49,funcaovetor.js,2,5,2026-04-01T08:13:07.904346
joerlenss,/home/gilmar/Documents/algoritmos/logado-utfpr-ifam/logado-students/repos_logado/joerlenss/funcaovetor.json,funcaovetor.json,prompt,2026-03-26 20:39:49,funcaovetor.js,2,28,2026-04-01T08:13:07.904348
joerlenss,/home/gilmar/Documents/algoritmos/logado-utfpr-ifam/logado-students/repos_logado/joerlenss/funcaovetor.json,funcaovetor.json,for,2026-03-26 20:39:49,funcaovetor.js,3,1,2026-04-01T08:13:07.904358
joerlenss,/home/gilmar/Documents/algoritmos/logado-utfpr-ifam/logado-students/repos_logado/joerlenss/funcaovetor.json,funcaovetor.json,let,2026-03-26 20:39:49,funcaovetor.js,3,6,2026-04-01T08:13:07.904360
joerlenss,/home/gilmar/Documents/algoritmos/logado-utfpr-ifam/logado-students/repos_logado/joerlenss/funcaovetor.json,funcaovetor.json,prompt,2026-03-26 20:39:49,funcaovetor.js,2,28,2026-04-01T08:13:07.904362
joerlenss,/home/gilmar/Documents/algoritmos/logado-utfpr-ifam/logado-students/repos_logado/joerlenss/funcaovetor.json,funcaovetor.json,const,2026-03-26 20:44:39,funcaovetor.js,1,1,2026-04-01T08:13:07.904366
joerlenss,/home/gilmar/Documents/algoritmos/logado-utfpr-ifam/logado-students/repos_logado/joerlenss/funcaovetor.json,funcaovetor.json,var,2026-03-26 20:44:40,funcaovetor.js,2,1,2026-04-01T08:13:07.904368
joerlenss,/home/gilmar/Documents/algoritmos/logado-utfpr-ifam/logado-students/repos_logado/joerlenss/funcaovetor.json,funcaovetor.json,prompt,2026-03-26 20:44:40,funcaovetor.js,2,24,2026-04-01T08:13:07.904370
joerlenss,/home/gilmar/Documents/algoritmos/logado-utfpr-ifam/logado-students/repos_logado/joerlenss/funcaovetor.json,funcaovetor.json,for,2026-03-26 20:46:16,funcaovetor.js,8,5,2026-04-01T08:13:07.904372
joerlenss,/home/gilmar/Documents/algoritmos/logado-utfpr-ifam/logado-students/repos_logado/joerlenss/funcaovetor.json,funcaovetor.json,let,2026-03-26 20:46:16,funcaovetor.js,8,10,2026-04-01T08:13:07.904374
joerlenss,/home/gilmar/Documents/algoritmos/logado-utfpr-ifam/logado-students/repos_logado/joerlenss/insertionsort.json,insertionsort.json,for,2026-03-25 19:35:02,insertionsort.js,2,1,2026-04-01T08:13:07.904401
joerlenss,/home/gilmar/Documents/algoritmos/logado-utfpr-ifam/logado-students/repos_logado/joerlenss/insertionsort.json,insertionsort.json,length,2026-03-25 19:36:10,insertionsort.js,2,26,2026-04-01T08:13:07.904404
joerlenss,/home/gilmar/Documents/algoritmos/logado-utfpr-ifam/logado-students/repos_logado/joerlenss/insertionsort.json,insertionsort.json,console,2026-03-25 19:40:36,insertionsort.js,11,1,2026-04-01T08:13:07.904405
joerlenss,/home/gilmar/Documents/algoritmos/logado-utfpr-ifam/logado-students/repos_logado/joerlenss/insertionsort.json,insertionsort.json,function,2026-03-25 19:54:08,insertionsort.js,1,1,2026-04-01T08:13:07.904406
joerlenss,/home/gilmar/Documents/algoritmos/logado-utfpr-ifam/logado-students/repos_logado/joerlenss/insertionsort.json,insertionsort.json,return,2026-03-25 19:55:18,insertionsort.js,12,1,2026-04-01T08:13:07.904408
joerlenss,/home/gilmar/Documents/algoritmos/logado-utfpr-ifam/logado-students/repos_logado/joerlenss/aprovacao2.json,aprovacao2.json,do,2026-03-06 21:15:47,aprovacao2.js,1,1,2026-04-01T08:13:07.904435
joerlenss,/home/gilmar/Documents/algoritmos/logado-utfpr-ifam/logado-students/repos_logado/joerlenss/aprovacao2.json,aprovacao2.json,var,2026-03-06 21:15:47,aprovacao2.js,2,5,2026-04-01T08:13:07.904437
joerlenss,/home/gilmar/Documents/algoritmos/logado-utfpr-ifam/logado-students/repos_logado/joerlenss/aprovacao2.json,aprovacao2.json,var,2026-03-06 21:15:47,aprovacao2.js,2,5,2026-04-01T08:13:07.904438
joerlenss,/home/gilmar/Documents/algoritmos/logado-utfpr-ifam/logado-students/repos_logado/joerlenss/aprovacao2.json,aprovacao2.json,prompt,2026-03-06 21:15:47,aprovacao2.js,3,27,2026-04-01T08:13:07.904440
joerlenss,/home/gilmar/Documents/algoritmos/logado-utfpr-ifam/logado-students/repos_logado/joerlenss/aprovacao2.json,aprovacao2.json,var,2026-03-06 21:15:47,aprovacao2.js,2,5,2026-04-01T08:13:07.904441
joerlenss,/home/gilmar/Documents/algoritmos/logado-utfpr-ifam/logado-students/repos_logado/joerlenss/aprovacao2.json,aprovacao2.json,prompt,2026-03-06 21:15:47,aprovacao2.js,3,27,2026-04-01T08:13:07.904442
joerlenss,/home/gilmar/Documents/algoritmos/logado-utfpr-ifam/logado-students/repos_logado/joerlenss/aprovacao2.json,aprovacao2.json,var,2026-03-06 21:15:47,aprovacao2.js,2,5,2026-04-01T08:13:07.904444
joerlenss,/home/gilmar/Documents/algoritmos/logado-utfpr-ifam/logado-students/repos_logado/joerlenss/aprovacao2.json,aprovacao2.json,alert,2026-03-06 21:15:47,aprovacao2.js,6,3,2026-04-01T08:13:07.904445
joerlenss,/home/gilmar/Documents/algoritmos/logado-utfpr-ifam/logado-students/repos_logado/joerlenss/aprovacao2.json,aprovacao2.json,if,2026-03-06 21:15:47,aprovacao2.js,7,1,2026-04-01T08:13:07.904446
joerlenss,/home/gilmar/Documents/algoritmos/logado-utfpr-ifam/logado-students/repos_logado/joerlenss/aprovacao2.json,aprovacao2.json,alert,2026-03-06 21:15:47,aprovacao2.js,6,3,2026-04-01T08:13:07.904449
joerlenss,/home/gilmar/Documents/algoritmos/logado-utfpr-ifam/logado-students/repos_logado/joerlenss/aprovacao2.json,aprovacao2.json,else,2026-03-06 21:15:47,aprovacao2.js,11,1,2026-04-01T08:13:07.904450
joerlenss,/home/gilmar/Documents/algoritmos/logado-utfpr-ifam/logado-students/repos_logado/joerlenss/aprovacao2.json,aprovacao2.json,if,2026-03-06 21:15:47,aprovacao2.js,7,1,2026-04-01T08:13:07.904451
joerlenss,/home/gilmar/Documents/algoritmos/logado-utfpr-ifam/logado-students/repos_logado/joerlenss/aprovacao2.json,aprovacao2.json,alert,2026-03-06 21:15:47,aprovacao2.js,6,3,2026-04-01T08:13:07.904453
joerlenss,/home/gilmar/Documents/algoritmos/logado-utfpr-ifam/logado-students/repos_logado/joerlenss/aprovacao2.json,aprovacao2.json,prompt,2026-03-06 21:15:47,aprovacao2.js,3,27,2026-04-01T08:13:07.904454
joerlenss,/home/gilmar/Documents/algoritmos/logado-utfpr-ifam/logado-students/repos_logado/joerlenss/aprovacao2.json,aprovacao2.json,if,2026-03-06 21:15:47,aprovacao2.js,7,1,2026-04-01T08:13:07.904455
joerlenss,/home/gilmar/Documents/algoritmos/logado-utfpr-ifam/logado-students/repos_logado/joerlenss/aprovacao2.json,aprovacao2.json,alert,2026-03-06 21:15:47,aprovacao2.js,6,3,2026-04-01T08:13:07.904457
joerlenss,/home/gilmar/Documents/algoritmos/logado-utfpr-ifam/logado-students/repos_logado/joerlenss/aprovacao2.json,aprovacao2.json,else,2026-03-06 21:15:47,aprovacao2.js,11,1,2026-04-01T08:13:07.904458
joerlenss,/home/gilmar/Documents/algoritmos/logado-utfpr-ifam/logado-students/repos_logado/joerlenss/aprovacao2.json,aprovacao2.json,alert,2026-03-06 21:15:47,aprovacao2.js,6,3,2026-04-01T08:13:07.904459
joerlenss,/home/gilmar/Documents/algoritmos/logado-utfpr-ifam/logado-students/repos_logado/joerlenss/aprovacao2.json,aprovacao2.json,else,2026-03-06 21:15:47,aprovacao2.js,11,1,2026-04-01T08:13:07.904460
joerlenss,/home/gilmar/Documents/algoritmos/logado-utfpr-ifam/logado-students/repos_logado/joerlenss/aprovacao2.json,aprovacao2.json,alert,2026-03-06 21:15:47,aprovacao2.js,6,3,2026-04-01T08:13:07.904462
joerlenss,/home/gilmar/Documents/algoritmos/logado-utfpr-ifam/logado-students/repos_logado/joerlenss/aprovacao2.json,aprovacao2.json,while,2026-03-06 21:15:47,aprovacao2.js,29,2,2026-04-01T08:13:07.904463
joerlenss,/home/gilmar/Documents/algoritmos/logado-utfpr-ifam/logado-students/repos_logado/joerlenss/aprovacao2.json,aprovacao2.json,alert,2026-03-06 21:15:47,aprovacao2.js,6,3,2026-04-01T08:13:07.904464
joerlenss,/home/gilmar/Documents/algoritmos/logado-utfpr-ifam/logado-students/repos_logado/joerlenss/aprovacao2.json,aprovacao2.json,var,2026-03-06 21:32:20,aprovacao2.js,1,1,2026-04-01T08:13:07.904465
joerlenss,/home/gilmar/Documents/algoritmos/logado-utfpr-ifam/logado-students/repos_logado/joerlenss/aprovacao2.json,aprovacao2.json,alert,2026-03-06 21:37:15,aprovacao2.js,10,5,2026-04-01T08:13:07.904466
joerlenss,/home/gilmar/Documents/algoritmos/logado-utfpr-ifam/logado-students/repos_logado/joerlenss/aprovacao2.json,aprovacao2.json,alert,2026-03-06 21:37:37,aprovacao2.js,28,5,2026-04-01T08:13:07.904468
joerlenss,/home/gilmar/Documents/algoritmos/logado-utfpr-ifam/logado-students/repos_logado/joerlenss/aprovacao2.json,aprovacao2.json,alert,2026-03-06 21:37:57,aprovacao2.js,15,5,2026-04-01T08:13:07.904469
joerlenss,/home/gilmar/Documents/algoritmos/logado-utfpr-ifam/logado-students/repos_logado/joerlenss/time.json,time.json,if,2026-03-05 21:54:37,time.js,3,1,2026-04-01T08:13:07.904487
joerlenss,/home/gilmar/Documents/algoritmos/logado-utfpr-ifam/logado-students/repos_logado/joerlenss/time.json,time.json,while,2026-03-05 21:56:30,time.js,5,1,2026-04-01T08:13:07.904488
joerlenss,/home/gilmar/Documents/algoritmos/logado-utfpr-ifam/logado-students/repos_logado/joerlenss/time.json,time.json,alert,2026-03-05 22:07:21,time.js,6,2,2026-04-01T08:13:07.904490
joerlenss,/home/gilmar/Documents/algoritmos/logado-utfpr-ifam/logado-students/repos_logado/joerlenss/time.json,time.json,alert,2026-03-05 22:09:24,time.js,10,2,2026-04-01T08:13:07.904493
joerlenss,/home/gilmar/Documents/algoritmos/logado-utfpr-ifam/logado-students/repos_logado/joerlenss/par-impa.json,par-impa.json,for,2026-02-26 22:08:09,par-impa.js,4,1,2026-04-01T08:13:07.904513
joerlenss,/home/gilmar/Documents/algoritmos/logado-utfpr-ifam/logado-students/repos_logado/joerlenss/par-impa.json,par-impa.json,prompt,2026-02-26 22:15:14,par-impa.js,7,23,2026-04-01T08:13:07.904517
joerlenss,/home/gilmar/Documents/algoritmos/logado-utfpr-ifam/logado-students/repos_logado/joerlenss/par-impa.json,par-impa.json,if,2026-02-26 22:15:48,par-impa.js,8,1,2026-04-01T08:13:07.904519
joerlenss,/home/gilmar/Documents/algoritmos/logado-utfpr-ifam/logado-students/repos_logado/joerlenss/par-impa.json,par-impa.json,alert,2026-02-26 22:16:30,par-impa.js,9,5,2026-04-01T08:13:07.904520
joerlenss,/home/gilmar/Documents/algoritmos/logado-utfpr-ifam/logado-students/repos_logado/joerlenss/par-impa.json,par-impa.json,else,2026-02-26 22:16:45,par-impa.js,10,1,2026-04-01T08:13:07.904521
joerlenss,/home/gilmar/Documents/algoritmos/logado-utfpr-ifam/logado-students/repos_logado/joerlenss/par-impa.json,par-impa.json,alert,2026-02-26 22:16:49,par-impa.js,11,5,2026-04-01T08:13:07.904523
joerlenss,/home/gilmar/Documents/algoritmos/logado-utfpr-ifam/logado-students/repos_logado/joerlenss/par-impa.json,par-impa.json,prompt,2026-02-26 22:19:43,par-impa.js,2,22,2026-04-01T08:13:07.904524
joerlenss,/home/gilmar/Documents/algoritmos/logado-utfpr-ifam/logado-students/repos_logado/joerlenss/par-impa.json,par-impa.json,prompt,2026-02-26 22:21:38,par-impa.js,4,24,2026-04-01T08:13:07.904525
joerlenss,/home/gilmar/Documents/algoritmos/logado-utfpr-ifam/logado-students/repos_logado/joerlenss/par-impa.json,par-impa.json,if,2026-02-26 22:22:00,par-impa.js,5,5,2026-04-01T08:13:07.904527
joerlenss,/home/gilmar/Documents/algoritmos/logado-utfpr-ifam/logado-students/repos_logado/joerlenss/par-impa.json,par-impa.json,alert,2026-02-26 22:23:48,par-impa.js,10,5,2026-04-01T08:13:07.904528
joerlenss,/home/gilmar/Documents/algoritmos/logado-utfpr-ifam/logado-students/repos_logado/joerlenss/troca.json,troca.json,alert,2026-03-20 20:05:02,troca.js,2,1,2026-04-01T08:13:07.904542
joerlenss,/home/gilmar/Documents/algoritmos/logado-utfpr-ifam/logado-students/repos_logado/joerlenss/troca.json,troca.json,break,2026-03-20 20:20:29,troca.js,2,31,2026-04-01T08:13:07.904544
tamilabl,/home/gilmar/Documents/algoritmos/logado-utfpr-ifam/logado-students/repos_logado/tamilabl/domingos.json,domingos.json,for,2026-02-27 19:59:53,domingos.js,5,1,2026-04-01T08:13:07.904562
tamilabl,/home/gilmar/Documents/algoritmos/logado-utfpr-ifam/logado-students/repos_logado/tamilabl/domingos.json,domingos.json,for,2026-02-27 20:48:52,domingos.js,5,1,2026-04-01T08:13:07.904564
tamilabl,/home/gilmar/Documents/algoritmos/logado-utfpr-ifam/logado-students/repos_logado/tamilabl/domingos.json,domingos.json,for,2026-02-27 20:49:33,domingos.js,4,1,2026-04-01T08:13:07.904566
tamilabl,/home/gilmar/Documents/algoritmos/logado-utfpr-ifam/logado-students/repos_logado/tamilabl/domingos.json,domingos.json,for,2026-02-27 20:51:35,domingos.js,7,1,2026-04-01T08:13:07.904569
tamilabl,/home/gilmar/Documents/algoritmos/logado-utfpr-ifam/logado-students/repos_logado/tamilabl/domingos.json,domingos.json,alert,2026-02-27 22:27:58,domingos.js,15,1,2026-04-01T08:13:07.904571
tamilabl,/home/gilmar/Documents/algoritmos/logado-utfpr-ifam/logado-students/repos_logado/tamilabl/vaquinha.json,vaquinha.json,for,2026-03-12 19:46:27,vaquinha.js,3,1,2026-04-01T08:13:07.904589
tamilabl,/home/gilmar/Documents/algoritmos/logado-utfpr-ifam/logado-students/repos_logado/tamilabl/vaquinha.json,vaquinha.json,let,2026-03-12 19:53:56,vaquinha.js,4,1,2026-04-01T08:13:07.904592
tamilabl,/home/gilmar/Documents/algoritmos/logado-utfpr-ifam/logado-students/repos_logado/tamilabl/vaquinha.json,vaquinha.json,prompt,2026-03-12 19:53:56,vaquinha.js,4,26,2026-04-01T08:13:07.904594
tamilabl,/home/gilmar/Documents/algoritmos/logado-utfpr-ifam/logado-students/repos_logado/tamilabl/vaquinha.json,vaquinha.json,const,2026-03-12 19:53:57,vaquinha.js,3,1,2026-04-01T08:13:07.904595
tamilabl,/home/gilmar/Documents/algoritmos/logado-utfpr-ifam/logado-students/repos_logado/tamilabl/vaquinha.json,vaquinha.json,let,2026-03-12 19:54:19,vaquinha.js,3,1,2026-04-01T08:13:07.904597
tamilabl,/home/gilmar/Documents/algoritmos/logado-utfpr-ifam/logado-students/repos_logado/tamilabl/vaquinha.json,vaquinha.json,alert,2026-03-12 19:58:33,vaquinha.js,8,1,2026-04-01T08:13:07.904598
tamilabl,/home/gilmar/Documents/algoritmos/logado-utfpr-ifam/logado-students/repos_logado/tamilabl/vaquinha.json,vaquinha.json,for,2026-03-12 20:06:49,vaquinha.js,9,1,2026-04-01T08:13:07.904600
tamilabl,/home/gilmar/Documents/algoritmos/logado-utfpr-ifam/logado-students/repos_logado/tamilabl/funcaosoma.json,funcaosoma.json,alert,2026-03-25 21:20:56,funcaosoma.js,6,1,2026-04-01T08:13:07.904613
tamilabl,/home/gilmar/Documents/algoritmos/logado-utfpr-ifam/logado-students/repos_logado/tamilabl/n1.json,n1.json,for,2026-02-26 22:11:07,n1.js,2,1,2026-04-01T08:13:07.904630
tamilabl,/home/gilmar/Documents/algoritmos/logado-utfpr-ifam/logado-students/repos_logado/tamilabl/n1.json,n1.json,alert,2026-02-26 22:12:03,n1.js,3,5,2026-04-01T08:13:07.904632
tamilabl,/home/gilmar/Documents/algoritmos/logado-utfpr-ifam/logado-students/repos_logado/tamilabl/n1.json,n1.json,for,2026-02-26 22:25:16,n1.js,3,1,2026-04-01T08:13:07.904633
tamilabl,/home/gilmar/Documents/algoritmos/logado-utfpr-ifam/logado-students/repos_logado/tamilabl/n1.json,n1.json,if,2026-02-26 22:27:06,n1.js,5,5,2026-04-01T08:13:07.904635
tamilabl,/home/gilmar/Documents/algoritmos/logado-utfpr-ifam/logado-students/repos_logado/tamilabl/n1.json,n1.json,else,2026-02-26 22:28:32,n1.js,8,5,2026-04-01T08:13:07.904636
tamilabl,/home/gilmar/Documents/algoritmos/logado-utfpr-ifam/logado-students/repos_logado/tamilabl/espalhamentominimo.json,espalhamentominimo.json,alert,2026-03-20 19:45:26,espalhamentominimo.js,2,1,2026-04-01T08:13:07.904659
tamilabl,/home/gilmar/Documents/algoritmos/logado-utfpr-ifam/logado-students/repos_logado/tamilabl/maiordetresmath.json,maiordetresmath.json,alert,2026-03-19 22:15:15,maiordetresmath.js,1,1,2026-04-01T08:13:07.904674
tamilabl,/home/gilmar/Documents/algoritmos/logado-utfpr-ifam/logado-students/repos_logado/tamilabl/maiordetresmath.json,maiordetresmath.json,alert,2026-03-19 22:17:41,maiordetresmath.js,2,1,2026-04-01T08:13:07.904675
tamilabl,/home/gilmar/Documents/algoritmos/logado-utfpr-ifam/logado-students/repos_logado/tamilabl/jogos.json,jogos.json,for,2026-02-26 20:05:51,jogos.js,2,1,2026-04-01T08:13:07.904690
tamilabl,/home/gilmar/Documents/algoritmos/logado-utfpr-ifam/logado-students/repos_logado/tamilabl/jogos.json,jogos.json,alert,2026-02-26 20:07:59,jogos.js,4,5,2026-04-01T08:13:07.904691
tamilabl,/home/gilmar/Documents/algoritmos/logado-utfpr-ifam/logado-students/repos_logado/tamilabl/jogos.json,jogos.json,alert,2026-02-26 20:08:33,jogos.js,6,1,2026-04-01T08:13:07.904693
tamilabl,/home/gilmar/Documents/algoritmos/logado-utfpr-ifam/logado-students/repos_logado/tamilabl/jogos.json,jogos.json,for,2026-02-26 20:11:00,jogos.js,7,1,2026-04-01T08:13:07.904694
tamilabl,/home/gilmar/Documents/algoritmos/logado-utfpr-ifam/logado-students/repos_logado/tamilabl/jogos.json,jogos.json,alert,2026-02-26 20:15:34,jogos.js,9,5,2026-04-01T08:13:07.904696
tamilabl,/home/gilmar/Documents/algoritmos/logado-utfpr-ifam/logado-students/repos_logado/tamilabl/vetor_parimpa.json,vetor_parimpa.json,for,2026-03-12 21:30:44,vetor_parimpa.js,5,1,2026-04-01T08:13:07.904732
tamilabl,/home/gilmar/Documents/algoritmos/logado-utfpr-ifam/logado-students/repos_logado/tamilabl/vetor_parimpa.json,vetor_parimpa.json,alert,2026-03-12 21:43:32,vetor_parimpa.js,6,5,2026-04-01T08:13:07.904734
tamilabl,/home/gilmar/Documents/algoritmos/logado-utfpr-ifam/logado-students/repos_logado/tamilabl/vetor_parimpa.json,vetor_parimpa.json,if,2026-03-12 21:59:49,vetor_parimpa.js,6,1,2026-04-01T08:13:07.904736
tamilabl,/home/gilmar/Documents/algoritmos/logado-utfpr-ifam/logado-students/repos_logado/tamilabl/vetor_parimpa.json,vetor_parimpa.json,for,2026-03-12 22:05:24,vetor_parimpa.js,16,1,2026-04-01T08:13:07.904737
tamilabl,/home/gilmar/Documents/algoritmos/logado-utfpr-ifam/logado-students/repos_logado/tamilabl/vetor_parimpa.json,vetor_parimpa.json,for,2026-03-12 22:08:34,vetor_parimpa.js,20,1,2026-04-01T08:13:07.904738
tamilabl,/home/gilmar/Documents/algoritmos/logado-utfpr-ifam/logado-students/repos_logado/tamilabl/vetor_parimpa.json,vetor_parimpa.json,let,2026-03-12 22:15:29,vetor_parimpa.js,1,1,2026-04-01T08:13:07.904740
tamilabl,/home/gilmar/Documents/algoritmos/logado-utfpr-ifam/logado-students/repos_logado/tamilabl/vetor_parimpa.json,vetor_parimpa.json,prompt,2026-03-12 22:15:29,vetor_parimpa.js,1,28,2026-04-01T08:13:07.904741
tamilabl,/home/gilmar/Documents/algoritmos/logado-utfpr-ifam/logado-students/repos_logado/tamilabl/vetor_parimpa.json,vetor_parimpa.json,const,2026-03-12 22:15:29,vetor_parimpa.js,2,1,2026-04-01T08:13:07.904743
tamilabl,/home/gilmar/Documents/algoritmos/logado-utfpr-ifam/logado-students/repos_logado/tamilabl/vetor_parimpa.json,vetor_parimpa.json,const,2026-03-12 22:15:29,vetor_parimpa.js,2,1,2026-04-01T08:13:07.904744
tamilabl,/home/gilmar/Documents/algoritmos/logado-utfpr-ifam/logado-students/repos_logado/tamilabl/vetor_parimpa.json,vetor_parimpa.json,const,2026-03-12 22:15:29,vetor_parimpa.js,2,1,2026-04-01T08:13:07.904745
tamilabl,/home/gilmar/Documents/algoritmos/logado-utfpr-ifam/logado-students/repos_logado/tamilabl/vetor_parimpa.json,vetor_parimpa.json,for,2026-03-12 22:15:29,vetor_parimpa.js,5,1,2026-04-01T08:13:07.904747
tamilabl,/home/gilmar/Documents/algoritmos/logado-utfpr-ifam/logado-students/repos_logado/tamilabl/vetor_parimpa.json,vetor_parimpa.json,let,2026-03-12 22:15:29,vetor_parimpa.js,1,1,2026-04-01T08:13:07.904748
tamilabl,/home/gilmar/Documents/algoritmos/logado-utfpr-ifam/logado-students/repos_logado/tamilabl/vetor_parimpa.json,vetor_parimpa.json,let,2026-03-12 22:16:41,vetor_parimpa.js,1,1,2026-04-01T08:13:07.904749
tamilabl,/home/gilmar/Documents/algoritmos/logado-utfpr-ifam/logado-students/repos_logado/tamilabl/vetor_parimpa.json,vetor_parimpa.json,prompt,2026-03-12 22:16:41,vetor_parimpa.js,1,28,2026-04-01T08:13:07.904751
tamilabl,/home/gilmar/Documents/algoritmos/logado-utfpr-ifam/logado-students/repos_logado/tamilabl/vetor_parimpa.json,vetor_parimpa.json,let,2026-03-12 22:16:48,vetor_parimpa.js,1,1,2026-04-01T08:13:07.904752
tamilabl,/home/gilmar/Documents/algoritmos/logado-utfpr-ifam/logado-students/repos_logado/tamilabl/vetor_parimpa.json,vetor_parimpa.json,prompt,2026-03-12 22:16:48,vetor_parimpa.js,1,28,2026-04-01T08:13:07.904754
tamilabl,/home/gilmar/Documents/algoritmos/logado-utfpr-ifam/logado-students/repos_logado/tamilabl/vetor_parimpa.json,vetor_parimpa.json,const,2026-03-12 22:16:49,vetor_parimpa.js,2,1,2026-04-01T08:13:07.904755
tamilabl,/home/gilmar/Documents/algoritmos/logado-utfpr-ifam/logado-students/repos_logado/tamilabl/vetor_parimpa.json,vetor_parimpa.json,const,2026-03-12 22:16:50,vetor_parimpa.js,3,1,2026-04-01T08:13:07.904756
tamilabl,/home/gilmar/Documents/algoritmos/logado-utfpr-ifam/logado-students/repos_logado/tamilabl/vetor_parimpa.json,vetor_parimpa.json,const,2026-03-12 22:16:50,vetor_parimpa.js,4,1,2026-04-01T08:13:07.904758
tamilabl,/home/gilmar/Documents/algoritmos/logado-utfpr-ifam/logado-students/repos_logado/tamilabl/vetor_parimpa.json,vetor_parimpa.json,for,2026-03-12 22:16:51,vetor_parimpa.js,5,1,2026-04-01T08:13:07.904761
tamilabl,/home/gilmar/Documents/algoritmos/logado-utfpr-ifam/logado-students/repos_logado/tamilabl/vetor_parimpa.json,vetor_parimpa.json,let,2026-03-12 22:16:51,vetor_parimpa.js,5,5,2026-04-01T08:13:07.904762
tamilabl,/home/gilmar/Documents/algoritmos/logado-utfpr-ifam/logado-students/repos_logado/tamilabl/vetor_parimpa.json,vetor_parimpa.json,const,2026-03-12 22:16:52,vetor_parimpa.js,1,1,2026-04-01T08:13:07.904764
tamilabl,/home/gilmar/Documents/algoritmos/logado-utfpr-ifam/logado-students/repos_logado/tamilabl/vetor_parimpa.json,vetor_parimpa.json,let,2026-03-12 22:16:52,vetor_parimpa.js,2,1,2026-04-01T08:13:07.904766
tamilabl,/home/gilmar/Documents/algoritmos/logado-utfpr-ifam/logado-students/repos_logado/tamilabl/vetor_parimpa.json,vetor_parimpa.json,prompt,2026-03-12 22:16:52,vetor_parimpa.js,2,27,2026-04-01T08:13:07.904767
tamilabl,/home/gilmar/Documents/algoritmos/logado-utfpr-ifam/logado-students/repos_logado/tamilabl/vetor_parimpa.json,vetor_parimpa.json,var,2026-03-12 22:16:52,vetor_parimpa.js,3,1,2026-04-01T08:13:07.904769
tamilabl,/home/gilmar/Documents/algoritmos/logado-utfpr-ifam/logado-students/repos_logado/tamilabl/vetor_parimpa.json,vetor_parimpa.json,for,2026-03-12 22:16:52,vetor_parimpa.js,4,1,2026-04-01T08:13:07.904771
tamilabl,/home/gilmar/Documents/algoritmos/logado-utfpr-ifam/logado-students/repos_logado/tamilabl/vetor_parimpa.json,vetor_parimpa.json,let,2026-03-12 22:16:52,vetor_parimpa.js,2,1,2026-04-01T08:13:07.904772
tamilabl,/home/gilmar/Documents/algoritmos/logado-utfpr-ifam/logado-students/repos_logado/tamilabl/vetor_parimpa.json,vetor_parimpa.json,let,2026-03-12 22:16:52,vetor_parimpa.js,2,1,2026-04-01T08:13:07.904774
tamilabl,/home/gilmar/Documents/algoritmos/logado-utfpr-ifam/logado-students/repos_logado/tamilabl/vetor_parimpa.json,vetor_parimpa.json,prompt,2026-03-12 22:16:52,vetor_parimpa.js,2,27,2026-04-01T08:13:07.904775
tamilabl,/home/gilmar/Documents/algoritmos/logado-utfpr-ifam/logado-students/repos_logado/tamilabl/vetor_parimpa.json,vetor_parimpa.json,if,2026-03-12 22:16:52,vetor_parimpa.js,6,1,2026-04-01T08:13:07.904776
tamilabl,/home/gilmar/Documents/algoritmos/logado-utfpr-ifam/logado-students/repos_logado/tamilabl/vetor_parimpa.json,vetor_parimpa.json,else,2026-03-12 22:16:52,vetor_parimpa.js,10,1,2026-04-01T08:13:07.904778
tamilabl,/home/gilmar/Documents/algoritmos/logado-utfpr-ifam/logado-students/repos_logado/tamilabl/vetor_parimpa.json,vetor_parimpa.json,for,2026-03-12 22:16:52,vetor_parimpa.js,4,1,2026-04-01T08:13:07.904779
tamilabl,/home/gilmar/Documents/algoritmos/logado-utfpr-ifam/logado-students/repos_logado/tamilabl/vetor_parimpa.json,vetor_parimpa.json,let,2026-03-12 22:16:52,vetor_parimpa.js,2,1,2026-04-01T08:13:07.904780
tamilabl,/home/gilmar/Documents/algoritmos/logado-utfpr-ifam/logado-students/repos_logado/tamilabl/vetor_parimpa.json,vetor_parimpa.json,for,2026-03-12 22:16:52,vetor_parimpa.js,4,1,2026-04-01T08:13:07.904782
tamilabl,/home/gilmar/Documents/algoritmos/logado-utfpr-ifam/logado-students/repos_logado/tamilabl/vetor_parimpa.json,vetor_parimpa.json,let,2026-03-12 22:16:52,vetor_parimpa.js,2,1,2026-04-01T08:13:07.904789
tamilabl,/home/gilmar/Documents/algoritmos/logado-utfpr-ifam/logado-students/repos_logado/tamilabl/funcaooperacao.json,funcaooperacao.json,if,2026-03-25 21:36:51,funcaooperacao.js,2,5,2026-04-01T08:13:07.904809
tamilabl,/home/gilmar/Documents/algoritmos/logado-utfpr-ifam/logado-students/repos_logado/tamilabl/funcaooperacao.json,funcaooperacao.json,switch,2026-03-25 21:59:38,funcaooperacao.js,17,1,2026-04-01T08:13:07.904811
tamilabl,/home/gilmar/Documents/algoritmos/logado-utfpr-ifam/logado-students/repos_logado/tamilabl/funcaooperacao.json,funcaooperacao.json,alert,2026-03-25 22:00:34,funcaooperacao.js,19,5,2026-04-01T08:13:07.904812
tamilabl,/home/gilmar/Documents/algoritmos/logado-utfpr-ifam/logado-students/repos_logado/tamilabl/funcaooperacao.json,funcaooperacao.json,alert,2026-03-25 22:01:20,funcaooperacao.js,19,9,2026-04-01T08:13:07.904814
tamilabl,/home/gilmar/Documents/algoritmos/logado-utfpr-ifam/logado-students/repos_logado/tamilabl/funcaooperacao.json,funcaooperacao.json,break,2026-03-25 22:01:50,funcaooperacao.js,19,26,2026-04-01T08:13:07.904816
tamilabl,/home/gilmar/Documents/algoritmos/logado-utfpr-ifam/logado-students/repos_logado/tamilabl/funcaooperacao.json,funcaooperacao.json,alert,2026-03-25 22:02:16,funcaooperacao.js,21,9,2026-04-01T08:13:07.904818
tamilabl,/home/gilmar/Documents/algoritmos/logado-utfpr-ifam/logado-students/repos_logado/tamilabl/funcaooperacao.json,funcaooperacao.json,break,2026-03-25 22:02:41,funcaooperacao.js,21,31,2026-04-01T08:13:07.904819
tamilabl,/home/gilmar/Documents/algoritmos/logado-utfpr-ifam/logado-students/repos_logado/tamilabl/funcaooperacao.json,funcaooperacao.json,alert,2026-03-25 22:03:27,funcaooperacao.js,23,9,2026-04-01T08:13:07.904820
tamilabl,/home/gilmar/Documents/algoritmos/logado-utfpr-ifam/logado-students/repos_logado/tamilabl/funcaooperacao.json,funcaooperacao.json,break,2026-03-25 22:03:56,funcaooperacao.js,23,35,2026-04-01T08:13:07.904821
tamilabl,/home/gilmar/Documents/algoritmos/logado-utfpr-ifam/logado-students/repos_logado/tamilabl/funcaooperacao.json,funcaooperacao.json,alert,2026-03-25 22:04:16,funcaooperacao.js,25,13,2026-04-01T08:13:07.904823
tamilabl,/home/gilmar/Documents/algoritmos/logado-utfpr-ifam/logado-students/repos_logado/tamilabl/funcaooperacao.json,funcaooperacao.json,break,2026-03-25 22:05:23,funcaooperacao.js,25,46,2026-04-01T08:13:07.904824
tamilabl,/home/gilmar/Documents/algoritmos/logado-utfpr-ifam/logado-students/repos_logado/tamilabl/funcaooperacao.json,funcaooperacao.json,alert,2026-03-25 22:07:23,funcaooperacao.js,27,13,2026-04-01T08:13:07.904825
tamilabl,/home/gilmar/Documents/algoritmos/logado-utfpr-ifam/logado-students/repos_logado/tamilabl/revisaovetor.json,revisaovetor.json,alert,2026-03-26 19:37:35,revisaovetor.js,2,1,2026-04-01T08:13:07.904860
tamilabl,/home/gilmar/Documents/algoritmos/logado-utfpr-ifam/logado-students/repos_logado/tamilabl/revisaovetor.json,revisaovetor.json,prompt,2026-03-26 19:42:14,revisaovetor.js,2,42,2026-04-01T08:13:07.904861
tamilabl,/home/gilmar/Documents/algoritmos/logado-utfpr-ifam/logado-students/repos_logado/tamilabl/revisaovetor.json,revisaovetor.json,alert,2026-03-26 19:49:38,revisaovetor.js,3,1,2026-04-01T08:13:07.904863
tamilabl,/home/gilmar/Documents/algoritmos/logado-utfpr-ifam/logado-students/repos_logado/tamilabl/revisaovetor.json,revisaovetor.json,for,2026-03-26 19:52:53,revisaovetor.js,3,1,2026-04-01T08:13:07.904864
tamilabl,/home/gilmar/Documents/algoritmos/logado-utfpr-ifam/logado-students/repos_logado/tamilabl/revisaovetor.json,revisaovetor.json,for,2026-03-26 19:54:42,revisaovetor.js,6,1,2026-04-01T08:13:07.904866
tamilabl,/home/gilmar/Documents/algoritmos/logado-utfpr-ifam/logado-students/repos_logado/tamilabl/vetor_tabuada.json,vetor_tabuada.json,for,2026-03-13 20:00:35,vetor_tabuada.js,7,1,2026-04-01T08:13:07.904879
tamilabl,/home/gilmar/Documents/algoritmos/logado-utfpr-ifam/logado-students/repos_logado/tamilabl/aprovacao.json,aprovacao.json,let,2026-03-05 19:52:41,aprovacao.js,3,1,2026-04-01T08:13:07.904907
tamilabl,/home/gilmar/Documents/algoritmos/logado-utfpr-ifam/logado-students/repos_logado/tamilabl/aprovacao.json,aprovacao.json,if,2026-03-05 20:07:44,aprovacao.js,5,1,2026-04-01T08:13:07.904909
tamilabl,/home/gilmar/Documents/algoritmos/logado-utfpr-ifam/logado-students/repos_logado/tamilabl/aprovacao.json,aprovacao.json,alert,2026-03-05 20:11:35,aprovacao.js,4,1,2026-04-01T08:13:07.904910
tamilabl,/home/gilmar/Documents/algoritmos/logado-utfpr-ifam/logado-students/repos_logado/tamilabl/aprovacao.json,aprovacao.json,if,2026-03-05 20:12:31,aprovacao.js,8,1,2026-04-01T08:13:07.904912
tamilabl,/home/gilmar/Documents/algoritmos/logado-utfpr-ifam/logado-students/repos_logado/tamilabl/aprovacao.json,aprovacao.json,if,2026-03-05 20:16:35,aprovacao.js,7,6,2026-04-01T08:13:07.904913
tamilabl,/home/gilmar/Documents/algoritmos/logado-utfpr-ifam/logado-students/repos_logado/tamilabl/aprovacao.json,aprovacao.json,alert,2026-03-05 20:45:36,aprovacao.js,9,5,2026-04-01T08:13:07.904916
tamilabl,/home/gilmar/Documents/algoritmos/logado-utfpr-ifam/logado-students/repos_logado/tamilabl/aprovacao.json,aprovacao.json,alert,2026-03-05 20:46:27,aprovacao.js,9,1,2026-04-01T08:13:07.904918
tamilabl,/home/gilmar/Documents/algoritmos/logado-utfpr-ifam/logado-students/repos_logado/tamilabl/aprovacao.json,aprovacao.json,length,2026-03-05 21:26:50,aprovacao.js,1,1,2026-04-01T08:13:07.904920
tamilabl,/home/gilmar/Documents/algoritmos/logado-utfpr-ifam/logado-students/repos_logado/tamilabl/aprovacao.json,aprovacao.json,if,2026-03-05 21:30:05,aprovacao.js,11,1,2026-04-01T08:13:07.904922
tamilabl,/home/gilmar/Documents/algoritmos/logado-utfpr-ifam/logado-students/repos_logado/tamilabl/aprovacao.json,aprovacao.json,else,2026-03-05 21:30:53,aprovacao.js,13,1,2026-04-01T08:13:07.904923
tamilabl,/home/gilmar/Documents/algoritmos/logado-utfpr-ifam/logado-students/repos_logado/tamilabl/aprovacao.json,aprovacao.json,alert,2026-03-05 21:30:59,aprovacao.js,14,5,2026-04-01T08:13:07.904925
tamilabl,/home/gilmar/Documents/algoritmos/logado-utfpr-ifam/logado-students/repos_logado/tamilabl/aprovacao.json,aprovacao.json,else,2026-03-05 21:31:55,aprovacao.js,16,1,2026-04-01T08:13:07.904926
tamilabl,/home/gilmar/Documents/algoritmos/logado-utfpr-ifam/logado-students/repos_logado/tamilabl/aprovacao.json,aprovacao.json,alert,2026-03-05 21:32:17,aprovacao.js,17,5,2026-04-01T08:13:07.904927
tamilabl,/home/gilmar/Documents/algoritmos/logado-utfpr-ifam/logado-students/repos_logado/tamilabl/aprovacao.json,aprovacao.json,alert,2026-03-06 20:13:02,aprovacao.js,16,5,2026-04-01T08:13:07.904930
tamilabl,/home/gilmar/Documents/algoritmos/logado-utfpr-ifam/logado-students/repos_logado/tamilabl/copa.json,copa.json,for,2026-02-26 21:32:31,copa.js,2,1,2026-04-01T08:13:07.904950
tamilabl,/home/gilmar/Documents/algoritmos/logado-utfpr-ifam/logado-students/repos_logado/tamilabl/copa.json,copa.json,for,2026-02-26 21:39:21,copa.js,6,1,2026-04-01T08:13:07.904952
tamilabl,/home/gilmar/Documents/algoritmos/logado-utfpr-ifam/logado-students/repos_logado/tamilabl/copa.json,copa.json,alert,2026-02-26 21:41:12,copa.js,6,1,2026-04-01T08:13:07.904955
tamilabl,/home/gilmar/Documents/algoritmos/logado-utfpr-ifam/logado-students/repos_logado/tamilabl/copa.json,copa.json,alert,2026-02-26 21:44:56,copa.js,6,1,2026-04-01T08:13:07.904956
tamilabl,/home/gilmar/Documents/algoritmos/logado-utfpr-ifam/logado-students/repos_logado/tamilabl/copa.json,copa.json,if,2026-02-26 21:45:18,copa.js,3,5,2026-04-01T08:13:07.904958
tamilabl,/home/gilmar/Documents/algoritmos/logado-utfpr-ifam/logado-students/repos_logado/tamilabl/decremento.json,decremento.json,while,2026-03-06 21:57:59,decremento.js,2,1,2026-04-01T08:13:07.904971
tamilabl,/home/gilmar/Documents/algoritmos/logado-utfpr-ifam/logado-students/repos_logado/tamilabl/decremento.json,decremento.json,alert,2026-03-06 21:59:59,decremento.js,3,5,2026-04-01T08:13:07.904973
tamilabl,/home/gilmar/Documents/algoritmos/logado-utfpr-ifam/logado-students/repos_logado/tamilabl/espalhamento.json,espalhamento.json,alert,2026-03-19 22:28:32,espalhamento.js,2,1,2026-04-01T08:13:07.904987
tamilabl,/home/gilmar/Documents/algoritmos/logado-utfpr-ifam/logado-students/repos_logado/tamilabl/funcaovetor.json,funcaovetor.json,for,2026-03-26 20:22:17,funcaovetor.js,6,1,2026-04-01T08:13:07.905005
tamilabl,/home/gilmar/Documents/algoritmos/logado-utfpr-ifam/logado-students/repos_logado/tamilabl/funcaovetor.json,funcaovetor.json,var,2026-03-26 20:34:14,funcaovetor.js,6,43,2026-04-01T08:13:07.905008
tamilabl,/home/gilmar/Documents/algoritmos/logado-utfpr-ifam/logado-students/repos_logado/tamilabl/funcaovetor.json,funcaovetor.json,const,2026-03-26 20:34:14,funcaovetor.js,6,43,2026-04-01T08:13:07.905009
tamilabl,/home/gilmar/Documents/algoritmos/logado-utfpr-ifam/logado-students/repos_logado/tamilabl/funcaovetor.json,funcaovetor.json,prompt,2026-03-26 20:34:14,funcaovetor.js,6,43,2026-04-01T08:13:07.905012
tamilabl,/home/gilmar/Documents/algoritmos/logado-utfpr-ifam/logado-students/repos_logado/tamilabl/funcaovetor.json,funcaovetor.json,prompt,2026-03-26 20:34:42,funcaovetor.js,8,10,2026-04-01T08:13:07.905013
tamilabl,/home/gilmar/Documents/algoritmos/logado-utfpr-ifam/logado-students/repos_logado/tamilabl/funcaovetor.json,funcaovetor.json,for,2026-03-26 20:48:24,funcaovetor.js,4,5,2026-04-01T08:13:07.905015
tamilabl,/home/gilmar/Documents/algoritmos/logado-utfpr-ifam/logado-students/repos_logado/tamilabl/funcaovetor.json,funcaovetor.json,for,2026-03-26 20:49:30,funcaovetor.js,7,5,2026-04-01T08:13:07.905016
tamilabl,/home/gilmar/Documents/algoritmos/logado-utfpr-ifam/logado-students/repos_logado/tamilabl/aprovacao2.json,aprovacao2.json,do,2026-03-06 21:23:03,aprovacao2.js,1,1,2026-04-01T08:13:07.905049
tamilabl,/home/gilmar/Documents/algoritmos/logado-utfpr-ifam/logado-students/repos_logado/tamilabl/aprovacao2.json,aprovacao2.json,var,2026-03-06 21:23:03,aprovacao2.js,2,5,2026-04-01T08:13:07.905051
tamilabl,/home/gilmar/Documents/algoritmos/logado-utfpr-ifam/logado-students/repos_logado/tamilabl/aprovacao2.json,aprovacao2.json,var,2026-03-06 21:23:03,aprovacao2.js,2,5,2026-04-01T08:13:07.905052
tamilabl,/home/gilmar/Documents/algoritmos/logado-utfpr-ifam/logado-students/repos_logado/tamilabl/aprovacao2.json,aprovacao2.json,prompt,2026-03-06 21:23:03,aprovacao2.js,3,27,2026-04-01T08:13:07.905054
tamilabl,/home/gilmar/Documents/algoritmos/logado-utfpr-ifam/logado-students/repos_logado/tamilabl/aprovacao2.json,aprovacao2.json,var,2026-03-06 21:23:03,aprovacao2.js,2,5,2026-04-01T08:13:07.905055
tamilabl,/home/gilmar/Documents/algoritmos/logado-utfpr-ifam/logado-students/repos_logado/tamilabl/aprovacao2.json,aprovacao2.json,prompt,2026-03-06 21:23:03,aprovacao2.js,3,27,2026-04-01T08:13:07.905057
tamilabl,/home/gilmar/Documents/algoritmos/logado-utfpr-ifam/logado-students/repos_logado/tamilabl/aprovacao2.json,aprovacao2.json,var,2026-03-06 21:23:03,aprovacao2.js,2,5,2026-04-01T08:13:07.905058
tamilabl,/home/gilmar/Documents/algoritmos/logado-utfpr-ifam/logado-students/repos_logado/tamilabl/aprovacao2.json,aprovacao2.json,alert,2026-03-06 21:23:03,aprovacao2.js,6,3,2026-04-01T08:13:07.905059
tamilabl,/home/gilmar/Documents/algoritmos/logado-utfpr-ifam/logado-students/repos_logado/tamilabl/aprovacao2.json,aprovacao2.json,if,2026-03-06 21:23:03,aprovacao2.js,7,1,2026-04-01T08:13:07.905061
tamilabl,/home/gilmar/Documents/algoritmos/logado-utfpr-ifam/logado-students/repos_logado/tamilabl/aprovacao2.json,aprovacao2.json,alert,2026-03-06 21:23:03,aprovacao2.js,6,3,2026-04-01T08:13:07.905062
tamilabl,/home/gilmar/Documents/algoritmos/logado-utfpr-ifam/logado-students/repos_logado/tamilabl/aprovacao2.json,aprovacao2.json,else,2026-03-06 21:23:03,aprovacao2.js,11,1,2026-04-01T08:13:07.905064
tamilabl,/home/gilmar/Documents/algoritmos/logado-utfpr-ifam/logado-students/repos_logado/tamilabl/aprovacao2.json,aprovacao2.json,if,2026-03-06 21:23:03,aprovacao2.js,7,1,2026-04-01T08:13:07.905065
tamilabl,/home/gilmar/Documents/algoritmos/logado-utfpr-ifam/logado-students/repos_logado/tamilabl/aprovacao2.json,aprovacao2.json,alert,2026-03-06 21:23:03,aprovacao2.js,6,3,2026-04-01T08:13:07.905066
tamilabl,/home/gilmar/Documents/algoritmos/logado-utfpr-ifam/logado-students/repos_logado/tamilabl/aprovacao2.json,aprovacao2.json,prompt,2026-03-06 21:23:03,aprovacao2.js,3,27,2026-04-01T08:13:07.905069
tamilabl,/home/gilmar/Documents/algoritmos/logado-utfpr-ifam/logado-students/repos_logado/tamilabl/aprovacao2.json,aprovacao2.json,if,2026-03-06 21:23:03,aprovacao2.js,7,1,2026-04-01T08:13:07.905071
tamilabl,/home/gilmar/Documents/algoritmos/logado-utfpr-ifam/logado-students/repos_logado/tamilabl/aprovacao2.json,aprovacao2.json,alert,2026-03-06 21:23:03,aprovacao2.js,6,3,2026-04-01T08:13:07.905074
tamilabl,/home/gilmar/Documents/algoritmos/logado-utfpr-ifam/logado-students/repos_logado/tamilabl/aprovacao2.json,aprovacao2.json,else,2026-03-06 21:23:03,aprovacao2.js,11,1,2026-04-01T08:13:07.905076
tamilabl,/home/gilmar/Documents/algoritmos/logado-utfpr-ifam/logado-students/repos_logado/tamilabl/aprovacao2.json,aprovacao2.json,alert,2026-03-06 21:23:03,aprovacao2.js,6,3,2026-04-01T08:13:07.905078
tamilabl,/home/gilmar/Documents/algoritmos/logado-utfpr-ifam/logado-students/repos_logado/tamilabl/aprovacao2.json,aprovacao2.json,else,2026-03-06 21:23:03,aprovacao2.js,11,1,2026-04-01T08:13:07.905080
tamilabl,/home/gilmar/Documents/algoritmos/logado-utfpr-ifam/logado-students/repos_logado/tamilabl/aprovacao2.json,aprovacao2.json,alert,2026-03-06 21:23:03,aprovacao2.js,6,3,2026-04-01T08:13:07.905082
tamilabl,/home/gilmar/Documents/algoritmos/logado-utfpr-ifam/logado-students/repos_logado/tamilabl/aprovacao2.json,aprovacao2.json,while,2026-03-06 21:23:03,aprovacao2.js,29,2,2026-04-01T08:13:07.905083
tamilabl,/home/gilmar/Documents/algoritmos/logado-utfpr-ifam/logado-students/repos_logado/tamilabl/aprovacao2.json,aprovacao2.json,alert,2026-03-06 21:23:03,aprovacao2.js,6,3,2026-04-01T08:13:07.905086
tamilabl,/home/gilmar/Documents/algoritmos/logado-utfpr-ifam/logado-students/repos_logado/tamilabl/aprovacao2.json,aprovacao2.json,var,2026-03-06 21:32:25,aprovacao2.js,1,1,2026-04-01T08:13:07.905087
tamilabl,/home/gilmar/Documents/algoritmos/logado-utfpr-ifam/logado-students/repos_logado/tamilabl/aprovacao2.json,aprovacao2.json,var,2026-03-06 21:32:26,aprovacao2.js,2,1,2026-04-01T08:13:07.905089
tamilabl,/home/gilmar/Documents/algoritmos/logado-utfpr-ifam/logado-students/repos_logado/tamilabl/aprovacao2.json,aprovacao2.json,prompt,2026-03-06 21:32:26,aprovacao2.js,2,23,2026-04-01T08:13:07.905090
tamilabl,/home/gilmar/Documents/algoritmos/logado-utfpr-ifam/logado-students/repos_logado/tamilabl/aprovacao2.json,aprovacao2.json,var,2026-03-06 21:32:27,aprovacao2.js,3,1,2026-04-01T08:13:07.905092
tamilabl,/home/gilmar/Documents/algoritmos/logado-utfpr-ifam/logado-students/repos_logado/tamilabl/aprovacao2.json,aprovacao2.json,prompt,2026-03-06 21:32:27,aprovacao2.js,3,23,2026-04-01T08:13:07.905093
tamilabl,/home/gilmar/Documents/algoritmos/logado-utfpr-ifam/logado-students/repos_logado/tamilabl/aprovacao2.json,aprovacao2.json,var,2026-03-06 21:32:28,aprovacao2.js,4,1,2026-04-01T08:13:07.905094
tamilabl,/home/gilmar/Documents/algoritmos/logado-utfpr-ifam/logado-students/repos_logado/tamilabl/aprovacao2.json,aprovacao2.json,var,2026-03-06 21:32:45,aprovacao2.js,6,1,2026-04-01T08:13:07.905096
tamilabl,/home/gilmar/Documents/algoritmos/logado-utfpr-ifam/logado-students/repos_logado/tamilabl/aprovacao2.json,aprovacao2.json,var,2026-03-06 21:32:45,aprovacao2.js,5,1,2026-04-01T08:13:07.905097
tamilabl,/home/gilmar/Documents/algoritmos/logado-utfpr-ifam/logado-students/repos_logado/tamilabl/aprovacao2.json,aprovacao2.json,prompt,2026-03-06 21:32:45,aprovacao2.js,5,23,2026-04-01T08:13:07.905099
tamilabl,/home/gilmar/Documents/algoritmos/logado-utfpr-ifam/logado-students/repos_logado/tamilabl/aprovacao2.json,aprovacao2.json,var,2026-03-06 21:32:46,aprovacao2.js,4,1,2026-04-01T08:13:07.905100
tamilabl,/home/gilmar/Documents/algoritmos/logado-utfpr-ifam/logado-students/repos_logado/tamilabl/aprovacao2.json,aprovacao2.json,prompt,2026-03-06 21:32:46,aprovacao2.js,4,23,2026-04-01T08:13:07.905102
tamilabl,/home/gilmar/Documents/algoritmos/logado-utfpr-ifam/logado-students/repos_logado/tamilabl/time.json,time.json,while,2026-03-05 21:57:13,time.js,3,5,2026-04-01T08:13:07.905125
tamilabl,/home/gilmar/Documents/algoritmos/logado-utfpr-ifam/logado-students/repos_logado/tamilabl/time.json,time.json,let,2026-03-05 21:58:41,time.js,1,1,2026-04-01T08:13:07.905127
tamilabl,/home/gilmar/Documents/algoritmos/logado-utfpr-ifam/logado-students/repos_logado/tamilabl/time.json,time.json,do,2026-03-05 21:58:42,time.js,2,1,2026-04-01T08:13:07.905130
tamilabl,/home/gilmar/Documents/algoritmos/logado-utfpr-ifam/logado-students/repos_logado/tamilabl/time.json,time.json,while,2026-03-05 21:59:10,time.js,8,5,2026-04-01T08:13:07.905132
tamilabl,/home/gilmar/Documents/algoritmos/logado-utfpr-ifam/logado-students/repos_logado/tamilabl/time.json,time.json,while,2026-03-05 22:14:43,time.js,8,31,2026-04-01T08:13:07.905133
tamilabl,/home/gilmar/Documents/algoritmos/logado-utfpr-ifam/logado-students/repos_logado/tamilabl/time.json,time.json,alert,2026-03-05 22:19:12,time.js,4,5,2026-04-01T08:13:07.905135
tamilabl,/home/gilmar/Documents/algoritmos/logado-utfpr-ifam/logado-students/repos_logado/tamilabl/time.json,time.json,let,2026-03-05 22:19:18,time.js,3,1,2026-04-01T08:13:07.905136
tamilabl,/home/gilmar/Documents/algoritmos/logado-utfpr-ifam/logado-students/repos_logado/tamilabl/maiordetres.json,maiordetres.json,if,2026-03-19 21:57:55,maiordetres.js,2,1,2026-04-01T08:13:07.905154
tamilabl,/home/gilmar/Documents/algoritmos/logado-utfpr-ifam/logado-students/repos_logado/tamilabl/maiordetres.json,maiordetres.json,alert,2026-03-19 21:58:59,maiordetres.js,3,5,2026-04-01T08:13:07.905156
tamilabl,/home/gilmar/Documents/algoritmos/logado-utfpr-ifam/logado-students/repos_logado/tamilabl/maiordetres.json,maiordetres.json,if,2026-03-19 22:00:13,maiordetres.js,4,6,2026-04-01T08:13:07.905158
tamilabl,/home/gilmar/Documents/algoritmos/logado-utfpr-ifam/logado-students/repos_logado/tamilabl/maiordetres.json,maiordetres.json,alert,2026-03-19 22:01:05,maiordetres.js,5,1,2026-04-01T08:13:07.905159
tamilabl,/home/gilmar/Documents/algoritmos/logado-utfpr-ifam/logado-students/repos_logado/tamilabl/maiordetres.json,maiordetres.json,if,2026-03-19 22:01:16,maiordetres.js,6,6,2026-04-01T08:13:07.905161
tamilabl,/home/gilmar/Documents/algoritmos/logado-utfpr-ifam/logado-students/repos_logado/tamilabl/maiordetres.json,maiordetres.json,alert,2026-03-19 22:03:03,maiordetres.js,7,5,2026-04-01T08:13:07.905162
tamilabl,/home/gilmar/Documents/algoritmos/logado-utfpr-ifam/logado-students/repos_logado/tamilabl/maiordetres.json,maiordetres.json,else,2026-03-19 22:03:12,maiordetres.js,8,1,2026-04-01T08:13:07.905164
tamilabl,/home/gilmar/Documents/algoritmos/logado-utfpr-ifam/logado-students/repos_logado/tamilabl/maiordetres.json,maiordetres.json,alert,2026-03-19 22:03:21,maiordetres.js,9,5,2026-04-01T08:13:07.905165
tamilabl,/home/gilmar/Documents/algoritmos/logado-utfpr-ifam/logado-students/repos_logado/tamilabl/troca.json,troca.json,if,2026-03-20 20:07:41,troca.js,2,1,2026-04-01T08:13:07.905183
tamilabl,/home/gilmar/Documents/algoritmos/logado-utfpr-ifam/logado-students/repos_logado/tamilabl/troca.json,troca.json,const,2026-03-20 20:18:31,troca.js,2,1,2026-04-01T08:13:07.905185
tamilabl,/home/gilmar/Documents/algoritmos/logado-utfpr-ifam/logado-students/repos_logado/tamilabl/troca.json,troca.json,alert,2026-03-20 20:27:27,troca.js,2,1,2026-04-01T08:13:07.905187
tamilabl,/home/gilmar/Documents/algoritmos/logado-utfpr-ifam/logado-students/repos_logado/tamilabl/troca.json,troca.json,alert,2026-03-20 20:34:47,troca.js,6,1,2026-04-01T08:13:07.905188
tamilabl,/home/gilmar/Documents/algoritmos/logado-utfpr-ifam/logado-students/repos_logado/tamilabl/vetor_jogos.json,vetor_jogos.json,for,2026-03-12 20:20:29,vetor_jogos.js,4,1,2026-04-01T08:13:07.905213
tamilabl,/home/gilmar/Documents/algoritmos/logado-utfpr-ifam/logado-students/repos_logado/tamilabl/vetor_jogos.json,vetor_jogos.json,alert,2026-03-12 20:23:32,vetor_jogos.js,6,1,2026-04-01T08:13:07.905214
tamilabl,/home/gilmar/Documents/algoritmos/logado-utfpr-ifam/logado-students/repos_logado/tamilabl/vetor_jogos.json,vetor_jogos.json,alert,2026-03-12 20:29:14,vetor_jogos.js,6,1,2026-04-01T08:13:07.905216
tamilabl,/home/gilmar/Documents/algoritmos/logado-utfpr-ifam/logado-students/repos_logado/tamilabl/jogos2.json,jogos2.json,while,2026-03-06 22:15:09,jogos2.js,2,1,2026-04-01T08:13:07.905236
tamilabl,/home/gilmar/Documents/algoritmos/logado-utfpr-ifam/logado-students/repos_logado/tamilabl/jogos2.json,jogos2.json,alert,2026-03-06 22:15:34,jogos2.js,3,5,2026-04-01T08:13:07.905238
tamilabl,/home/gilmar/Documents/algoritmos/logado-utfpr-ifam/logado-students/repos_logado/tamilabl/jogos2.json,jogos2.json,alert,2026-03-06 22:27:38,jogos2.js,8,1,2026-04-01T08:13:07.905239
jeilsonsales25,/home/gilmar/Documents/algoritmos/logado-utfpr-ifam/logado-students/repos_logado/jeilsonsales25/ds.json,ds.json,for,2026-02-24 20:00:39,ds.js,1,1,2026-04-01T08:13:07.905265
jeilsonsales25,/home/gilmar/Documents/algoritmos/logado-utfpr-ifam/logado-students/repos_logado/jeilsonsales25/ds.json,ds.json,alert,2026-02-24 20:01:19,ds.js,2,5,2026-04-01T08:13:07.905266
jeilsonsales25,/home/gilmar/Documents/algoritmos/logado-utfpr-ifam/logado-students/repos_logado/jeilsonsales25/04a.json,04a.json,do,2026-03-10 19:38:50,04a.js,1,42,2026-04-01T08:13:07.905290
jeilsonsales25,/home/gilmar/Documents/algoritmos/logado-utfpr-ifam/logado-students/repos_logado/jeilsonsales25/04a.json,04a.json,while,2026-03-10 19:38:50,04a.js,2,116,2026-04-01T08:13:07.905291
jeilsonsales25,/home/gilmar/Documents/algoritmos/logado-utfpr-ifam/logado-students/repos_logado/jeilsonsales25/04a.json,04a.json,prompt,2026-03-10 19:39:27,04a.js,5,12,2026-04-01T08:13:07.905293
jeilsonsales25,/home/gilmar/Documents/algoritmos/logado-utfpr-ifam/logado-students/repos_logado/jeilsonsales25/04a.json,04a.json,while,2026-03-10 19:40:11,04a.js,6,2,2026-04-01T08:13:07.905294
jeilsonsales25,/home/gilmar/Documents/algoritmos/logado-utfpr-ifam/logado-students/repos_logado/jeilsonsales25/04a.json,04a.json,prompt,2026-03-10 19:40:18,04a.js,6,8,2026-04-01T08:13:07.905296
jeilsonsales25,/home/gilmar/Documents/algoritmos/logado-utfpr-ifam/logado-students/repos_logado/jeilsonsales25/04a.json,04a.json,alert,2026-03-10 19:40:43,04a.js,7,5,2026-04-01T08:13:07.905298
jeilsonsales25,/home/gilmar/Documents/algoritmos/logado-utfpr-ifam/logado-students/repos_logado/jeilsonsales25/04a.json,04a.json,alert,2026-03-10 19:43:41,04a.js,6,5,2026-04-01T08:13:07.905299
jeilsonsales25,/home/gilmar/Documents/algoritmos/logado-utfpr-ifam/logado-students/repos_logado/jeilsonsales25/04a.json,04a.json,alert,2026-03-10 22:08:28,04a.js,5,1,2026-04-01T08:13:07.905301
jeilsonsales25,/home/gilmar/Documents/algoritmos/logado-utfpr-ifam/logado-students/repos_logado/jeilsonsales25/espalhamento_minimo.json,espalhamento_minimo.json,for,2026-03-20 19:46:09,espalhamento_minimo.js,2,1,2026-04-01T08:13:07.905322
jeilsonsales25,/home/gilmar/Documents/algoritmos/logado-utfpr-ifam/logado-students/repos_logado/jeilsonsales25/espalhamento_minimo.json,espalhamento_minimo.json,length,2026-03-20 19:46:41,espalhamento_minimo.js,2,24,2026-04-01T08:13:07.905323
jeilsonsales25,/home/gilmar/Documents/algoritmos/logado-utfpr-ifam/logado-students/repos_logado/jeilsonsales25/espalhamento_minimo.json,espalhamento_minimo.json,max,2026-03-20 19:47:19,espalhamento_minimo.js,3,17,2026-04-01T08:13:07.905325
jeilsonsales25,/home/gilmar/Documents/algoritmos/logado-utfpr-ifam/logado-students/repos_logado/jeilsonsales25/espalhamento_minimo.json,espalhamento_minimo.json,min,2026-03-20 19:48:43,espalhamento_minimo.js,3,17,2026-04-01T08:13:07.905326
jeilsonsales25,/home/gilmar/Documents/algoritmos/logado-utfpr-ifam/logado-students/repos_logado/jeilsonsales25/espalhamento_minimo.json,espalhamento_minimo.json,alert,2026-03-20 19:49:35,espalhamento_minimo.js,5,1,2026-04-01T08:13:07.905328
jeilsonsales25,/home/gilmar/Documents/algoritmos/logado-utfpr-ifam/logado-students/repos_logado/jeilsonsales25/espalhamento_minimo.json,espalhamento_minimo.json,alert,2026-03-20 19:51:51,espalhamento_minimo.js,4,5,2026-04-01T08:13:07.905329
jeilsonsales25,/home/gilmar/Documents/algoritmos/logado-utfpr-ifam/logado-students/repos_logado/jeilsonsales25/espalhamento_minimo.json,espalhamento_minimo.json,const,2026-03-20 19:52:23,espalhamento_minimo.js,6,1,2026-04-01T08:13:07.905332
jeilsonsales25,/home/gilmar/Documents/algoritmos/logado-utfpr-ifam/logado-students/repos_logado/jeilsonsales25/espalhamento_minimo.json,espalhamento_minimo.json,const,2026-03-20 19:52:23,espalhamento_minimo.js,6,1,2026-04-01T08:13:07.905333
jeilsonsales25,/home/gilmar/Documents/algoritmos/logado-utfpr-ifam/logado-students/repos_logado/jeilsonsales25/espalhamento_minimo.json,espalhamento_minimo.json,min,2026-03-20 19:52:23,espalhamento_minimo.js,7,20,2026-04-01T08:13:07.905335
jeilsonsales25,/home/gilmar/Documents/algoritmos/logado-utfpr-ifam/logado-students/repos_logado/jeilsonsales25/espalhamento_minimo.json,espalhamento_minimo.json,console,2026-03-20 19:52:23,espalhamento_minimo.js,8,1,2026-04-01T08:13:07.905336
jeilsonsales25,/home/gilmar/Documents/algoritmos/logado-utfpr-ifam/logado-students/repos_logado/jeilsonsales25/espalhamento_minimo.json,espalhamento_minimo.json,log,2026-03-20 19:52:23,espalhamento_minimo.js,8,9,2026-04-01T08:13:07.905337
jeilsonsales25,/home/gilmar/Documents/algoritmos/logado-utfpr-ifam/logado-students/repos_logado/jeilsonsales25/espalhamento_minimo.json,espalhamento_minimo.json,alert,2026-03-20 19:52:50,espalhamento_minimo.js,8,1,2026-04-01T08:13:07.905339
jeilsonsales25,/home/gilmar/Documents/algoritmos/logado-utfpr-ifam/logado-students/repos_logado/jeilsonsales25/02.json,02.json,prompt,2026-03-03 20:22:06,02.js,1,26,2026-04-01T08:13:07.905362
jeilsonsales25,/home/gilmar/Documents/algoritmos/logado-utfpr-ifam/logado-students/repos_logado/jeilsonsales25/02.json,02.json,if,2026-03-03 20:23:15,02.js,4,1,2026-04-01T08:13:07.905364
jeilsonsales25,/home/gilmar/Documents/algoritmos/logado-utfpr-ifam/logado-students/repos_logado/jeilsonsales25/02.json,02.json,alert,2026-03-03 20:23:40,02.js,4,1,2026-04-01T08:13:07.905365
jeilsonsales25,/home/gilmar/Documents/algoritmos/logado-utfpr-ifam/logado-students/repos_logado/jeilsonsales25/02.json,02.json,if,2026-03-03 20:23:52,02.js,5,1,2026-04-01T08:13:07.905366
jeilsonsales25,/home/gilmar/Documents/algoritmos/logado-utfpr-ifam/logado-students/repos_logado/jeilsonsales25/02.json,02.json,alert,2026-03-03 20:24:40,02.js,6,5,2026-04-01T08:13:07.905368
jeilsonsales25,/home/gilmar/Documents/algoritmos/logado-utfpr-ifam/logado-students/repos_logado/jeilsonsales25/02.json,02.json,alert,2026-03-03 20:26:37,02.js,5,5,2026-04-01T08:13:07.905369
jeilsonsales25,/home/gilmar/Documents/algoritmos/logado-utfpr-ifam/logado-students/repos_logado/jeilsonsales25/02.json,02.json,alert,2026-03-03 20:27:22,02.js,4,1,2026-04-01T08:13:07.905370
jeilsonsales25,/home/gilmar/Documents/algoritmos/logado-utfpr-ifam/logado-students/repos_logado/jeilsonsales25/02.json,02.json,if,2026-03-03 20:28:32,02.js,5,1,2026-04-01T08:13:07.905372
jeilsonsales25,/home/gilmar/Documents/algoritmos/logado-utfpr-ifam/logado-students/repos_logado/jeilsonsales25/02.json,02.json,alert,2026-03-03 20:29:10,02.js,6,5,2026-04-01T08:13:07.905373
jeilsonsales25,/home/gilmar/Documents/algoritmos/logado-utfpr-ifam/logado-students/repos_logado/jeilsonsales25/02.json,02.json,else,2026-03-03 21:50:59,02.js,8,1,2026-04-01T08:13:07.905375
jeilsonsales25,/home/gilmar/Documents/algoritmos/logado-utfpr-ifam/logado-students/repos_logado/jeilsonsales25/02.json,02.json,alert,2026-03-03 21:51:05,02.js,9,5,2026-04-01T08:13:07.905376
jeilsonsales25,/home/gilmar/Documents/algoritmos/logado-utfpr-ifam/logado-students/repos_logado/jeilsonsales25/02.json,02.json,if,2026-03-03 21:55:05,02.js,5,1,2026-04-01T08:13:07.905377
jeilsonsales25,/home/gilmar/Documents/algoritmos/logado-utfpr-ifam/logado-students/repos_logado/jeilsonsales25/02.json,02.json,alert,2026-03-03 21:55:40,02.js,6,5,2026-04-01T08:13:07.905379
jeilsonsales25,/home/gilmar/Documents/algoritmos/logado-utfpr-ifam/logado-students/repos_logado/jeilsonsales25/jogos.json,jogos.json,for,2026-02-27 19:37:16,jogos.js,2,1,2026-04-01T08:13:07.905400
jeilsonsales25,/home/gilmar/Documents/algoritmos/logado-utfpr-ifam/logado-students/repos_logado/jeilsonsales25/jogos.json,jogos.json,alert,2026-02-27 19:38:01,jogos.js,4,5,2026-04-01T08:13:07.905402
jeilsonsales25,/home/gilmar/Documents/algoritmos/logado-utfpr-ifam/logado-students/repos_logado/jeilsonsales25/jogos.json,jogos.json,alert,2026-02-27 19:38:15,jogos.js,6,1,2026-04-01T08:13:07.905404
jeilsonsales25,/home/gilmar/Documents/algoritmos/logado-utfpr-ifam/logado-students/repos_logado/jeilsonsales25/jogos.json,jogos.json,alert,2026-02-27 19:40:12,jogos.js,10,5,2026-04-01T08:13:07.905406
jeilsonsales25,/home/gilmar/Documents/algoritmos/logado-utfpr-ifam/logado-students/repos_logado/jeilsonsales25/jogos.json,jogos.json,alert,2026-02-27 19:40:23,jogos.js,12,1,2026-04-01T08:13:07.905407
jeilsonsales25,/home/gilmar/Documents/algoritmos/logado-utfpr-ifam/logado-students/repos_logado/jeilsonsales25/main.json,main.json,alert,2026-02-20 20:36:44,main.js,1,1,2026-04-01T08:13:07.905425
jeilsonsales25,/home/gilmar/Documents/algoritmos/logado-utfpr-ifam/logado-students/repos_logado/jeilsonsales25/main.json,main.json,prompt,2026-02-20 20:39:56,main.js,1,13,2026-04-01T08:13:07.905427
jeilsonsales25,/home/gilmar/Documents/algoritmos/logado-utfpr-ifam/logado-students/repos_logado/jeilsonsales25/main.json,main.json,alert,2026-02-20 20:40:22,main.js,2,1,2026-04-01T08:13:07.905428
jeilsonsales25,/home/gilmar/Documents/algoritmos/logado-utfpr-ifam/logado-students/repos_logado/jeilsonsales25/de.json,de.json,prompt,2026-03-10 21:21:27,de.js,1,16,2026-04-01T08:13:07.905448
jeilsonsales25,/home/gilmar/Documents/algoritmos/logado-utfpr-ifam/logado-students/repos_logado/jeilsonsales25/de.json,de.json,alert,2026-03-10 21:23:56,de.js,6,1,2026-04-01T08:13:07.905449
jeilsonsales25,/home/gilmar/Documents/algoritmos/logado-utfpr-ifam/logado-students/repos_logado/jeilsonsales25/de.json,de.json,alert,2026-03-10 21:24:27,de.js,2,1,2026-04-01T08:13:07.905451
jeilsonsales25,/home/gilmar/Documents/algoritmos/logado-utfpr-ifam/logado-students/repos_logado/jeilsonsales25/de.json,de.json,alert,2026-03-10 21:25:38,de.js,4,1,2026-04-01T08:13:07.905452
jeilsonsales25,/home/gilmar/Documents/algoritmos/logado-utfpr-ifam/logado-students/repos_logado/jeilsonsales25/de.json,de.json,alert,2026-03-10 21:25:55,de.js,6,1,2026-04-01T08:13:07.905453
jeilsonsales25,/home/gilmar/Documents/algoritmos/logado-utfpr-ifam/logado-students/repos_logado/jeilsonsales25/de.json,de.json,alert,2026-03-10 21:26:07,de.js,8,1,2026-04-01T08:13:07.905455
jeilsonsales25,/home/gilmar/Documents/algoritmos/logado-utfpr-ifam/logado-students/repos_logado/jeilsonsales25/par_impar.json,par_impar.json,prompt,2026-02-27 19:50:30,par_impar.js,2,21,2026-04-01T08:13:07.905474
jeilsonsales25,/home/gilmar/Documents/algoritmos/logado-utfpr-ifam/logado-students/repos_logado/jeilsonsales25/par_impar.json,par_impar.json,for,2026-02-27 19:50:48,par_impar.js,3,1,2026-04-01T08:13:07.905476
jeilsonsales25,/home/gilmar/Documents/algoritmos/logado-utfpr-ifam/logado-students/repos_logado/jeilsonsales25/par_impar.json,par_impar.json,prompt,2026-02-27 19:54:00,par_impar.js,4,24,2026-04-01T08:13:07.905478
jeilsonsales25,/home/gilmar/Documents/algoritmos/logado-utfpr-ifam/logado-students/repos_logado/jeilsonsales25/par_impar.json,par_impar.json,if,2026-02-27 19:54:11,par_impar.js,5,5,2026-04-01T08:13:07.905479
jeilsonsales25,/home/gilmar/Documents/algoritmos/logado-utfpr-ifam/logado-students/repos_logado/jeilsonsales25/par_impar.json,par_impar.json,else,2026-02-27 19:54:54,par_impar.js,8,5,2026-04-01T08:13:07.905480
jeilsonsales25,/home/gilmar/Documents/algoritmos/logado-utfpr-ifam/logado-students/repos_logado/jeilsonsales25/par_impar.json,par_impar.json,alert,2026-02-27 19:55:13,par_impar.js,10,5,2026-04-01T08:13:07.905482
jeilsonsales25,/home/gilmar/Documents/algoritmos/logado-utfpr-ifam/logado-students/repos_logado/jeilsonsales25/olimpiada.json,olimpiada.json,while,2026-03-06 22:13:07,olimpiada.js,2,1,2026-04-01T08:13:07.905504
jeilsonsales25,/home/gilmar/Documents/algoritmos/logado-utfpr-ifam/logado-students/repos_logado/jeilsonsales25/olimpiada.json,olimpiada.json,alert,2026-03-06 22:13:23,olimpiada.js,3,5,2026-04-01T08:13:07.905505
jeilsonsales25,/home/gilmar/Documents/algoritmos/logado-utfpr-ifam/logado-students/repos_logado/jeilsonsales25/olimpiada.json,olimpiada.json,alert,2026-03-06 22:20:09,olimpiada.js,7,1,2026-04-01T08:13:07.905507
jeilsonsales25,/home/gilmar/Documents/algoritmos/logado-utfpr-ifam/logado-students/repos_logado/jeilsonsales25/olimpiada.json,olimpiada.json,alert,2026-03-06 22:27:30,olimpiada.js,7,1,2026-04-01T08:13:07.905509
jeilsonsales25,/home/gilmar/Documents/algoritmos/logado-utfpr-ifam/logado-students/repos_logado/jeilsonsales25/exercicio_02.json,exercicio_02.json,alert,2026-02-24 21:52:21,exercicio_02.js,4,1,2026-04-01T08:13:07.905531
jeilsonsales25,/home/gilmar/Documents/algoritmos/logado-utfpr-ifam/logado-students/repos_logado/jeilsonsales25/exercicio_02.json,exercicio_02.json,alert,2026-02-24 21:53:48,exercicio_02.js,4,1,2026-04-01T08:13:07.905533
jeilsonsales25,/home/gilmar/Documents/algoritmos/logado-utfpr-ifam/logado-students/repos_logado/jeilsonsales25/exercicio_02.json,exercicio_02.json,prompt,2026-02-24 21:55:26,exercicio_02.js,2,30,2026-04-01T08:13:07.905534
jeilsonsales25,/home/gilmar/Documents/algoritmos/logado-utfpr-ifam/logado-students/repos_logado/jeilsonsales25/exercicio_02.json,exercicio_02.json,prompt,2026-02-24 21:55:42,exercicio_02.js,2,30,2026-04-01T08:13:07.905536
jeilsonsales25,/home/gilmar/Documents/algoritmos/logado-utfpr-ifam/logado-students/repos_logado/jeilsonsales25/revisaovetor.json,revisaovetor.json,prompt,2026-03-26 19:35:52,revisaovetor.js,2,23,2026-04-01T08:13:07.905560
jeilsonsales25,/home/gilmar/Documents/algoritmos/logado-utfpr-ifam/logado-students/repos_logado/jeilsonsales25/revisaovetor.json,revisaovetor.json,for,2026-03-26 19:36:16,revisaovetor.js,3,1,2026-04-01T08:13:07.905561
jeilsonsales25,/home/gilmar/Documents/algoritmos/logado-utfpr-ifam/logado-students/repos_logado/jeilsonsales25/revisaovetor.json,revisaovetor.json,var,2026-03-26 19:38:45,revisaovetor.js,1,1,2026-04-01T08:13:07.905563
jeilsonsales25,/home/gilmar/Documents/algoritmos/logado-utfpr-ifam/logado-students/repos_logado/jeilsonsales25/revisaovetor.json,revisaovetor.json,prompt,2026-03-26 19:38:45,revisaovetor.js,1,23,2026-04-01T08:13:07.905564
jeilsonsales25,/home/gilmar/Documents/algoritmos/logado-utfpr-ifam/logado-students/repos_logado/jeilsonsales25/revisaovetor.json,revisaovetor.json,const,2026-03-26 19:39:23,revisaovetor.js,1,1,2026-04-01T08:13:07.905566
jeilsonsales25,/home/gilmar/Documents/algoritmos/logado-utfpr-ifam/logado-students/repos_logado/jeilsonsales25/revisaovetor.json,revisaovetor.json,prompt,2026-03-26 19:40:48,revisaovetor.js,4,5,2026-04-01T08:13:07.905567
jeilsonsales25,/home/gilmar/Documents/algoritmos/logado-utfpr-ifam/logado-students/repos_logado/jeilsonsales25/revisaovetor.json,revisaovetor.json,prompt,2026-03-26 19:50:18,revisaovetor.js,4,5,2026-04-01T08:13:07.905569
jeilsonsales25,/home/gilmar/Documents/algoritmos/logado-utfpr-ifam/logado-students/repos_logado/jeilsonsales25/revisaovetor.json,revisaovetor.json,prompt,2026-03-26 20:04:59,revisaovetor.js,4,24,2026-04-01T08:13:07.905570
jeilsonsales25,/home/gilmar/Documents/algoritmos/logado-utfpr-ifam/logado-students/repos_logado/jeilsonsales25/revisaovetor2.json,revisaovetor2.json,const,2026-03-26 20:08:38,revisaovetor2.js,1,1,2026-04-01T08:13:07.905608
jeilsonsales25,/home/gilmar/Documents/algoritmos/logado-utfpr-ifam/logado-students/repos_logado/jeilsonsales25/revisaovetor2.json,revisaovetor2.json,var,2026-03-26 20:08:38,revisaovetor2.js,2,1,2026-04-01T08:13:07.905610
jeilsonsales25,/home/gilmar/Documents/algoritmos/logado-utfpr-ifam/logado-students/repos_logado/jeilsonsales25/revisaovetor2.json,revisaovetor2.json,prompt,2026-03-26 20:08:38,revisaovetor2.js,2,23,2026-04-01T08:13:07.905612
jeilsonsales25,/home/gilmar/Documents/algoritmos/logado-utfpr-ifam/logado-students/repos_logado/jeilsonsales25/revisaovetor2.json,revisaovetor2.json,for,2026-03-26 20:08:38,revisaovetor2.js,3,1,2026-04-01T08:13:07.905615
jeilsonsales25,/home/gilmar/Documents/algoritmos/logado-utfpr-ifam/logado-students/repos_logado/jeilsonsales25/revisaovetor2.json,revisaovetor2.json,prompt,2026-03-26 20:08:38,revisaovetor2.js,2,23,2026-04-01T08:13:07.905616
jeilsonsales25,/home/gilmar/Documents/algoritmos/logado-utfpr-ifam/logado-students/repos_logado/jeilsonsales25/revisaovetor2.json,revisaovetor2.json,for,2026-03-26 20:10:12,revisaovetor2.js,6,1,2026-04-01T08:13:07.905618
jeilsonsales25,/home/gilmar/Documents/algoritmos/logado-utfpr-ifam/logado-students/repos_logado/jeilsonsales25/revisaovetor2.json,revisaovetor2.json,function,2026-03-26 20:15:51,revisaovetor2.js,1,1,2026-04-01T08:13:07.905619
jeilsonsales25,/home/gilmar/Documents/algoritmos/logado-utfpr-ifam/logado-students/repos_logado/jeilsonsales25/revisaovetor2.json,revisaovetor2.json,function,2026-03-26 20:17:48,revisaovetor2.js,1,1,2026-04-01T08:13:07.905621
jeilsonsales25,/home/gilmar/Documents/algoritmos/logado-utfpr-ifam/logado-students/repos_logado/jeilsonsales25/revisaovetor2.json,revisaovetor2.json,function,2026-03-26 20:20:36,revisaovetor2.js,1,1,2026-04-01T08:13:07.905622
jeilsonsales25,/home/gilmar/Documents/algoritmos/logado-utfpr-ifam/logado-students/repos_logado/jeilsonsales25/revisaovetor2.json,revisaovetor2.json,function,2026-03-26 20:24:47,revisaovetor2.js,1,1,2026-04-01T08:13:07.905623
jeilsonsales25,/home/gilmar/Documents/algoritmos/logado-utfpr-ifam/logado-students/repos_logado/jeilsonsales25/revisaovetor2.json,revisaovetor2.json,return,2026-03-26 20:25:31,revisaovetor2.js,2,5,2026-04-01T08:13:07.905625
jeilsonsales25,/home/gilmar/Documents/algoritmos/logado-utfpr-ifam/logado-students/repos_logado/jeilsonsales25/revisaovetor2.json,revisaovetor2.json,function,2026-03-26 20:28:19,revisaovetor2.js,1,1,2026-04-01T08:13:07.905626
jeilsonsales25,/home/gilmar/Documents/algoritmos/logado-utfpr-ifam/logado-students/repos_logado/jeilsonsales25/revisaovetor2.json,revisaovetor2.json,reduce,2026-03-26 20:41:59,revisaovetor2.js,2,22,2026-04-01T08:13:07.905629
jeilsonsales25,/home/gilmar/Documents/algoritmos/logado-utfpr-ifam/logado-students/repos_logado/jeilsonsales25/revisaovetor2.json,revisaovetor2.json,function,2026-03-26 20:43:34,revisaovetor2.js,1,1,2026-04-01T08:13:07.905631
jeilsonsales25,/home/gilmar/Documents/algoritmos/logado-utfpr-ifam/logado-students/repos_logado/jeilsonsales25/revisaovetor2.json,revisaovetor2.json,const,2026-03-26 20:47:38,revisaovetor2.js,11,1,2026-04-01T08:13:07.905632
jeilsonsales25,/home/gilmar/Documents/algoritmos/logado-utfpr-ifam/logado-students/repos_logado/jeilsonsales25/revisaovetor2.json,revisaovetor2.json,var,2026-03-26 20:47:38,revisaovetor2.js,12,1,2026-04-01T08:13:07.905634
jeilsonsales25,/home/gilmar/Documents/algoritmos/logado-utfpr-ifam/logado-students/repos_logado/jeilsonsales25/revisaovetor2.json,revisaovetor2.json,prompt,2026-03-26 20:47:38,revisaovetor2.js,12,24,2026-04-01T08:13:07.905635
jeilsonsales25,/home/gilmar/Documents/algoritmos/logado-utfpr-ifam/logado-students/repos_logado/jeilsonsales25/revisaovetor2.json,revisaovetor2.json,for,2026-03-26 20:47:38,revisaovetor2.js,14,1,2026-04-01T08:13:07.905637
jeilsonsales25,/home/gilmar/Documents/algoritmos/logado-utfpr-ifam/logado-students/repos_logado/jeilsonsales25/revisaovetor2.json,revisaovetor2.json,prompt,2026-03-26 20:47:38,revisaovetor2.js,12,24,2026-04-01T08:13:07.905638
jeilsonsales25,/home/gilmar/Documents/algoritmos/logado-utfpr-ifam/logado-students/repos_logado/jeilsonsales25/revisaovetor2.json,revisaovetor2.json,for,2026-03-26 20:47:38,revisaovetor2.js,14,1,2026-04-01T08:13:07.905639
jeilsonsales25,/home/gilmar/Documents/algoritmos/logado-utfpr-ifam/logado-students/repos_logado/jeilsonsales25/revisaovetor2.json,revisaovetor2.json,let,2026-03-26 20:47:38,revisaovetor2.js,17,5,2026-04-01T08:13:07.905641
jeilsonsales25,/home/gilmar/Documents/algoritmos/logado-utfpr-ifam/logado-students/repos_logado/jeilsonsales25/revisaovetor2.json,revisaovetor2.json,function,2026-03-26 20:48:03,revisaovetor2.js,13,1,2026-04-01T08:13:07.905642
jeilsonsales25,/home/gilmar/Documents/algoritmos/logado-utfpr-ifam/logado-students/repos_logado/jeilsonsales25/revisaovetor2.json,revisaovetor2.json,function,2026-03-26 20:48:58,revisaovetor2.js,17,1,2026-04-01T08:13:07.905644
jeilsonsales25,/home/gilmar/Documents/algoritmos/logado-utfpr-ifam/logado-students/repos_logado/jeilsonsales25/revisaovetor2.json,revisaovetor2.json,prompt,2026-03-26 20:51:10,revisaovetor2.js,12,24,2026-04-01T08:13:07.905654
jeilsonsales25,/home/gilmar/Documents/algoritmos/logado-utfpr-ifam/logado-students/repos_logado/jeilsonsales25/revisaovetor2.json,revisaovetor2.json,function,2026-03-26 20:51:22,revisaovetor2.js,13,1,2026-04-01T08:13:07.905656
jeilsonsales25,/home/gilmar/Documents/algoritmos/logado-utfpr-ifam/logado-students/repos_logado/jeilsonsales25/revisaovetor2.json,revisaovetor2.json,for,2026-03-26 20:51:40,revisaovetor2.js,14,5,2026-04-01T08:13:07.905658
jeilsonsales25,/home/gilmar/Documents/algoritmos/logado-utfpr-ifam/logado-students/repos_logado/jeilsonsales25/revisaovetor2.json,revisaovetor2.json,prompt,2026-03-26 20:52:30,revisaovetor2.js,15,31,2026-04-01T08:13:07.905662
jeilsonsales25,/home/gilmar/Documents/algoritmos/logado-utfpr-ifam/logado-students/repos_logado/jeilsonsales25/revisaovetor2.json,revisaovetor2.json,function,2026-03-26 20:52:45,revisaovetor2.js,18,1,2026-04-01T08:13:07.905665
jeilsonsales25,/home/gilmar/Documents/algoritmos/logado-utfpr-ifam/logado-students/repos_logado/jeilsonsales25/revisaovetor2.json,revisaovetor2.json,for,2026-03-26 20:53:09,revisaovetor2.js,19,5,2026-04-01T08:13:07.905667
jeilsonsales25,/home/gilmar/Documents/algoritmos/logado-utfpr-ifam/logado-students/repos_logado/jeilsonsales25/sunday.json,sunday.json,prompt,2026-02-27 20:01:21,sunday.js,2,20,2026-04-01T08:13:07.905700
jeilsonsales25,/home/gilmar/Documents/algoritmos/logado-utfpr-ifam/logado-students/repos_logado/jeilsonsales25/sunday.json,sunday.json,prompt,2026-02-27 20:03:18,sunday.js,3,32,2026-04-01T08:13:07.905703
jeilsonsales25,/home/gilmar/Documents/algoritmos/logado-utfpr-ifam/logado-students/repos_logado/jeilsonsales25/sunday.json,sunday.json,alert,2026-02-27 20:06:41,sunday.js,6,1,2026-04-01T08:13:07.905706
jeilsonsales25,/home/gilmar/Documents/algoritmos/logado-utfpr-ifam/logado-students/repos_logado/jeilsonsales25/sunday.json,sunday.json,for,2026-02-27 20:07:20,sunday.js,6,1,2026-04-01T08:13:07.905708
jeilsonsales25,/home/gilmar/Documents/algoritmos/logado-utfpr-ifam/logado-students/repos_logado/jeilsonsales25/sunday.json,sunday.json,alert,2026-02-27 20:09:19,sunday.js,7,5,2026-04-01T08:13:07.905711
jeilsonsales25,/home/gilmar/Documents/algoritmos/logado-utfpr-ifam/logado-students/repos_logado/jeilsonsales25/sunday.json,sunday.json,for,2026-02-27 20:17:09,sunday.js,8,1,2026-04-01T08:13:07.905713
jeilsonsales25,/home/gilmar/Documents/algoritmos/logado-utfpr-ifam/logado-students/repos_logado/jeilsonsales25/sunday.json,sunday.json,for,2026-02-27 20:25:24,sunday.js,8,1,2026-04-01T08:13:07.905715
jeilsonsales25,/home/gilmar/Documents/algoritmos/logado-utfpr-ifam/logado-students/repos_logado/jeilsonsales25/sunday.json,sunday.json,for,2026-02-27 20:32:44,sunday.js,9,1,2026-04-01T08:13:07.905716
jeilsonsales25,/home/gilmar/Documents/algoritmos/logado-utfpr-ifam/logado-students/repos_logado/jeilsonsales25/01.json,01.json,prompt,2026-02-24 20:34:35,01.js,1,15,2026-04-01T08:13:07.905741
jeilsonsales25,/home/gilmar/Documents/algoritmos/logado-utfpr-ifam/logado-students/repos_logado/jeilsonsales25/01.json,01.json,prompt,2026-02-24 20:34:56,01.js,2,15,2026-04-01T08:13:07.905743
jeilsonsales25,/home/gilmar/Documents/algoritmos/logado-utfpr-ifam/logado-students/repos_logado/jeilsonsales25/01.json,01.json,alert,2026-02-24 20:35:49,01.js,4,1,2026-04-01T08:13:07.905744
jeilsonsales25,/home/gilmar/Documents/algoritmos/logado-utfpr-ifam/logado-students/repos_logado/jeilsonsales25/01.json,01.json,prompt,2026-02-24 20:40:11,01.js,1,26,2026-04-01T08:13:07.905746
jeilsonsales25,/home/gilmar/Documents/algoritmos/logado-utfpr-ifam/logado-students/repos_logado/jeilsonsales25/01.json,01.json,prompt,2026-02-24 20:40:28,01.js,2,26,2026-04-01T08:13:07.905747
jeilsonsales25,/home/gilmar/Documents/algoritmos/logado-utfpr-ifam/logado-students/repos_logado/jeilsonsales25/01.json,01.json,prompt,2026-03-03 20:19:44,01.js,1,18,2026-04-01T08:13:07.905750
jeilsonsales25,/home/gilmar/Documents/algoritmos/logado-utfpr-ifam/logado-students/repos_logado/jeilsonsales25/01.json,01.json,if,2026-03-03 20:20:04,01.js,2,1,2026-04-01T08:13:07.905752
jeilsonsales25,/home/gilmar/Documents/algoritmos/logado-utfpr-ifam/logado-students/repos_logado/jeilsonsales25/01.json,01.json,alert,2026-03-03 20:20:33,01.js,3,5,2026-04-01T08:13:07.905754
jeilsonsales25,/home/gilmar/Documents/algoritmos/logado-utfpr-ifam/logado-students/repos_logado/jeilsonsales25/01.json,01.json,else,2026-03-03 20:20:48,01.js,5,1,2026-04-01T08:13:07.905756
jeilsonsales25,/home/gilmar/Documents/algoritmos/logado-utfpr-ifam/logado-students/repos_logado/jeilsonsales25/01.json,01.json,alert,2026-03-03 20:20:54,01.js,6,5,2026-04-01T08:13:07.905757
jeilsonsales25,/home/gilmar/Documents/algoritmos/logado-utfpr-ifam/logado-students/repos_logado/jeilsonsales25/dfs.json,dfs.json,prompt,2026-02-24 20:30:26,dfs.js,1,13,2026-04-01T08:13:07.905776
jeilsonsales25,/home/gilmar/Documents/algoritmos/logado-utfpr-ifam/logado-students/repos_logado/jeilsonsales25/dfs.json,dfs.json,prompt,2026-02-24 20:30:53,dfs.js,2,13,2026-04-01T08:13:07.905778
jeilsonsales25,/home/gilmar/Documents/algoritmos/logado-utfpr-ifam/logado-students/repos_logado/jeilsonsales25/dfs.json,dfs.json,alert,2026-02-24 20:31:56,dfs.js,4,1,2026-04-01T08:13:07.905779
jeilsonsales25,/home/gilmar/Documents/algoritmos/logado-utfpr-ifam/logado-students/repos_logado/jeilsonsales25/04.json,04.json,prompt,2026-03-03 20:45:27,04.js,3,13,2026-04-01T08:13:07.905800
jeilsonsales25,/home/gilmar/Documents/algoritmos/logado-utfpr-ifam/logado-students/repos_logado/jeilsonsales25/04.json,04.json,prompt,2026-03-03 20:46:26,04.js,5,9,2026-04-01T08:13:07.905802
jeilsonsales25,/home/gilmar/Documents/algoritmos/logado-utfpr-ifam/logado-students/repos_logado/jeilsonsales25/04.json,04.json,prompt,2026-03-03 20:49:17,04.js,5,13,2026-04-01T08:13:07.905804
jeilsonsales25,/home/gilmar/Documents/algoritmos/logado-utfpr-ifam/logado-students/repos_logado/jeilsonsales25/04.json,04.json,prompt,2026-03-03 22:08:29,04.js,6,14,2026-04-01T08:13:07.905805
jeilsonsales25,/home/gilmar/Documents/algoritmos/logado-utfpr-ifam/logado-students/repos_logado/jeilsonsales25/04.json,04.json,if,2026-03-03 22:09:17,04.js,7,5,2026-04-01T08:13:07.905807
jeilsonsales25,/home/gilmar/Documents/algoritmos/logado-utfpr-ifam/logado-students/repos_logado/jeilsonsales25/04.json,04.json,alert,2026-03-03 22:09:49,04.js,8,9,2026-04-01T08:13:07.905808
jeilsonsales25,/home/gilmar/Documents/algoritmos/logado-utfpr-ifam/logado-students/repos_logado/jeilsonsales25/04.json,04.json,alert,2026-03-03 22:12:46,04.js,8,1,2026-04-01T08:13:07.905809
jeilsonsales25,/home/gilmar/Documents/algoritmos/logado-utfpr-ifam/logado-students/repos_logado/jeilsonsales25/04.json,04.json,prompt,2026-03-03 22:13:09,04.js,11,14,2026-04-01T08:13:07.905811
jeilsonsales25,/home/gilmar/Documents/algoritmos/logado-utfpr-ifam/logado-students/repos_logado/jeilsonsales25/04.json,04.json,prompt,2026-03-03 22:18:46,04.js,5,10,2026-04-01T08:13:07.905812
jeilsonsales25,/home/gilmar/Documents/algoritmos/logado-utfpr-ifam/logado-students/repos_logado/jeilsonsales25/04.json,04.json,prompt,2026-03-03 22:19:02,04.js,8,1,2026-04-01T08:13:07.905814
jeilsonsales25,/home/gilmar/Documents/algoritmos/logado-utfpr-ifam/logado-students/repos_logado/jeilsonsales25/aprovacao.json,aprovacao.json,if,2026-03-05 19:41:04,aprovacao.js,11,5,2026-04-01T08:13:07.905870
jeilsonsales25,/home/gilmar/Documents/algoritmos/logado-utfpr-ifam/logado-students/repos_logado/jeilsonsales25/aprovacao.json,aprovacao.json,alert,2026-03-05 19:41:58,aprovacao.js,12,9,2026-04-01T08:13:07.905872
jeilsonsales25,/home/gilmar/Documents/algoritmos/logado-utfpr-ifam/logado-students/repos_logado/jeilsonsales25/aprovacao.json,aprovacao.json,prompt,2026-03-05 19:45:12,aprovacao.js,10,26,2026-04-01T08:13:07.905876
jeilsonsales25,/home/gilmar/Documents/algoritmos/logado-utfpr-ifam/logado-students/repos_logado/jeilsonsales25/aprovacao.json,aprovacao.json,if,2026-03-05 19:45:39,aprovacao.js,11,5,2026-04-01T08:13:07.905877
jeilsonsales25,/home/gilmar/Documents/algoritmos/logado-utfpr-ifam/logado-students/repos_logado/jeilsonsales25/aprovacao.json,aprovacao.json,alert,2026-03-05 19:46:07,aprovacao.js,12,9,2026-04-01T08:13:07.905879
jeilsonsales25,/home/gilmar/Documents/algoritmos/logado-utfpr-ifam/logado-students/repos_logado/jeilsonsales25/aprovacao.json,aprovacao.json,prompt,2026-03-05 19:47:30,aprovacao.js,11,26,2026-04-01T08:13:07.905880
jeilsonsales25,/home/gilmar/Documents/algoritmos/logado-utfpr-ifam/logado-students/repos_logado/jeilsonsales25/aprovacao.json,aprovacao.json,if,2026-03-05 19:49:22,aprovacao.js,13,5,2026-04-01T08:13:07.905881
jeilsonsales25,/home/gilmar/Documents/algoritmos/logado-utfpr-ifam/logado-students/repos_logado/jeilsonsales25/aprovacao.json,aprovacao.json,alert,2026-03-05 19:49:48,aprovacao.js,14,5,2026-04-01T08:13:07.905883
jeilsonsales25,/home/gilmar/Documents/algoritmos/logado-utfpr-ifam/logado-students/repos_logado/jeilsonsales25/aprovacao.json,aprovacao.json,if,2026-03-05 19:52:27,aprovacao.js,15,5,2026-04-01T08:13:07.905884
jeilsonsales25,/home/gilmar/Documents/algoritmos/logado-utfpr-ifam/logado-students/repos_logado/jeilsonsales25/aprovacao.json,aprovacao.json,alert,2026-03-05 19:53:02,aprovacao.js,16,5,2026-04-01T08:13:07.905886
jeilsonsales25,/home/gilmar/Documents/algoritmos/logado-utfpr-ifam/logado-students/repos_logado/jeilsonsales25/aprovacao.json,aprovacao.json,alert,2026-03-05 19:56:08,aprovacao.js,18,9,2026-04-01T08:13:07.905887
jeilsonsales25,/home/gilmar/Documents/algoritmos/logado-utfpr-ifam/logado-students/repos_logado/jeilsonsales25/aprovacao.json,aprovacao.json,prompt,2026-03-05 19:59:22,aprovacao.js,17,5,2026-04-01T08:13:07.905888
jeilsonsales25,/home/gilmar/Documents/algoritmos/logado-utfpr-ifam/logado-students/repos_logado/jeilsonsales25/aprovacao.json,aprovacao.json,prompt,2026-03-05 20:00:58,aprovacao.js,19,26,2026-04-01T08:13:07.905890
jeilsonsales25,/home/gilmar/Documents/algoritmos/logado-utfpr-ifam/logado-students/repos_logado/jeilsonsales25/aprovacao.json,aprovacao.json,prompt,2026-03-05 20:13:58,aprovacao.js,17,1,2026-04-01T08:13:07.905891
jeilsonsales25,/home/gilmar/Documents/algoritmos/logado-utfpr-ifam/logado-students/repos_logado/jeilsonsales25/aprovacao.json,aprovacao.json,prompt,2026-03-05 20:19:35,aprovacao.js,15,26,2026-04-01T08:13:07.905893
jeilsonsales25,/home/gilmar/Documents/algoritmos/logado-utfpr-ifam/logado-students/repos_logado/jeilsonsales25/aprovacao.json,aprovacao.json,if,2026-03-05 20:22:18,aprovacao.js,16,1,2026-04-01T08:13:07.905894
jeilsonsales25,/home/gilmar/Documents/algoritmos/logado-utfpr-ifam/logado-students/repos_logado/jeilsonsales25/aprovacao.json,aprovacao.json,alert,2026-03-05 20:25:00,aprovacao.js,17,1,2026-04-01T08:13:07.905895
jeilsonsales25,/home/gilmar/Documents/algoritmos/logado-utfpr-ifam/logado-students/repos_logado/jeilsonsales25/aprovacao.json,aprovacao.json,alert,2026-03-05 20:28:54,aprovacao.js,12,1,2026-04-01T08:13:07.905897
jeilsonsales25,/home/gilmar/Documents/algoritmos/logado-utfpr-ifam/logado-students/repos_logado/jeilsonsales25/aprovacao.json,aprovacao.json,if,2026-03-05 20:30:30,aprovacao.js,13,6,2026-04-01T08:13:07.905898
jeilsonsales25,/home/gilmar/Documents/algoritmos/logado-utfpr-ifam/logado-students/repos_logado/jeilsonsales25/aprovacao.json,aprovacao.json,alert,2026-03-05 20:31:44,aprovacao.js,14,1,2026-04-01T08:13:07.905900
jeilsonsales25,/home/gilmar/Documents/algoritmos/logado-utfpr-ifam/logado-students/repos_logado/jeilsonsales25/aprovacao.json,aprovacao.json,else,2026-03-05 20:32:19,aprovacao.js,15,1,2026-04-01T08:13:07.905901
jeilsonsales25,/home/gilmar/Documents/algoritmos/logado-utfpr-ifam/logado-students/repos_logado/jeilsonsales25/aprovacao.json,aprovacao.json,alert,2026-03-05 20:32:46,aprovacao.js,12,5,2026-04-01T08:13:07.905904
jeilsonsales25,/home/gilmar/Documents/algoritmos/logado-utfpr-ifam/logado-students/repos_logado/jeilsonsales25/aprovacao.json,aprovacao.json,if,2026-03-05 20:32:58,aprovacao.js,14,6,2026-04-01T08:13:07.905905
jeilsonsales25,/home/gilmar/Documents/algoritmos/logado-utfpr-ifam/logado-students/repos_logado/jeilsonsales25/aprovacao.json,aprovacao.json,alert,2026-03-05 20:33:23,aprovacao.js,15,5,2026-04-01T08:13:07.905907
jeilsonsales25,/home/gilmar/Documents/algoritmos/logado-utfpr-ifam/logado-students/repos_logado/jeilsonsales25/aprovacao.json,aprovacao.json,alert,2026-03-05 20:33:43,aprovacao.js,18,5,2026-04-01T08:13:07.905908
jeilsonsales25,/home/gilmar/Documents/algoritmos/logado-utfpr-ifam/logado-students/repos_logado/jeilsonsales25/aprovacao.json,aprovacao.json,prompt,2026-03-05 20:48:15,aprovacao.js,16,5,2026-04-01T08:13:07.905910
jeilsonsales25,/home/gilmar/Documents/algoritmos/logado-utfpr-ifam/logado-students/repos_logado/jeilsonsales25/aprovacao.json,aprovacao.json,var,2026-03-05 21:24:04,aprovacao.js,11,1,2026-04-01T08:13:07.905911
jeilsonsales25,/home/gilmar/Documents/algoritmos/logado-utfpr-ifam/logado-students/repos_logado/jeilsonsales25/aprovacao.json,aprovacao.json,var,2026-03-05 21:24:14,aprovacao.js,8,1,2026-04-01T08:13:07.905912
jeilsonsales25,/home/gilmar/Documents/algoritmos/logado-utfpr-ifam/logado-students/repos_logado/jeilsonsales25/aprovacao.json,aprovacao.json,prompt,2026-03-05 21:25:02,aprovacao.js,18,27,2026-04-01T08:13:07.905914
jeilsonsales25,/home/gilmar/Documents/algoritmos/logado-utfpr-ifam/logado-students/repos_logado/jeilsonsales25/aprovacao.json,aprovacao.json,if,2026-03-05 21:26:32,aprovacao.js,19,5,2026-04-01T08:13:07.905915
jeilsonsales25,/home/gilmar/Documents/algoritmos/logado-utfpr-ifam/logado-students/repos_logado/jeilsonsales25/aprovacao.json,aprovacao.json,else,2026-03-05 21:27:52,aprovacao.js,21,5,2026-04-01T08:13:07.905917
jeilsonsales25,/home/gilmar/Documents/algoritmos/logado-utfpr-ifam/logado-students/repos_logado/jeilsonsales25/aprovacao.json,aprovacao.json,alert,2026-03-05 21:27:56,aprovacao.js,22,9,2026-04-01T08:13:07.905918
jeilsonsales25,/home/gilmar/Documents/algoritmos/logado-utfpr-ifam/logado-students/repos_logado/jeilsonsales25/aprovacao.json,aprovacao.json,prompt,2026-03-05 21:50:42,aprovacao.js,26,8,2026-04-01T08:13:07.905919
jeilsonsales25,/home/gilmar/Documents/algoritmos/logado-utfpr-ifam/logado-students/repos_logado/jeilsonsales25/aprovacao.json,aprovacao.json,var,2026-03-06 21:15:40,aprovacao.js,8,1,2026-04-01T08:13:07.905922
jeilsonsales25,/home/gilmar/Documents/algoritmos/logado-utfpr-ifam/logado-students/repos_logado/jeilsonsales25/aprovacao.json,aprovacao.json,do,2026-03-06 21:16:02,aprovacao.js,8,1,2026-04-01T08:13:07.905923
jeilsonsales25,/home/gilmar/Documents/algoritmos/logado-utfpr-ifam/logado-students/repos_logado/jeilsonsales25/aprovacao.json,aprovacao.json,var,2026-03-06 21:16:02,aprovacao.js,9,5,2026-04-01T08:13:07.905924
jeilsonsales25,/home/gilmar/Documents/algoritmos/logado-utfpr-ifam/logado-students/repos_logado/jeilsonsales25/aprovacao.json,aprovacao.json,var,2026-03-06 21:16:02,aprovacao.js,9,5,2026-04-01T08:13:07.905926
jeilsonsales25,/home/gilmar/Documents/algoritmos/logado-utfpr-ifam/logado-students/repos_logado/jeilsonsales25/aprovacao.json,aprovacao.json,prompt,2026-03-06 21:16:02,aprovacao.js,10,27,2026-04-01T08:13:07.905927
jeilsonsales25,/home/gilmar/Documents/algoritmos/logado-utfpr-ifam/logado-students/repos_logado/jeilsonsales25/aprovacao.json,aprovacao.json,var,2026-03-06 21:16:02,aprovacao.js,9,5,2026-04-01T08:13:07.905929
jeilsonsales25,/home/gilmar/Documents/algoritmos/logado-utfpr-ifam/logado-students/repos_logado/jeilsonsales25/aprovacao.json,aprovacao.json,prompt,2026-03-06 21:16:02,aprovacao.js,10,27,2026-04-01T08:13:07.905930
jeilsonsales25,/home/gilmar/Documents/algoritmos/logado-utfpr-ifam/logado-students/repos_logado/jeilsonsales25/aprovacao.json,aprovacao.json,var,2026-03-06 21:16:02,aprovacao.js,9,5,2026-04-01T08:13:07.905932
jeilsonsales25,/home/gilmar/Documents/algoritmos/logado-utfpr-ifam/logado-students/repos_logado/jeilsonsales25/aprovacao.json,aprovacao.json,alert,2026-03-06 21:16:02,aprovacao.js,13,3,2026-04-01T08:13:07.905934
jeilsonsales25,/home/gilmar/Documents/algoritmos/logado-utfpr-ifam/logado-students/repos_logado/jeilsonsales25/aprovacao.json,aprovacao.json,if,2026-03-06 21:16:02,aprovacao.js,14,1,2026-04-01T08:13:07.905935
jeilsonsales25,/home/gilmar/Documents/algoritmos/logado-utfpr-ifam/logado-students/repos_logado/jeilsonsales25/aprovacao.json,aprovacao.json,alert,2026-03-06 21:16:02,aprovacao.js,13,3,2026-04-01T08:13:07.905937
jeilsonsales25,/home/gilmar/Documents/algoritmos/logado-utfpr-ifam/logado-students/repos_logado/jeilsonsales25/aprovacao.json,aprovacao.json,else,2026-03-06 21:16:02,aprovacao.js,18,1,2026-04-01T08:13:07.905938
jeilsonsales25,/home/gilmar/Documents/algoritmos/logado-utfpr-ifam/logado-students/repos_logado/jeilsonsales25/aprovacao.json,aprovacao.json,if,2026-03-06 21:16:02,aprovacao.js,14,1,2026-04-01T08:13:07.905939
jeilsonsales25,/home/gilmar/Documents/algoritmos/logado-utfpr-ifam/logado-students/repos_logado/jeilsonsales25/aprovacao.json,aprovacao.json,alert,2026-03-06 21:16:02,aprovacao.js,13,3,2026-04-01T08:13:07.905941
jeilsonsales25,/home/gilmar/Documents/algoritmos/logado-utfpr-ifam/logado-students/repos_logado/jeilsonsales25/aprovacao.json,aprovacao.json,prompt,2026-03-06 21:16:02,aprovacao.js,10,27,2026-04-01T08:13:07.905942
jeilsonsales25,/home/gilmar/Documents/algoritmos/logado-utfpr-ifam/logado-students/repos_logado/jeilsonsales25/aprovacao.json,aprovacao.json,if,2026-03-06 21:16:02,aprovacao.js,14,1,2026-04-01T08:13:07.905945
jeilsonsales25,/home/gilmar/Documents/algoritmos/logado-utfpr-ifam/logado-students/repos_logado/jeilsonsales25/aprovacao.json,aprovacao.json,alert,2026-03-06 21:16:02,aprovacao.js,13,3,2026-04-01T08:13:07.905947
jeilsonsales25,/home/gilmar/Documents/algoritmos/logado-utfpr-ifam/logado-students/repos_logado/jeilsonsales25/aprovacao.json,aprovacao.json,else,2026-03-06 21:16:02,aprovacao.js,18,1,2026-04-01T08:13:07.905948
jeilsonsales25,/home/gilmar/Documents/algoritmos/logado-utfpr-ifam/logado-students/repos_logado/jeilsonsales25/aprovacao.json,aprovacao.json,alert,2026-03-06 21:16:02,aprovacao.js,13,3,2026-04-01T08:13:07.905950
jeilsonsales25,/home/gilmar/Documents/algoritmos/logado-utfpr-ifam/logado-students/repos_logado/jeilsonsales25/aprovacao.json,aprovacao.json,else,2026-03-06 21:16:02,aprovacao.js,18,1,2026-04-01T08:13:07.905951
jeilsonsales25,/home/gilmar/Documents/algoritmos/logado-utfpr-ifam/logado-students/repos_logado/jeilsonsales25/aprovacao.json,aprovacao.json,alert,2026-03-06 21:16:02,aprovacao.js,13,3,2026-04-01T08:13:07.905953
jeilsonsales25,/home/gilmar/Documents/algoritmos/logado-utfpr-ifam/logado-students/repos_logado/jeilsonsales25/aprovacao.json,aprovacao.json,while,2026-03-06 21:16:02,aprovacao.js,36,2,2026-04-01T08:13:07.905954
jeilsonsales25,/home/gilmar/Documents/algoritmos/logado-utfpr-ifam/logado-students/repos_logado/jeilsonsales25/aprovacao.json,aprovacao.json,alert,2026-03-06 21:16:02,aprovacao.js,13,3,2026-04-01T08:13:07.905955
jeilsonsales25,/home/gilmar/Documents/algoritmos/logado-utfpr-ifam/logado-students/repos_logado/jeilsonsales25/aprovacao.json,aprovacao.json,var,2026-03-06 21:29:55,aprovacao.js,8,1,2026-04-01T08:13:07.905956
jeilsonsales25,/home/gilmar/Documents/algoritmos/logado-utfpr-ifam/logado-students/repos_logado/jeilsonsales25/copa.json,copa.json,for,2026-02-27 19:43:28,copa.js,2,1,2026-04-01T08:13:07.905973
jeilsonsales25,/home/gilmar/Documents/algoritmos/logado-utfpr-ifam/logado-students/repos_logado/jeilsonsales25/copa.json,copa.json,if,2026-02-27 19:44:14,copa.js,3,5,2026-04-01T08:13:07.905975
jeilsonsales25,/home/gilmar/Documents/algoritmos/logado-utfpr-ifam/logado-students/repos_logado/jeilsonsales25/for.json,for.json,for,2026-02-20 21:18:46,for.js,1,1,2026-04-01T08:13:07.906005
jeilsonsales25,/home/gilmar/Documents/algoritmos/logado-utfpr-ifam/logado-students/repos_logado/jeilsonsales25/for.json,for.json,for,2026-02-20 21:20:45,for.js,2,1,2026-04-01T08:13:07.906007
jeilsonsales25,/home/gilmar/Documents/algoritmos/logado-utfpr-ifam/logado-students/repos_logado/jeilsonsales25/for.json,for.json,let,2026-02-20 21:24:51,for.js,2,6,2026-04-01T08:13:07.906009
jeilsonsales25,/home/gilmar/Documents/algoritmos/logado-utfpr-ifam/logado-students/repos_logado/jeilsonsales25/for.json,for.json,for,2026-02-20 21:31:33,for.js,1,1,2026-04-01T08:13:07.906010
jeilsonsales25,/home/gilmar/Documents/algoritmos/logado-utfpr-ifam/logado-students/repos_logado/jeilsonsales25/for.json,for.json,for,2026-02-20 21:33:38,for.js,5,5,2026-04-01T08:13:07.906012
jeilsonsales25,/home/gilmar/Documents/algoritmos/logado-utfpr-ifam/logado-students/repos_logado/jeilsonsales25/for.json,for.json,for,2026-02-20 21:38:17,for.js,9,1,2026-04-01T08:13:07.906013
jeilsonsales25,/home/gilmar/Documents/algoritmos/logado-utfpr-ifam/logado-students/repos_logado/jeilsonsales25/exercicio_03.json,exercicio_03.json,prompt,2026-02-24 21:57:34,exercicio_03.js,1,13,2026-04-01T08:13:07.906032
jeilsonsales25,/home/gilmar/Documents/algoritmos/logado-utfpr-ifam/logado-students/repos_logado/jeilsonsales25/exercicio_03.json,exercicio_03.json,alert,2026-02-24 21:58:04,exercicio_03.js,3,5,2026-04-01T08:13:07.906035
jeilsonsales25,/home/gilmar/Documents/algoritmos/logado-utfpr-ifam/logado-students/repos_logado/jeilsonsales25/exercicio_03.json,exercicio_03.json,else,2026-02-24 21:58:15,exercicio_03.js,4,1,2026-04-01T08:13:07.906038
jeilsonsales25,/home/gilmar/Documents/algoritmos/logado-utfpr-ifam/logado-students/repos_logado/jeilsonsales25/exercicio_03.json,exercicio_03.json,alert,2026-02-24 21:58:20,exercicio_03.js,5,5,2026-04-01T08:13:07.906040
jeilsonsales25,/home/gilmar/Documents/algoritmos/logado-utfpr-ifam/logado-students/repos_logado/jeilsonsales25/decremento.json,decremento.json,prompt,2026-03-06 21:55:51,decremento.js,1,20,2026-04-01T08:13:07.906065
jeilsonsales25,/home/gilmar/Documents/algoritmos/logado-utfpr-ifam/logado-students/repos_logado/jeilsonsales25/decremento.json,decremento.json,prompt,2026-03-06 21:56:06,decremento.js,2,22,2026-04-01T08:13:07.906067
jeilsonsales25,/home/gilmar/Documents/algoritmos/logado-utfpr-ifam/logado-students/repos_logado/jeilsonsales25/decremento.json,decremento.json,while,2026-03-06 21:58:30,decremento.js,4,1,2026-04-01T08:13:07.906068
jeilsonsales25,/home/gilmar/Documents/algoritmos/logado-utfpr-ifam/logado-students/repos_logado/jeilsonsales25/decremento.json,decremento.json,alert,2026-03-06 22:00:47,decremento.js,4,1,2026-04-01T08:13:07.906072
jeilsonsales25,/home/gilmar/Documents/algoritmos/logado-utfpr-ifam/logado-students/repos_logado/jeilsonsales25/decremento.json,decremento.json,var,2026-03-06 22:02:09,decremento.js,1,1,2026-04-01T08:13:07.906073
jeilsonsales25,/home/gilmar/Documents/algoritmos/logado-utfpr-ifam/logado-students/repos_logado/jeilsonsales25/decremento.json,decremento.json,prompt,2026-03-06 22:02:09,decremento.js,1,20,2026-04-01T08:13:07.906075
jeilsonsales25,/home/gilmar/Documents/algoritmos/logado-utfpr-ifam/logado-students/repos_logado/jeilsonsales25/decremento.json,decremento.json,while,2026-03-06 22:02:41,decremento.js,2,1,2026-04-01T08:13:07.906076
jeilsonsales25,/home/gilmar/Documents/algoritmos/logado-utfpr-ifam/logado-students/repos_logado/jeilsonsales25/decremento.json,decremento.json,alert,2026-03-06 22:03:06,decremento.js,3,5,2026-04-01T08:13:07.906077
jeilsonsales25,/home/gilmar/Documents/algoritmos/logado-utfpr-ifam/logado-students/repos_logado/jeilsonsales25/funcaovetor.json,funcaovetor.json,function,2026-03-25 22:17:40,funcaovetor.js,1,1,2026-04-01T08:13:07.906093
jeilsonsales25,/home/gilmar/Documents/algoritmos/logado-utfpr-ifam/logado-students/repos_logado/jeilsonsales25/funcaovetor.json,funcaovetor.json,function,2026-03-25 22:19:22,funcaovetor.js,4,1,2026-04-01T08:13:07.906094
jeilsonsales25,/home/gilmar/Documents/algoritmos/logado-utfpr-ifam/logado-students/repos_logado/jeilsonsales25/aprovacao2.json,aprovacao2.json,var,2026-03-05 21:46:31,aprovacao2.js,1,1,2026-04-01T08:13:07.906124
jeilsonsales25,/home/gilmar/Documents/algoritmos/logado-utfpr-ifam/logado-students/repos_logado/jeilsonsales25/aprovacao2.json,aprovacao2.json,let,2026-03-05 21:46:31,aprovacao2.js,2,1,2026-04-01T08:13:07.906126
jeilsonsales25,/home/gilmar/Documents/algoritmos/logado-utfpr-ifam/logado-students/repos_logado/jeilsonsales25/aprovacao2.json,aprovacao2.json,prompt,2026-03-05 21:46:31,aprovacao2.js,2,24,2026-04-01T08:13:07.906128
jeilsonsales25,/home/gilmar/Documents/algoritmos/logado-utfpr-ifam/logado-students/repos_logado/jeilsonsales25/aprovacao2.json,aprovacao2.json,let,2026-03-05 21:46:31,aprovacao2.js,2,1,2026-04-01T08:13:07.906129
jeilsonsales25,/home/gilmar/Documents/algoritmos/logado-utfpr-ifam/logado-students/repos_logado/jeilsonsales25/aprovacao2.json,aprovacao2.json,prompt,2026-03-05 21:46:31,aprovacao2.js,2,24,2026-04-01T08:13:07.906131
jeilsonsales25,/home/gilmar/Documents/algoritmos/logado-utfpr-ifam/logado-students/repos_logado/jeilsonsales25/aprovacao2.json,aprovacao2.json,var,2026-03-05 21:46:31,aprovacao2.js,1,1,2026-04-01T08:13:07.906132
jeilsonsales25,/home/gilmar/Documents/algoritmos/logado-utfpr-ifam/logado-students/repos_logado/jeilsonsales25/aprovacao2.json,aprovacao2.json,if,2026-03-05 21:46:31,aprovacao2.js,6,1,2026-04-01T08:13:07.906134
jeilsonsales25,/home/gilmar/Documents/algoritmos/logado-utfpr-ifam/logado-students/repos_logado/jeilsonsales25/aprovacao2.json,aprovacao2.json,alert,2026-03-05 21:46:31,aprovacao2.js,7,5,2026-04-01T08:13:07.906135
jeilsonsales25,/home/gilmar/Documents/algoritmos/logado-utfpr-ifam/logado-students/repos_logado/jeilsonsales25/aprovacao2.json,aprovacao2.json,else,2026-03-05 21:46:31,aprovacao2.js,8,1,2026-04-01T08:13:07.906136
jeilsonsales25,/home/gilmar/Documents/algoritmos/logado-utfpr-ifam/logado-students/repos_logado/jeilsonsales25/aprovacao2.json,aprovacao2.json,if,2026-03-05 21:46:31,aprovacao2.js,6,1,2026-04-01T08:13:07.906138
jeilsonsales25,/home/gilmar/Documents/algoritmos/logado-utfpr-ifam/logado-students/repos_logado/jeilsonsales25/aprovacao2.json,aprovacao2.json,alert,2026-03-05 21:46:31,aprovacao2.js,7,5,2026-04-01T08:13:07.906139
jeilsonsales25,/home/gilmar/Documents/algoritmos/logado-utfpr-ifam/logado-students/repos_logado/jeilsonsales25/aprovacao2.json,aprovacao2.json,prompt,2026-03-05 21:46:31,aprovacao2.js,2,24,2026-04-01T08:13:07.906143
jeilsonsales25,/home/gilmar/Documents/algoritmos/logado-utfpr-ifam/logado-students/repos_logado/jeilsonsales25/aprovacao2.json,aprovacao2.json,if,2026-03-05 21:46:31,aprovacao2.js,6,1,2026-04-01T08:13:07.906144
jeilsonsales25,/home/gilmar/Documents/algoritmos/logado-utfpr-ifam/logado-students/repos_logado/jeilsonsales25/aprovacao2.json,aprovacao2.json,alert,2026-03-05 21:46:31,aprovacao2.js,7,5,2026-04-01T08:13:07.906146
jeilsonsales25,/home/gilmar/Documents/algoritmos/logado-utfpr-ifam/logado-students/repos_logado/jeilsonsales25/aprovacao2.json,aprovacao2.json,else,2026-03-05 21:46:31,aprovacao2.js,8,1,2026-04-01T08:13:07.906147
jeilsonsales25,/home/gilmar/Documents/algoritmos/logado-utfpr-ifam/logado-students/repos_logado/jeilsonsales25/aprovacao2.json,aprovacao2.json,alert,2026-03-05 21:46:31,aprovacao2.js,7,5,2026-04-01T08:13:07.906148
jeilsonsales25,/home/gilmar/Documents/algoritmos/logado-utfpr-ifam/logado-students/repos_logado/jeilsonsales25/aprovacao2.json,aprovacao2.json,else,2026-03-05 21:46:31,aprovacao2.js,8,1,2026-04-01T08:13:07.906150
jeilsonsales25,/home/gilmar/Documents/algoritmos/logado-utfpr-ifam/logado-students/repos_logado/jeilsonsales25/aprovacao2.json,aprovacao2.json,alert,2026-03-05 21:46:31,aprovacao2.js,7,5,2026-04-01T08:13:07.906151
jeilsonsales25,/home/gilmar/Documents/algoritmos/logado-utfpr-ifam/logado-students/repos_logado/jeilsonsales25/aprovacao2.json,aprovacao2.json,while,2026-03-06 19:44:56,aprovacao2.js,19,2,2026-04-01T08:13:07.906153
jeilsonsales25,/home/gilmar/Documents/algoritmos/logado-utfpr-ifam/logado-students/repos_logado/jeilsonsales25/aprovacao2.json,aprovacao2.json,while,2026-03-06 19:51:28,aprovacao2.js,24,2,2026-04-01T08:13:07.906155
jeilsonsales25,/home/gilmar/Documents/algoritmos/logado-utfpr-ifam/logado-students/repos_logado/jeilsonsales25/aprovacao2.json,aprovacao2.json,alert,2026-03-06 20:09:07,aprovacao2.js,22,5,2026-04-01T08:13:07.906157
jeilsonsales25,/home/gilmar/Documents/algoritmos/logado-utfpr-ifam/logado-students/repos_logado/jeilsonsales25/aprovacao2.json,aprovacao2.json,if,2026-03-06 20:10:45,aprovacao2.js,4,1,2026-04-01T08:13:07.906159
jeilsonsales25,/home/gilmar/Documents/algoritmos/logado-utfpr-ifam/logado-students/repos_logado/jeilsonsales25/aprovacao2.json,aprovacao2.json,while,2026-03-06 20:10:55,aprovacao2.js,4,1,2026-04-01T08:13:07.906160
jeilsonsales25,/home/gilmar/Documents/algoritmos/logado-utfpr-ifam/logado-students/repos_logado/jeilsonsales25/aprovacao2.json,aprovacao2.json,var,2026-03-06 20:40:59,aprovacao2.js,3,5,2026-04-01T08:13:07.906162
jeilsonsales25,/home/gilmar/Documents/algoritmos/logado-utfpr-ifam/logado-students/repos_logado/jeilsonsales25/sunday1.json,sunday1.json,prompt,2026-02-27 20:47:18,sunday1.js,1,31,2026-04-01T08:13:07.906178
jeilsonsales25,/home/gilmar/Documents/algoritmos/logado-utfpr-ifam/logado-students/repos_logado/jeilsonsales25/sunday1.json,sunday1.json,prompt,2026-02-27 20:47:48,sunday1.js,2,32,2026-04-01T08:13:07.906180
jeilsonsales25,/home/gilmar/Documents/algoritmos/logado-utfpr-ifam/logado-students/repos_logado/jeilsonsales25/sunday1.json,sunday1.json,for,2026-02-27 22:23:51,sunday1.js,12,1,2026-04-01T08:13:07.906182
jeilsonsales25,/home/gilmar/Documents/algoritmos/logado-utfpr-ifam/logado-students/repos_logado/jeilsonsales25/sunday1.json,sunday1.json,alert,2026-02-27 22:25:17,sunday1.js,15,5,2026-04-01T08:13:07.906183
jeilsonsales25,/home/gilmar/Documents/algoritmos/logado-utfpr-ifam/logado-students/repos_logado/jeilsonsales25/funcasoma.json,funcasoma.json,function,2026-03-25 21:16:59,funcasoma.js,1,1,2026-04-01T08:13:07.906214
jeilsonsales25,/home/gilmar/Documents/algoritmos/logado-utfpr-ifam/logado-students/repos_logado/jeilsonsales25/funcasoma.json,funcasoma.json,return,2026-03-25 21:17:54,funcasoma.js,2,5,2026-04-01T08:13:07.906215
jeilsonsales25,/home/gilmar/Documents/algoritmos/logado-utfpr-ifam/logado-students/repos_logado/jeilsonsales25/funcasoma.json,funcasoma.json,var,2026-03-25 21:18:15,funcasoma.js,4,1,2026-04-01T08:13:07.906217
jeilsonsales25,/home/gilmar/Documents/algoritmos/logado-utfpr-ifam/logado-students/repos_logado/jeilsonsales25/funcasoma.json,funcasoma.json,prompt,2026-03-25 21:18:36,funcasoma.js,4,18,2026-04-01T08:13:07.906218
jeilsonsales25,/home/gilmar/Documents/algoritmos/logado-utfpr-ifam/logado-students/repos_logado/jeilsonsales25/funcasoma.json,funcasoma.json,prompt,2026-03-25 21:19:20,funcasoma.js,5,18,2026-04-01T08:13:07.906220
jeilsonsales25,/home/gilmar/Documents/algoritmos/logado-utfpr-ifam/logado-students/repos_logado/jeilsonsales25/funcasoma.json,funcasoma.json,alert,2026-03-25 21:19:52,funcasoma.js,6,1,2026-04-01T08:13:07.906222
jeilsonsales25,/home/gilmar/Documents/algoritmos/logado-utfpr-ifam/logado-students/repos_logado/jeilsonsales25/funcasoma.json,funcasoma.json,function,2026-03-25 21:23:48,funcasoma.js,1,1,2026-04-01T08:13:07.906224
jeilsonsales25,/home/gilmar/Documents/algoritmos/logado-utfpr-ifam/logado-students/repos_logado/jeilsonsales25/funcasoma.json,funcasoma.json,function,2026-03-25 21:35:52,funcasoma.js,5,1,2026-04-01T08:13:07.906225
jeilsonsales25,/home/gilmar/Documents/algoritmos/logado-utfpr-ifam/logado-students/repos_logado/jeilsonsales25/funcasoma.json,funcasoma.json,return,2026-03-25 21:36:11,funcasoma.js,6,5,2026-04-01T08:13:07.906226
jeilsonsales25,/home/gilmar/Documents/algoritmos/logado-utfpr-ifam/logado-students/repos_logado/jeilsonsales25/funcasoma.json,funcasoma.json,function,2026-03-25 21:36:51,funcasoma.js,8,1,2026-04-01T08:13:07.906228
jeilsonsales25,/home/gilmar/Documents/algoritmos/logado-utfpr-ifam/logado-students/repos_logado/jeilsonsales25/funcasoma.json,funcasoma.json,function,2026-03-25 21:37:21,funcasoma.js,11,1,2026-04-01T08:13:07.906229
jeilsonsales25,/home/gilmar/Documents/algoritmos/logado-utfpr-ifam/logado-students/repos_logado/jeilsonsales25/funcasoma.json,funcasoma.json,function,2026-03-25 21:39:55,funcasoma.js,16,7,2026-04-01T08:13:07.906230
jeilsonsales25,/home/gilmar/Documents/algoritmos/logado-utfpr-ifam/logado-students/repos_logado/jeilsonsales25/funcasoma.json,funcasoma.json,prompt,2026-03-25 21:42:50,funcasoma.js,14,13,2026-04-01T08:13:07.906232
jeilsonsales25,/home/gilmar/Documents/algoritmos/logado-utfpr-ifam/logado-students/repos_logado/jeilsonsales25/funcasoma.json,funcasoma.json,prompt,2026-03-25 21:58:31,funcasoma.js,15,18,2026-04-01T08:13:07.906234
jeilsonsales25,/home/gilmar/Documents/algoritmos/logado-utfpr-ifam/logado-students/repos_logado/jeilsonsales25/funcasoma.json,funcasoma.json,prompt,2026-03-25 21:59:01,funcasoma.js,16,18,2026-04-01T08:13:07.906236
jeilsonsales25,/home/gilmar/Documents/algoritmos/logado-utfpr-ifam/logado-students/repos_logado/jeilsonsales25/funcasoma.json,funcasoma.json,switch,2026-03-25 21:59:28,funcasoma.js,17,1,2026-04-01T08:13:07.906238
jeilsonsales25,/home/gilmar/Documents/algoritmos/logado-utfpr-ifam/logado-students/repos_logado/jeilsonsales25/funcasoma.json,funcasoma.json,alert,2026-03-25 21:59:52,funcasoma.js,19,9,2026-04-01T08:13:07.906240
jeilsonsales25,/home/gilmar/Documents/algoritmos/logado-utfpr-ifam/logado-students/repos_logado/jeilsonsales25/funcasoma.json,funcasoma.json,break,2026-03-25 22:00:17,funcasoma.js,19,26,2026-04-01T08:13:07.906241
jeilsonsales25,/home/gilmar/Documents/algoritmos/logado-utfpr-ifam/logado-students/repos_logado/jeilsonsales25/funcasoma.json,funcasoma.json,alert,2026-03-25 22:00:37,funcasoma.js,21,13,2026-04-01T08:13:07.906242
jeilsonsales25,/home/gilmar/Documents/algoritmos/logado-utfpr-ifam/logado-students/repos_logado/jeilsonsales25/funcasoma.json,funcasoma.json,break,2026-03-25 22:00:51,funcasoma.js,21,35,2026-04-01T08:13:07.906243
jeilsonsales25,/home/gilmar/Documents/algoritmos/logado-utfpr-ifam/logado-students/repos_logado/jeilsonsales25/funcasoma.json,funcasoma.json,case,2026-03-25 22:01:52,funcasoma.js,20,9,2026-04-01T08:13:07.906245
jeilsonsales25,/home/gilmar/Documents/algoritmos/logado-utfpr-ifam/logado-students/repos_logado/jeilsonsales25/funcasoma.json,funcasoma.json,alert,2026-03-25 22:02:02,funcasoma.js,21,13,2026-04-01T08:13:07.906246
jeilsonsales25,/home/gilmar/Documents/algoritmos/logado-utfpr-ifam/logado-students/repos_logado/jeilsonsales25/funcasoma.json,funcasoma.json,break,2026-03-25 22:02:16,funcasoma.js,21,35,2026-04-01T08:13:07.906247
jeilsonsales25,/home/gilmar/Documents/algoritmos/logado-utfpr-ifam/logado-students/repos_logado/jeilsonsales25/funcasoma.json,funcasoma.json,alert,2026-03-25 22:02:51,funcasoma.js,23,17,2026-04-01T08:13:07.906248
jeilsonsales25,/home/gilmar/Documents/algoritmos/logado-utfpr-ifam/logado-students/repos_logado/jeilsonsales25/funcasoma.json,funcasoma.json,break,2026-03-25 22:03:07,funcasoma.js,23,43,2026-04-01T08:13:07.906250
jeilsonsales25,/home/gilmar/Documents/algoritmos/logado-utfpr-ifam/logado-students/repos_logado/jeilsonsales25/funcasoma.json,funcasoma.json,alert,2026-03-25 22:03:30,funcasoma.js,25,21,2026-04-01T08:13:07.906251
jeilsonsales25,/home/gilmar/Documents/algoritmos/logado-utfpr-ifam/logado-students/repos_logado/jeilsonsales25/funcasoma.json,funcasoma.json,break,2026-03-25 22:04:00,funcasoma.js,25,52,2026-04-01T08:13:07.906252
jeilsonsales25,/home/gilmar/Documents/algoritmos/logado-utfpr-ifam/logado-students/repos_logado/jeilsonsales25/funcasoma.json,funcasoma.json,alert,2026-03-25 22:04:12,funcasoma.js,27,25,2026-04-01T08:13:07.906254
jeilsonsales25,/home/gilmar/Documents/algoritmos/logado-utfpr-ifam/logado-students/repos_logado/jeilsonsales25/funcasoma.json,funcasoma.json,while,2026-03-25 22:12:32,funcasoma.js,30,2,2026-04-01T08:13:07.906255
jeilsonsales25,/home/gilmar/Documents/algoritmos/logado-utfpr-ifam/logado-students/repos_logado/jeilsonsales25/time.json,time.json,prompt,2026-03-05 21:52:59,time.js,1,11,2026-04-01T08:13:07.906273
jeilsonsales25,/home/gilmar/Documents/algoritmos/logado-utfpr-ifam/logado-students/repos_logado/jeilsonsales25/time.json,time.json,let,2026-03-05 21:53:19,time.js,2,1,2026-04-01T08:13:07.906275
jeilsonsales25,/home/gilmar/Documents/algoritmos/logado-utfpr-ifam/logado-students/repos_logado/jeilsonsales25/time.json,time.json,prompt,2026-03-05 21:53:19,time.js,2,11,2026-04-01T08:13:07.906278
jeilsonsales25,/home/gilmar/Documents/algoritmos/logado-utfpr-ifam/logado-students/repos_logado/jeilsonsales25/time.json,time.json,while,2026-03-05 21:53:33,time.js,3,2,2026-04-01T08:13:07.906279
jeilsonsales25,/home/gilmar/Documents/algoritmos/logado-utfpr-ifam/logado-students/repos_logado/jeilsonsales25/time.json,time.json,prompt,2026-03-05 21:54:29,time.js,3,8,2026-04-01T08:13:07.906281
jeilsonsales25,/home/gilmar/Documents/algoritmos/logado-utfpr-ifam/logado-students/repos_logado/jeilsonsales25/time.json,time.json,while,2026-03-05 21:58:48,time.js,3,5,2026-04-01T08:13:07.906282
jeilsonsales25,/home/gilmar/Documents/algoritmos/logado-utfpr-ifam/logado-students/repos_logado/jeilsonsales25/time.json,time.json,do,2026-03-05 22:18:33,time.js,1,1,2026-04-01T08:13:07.906284
jeilsonsales25,/home/gilmar/Documents/algoritmos/logado-utfpr-ifam/logado-students/repos_logado/jeilsonsales25/time.json,time.json,alert,2026-03-05 22:18:41,time.js,3,1,2026-04-01T08:13:07.906285
jeilsonsales25,/home/gilmar/Documents/algoritmos/logado-utfpr-ifam/logado-students/repos_logado/jeilsonsales25/exercicio_04.json,exercicio_04.json,random,2026-02-24 22:02:58,exercicio_04.js,1,6,2026-04-01T08:13:07.906302
jeilsonsales25,/home/gilmar/Documents/algoritmos/logado-utfpr-ifam/logado-students/repos_logado/jeilsonsales25/03.json,03.json,prompt,2026-03-03 21:21:22,03.js,3,24,2026-04-01T08:13:07.906328
jeilsonsales25,/home/gilmar/Documents/algoritmos/logado-utfpr-ifam/logado-students/repos_logado/jeilsonsales25/03.json,03.json,while,2026-03-03 21:22:04,03.js,5,1,2026-04-01T08:13:07.906329
jeilsonsales25,/home/gilmar/Documents/algoritmos/logado-utfpr-ifam/logado-students/repos_logado/jeilsonsales25/03.json,03.json,alert,2026-03-03 21:24:04,03.js,8,1,2026-04-01T08:13:07.906331
jeilsonsales25,/home/gilmar/Documents/algoritmos/logado-utfpr-ifam/logado-students/repos_logado/jeilsonsales25/03.json,03.json,var,2026-03-03 21:29:28,03.js,7,5,2026-04-01T08:13:07.906332
jeilsonsales25,/home/gilmar/Documents/algoritmos/logado-utfpr-ifam/logado-students/repos_logado/jeilsonsales25/03.json,03.json,alert,2026-03-03 21:36:00,03.js,7,2,2026-04-01T08:13:07.906333
jeilsonsales25,/home/gilmar/Documents/algoritmos/logado-utfpr-ifam/logado-students/repos_logado/jeilsonsales25/tabuada.json,tabuada.json,for,2026-03-13 19:34:04,tabuada.js,2,1,2026-04-01T08:13:07.906351
jeilsonsales25,/home/gilmar/Documents/algoritmos/logado-utfpr-ifam/logado-students/repos_logado/jeilsonsales25/tabuada.json,tabuada.json,let,2026-03-13 19:45:40,tabuada.js,8,1,2026-04-01T08:13:07.906353
jeilsonsales25,/home/gilmar/Documents/algoritmos/logado-utfpr-ifam/logado-students/repos_logado/jeilsonsales25/tabuada.json,tabuada.json,let,2026-03-13 19:45:40,tabuada.js,8,1,2026-04-01T08:13:07.906354
jeilsonsales25,/home/gilmar/Documents/algoritmos/logado-utfpr-ifam/logado-students/repos_logado/jeilsonsales25/tabuada.json,tabuada.json,for,2026-03-13 19:45:40,tabuada.js,10,1,2026-04-01T08:13:07.906356
jeilsonsales25,/home/gilmar/Documents/algoritmos/logado-utfpr-ifam/logado-students/repos_logado/jeilsonsales25/tabuada.json,tabuada.json,let,2026-03-13 19:45:40,tabuada.js,8,1,2026-04-01T08:13:07.906357
jeilsonsales25,/home/gilmar/Documents/algoritmos/logado-utfpr-ifam/logado-students/repos_logado/jeilsonsales25/tabuada.json,tabuada.json,for,2026-03-13 19:50:09,tabuada.js,13,1,2026-04-01T08:13:07.906358
jeilsonsales25,/home/gilmar/Documents/algoritmos/logado-utfpr-ifam/logado-students/repos_logado/jeilsonsales25/tabuada.json,tabuada.json,prompt,2026-03-13 19:51:01,tabuada.js,8,23,2026-04-01T08:13:07.906360
jeilsonsales25,/home/gilmar/Documents/algoritmos/logado-utfpr-ifam/logado-students/repos_logado/jeilsonsales25/tabuada.json,tabuada.json,for,2026-03-13 19:53:11,tabuada.js,14,1,2026-04-01T08:13:07.906361
jeilsonsales25,/home/gilmar/Documents/algoritmos/logado-utfpr-ifam/logado-students/repos_logado/jeilsonsales25/tabuada.json,tabuada.json,prompt,2026-03-13 19:58:05,tabuada.js,10,21,2026-04-01T08:13:07.906364
jeilsonsales25,/home/gilmar/Documents/algoritmos/logado-utfpr-ifam/logado-students/repos_logado/jeilsonsales25/tabuada.json,tabuada.json,for,2026-03-13 20:00:54,tabuada.js,11,1,2026-04-01T08:13:07.906365
jeilsonsales25,/home/gilmar/Documents/algoritmos/logado-utfpr-ifam/logado-students/repos_logado/jeilsonsales25/troca2.json,troca2.json,alert,2026-03-20 20:43:31,troca2.js,4,1,2026-04-01T08:13:07.906379
jeilsonsales25,/home/gilmar/Documents/algoritmos/logado-utfpr-ifam/logado-students/repos_logado/jeilsonsales25/troca.json,troca.json,alert,2026-03-20 20:25:18,troca.js,23,1,2026-04-01T08:13:07.906391
jeilsonsales25,/home/gilmar/Documents/algoritmos/logado-utfpr-ifam/logado-students/repos_logado/jeilsonsales25/troca.json,troca.json,alert,2026-03-20 20:36:35,troca.js,2,1,2026-04-01T08:13:07.906393
jeilsonsales25,/home/gilmar/Documents/algoritmos/logado-utfpr-ifam/logado-students/repos_logado/jeilsonsales25/05.json,05.json,prompt,2026-03-10 19:47:20,05.js,2,8,2026-04-01T08:13:07.906407
jeilsonsales25,/home/gilmar/Documents/algoritmos/logado-utfpr-ifam/logado-students/repos_logado/jeilsonsales25/05.json,05.json,for,2026-03-10 19:48:01,05.js,3,1,2026-04-01T08:13:07.906408
jeilsonsales25,/home/gilmar/Documents/algoritmos/logado-utfpr-ifam/logado-students/repos_logado/jeilsonsales25/05.json,05.json,for,2026-03-10 19:48:17,05.js,4,1,2026-04-01T08:13:07.906410
jeilsonsales25,/home/gilmar/Documents/algoritmos/logado-utfpr-ifam/logado-students/repos_logado/jeilsonsales25/buble.json,buble.json,for,2026-03-25 19:33:33,buble.js,5,5,2026-04-01T08:13:07.906421
jeilsonsales25,/home/gilmar/Documents/algoritmos/logado-utfpr-ifam/logado-students/repos_logado/jeilsonsales25/buble.json,buble.json,if,2026-03-25 19:34:17,buble.js,6,9,2026-04-01T08:13:07.906423
elenizarocha0411-cyber,/home/gilmar/Documents/algoritmos/logado-utfpr-ifam/logado-students/repos_logado/elenizarocha0411-cyber/domingos.json,domingos.json,prompt,2026-02-27 20:48:39,domingos.js,1,24,2026-04-01T08:13:07.906439
elenizarocha0411-cyber,/home/gilmar/Documents/algoritmos/logado-utfpr-ifam/logado-students/repos_logado/elenizarocha0411-cyber/domingos.json,domingos.json,prompt,2026-02-27 20:48:59,domingos.js,1,24,2026-04-01T08:13:07.906440
elenizarocha0411-cyber,/home/gilmar/Documents/algoritmos/logado-utfpr-ifam/logado-students/repos_logado/elenizarocha0411-cyber/domingos.json,domingos.json,prompt,2026-02-27 20:49:54,domingos.js,2,32,2026-04-01T08:13:07.906442
elenizarocha0411-cyber,/home/gilmar/Documents/algoritmos/logado-utfpr-ifam/logado-students/repos_logado/elenizarocha0411-cyber/domingos.json,domingos.json,for,2026-02-27 20:50:36,domingos.js,5,1,2026-04-01T08:13:07.906443
elenizarocha0411-cyber,/home/gilmar/Documents/algoritmos/logado-utfpr-ifam/logado-students/repos_logado/elenizarocha0411-cyber/domingos.json,domingos.json,for,2026-02-27 20:54:34,domingos.js,8,1,2026-04-01T08:13:07.906444
elenizarocha0411-cyber,/home/gilmar/Documents/algoritmos/logado-utfpr-ifam/logado-students/repos_logado/elenizarocha0411-cyber/domingos.json,domingos.json,alert,2026-03-12 20:31:06,domingos.js,14,1,2026-04-01T08:13:07.906446
elenizarocha0411-cyber,/home/gilmar/Documents/algoritmos/logado-utfpr-ifam/logado-students/repos_logado/elenizarocha0411-cyber/exercicio03.json,exercicio03.json,prompt,2026-03-03 19:57:43,exercicio03.js,2,23,2026-04-01T08:13:07.906460
elenizarocha0411-cyber,/home/gilmar/Documents/algoritmos/logado-utfpr-ifam/logado-students/repos_logado/elenizarocha0411-cyber/exercicio03.json,exercicio03.json,if,2026-03-03 20:00:51,exercicio03.js,4,1,2026-04-01T08:13:07.906462
elenizarocha0411-cyber,/home/gilmar/Documents/algoritmos/logado-utfpr-ifam/logado-students/repos_logado/elenizarocha0411-cyber/exercicio03.json,exercicio03.json,alert,2026-03-03 20:01:41,exercicio03.js,5,5,2026-04-01T08:13:07.906463
elenizarocha0411-cyber,/home/gilmar/Documents/algoritmos/logado-utfpr-ifam/logado-students/repos_logado/elenizarocha0411-cyber/exercicio03.json,exercicio03.json,alert,2026-03-03 20:03:42,exercicio03.js,7,9,2026-04-01T08:13:07.906466
elenizarocha0411-cyber,/home/gilmar/Documents/algoritmos/logado-utfpr-ifam/logado-students/repos_logado/elenizarocha0411-cyber/vaquinha.json,vaquinha.json,const,2026-03-12 19:45:55,vaquinha.js,1,1,2026-04-01T08:13:07.906482
elenizarocha0411-cyber,/home/gilmar/Documents/algoritmos/logado-utfpr-ifam/logado-students/repos_logado/elenizarocha0411-cyber/vaquinha.json,vaquinha.json,for,2026-03-12 19:49:53,vaquinha.js,3,1,2026-04-01T08:13:07.906483
elenizarocha0411-cyber,/home/gilmar/Documents/algoritmos/logado-utfpr-ifam/logado-students/repos_logado/elenizarocha0411-cyber/vaquinha.json,vaquinha.json,prompt,2026-03-12 19:53:26,vaquinha.js,3,23,2026-04-01T08:13:07.906485
elenizarocha0411-cyber,/home/gilmar/Documents/algoritmos/logado-utfpr-ifam/logado-students/repos_logado/elenizarocha0411-cyber/vaquinha.json,vaquinha.json,prompt,2026-03-12 19:57:59,vaquinha.js,5,26,2026-04-01T08:13:07.906486
elenizarocha0411-cyber,/home/gilmar/Documents/algoritmos/logado-utfpr-ifam/logado-students/repos_logado/elenizarocha0411-cyber/vaquinha.json,vaquinha.json,alert,2026-03-12 19:59:39,vaquinha.js,8,1,2026-04-01T08:13:07.906488
elenizarocha0411-cyber,/home/gilmar/Documents/algoritmos/logado-utfpr-ifam/logado-students/repos_logado/elenizarocha0411-cyber/exercicio04.json,exercicio04.json,prompt,2026-03-03 20:31:02,exercicio04.js,2,11,2026-04-01T08:13:07.906505
elenizarocha0411-cyber,/home/gilmar/Documents/algoritmos/logado-utfpr-ifam/logado-students/repos_logado/elenizarocha0411-cyber/exercicio04.json,exercicio04.json,prompt,2026-03-03 20:40:09,exercicio04.js,1,21,2026-04-01T08:13:07.906506
elenizarocha0411-cyber,/home/gilmar/Documents/algoritmos/logado-utfpr-ifam/logado-students/repos_logado/elenizarocha0411-cyber/exercicio04.json,exercicio04.json,prompt,2026-03-03 20:47:19,exercicio04.js,2,21,2026-04-01T08:13:07.906508
elenizarocha0411-cyber,/home/gilmar/Documents/algoritmos/logado-utfpr-ifam/logado-students/repos_logado/elenizarocha0411-cyber/exercicio04.json,exercicio04.json,prompt,2026-03-03 21:20:09,exercicio04.js,1,11,2026-04-01T08:13:07.906509
elenizarocha0411-cyber,/home/gilmar/Documents/algoritmos/logado-utfpr-ifam/logado-students/repos_logado/elenizarocha0411-cyber/exercicio04.json,exercicio04.json,if,2026-03-03 21:20:49,exercicio04.js,2,1,2026-04-01T08:13:07.906510
elenizarocha0411-cyber,/home/gilmar/Documents/algoritmos/logado-utfpr-ifam/logado-students/repos_logado/elenizarocha0411-cyber/exercicio04.json,exercicio04.json,alert,2026-03-03 21:21:21,exercicio04.js,3,5,2026-04-01T08:13:07.906511
elenizarocha0411-cyber,/home/gilmar/Documents/algoritmos/logado-utfpr-ifam/logado-students/repos_logado/elenizarocha0411-cyber/exercicio04.json,exercicio04.json,else,2026-03-03 21:22:19,exercicio04.js,5,2,2026-04-01T08:13:07.906513
elenizarocha0411-cyber,/home/gilmar/Documents/algoritmos/logado-utfpr-ifam/logado-students/repos_logado/elenizarocha0411-cyber/exercicio04.json,exercicio04.json,else,2026-03-03 21:24:15,exercicio04.js,4,6,2026-04-01T08:13:07.906514
elenizarocha0411-cyber,/home/gilmar/Documents/algoritmos/logado-utfpr-ifam/logado-students/repos_logado/elenizarocha0411-cyber/exercicio04.json,exercicio04.json,alert,2026-03-03 21:24:40,exercicio04.js,5,9,2026-04-01T08:13:07.906515
elenizarocha0411-cyber,/home/gilmar/Documents/algoritmos/logado-utfpr-ifam/logado-students/repos_logado/elenizarocha0411-cyber/funcaosoma.json,funcaosoma.json,function,2026-03-25 21:17:39,funcaosoma.js,1,1,2026-04-01T08:13:07.906540
elenizarocha0411-cyber,/home/gilmar/Documents/algoritmos/logado-utfpr-ifam/logado-students/repos_logado/elenizarocha0411-cyber/funcaosoma.json,funcaosoma.json,return,2026-03-25 21:18:32,funcaosoma.js,2,5,2026-04-01T08:13:07.906542
elenizarocha0411-cyber,/home/gilmar/Documents/algoritmos/logado-utfpr-ifam/logado-students/repos_logado/elenizarocha0411-cyber/funcaosoma.json,funcaosoma.json,prompt,2026-03-25 21:19:27,funcaosoma.js,4,17,2026-04-01T08:13:07.906544
elenizarocha0411-cyber,/home/gilmar/Documents/algoritmos/logado-utfpr-ifam/logado-students/repos_logado/elenizarocha0411-cyber/funcaosoma.json,funcaosoma.json,prompt,2026-03-25 21:20:11,funcaosoma.js,5,16,2026-04-01T08:13:07.906545
elenizarocha0411-cyber,/home/gilmar/Documents/algoritmos/logado-utfpr-ifam/logado-students/repos_logado/elenizarocha0411-cyber/funcaosoma.json,funcaosoma.json,alert,2026-03-25 21:20:41,funcaosoma.js,6,1,2026-04-01T08:13:07.906546
elenizarocha0411-cyber,/home/gilmar/Documents/algoritmos/logado-utfpr-ifam/logado-students/repos_logado/elenizarocha0411-cyber/funcaosoma.json,funcaosoma.json,function,2026-03-25 21:53:21,funcaosoma.js,5,1,2026-04-01T08:13:07.906549
elenizarocha0411-cyber,/home/gilmar/Documents/algoritmos/logado-utfpr-ifam/logado-students/repos_logado/elenizarocha0411-cyber/funcaosoma.json,funcaosoma.json,return,2026-03-25 21:54:05,funcaosoma.js,6,5,2026-04-01T08:13:07.906550
elenizarocha0411-cyber,/home/gilmar/Documents/algoritmos/logado-utfpr-ifam/logado-students/repos_logado/elenizarocha0411-cyber/funcaosoma.json,funcaosoma.json,function,2026-03-25 21:56:09,funcaosoma.js,8,1,2026-04-01T08:13:07.906551
elenizarocha0411-cyber,/home/gilmar/Documents/algoritmos/logado-utfpr-ifam/logado-students/repos_logado/elenizarocha0411-cyber/funcaosoma.json,funcaosoma.json,return,2026-03-25 21:56:38,funcaosoma.js,9,5,2026-04-01T08:13:07.906553
elenizarocha0411-cyber,/home/gilmar/Documents/algoritmos/logado-utfpr-ifam/logado-students/repos_logado/elenizarocha0411-cyber/funcaosoma.json,funcaosoma.json,prompt,2026-03-25 21:57:36,funcaosoma.js,11,12,2026-04-01T08:13:07.906554
elenizarocha0411-cyber,/home/gilmar/Documents/algoritmos/logado-utfpr-ifam/logado-students/repos_logado/elenizarocha0411-cyber/funcaosoma.json,funcaosoma.json,prompt,2026-03-25 22:02:32,funcaosoma.js,12,12,2026-04-01T08:13:07.906555
elenizarocha0411-cyber,/home/gilmar/Documents/algoritmos/logado-utfpr-ifam/logado-students/repos_logado/elenizarocha0411-cyber/funcaosoma.json,funcaosoma.json,prompt,2026-03-25 22:03:27,funcaosoma.js,12,18,2026-04-01T08:13:07.906557
elenizarocha0411-cyber,/home/gilmar/Documents/algoritmos/logado-utfpr-ifam/logado-students/repos_logado/elenizarocha0411-cyber/funcaosoma.json,funcaosoma.json,prompt,2026-03-25 22:04:14,funcaosoma.js,13,18,2026-04-01T08:13:07.906558
elenizarocha0411-cyber,/home/gilmar/Documents/algoritmos/logado-utfpr-ifam/logado-students/repos_logado/elenizarocha0411-cyber/funcaosoma.json,funcaosoma.json,switch,2026-03-25 22:04:41,funcaosoma.js,14,1,2026-04-01T08:13:07.906560
elenizarocha0411-cyber,/home/gilmar/Documents/algoritmos/logado-utfpr-ifam/logado-students/repos_logado/elenizarocha0411-cyber/funcaosoma.json,funcaosoma.json,var,2026-03-25 22:05:42,funcaosoma.js,16,1,2026-04-01T08:13:07.906561
elenizarocha0411-cyber,/home/gilmar/Documents/algoritmos/logado-utfpr-ifam/logado-students/repos_logado/elenizarocha0411-cyber/funcaosoma.json,funcaosoma.json,prompt,2026-03-25 22:05:42,funcaosoma.js,16,12,2026-04-01T08:13:07.906562
elenizarocha0411-cyber,/home/gilmar/Documents/algoritmos/logado-utfpr-ifam/logado-students/repos_logado/elenizarocha0411-cyber/funcaosoma.json,funcaosoma.json,var,2026-03-25 22:06:04,funcaosoma.js,17,1,2026-04-01T08:13:07.906564
elenizarocha0411-cyber,/home/gilmar/Documents/algoritmos/logado-utfpr-ifam/logado-students/repos_logado/elenizarocha0411-cyber/funcaosoma.json,funcaosoma.json,prompt,2026-03-25 22:06:04,funcaosoma.js,17,18,2026-04-01T08:13:07.906565
elenizarocha0411-cyber,/home/gilmar/Documents/algoritmos/logado-utfpr-ifam/logado-students/repos_logado/elenizarocha0411-cyber/vetor-par-impar.json,vetor-par-impar.json,const,2026-03-12 21:29:53,vetor-par-impar.js,1,1,2026-04-01T08:13:07.906588
elenizarocha0411-cyber,/home/gilmar/Documents/algoritmos/logado-utfpr-ifam/logado-students/repos_logado/elenizarocha0411-cyber/vetor-par-impar.json,vetor-par-impar.json,const,2026-03-12 21:30:16,vetor-par-impar.js,1,1,2026-04-01T08:13:07.906589
elenizarocha0411-cyber,/home/gilmar/Documents/algoritmos/logado-utfpr-ifam/logado-students/repos_logado/elenizarocha0411-cyber/vetor-par-impar.json,vetor-par-impar.json,const,2026-03-12 21:32:08,vetor-par-impar.js,1,1,2026-04-01T08:13:07.906591
elenizarocha0411-cyber,/home/gilmar/Documents/algoritmos/logado-utfpr-ifam/logado-students/repos_logado/elenizarocha0411-cyber/vetor-par-impar.json,vetor-par-impar.json,const,2026-03-12 21:32:37,vetor-par-impar.js,1,1,2026-04-01T08:13:07.906592
elenizarocha0411-cyber,/home/gilmar/Documents/algoritmos/logado-utfpr-ifam/logado-students/repos_logado/elenizarocha0411-cyber/vetor-par-impar.json,vetor-par-impar.json,const,2026-03-12 21:33:34,vetor-par-impar.js,1,1,2026-04-01T08:13:07.906593
elenizarocha0411-cyber,/home/gilmar/Documents/algoritmos/logado-utfpr-ifam/logado-students/repos_logado/elenizarocha0411-cyber/vetor-par-impar.json,vetor-par-impar.json,const,2026-03-12 21:35:12,vetor-par-impar.js,2,1,2026-04-01T08:13:07.906595
elenizarocha0411-cyber,/home/gilmar/Documents/algoritmos/logado-utfpr-ifam/logado-students/repos_logado/elenizarocha0411-cyber/vetor-par-impar.json,vetor-par-impar.json,const,2026-03-12 21:46:01,vetor-par-impar.js,2,1,2026-04-01T08:13:07.906598
elenizarocha0411-cyber,/home/gilmar/Documents/algoritmos/logado-utfpr-ifam/logado-students/repos_logado/elenizarocha0411-cyber/vetor-par-impar.json,vetor-par-impar.json,prompt,2026-03-12 21:50:29,vetor-par-impar.js,3,22,2026-04-01T08:13:07.906599
elenizarocha0411-cyber,/home/gilmar/Documents/algoritmos/logado-utfpr-ifam/logado-students/repos_logado/elenizarocha0411-cyber/vetor-par-impar.json,vetor-par-impar.json,prompt,2026-03-12 21:56:37,vetor-par-impar.js,2,19,2026-04-01T08:13:07.906601
elenizarocha0411-cyber,/home/gilmar/Documents/algoritmos/logado-utfpr-ifam/logado-students/repos_logado/elenizarocha0411-cyber/vetor-par-impar.json,vetor-par-impar.json,const,2026-03-12 21:58:51,vetor-par-impar.js,3,5,2026-04-01T08:13:07.906603
elenizarocha0411-cyber,/home/gilmar/Documents/algoritmos/logado-utfpr-ifam/logado-students/repos_logado/elenizarocha0411-cyber/vetor-par-impar.json,vetor-par-impar.json,prompt,2026-03-12 22:03:08,vetor-par-impar.js,5,27,2026-04-01T08:13:07.906604
elenizarocha0411-cyber,/home/gilmar/Documents/algoritmos/logado-utfpr-ifam/logado-students/repos_logado/elenizarocha0411-cyber/vetor-par-impar.json,vetor-par-impar.json,var,2026-03-12 22:05:58,vetor-par-impar.js,7,9,2026-04-01T08:13:07.906605
elenizarocha0411-cyber,/home/gilmar/Documents/algoritmos/logado-utfpr-ifam/logado-students/repos_logado/elenizarocha0411-cyber/vetor-par-impar.json,vetor-par-impar.json,else,2026-03-12 22:07:02,vetor-par-impar.js,10,5,2026-04-01T08:13:07.906607
elenizarocha0411-cyber,/home/gilmar/Documents/algoritmos/logado-utfpr-ifam/logado-students/repos_logado/elenizarocha0411-cyber/vetor-par-impar.json,vetor-par-impar.json,for,2026-03-12 22:08:53,vetor-par-impar.js,16,1,2026-04-01T08:13:07.906608
elenizarocha0411-cyber,/home/gilmar/Documents/algoritmos/logado-utfpr-ifam/logado-students/repos_logado/elenizarocha0411-cyber/vetor-par-impar.json,vetor-par-impar.json,for,2026-03-12 22:11:53,vetor-par-impar.js,20,1,2026-04-01T08:13:07.906609
elenizarocha0411-cyber,/home/gilmar/Documents/algoritmos/logado-utfpr-ifam/logado-students/repos_logado/elenizarocha0411-cyber/supermercado_revisão.json,supermercado_revisão.json,prompt,2026-03-24 21:48:54,supermercado_revisão.js,1,20,2026-04-01T08:13:07.906632
elenizarocha0411-cyber,/home/gilmar/Documents/algoritmos/logado-utfpr-ifam/logado-students/repos_logado/elenizarocha0411-cyber/supermercado_revisão.json,supermercado_revisão.json,prompt,2026-03-24 22:02:56,supermercado_revisão.js,4,27,2026-04-01T08:13:07.906634
elenizarocha0411-cyber,/home/gilmar/Documents/algoritmos/logado-utfpr-ifam/logado-students/repos_logado/elenizarocha0411-cyber/supermercado_revisão.json,supermercado_revisão.json,alert,2026-03-24 22:04:17,supermercado_revisão.js,7,1,2026-04-01T08:13:07.906636
elenizarocha0411-cyber,/home/gilmar/Documents/algoritmos/logado-utfpr-ifam/logado-students/repos_logado/elenizarocha0411-cyber/idade.json,idade.json,prompt,2026-03-10 20:24:40,idade.js,1,20,2026-04-01T08:13:07.906667
elenizarocha0411-cyber,/home/gilmar/Documents/algoritmos/logado-utfpr-ifam/logado-students/repos_logado/elenizarocha0411-cyber/idade.json,idade.json,prompt,2026-03-10 20:25:47,idade.js,1,20,2026-04-01T08:13:07.906669
elenizarocha0411-cyber,/home/gilmar/Documents/algoritmos/logado-utfpr-ifam/logado-students/repos_logado/elenizarocha0411-cyber/idade.json,idade.json,if,2026-03-10 20:27:19,idade.js,2,1,2026-04-01T08:13:07.906671
elenizarocha0411-cyber,/home/gilmar/Documents/algoritmos/logado-utfpr-ifam/logado-students/repos_logado/elenizarocha0411-cyber/idade.json,idade.json,alert,2026-03-10 20:27:43,idade.js,3,5,2026-04-01T08:13:07.906672
elenizarocha0411-cyber,/home/gilmar/Documents/algoritmos/logado-utfpr-ifam/logado-students/repos_logado/elenizarocha0411-cyber/idade.json,idade.json,else,2026-03-10 20:28:39,idade.js,4,2,2026-04-01T08:13:07.906674
elenizarocha0411-cyber,/home/gilmar/Documents/algoritmos/logado-utfpr-ifam/logado-students/repos_logado/elenizarocha0411-cyber/idade.json,idade.json,alert,2026-03-10 20:28:49,idade.js,5,5,2026-04-01T08:13:07.906675
elenizarocha0411-cyber,/home/gilmar/Documents/algoritmos/logado-utfpr-ifam/logado-students/repos_logado/elenizarocha0411-cyber/espalhamentominimo.json,espalhamentominimo.json,const,2026-03-20 19:44:39,espalhamento minimo.js,1,1,2026-04-01T08:13:07.906692
elenizarocha0411-cyber,/home/gilmar/Documents/algoritmos/logado-utfpr-ifam/logado-students/repos_logado/elenizarocha0411-cyber/espalhamentominimo.json,espalhamentominimo.json,for,2026-03-20 19:45:52,espalhamento minimo.js,2,1,2026-04-01T08:13:07.906693
elenizarocha0411-cyber,/home/gilmar/Documents/algoritmos/logado-utfpr-ifam/logado-students/repos_logado/elenizarocha0411-cyber/espalhamentominimo.json,espalhamentominimo.json,length,2026-03-20 19:46:28,espalhamento minimo.js,2,23,2026-04-01T08:13:07.906695
elenizarocha0411-cyber,/home/gilmar/Documents/algoritmos/logado-utfpr-ifam/logado-students/repos_logado/elenizarocha0411-cyber/espalhamentominimo.json,espalhamentominimo.json,max,2026-03-20 19:47:04,espalhamento minimo.js,3,18,2026-04-01T08:13:07.906696
elenizarocha0411-cyber,/home/gilmar/Documents/algoritmos/logado-utfpr-ifam/logado-students/repos_logado/elenizarocha0411-cyber/espalhamentominimo.json,espalhamentominimo.json,alert,2026-03-20 19:49:07,espalhamento minimo.js,2,1,2026-04-01T08:13:07.906697
elenizarocha0411-cyber,/home/gilmar/Documents/algoritmos/logado-utfpr-ifam/logado-students/repos_logado/elenizarocha0411-cyber/espalhamentominimo.json,espalhamentominimo.json,length,2026-03-20 19:50:16,espalhamento minimo.js,2,25,2026-04-01T08:13:07.906699
elenizarocha0411-cyber,/home/gilmar/Documents/algoritmos/logado-utfpr-ifam/logado-students/repos_logado/elenizarocha0411-cyber/espalhamentominimo.json,espalhamentominimo.json,min,2026-03-20 19:55:01,espalhamentominimo.js,2,12,2026-04-01T08:13:07.906706
elenizarocha0411-cyber,/home/gilmar/Documents/algoritmos/logado-utfpr-ifam/logado-students/repos_logado/elenizarocha0411-cyber/maiordetresmath.json,maiordetresmath.json,alert,2026-03-19 22:14:26,maiordetresmath.js,3,1,2026-04-01T08:13:07.906721
elenizarocha0411-cyber,/home/gilmar/Documents/algoritmos/logado-utfpr-ifam/logado-students/repos_logado/elenizarocha0411-cyber/maiordetresmath.json,maiordetresmath.json,max,2026-03-19 22:15:44,maiordetresmath.js,3,12,2026-04-01T08:13:07.906722
elenizarocha0411-cyber,/home/gilmar/Documents/algoritmos/logado-utfpr-ifam/logado-students/repos_logado/elenizarocha0411-cyber/caixa eletronico.json,caixa eletronico.json,prompt,2026-03-10 20:06:10,caixa eletronico.js,1,21,2026-04-01T08:13:07.906737
elenizarocha0411-cyber,/home/gilmar/Documents/algoritmos/logado-utfpr-ifam/logado-students/repos_logado/elenizarocha0411-cyber/caixa eletronico.json,caixa eletronico.json,while,2026-03-10 20:09:27,caixa eletronico.js,4,1,2026-04-01T08:13:07.906739
elenizarocha0411-cyber,/home/gilmar/Documents/algoritmos/logado-utfpr-ifam/logado-students/repos_logado/elenizarocha0411-cyber/caixa eletronico.json,caixa eletronico.json,alert,2026-03-10 20:10:52,caixa eletronico.js,5,5,2026-04-01T08:13:07.906740
elenizarocha0411-cyber,/home/gilmar/Documents/algoritmos/logado-utfpr-ifam/logado-students/repos_logado/elenizarocha0411-cyber/caixa eletronico.json,caixa eletronico.json,while,2026-03-10 21:36:54,caixa eletronico.js,3,1,2026-04-01T08:13:07.906741
elenizarocha0411-cyber,/home/gilmar/Documents/algoritmos/logado-utfpr-ifam/logado-students/repos_logado/elenizarocha0411-cyber/caixa eletronico.json,caixa eletronico.json,alert,2026-03-10 21:38:44,caixa eletronico.js,8,1,2026-04-01T08:13:07.906743
elenizarocha0411-cyber,/home/gilmar/Documents/algoritmos/logado-utfpr-ifam/logado-students/repos_logado/elenizarocha0411-cyber/Quick sort.json,Quick sort.json,function,2026-03-25 20:41:28,Quick sort.js,1,1,2026-04-01T08:13:07.906766
elenizarocha0411-cyber,/home/gilmar/Documents/algoritmos/logado-utfpr-ifam/logado-students/repos_logado/elenizarocha0411-cyber/Quick sort.json,Quick sort.json,if,2026-03-25 20:41:28,Quick sort.js,2,5,2026-04-01T08:13:07.906768
elenizarocha0411-cyber,/home/gilmar/Documents/algoritmos/logado-utfpr-ifam/logado-students/repos_logado/elenizarocha0411-cyber/Quick sort.json,Quick sort.json,length,2026-03-25 20:41:28,Quick sort.js,2,13,2026-04-01T08:13:07.906769
elenizarocha0411-cyber,/home/gilmar/Documents/algoritmos/logado-utfpr-ifam/logado-students/repos_logado/elenizarocha0411-cyber/Quick sort.json,Quick sort.json,return,2026-03-25 20:41:28,Quick sort.js,3,9,2026-04-01T08:13:07.906771
elenizarocha0411-cyber,/home/gilmar/Documents/algoritmos/logado-utfpr-ifam/logado-students/repos_logado/elenizarocha0411-cyber/Quick sort.json,Quick sort.json,let,2026-03-25 20:41:28,Quick sort.js,6,5,2026-04-01T08:13:07.906772
elenizarocha0411-cyber,/home/gilmar/Documents/algoritmos/logado-utfpr-ifam/logado-students/repos_logado/elenizarocha0411-cyber/Quick sort.json,Quick sort.json,length,2026-03-25 20:41:28,Quick sort.js,2,13,2026-04-01T08:13:07.906774
elenizarocha0411-cyber,/home/gilmar/Documents/algoritmos/logado-utfpr-ifam/logado-students/repos_logado/elenizarocha0411-cyber/Quick sort.json,Quick sort.json,let,2026-03-25 20:41:28,Quick sort.js,6,5,2026-04-01T08:13:07.906781
elenizarocha0411-cyber,/home/gilmar/Documents/algoritmos/logado-utfpr-ifam/logado-students/repos_logado/elenizarocha0411-cyber/Quick sort.json,Quick sort.json,let,2026-03-25 20:41:28,Quick sort.js,6,5,2026-04-01T08:13:07.906783
elenizarocha0411-cyber,/home/gilmar/Documents/algoritmos/logado-utfpr-ifam/logado-students/repos_logado/elenizarocha0411-cyber/Quick sort.json,Quick sort.json,for,2026-03-25 20:41:28,Quick sort.js,10,5,2026-04-01T08:13:07.906785
elenizarocha0411-cyber,/home/gilmar/Documents/algoritmos/logado-utfpr-ifam/logado-students/repos_logado/elenizarocha0411-cyber/Quick sort.json,Quick sort.json,let,2026-03-25 20:41:28,Quick sort.js,6,5,2026-04-01T08:13:07.906786
elenizarocha0411-cyber,/home/gilmar/Documents/algoritmos/logado-utfpr-ifam/logado-students/repos_logado/elenizarocha0411-cyber/Quick sort.json,Quick sort.json,length,2026-03-25 20:41:28,Quick sort.js,2,13,2026-04-01T08:13:07.906788
elenizarocha0411-cyber,/home/gilmar/Documents/algoritmos/logado-utfpr-ifam/logado-students/repos_logado/elenizarocha0411-cyber/Quick sort.json,Quick sort.json,if,2026-03-25 20:41:28,Quick sort.js,2,5,2026-04-01T08:13:07.906789
elenizarocha0411-cyber,/home/gilmar/Documents/algoritmos/logado-utfpr-ifam/logado-students/repos_logado/elenizarocha0411-cyber/Quick sort.json,Quick sort.json,push,2026-03-25 20:41:28,Quick sort.js,12,22,2026-04-01T08:13:07.906791
elenizarocha0411-cyber,/home/gilmar/Documents/algoritmos/logado-utfpr-ifam/logado-students/repos_logado/elenizarocha0411-cyber/Quick sort.json,Quick sort.json,else,2026-03-25 20:41:28,Quick sort.js,13,11,2026-04-01T08:13:07.906792
elenizarocha0411-cyber,/home/gilmar/Documents/algoritmos/logado-utfpr-ifam/logado-students/repos_logado/elenizarocha0411-cyber/Quick sort.json,Quick sort.json,push,2026-03-25 20:41:28,Quick sort.js,12,22,2026-04-01T08:13:07.906794
elenizarocha0411-cyber,/home/gilmar/Documents/algoritmos/logado-utfpr-ifam/logado-students/repos_logado/elenizarocha0411-cyber/Quick sort.json,Quick sort.json,return,2026-03-25 20:41:28,Quick sort.js,3,9,2026-04-01T08:13:07.906795
elenizarocha0411-cyber,/home/gilmar/Documents/algoritmos/logado-utfpr-ifam/logado-students/repos_logado/elenizarocha0411-cyber/Quick sort.json,Quick sort.json,function,2026-03-25 20:44:39,Quick sort.js,1,1,2026-04-01T08:13:07.906797
elenizarocha0411-cyber,/home/gilmar/Documents/algoritmos/logado-utfpr-ifam/logado-students/repos_logado/elenizarocha0411-cyber/Quick sort.json,Quick sort.json,length,2026-03-25 20:44:39,Quick sort.js,1,47,2026-04-01T08:13:07.906798
elenizarocha0411-cyber,/home/gilmar/Documents/algoritmos/logado-utfpr-ifam/logado-students/repos_logado/elenizarocha0411-cyber/Quick sort.json,Quick sort.json,if,2026-03-25 20:44:39,Quick sort.js,2,5,2026-04-01T08:13:07.906799
elenizarocha0411-cyber,/home/gilmar/Documents/algoritmos/logado-utfpr-ifam/logado-students/repos_logado/elenizarocha0411-cyber/Quick sort.json,Quick sort.json,let,2026-03-25 20:44:39,Quick sort.js,3,9,2026-04-01T08:13:07.906801
elenizarocha0411-cyber,/home/gilmar/Documents/algoritmos/logado-utfpr-ifam/logado-students/repos_logado/elenizarocha0411-cyber/Quick sort.json,Quick sort.json,return,2026-03-25 20:44:39,Quick sort.js,7,5,2026-04-01T08:13:07.906802
elenizarocha0411-cyber,/home/gilmar/Documents/algoritmos/logado-utfpr-ifam/logado-students/repos_logado/elenizarocha0411-cyber/Quick sort.json,Quick sort.json,function,2026-03-25 20:44:39,Quick sort.js,1,1,2026-04-01T08:13:07.906803
elenizarocha0411-cyber,/home/gilmar/Documents/algoritmos/logado-utfpr-ifam/logado-students/repos_logado/elenizarocha0411-cyber/Quick sort.json,Quick sort.json,let,2026-03-25 20:44:39,Quick sort.js,3,9,2026-04-01T08:13:07.906805
elenizarocha0411-cyber,/home/gilmar/Documents/algoritmos/logado-utfpr-ifam/logado-students/repos_logado/elenizarocha0411-cyber/Quick sort.json,Quick sort.json,let,2026-03-25 20:44:39,Quick sort.js,3,9,2026-04-01T08:13:07.906806
elenizarocha0411-cyber,/home/gilmar/Documents/algoritmos/logado-utfpr-ifam/logado-students/repos_logado/elenizarocha0411-cyber/Quick sort.json,Quick sort.json,for,2026-03-25 20:44:39,Quick sort.js,14,5,2026-04-01T08:13:07.906808
elenizarocha0411-cyber,/home/gilmar/Documents/algoritmos/logado-utfpr-ifam/logado-students/repos_logado/elenizarocha0411-cyber/Quick sort.json,Quick sort.json,let,2026-03-25 20:44:39,Quick sort.js,3,9,2026-04-01T08:13:07.906809
elenizarocha0411-cyber,/home/gilmar/Documents/algoritmos/logado-utfpr-ifam/logado-students/repos_logado/elenizarocha0411-cyber/Quick sort.json,Quick sort.json,if,2026-03-25 20:44:39,Quick sort.js,2,5,2026-04-01T08:13:07.906812
elenizarocha0411-cyber,/home/gilmar/Documents/algoritmos/logado-utfpr-ifam/logado-students/repos_logado/elenizarocha0411-cyber/Quick sort.json,Quick sort.json,return,2026-03-25 20:44:39,Quick sort.js,7,5,2026-04-01T08:13:07.906814
elenizarocha0411-cyber,/home/gilmar/Documents/algoritmos/logado-utfpr-ifam/logado-students/repos_logado/elenizarocha0411-cyber/main.json,main.json,alert,2026-02-20 20:37:07,main.js,1,1,2026-04-01T08:13:07.906834
elenizarocha0411-cyber,/home/gilmar/Documents/algoritmos/logado-utfpr-ifam/logado-students/repos_logado/elenizarocha0411-cyber/main.json,main.json,let,2026-02-20 20:39:38,main.js,1,1,2026-04-01T08:13:07.906835
elenizarocha0411-cyber,/home/gilmar/Documents/algoritmos/logado-utfpr-ifam/logado-students/repos_logado/elenizarocha0411-cyber/main.json,main.json,prompt,2026-02-20 20:39:50,main.js,1,10,2026-04-01T08:13:07.906837
elenizarocha0411-cyber,/home/gilmar/Documents/algoritmos/logado-utfpr-ifam/logado-students/repos_logado/elenizarocha0411-cyber/main.json,main.json,alert,2026-02-20 20:40:16,main.js,2,1,2026-04-01T08:13:07.906838
elenizarocha0411-cyber,/home/gilmar/Documents/algoritmos/logado-utfpr-ifam/logado-students/repos_logado/elenizarocha0411-cyber/evento_revisão.json,evento_revisão.json,prompt,2026-03-24 21:30:00,evento_revisão.js,1,20,2026-04-01T08:13:07.906857
elenizarocha0411-cyber,/home/gilmar/Documents/algoritmos/logado-utfpr-ifam/logado-students/repos_logado/elenizarocha0411-cyber/evento_revisão.json,evento_revisão.json,true,2026-03-24 21:30:41,evento_revisão.js,2,18,2026-04-01T08:13:07.906859
elenizarocha0411-cyber,/home/gilmar/Documents/algoritmos/logado-utfpr-ifam/logado-students/repos_logado/elenizarocha0411-cyber/evento_revisão.json,evento_revisão.json,true,2026-03-24 21:31:45,evento_revisão.js,3,32,2026-04-01T08:13:07.906860
elenizarocha0411-cyber,/home/gilmar/Documents/algoritmos/logado-utfpr-ifam/logado-students/repos_logado/elenizarocha0411-cyber/evento_revisão.json,evento_revisão.json,true,2026-03-24 21:31:55,evento_revisão.js,3,32,2026-04-01T08:13:07.906861
elenizarocha0411-cyber,/home/gilmar/Documents/algoritmos/logado-utfpr-ifam/logado-students/repos_logado/elenizarocha0411-cyber/evento_revisão.json,evento_revisão.json,alert,2026-03-24 21:32:18,evento_revisão.js,4,5,2026-04-01T08:13:07.906863
elenizarocha0411-cyber,/home/gilmar/Documents/algoritmos/logado-utfpr-ifam/logado-students/repos_logado/elenizarocha0411-cyber/evento_revisão.json,evento_revisão.json,else,2026-03-24 21:32:44,evento_revisão.js,5,2,2026-04-01T08:13:07.906864
elenizarocha0411-cyber,/home/gilmar/Documents/algoritmos/logado-utfpr-ifam/logado-students/repos_logado/elenizarocha0411-cyber/evento_revisão.json,evento_revisão.json,alert,2026-03-24 21:32:48,evento_revisão.js,6,5,2026-04-01T08:13:07.906865
elenizarocha0411-cyber,/home/gilmar/Documents/algoritmos/logado-utfpr-ifam/logado-students/repos_logado/elenizarocha0411-cyber/exercicio07.json,exercicio07.json,prompt,2026-03-10 19:33:59,exercicio07.js,2,17,2026-04-01T08:13:07.906882
elenizarocha0411-cyber,/home/gilmar/Documents/algoritmos/logado-utfpr-ifam/logado-students/repos_logado/elenizarocha0411-cyber/exercicio07.json,exercicio07.json,while,2026-03-10 19:34:39,exercicio07.js,3,2,2026-04-01T08:13:07.906883
elenizarocha0411-cyber,/home/gilmar/Documents/algoritmos/logado-utfpr-ifam/logado-students/repos_logado/elenizarocha0411-cyber/funcao.json,funcao.json,function,2026-03-26 20:17:56,funcao.js,1,1,2026-04-01T08:13:07.906902
elenizarocha0411-cyber,/home/gilmar/Documents/algoritmos/logado-utfpr-ifam/logado-students/repos_logado/elenizarocha0411-cyber/funcao.json,funcao.json,function,2026-03-26 20:20:52,funcao.js,1,1,2026-04-01T08:13:07.906904
elenizarocha0411-cyber,/home/gilmar/Documents/algoritmos/logado-utfpr-ifam/logado-students/repos_logado/elenizarocha0411-cyber/funcao.json,funcao.json,function,2026-03-26 20:29:50,funcao.js,1,1,2026-04-01T08:13:07.906905
elenizarocha0411-cyber,/home/gilmar/Documents/algoritmos/logado-utfpr-ifam/logado-students/repos_logado/elenizarocha0411-cyber/funcao.json,funcao.json,const,2026-03-26 21:16:40,funcao.js,1,1,2026-04-01T08:13:07.906907
elenizarocha0411-cyber,/home/gilmar/Documents/algoritmos/logado-utfpr-ifam/logado-students/repos_logado/elenizarocha0411-cyber/funcao.json,funcao.json,prompt,2026-03-26 21:17:23,funcao.js,2,23,2026-04-01T08:13:07.906909
elenizarocha0411-cyber,/home/gilmar/Documents/algoritmos/logado-utfpr-ifam/logado-students/repos_logado/elenizarocha0411-cyber/funcao.json,funcao.json,function,2026-03-26 21:17:36,funcao.js,3,1,2026-04-01T08:13:07.906910
elenizarocha0411-cyber,/home/gilmar/Documents/algoritmos/logado-utfpr-ifam/logado-students/repos_logado/elenizarocha0411-cyber/funcao.json,funcao.json,for,2026-03-26 21:18:20,funcao.js,4,5,2026-04-01T08:13:07.906912
elenizarocha0411-cyber,/home/gilmar/Documents/algoritmos/logado-utfpr-ifam/logado-students/repos_logado/elenizarocha0411-cyber/funcao.json,funcao.json,prompt,2026-03-26 21:20:11,funcao.js,5,31,2026-04-01T08:13:07.906913
elenizarocha0411-cyber,/home/gilmar/Documents/algoritmos/logado-utfpr-ifam/logado-students/repos_logado/elenizarocha0411-cyber/funcao.json,funcao.json,function,2026-03-26 21:22:44,funcao.js,8,1,2026-04-01T08:13:07.906915
elenizarocha0411-cyber,/home/gilmar/Documents/algoritmos/logado-utfpr-ifam/logado-students/repos_logado/elenizarocha0411-cyber/funcao.json,funcao.json,for,2026-03-26 21:24:33,funcao.js,9,5,2026-04-01T08:13:07.906916
elenizarocha0411-cyber,/home/gilmar/Documents/algoritmos/logado-utfpr-ifam/logado-students/repos_logado/elenizarocha0411-cyber/exercicio02.json,exercicio02.json,prompt,2026-02-24 22:10:34,exercicio02.js,1,18,2026-04-01T08:13:07.906930
elenizarocha0411-cyber,/home/gilmar/Documents/algoritmos/logado-utfpr-ifam/logado-students/repos_logado/elenizarocha0411-cyber/exercicio02.json,exercicio02.json,prompt,2026-02-24 22:14:54,exercicio02.js,1,29,2026-04-01T08:13:07.906931
elenizarocha0411-cyber,/home/gilmar/Documents/algoritmos/logado-utfpr-ifam/logado-students/repos_logado/elenizarocha0411-cyber/exercicio02.json,exercicio02.json,alert,2026-02-24 22:24:51,exercicio02.js,3,1,2026-04-01T08:13:07.906933
elenizarocha0411-cyber,/home/gilmar/Documents/algoritmos/logado-utfpr-ifam/logado-students/repos_logado/elenizarocha0411-cyber/revisao_vetor.json,revisao_vetor.json,const,2026-03-26 19:35:59,revisao_vetor.js,1,1,2026-04-01T08:13:07.906954
elenizarocha0411-cyber,/home/gilmar/Documents/algoritmos/logado-utfpr-ifam/logado-students/repos_logado/elenizarocha0411-cyber/revisao_vetor.json,revisao_vetor.json,prompt,2026-03-26 19:36:31,revisao_vetor.js,1,12,2026-04-01T08:13:07.906956
elenizarocha0411-cyber,/home/gilmar/Documents/algoritmos/logado-utfpr-ifam/logado-students/repos_logado/elenizarocha0411-cyber/revisao_vetor.json,revisao_vetor.json,const,2026-03-26 19:37:00,revisao_vetor.js,2,1,2026-04-01T08:13:07.906958
elenizarocha0411-cyber,/home/gilmar/Documents/algoritmos/logado-utfpr-ifam/logado-students/repos_logado/elenizarocha0411-cyber/revisao_vetor.json,revisao_vetor.json,prompt,2026-03-26 19:37:26,revisao_vetor.js,2,12,2026-04-01T08:13:07.906960
elenizarocha0411-cyber,/home/gilmar/Documents/algoritmos/logado-utfpr-ifam/logado-students/repos_logado/elenizarocha0411-cyber/revisao_vetor.json,revisao_vetor.json,prompt,2026-03-26 19:39:12,revisao_vetor.js,1,12,2026-04-01T08:13:07.906962
elenizarocha0411-cyber,/home/gilmar/Documents/algoritmos/logado-utfpr-ifam/logado-students/repos_logado/elenizarocha0411-cyber/revisao_vetor.json,revisao_vetor.json,prompt,2026-03-26 19:47:38,revisao_vetor.js,1,19,2026-04-01T08:13:07.906963
elenizarocha0411-cyber,/home/gilmar/Documents/algoritmos/logado-utfpr-ifam/logado-students/repos_logado/elenizarocha0411-cyber/revisao_vetor.json,revisao_vetor.json,prompt,2026-03-26 19:48:48,revisao_vetor.js,1,11,2026-04-01T08:13:07.906965
elenizarocha0411-cyber,/home/gilmar/Documents/algoritmos/logado-utfpr-ifam/logado-students/repos_logado/elenizarocha0411-cyber/revisao_vetor.json,revisao_vetor.json,prompt,2026-03-26 19:57:18,revisao_vetor.js,2,22,2026-04-01T08:13:07.906966
elenizarocha0411-cyber,/home/gilmar/Documents/algoritmos/logado-utfpr-ifam/logado-students/repos_logado/elenizarocha0411-cyber/revisao_vetor.json,revisao_vetor.json,prompt,2026-03-26 19:58:53,revisao_vetor.js,4,24,2026-04-01T08:13:07.906967
elenizarocha0411-cyber,/home/gilmar/Documents/algoritmos/logado-utfpr-ifam/logado-students/repos_logado/elenizarocha0411-cyber/revisao_vetor.json,revisao_vetor.json,for,2026-03-26 19:59:09,revisao_vetor.js,6,1,2026-04-01T08:13:07.906969
elenizarocha0411-cyber,/home/gilmar/Documents/algoritmos/logado-utfpr-ifam/logado-students/repos_logado/elenizarocha0411-cyber/vetor_tabuada.json,vetor_tabuada.json,const,2026-03-13 19:38:58,vetor_tabuada.js,1,1,2026-04-01T08:13:07.906985
elenizarocha0411-cyber,/home/gilmar/Documents/algoritmos/logado-utfpr-ifam/logado-students/repos_logado/elenizarocha0411-cyber/vetor_tabuada.json,vetor_tabuada.json,const,2026-03-13 19:39:30,vetor_tabuada.js,2,1,2026-04-01T08:13:07.906986
elenizarocha0411-cyber,/home/gilmar/Documents/algoritmos/logado-utfpr-ifam/logado-students/repos_logado/elenizarocha0411-cyber/vetor_tabuada.json,vetor_tabuada.json,prompt,2026-03-13 19:42:06,vetor_tabuada.js,3,22,2026-04-01T08:13:07.906988
elenizarocha0411-cyber,/home/gilmar/Documents/algoritmos/logado-utfpr-ifam/logado-students/repos_logado/elenizarocha0411-cyber/vetor_tabuada.json,vetor_tabuada.json,for,2026-03-13 19:57:05,vetor_tabuada.js,4,1,2026-04-01T08:13:07.906989
elenizarocha0411-cyber,/home/gilmar/Documents/algoritmos/logado-utfpr-ifam/logado-students/repos_logado/elenizarocha0411-cyber/vetor_tabuada.json,vetor_tabuada.json,for,2026-03-13 19:59:50,vetor_tabuada.js,7,1,2026-04-01T08:13:07.906990
elenizarocha0411-cyber,/home/gilmar/Documents/algoritmos/logado-utfpr-ifam/logado-students/repos_logado/elenizarocha0411-cyber/for.json,for.json,for,2026-02-20 21:26:56,for.js,1,1,2026-04-01T08:13:07.907003
elenizarocha0411-cyber,/home/gilmar/Documents/algoritmos/logado-utfpr-ifam/logado-students/repos_logado/elenizarocha0411-cyber/for.json,for.json,for,2026-02-20 21:31:39,for.js,5,1,2026-04-01T08:13:07.907005
elenizarocha0411-cyber,/home/gilmar/Documents/algoritmos/logado-utfpr-ifam/logado-students/repos_logado/elenizarocha0411-cyber/for.json,for.json,for,2026-02-20 21:35:45,for.js,9,1,2026-04-01T08:13:07.907006
elenizarocha0411-cyber,/home/gilmar/Documents/algoritmos/logado-utfpr-ifam/logado-students/repos_logado/elenizarocha0411-cyber/espalhamento.json,espalhamento.json,console,2026-03-19 22:28:34,espalhamento.js,1,1,2026-04-01T08:13:07.907019
elenizarocha0411-cyber,/home/gilmar/Documents/algoritmos/logado-utfpr-ifam/logado-students/repos_logado/elenizarocha0411-cyber/espalhamento.json,espalhamento.json,const,2026-03-19 22:28:41,espalhamento.js,1,1,2026-04-01T08:13:07.907021
elenizarocha0411-cyber,/home/gilmar/Documents/algoritmos/logado-utfpr-ifam/logado-students/repos_logado/elenizarocha0411-cyber/espalhamento.json,espalhamento.json,alert,2026-03-19 22:29:25,espalhamento.js,2,1,2026-04-01T08:13:07.907022
elenizarocha0411-cyber,/home/gilmar/Documents/algoritmos/logado-utfpr-ifam/logado-students/repos_logado/elenizarocha0411-cyber/espalhamento.json,espalhamento.json,max,2026-03-19 22:29:40,espalhamento.js,2,12,2026-04-01T08:13:07.907024
elenizarocha0411-cyber,/home/gilmar/Documents/algoritmos/logado-utfpr-ifam/logado-students/repos_logado/elenizarocha0411-cyber/par-impar.json,par-impar.json,prompt,2026-02-27 19:41:19,par-impar.js,2,23,2026-04-01T08:13:07.907041
elenizarocha0411-cyber,/home/gilmar/Documents/algoritmos/logado-utfpr-ifam/logado-students/repos_logado/elenizarocha0411-cyber/par-impar.json,par-impar.json,for,2026-02-27 19:42:12,par-impar.js,3,1,2026-04-01T08:13:07.907042
elenizarocha0411-cyber,/home/gilmar/Documents/algoritmos/logado-utfpr-ifam/logado-students/repos_logado/elenizarocha0411-cyber/par-impar.json,par-impar.json,prompt,2026-02-27 19:43:44,par-impar.js,4,23,2026-04-01T08:13:07.907044
elenizarocha0411-cyber,/home/gilmar/Documents/algoritmos/logado-utfpr-ifam/logado-students/repos_logado/elenizarocha0411-cyber/par-impar.json,par-impar.json,if,2026-02-27 19:43:59,par-impar.js,5,5,2026-04-01T08:13:07.907045
elenizarocha0411-cyber,/home/gilmar/Documents/algoritmos/logado-utfpr-ifam/logado-students/repos_logado/elenizarocha0411-cyber/par-impar.json,par-impar.json,else,2026-02-27 19:44:53,par-impar.js,8,5,2026-04-01T08:13:07.907047
elenizarocha0411-cyber,/home/gilmar/Documents/algoritmos/logado-utfpr-ifam/logado-students/repos_logado/elenizarocha0411-cyber/par-impar.json,par-impar.json,alert,2026-02-27 19:45:09,par-impar.js,10,5,2026-04-01T08:13:07.907048
elenizarocha0411-cyber,/home/gilmar/Documents/algoritmos/logado-utfpr-ifam/logado-students/repos_logado/elenizarocha0411-cyber/tarefas.json,tarefas.json,prompt,2026-03-10 19:53:45,tarefas.js,3,16,2026-04-01T08:13:07.907060
elenizarocha0411-cyber,/home/gilmar/Documents/algoritmos/logado-utfpr-ifam/logado-students/repos_logado/elenizarocha0411-cyber/viagem_revisão.json,viagem_revisão.json,prompt,2026-03-24 20:11:03,viagem_revisão.js,1,16,2026-04-01T08:13:07.907077
elenizarocha0411-cyber,/home/gilmar/Documents/algoritmos/logado-utfpr-ifam/logado-students/repos_logado/elenizarocha0411-cyber/viagem_revisão.json,viagem_revisão.json,prompt,2026-03-24 20:20:00,viagem_revisão.js,2,19,2026-04-01T08:13:07.907080
elenizarocha0411-cyber,/home/gilmar/Documents/algoritmos/logado-utfpr-ifam/logado-students/repos_logado/elenizarocha0411-cyber/viagem_revisão.json,viagem_revisão.json,prompt,2026-03-24 20:20:32,viagem_revisão.js,2,18,2026-04-01T08:13:07.907081
elenizarocha0411-cyber,/home/gilmar/Documents/algoritmos/logado-utfpr-ifam/logado-students/repos_logado/elenizarocha0411-cyber/viagem_revisão.json,viagem_revisão.json,alert,2026-03-24 20:36:08,viagem_revisão.js,4,1,2026-04-01T08:13:07.907082
elenizarocha0411-cyber,/home/gilmar/Documents/algoritmos/logado-utfpr-ifam/logado-students/repos_logado/elenizarocha0411-cyber/viagem_revisão.json,viagem_revisão.json,alert,2026-03-24 20:40:11,viagem_revisão.js,4,1,2026-04-01T08:13:07.907084
elenizarocha0411-cyber,/home/gilmar/Documents/algoritmos/logado-utfpr-ifam/logado-students/repos_logado/elenizarocha0411-cyber/celular_revisão.json,celular_revisão.json,prompt,2026-03-24 22:22:34,celular_revisão.js,1,20,2026-04-01T08:13:07.907098
elenizarocha0411-cyber,/home/gilmar/Documents/algoritmos/logado-utfpr-ifam/logado-students/repos_logado/elenizarocha0411-cyber/celular_revisão.json,celular_revisão.json,while,2026-03-24 22:22:59,celular_revisão.js,2,1,2026-04-01T08:13:07.907099
elenizarocha0411-cyber,/home/gilmar/Documents/algoritmos/logado-utfpr-ifam/logado-students/repos_logado/elenizarocha0411-cyber/maiordetres.json,maiordetres.json,for,2026-03-19 21:48:08,maiordetres.js,2,1,2026-04-01T08:13:07.907114
elenizarocha0411-cyber,/home/gilmar/Documents/algoritmos/logado-utfpr-ifam/logado-students/repos_logado/elenizarocha0411-cyber/maiordetres.json,maiordetres.json,if,2026-03-19 21:58:31,maiordetres.js,2,1,2026-04-01T08:13:07.907115
elenizarocha0411-cyber,/home/gilmar/Documents/algoritmos/logado-utfpr-ifam/logado-students/repos_logado/elenizarocha0411-cyber/maiordetres.json,maiordetres.json,alert,2026-03-19 21:59:14,maiordetres.js,3,5,2026-04-01T08:13:07.907117
elenizarocha0411-cyber,/home/gilmar/Documents/algoritmos/logado-utfpr-ifam/logado-students/repos_logado/elenizarocha0411-cyber/maiordetres.json,maiordetres.json,else,2026-03-19 21:59:31,maiordetres.js,4,1,2026-04-01T08:13:07.907118
elenizarocha0411-cyber,/home/gilmar/Documents/algoritmos/logado-utfpr-ifam/logado-students/repos_logado/elenizarocha0411-cyber/maiordetres.json,maiordetres.json,alert,2026-03-19 22:00:37,maiordetres.js,5,5,2026-04-01T08:13:07.907119
elenizarocha0411-cyber,/home/gilmar/Documents/algoritmos/logado-utfpr-ifam/logado-students/repos_logado/elenizarocha0411-cyber/maiordetres.json,maiordetres.json,else,2026-03-19 22:00:48,maiordetres.js,6,1,2026-04-01T08:13:07.907121
elenizarocha0411-cyber,/home/gilmar/Documents/algoritmos/logado-utfpr-ifam/logado-students/repos_logado/elenizarocha0411-cyber/maiordetres.json,maiordetres.json,if,2026-03-19 22:00:54,maiordetres.js,6,6,2026-04-01T08:13:07.907122
elenizarocha0411-cyber,/home/gilmar/Documents/algoritmos/logado-utfpr-ifam/logado-students/repos_logado/elenizarocha0411-cyber/maiordetres.json,maiordetres.json,alert,2026-03-19 22:01:42,maiordetres.js,7,5,2026-04-01T08:13:07.907123
elenizarocha0411-cyber,/home/gilmar/Documents/algoritmos/logado-utfpr-ifam/logado-students/repos_logado/elenizarocha0411-cyber/maiordetres.json,maiordetres.json,else,2026-03-19 22:02:02,maiordetres.js,8,1,2026-04-01T08:13:07.907125
elenizarocha0411-cyber,/home/gilmar/Documents/algoritmos/logado-utfpr-ifam/logado-students/repos_logado/elenizarocha0411-cyber/maiordetres.json,maiordetres.json,alert,2026-03-19 22:02:10,maiordetres.js,9,5,2026-04-01T08:13:07.907126
elenizarocha0411-cyber,/home/gilmar/Documents/algoritmos/logado-utfpr-ifam/logado-students/repos_logado/elenizarocha0411-cyber/troca.json,troca.json,alert,2026-03-20 20:31:59,troca.js,2,1,2026-04-01T08:13:07.907141
elenizarocha0411-cyber,/home/gilmar/Documents/algoritmos/logado-utfpr-ifam/logado-students/repos_logado/elenizarocha0411-cyber/troca.json,troca.json,alert,2026-03-20 20:34:36,troca.js,6,1,2026-04-01T08:13:07.907142
elenizarocha0411-cyber,/home/gilmar/Documents/algoritmos/logado-utfpr-ifam/logado-students/repos_logado/elenizarocha0411-cyber/exercicio01.json,exercicio01.json,prompt,2026-02-24 21:23:16,exercicio01.js,1,21,2026-04-01T08:13:07.907154
elenizarocha0411-cyber,/home/gilmar/Documents/algoritmos/logado-utfpr-ifam/logado-students/repos_logado/elenizarocha0411-cyber/exercicio01.json,exercicio01.json,prompt,2026-02-24 21:24:07,exercicio01.js,2,20,2026-04-01T08:13:07.907156
elenizarocha0411-cyber,/home/gilmar/Documents/algoritmos/logado-utfpr-ifam/logado-students/repos_logado/elenizarocha0411-cyber/exercicio01.json,exercicio01.json,alert,2026-02-24 21:27:32,exercicio01.js,5,1,2026-04-01T08:13:07.907157
elenizarocha0411-cyber,/home/gilmar/Documents/algoritmos/logado-utfpr-ifam/logado-students/repos_logado/elenizarocha0411-cyber/vetor_jogos.json,vetor_jogos.json,const,2026-03-12 20:16:14,vetor_jogos.js,1,1,2026-04-01T08:13:07.907169
elenizarocha0411-cyber,/home/gilmar/Documents/algoritmos/logado-utfpr-ifam/logado-students/repos_logado/elenizarocha0411-cyber/vetor_jogos.json,vetor_jogos.json,const,2026-03-12 20:23:57,vetor_jogos.js,1,1,2026-04-01T08:13:07.907171
elenizarocha0411-cyber,/home/gilmar/Documents/algoritmos/logado-utfpr-ifam/logado-students/repos_logado/elenizarocha0411-cyber/vetor_jogos.json,vetor_jogos.json,for,2026-03-12 20:43:09,vetor_jogos.js,4,1,2026-04-01T08:13:07.907172
elenizarocha0411-cyber,/home/gilmar/Documents/algoritmos/logado-utfpr-ifam/logado-students/repos_logado/elenizarocha0411-cyber/vetor_jogos.json,vetor_jogos.json,for,2026-03-12 20:45:32,vetor_jogos.js,8,1,2026-04-01T08:13:07.907174
elenizarocha0411-cyber,/home/gilmar/Documents/algoritmos/logado-utfpr-ifam/logado-students/repos_logado/elenizarocha0411-cyber/exercicio05.json,exercicio05.json,prompt,2026-03-03 21:50:22,exercicio05.js,2,23,2026-04-01T08:13:07.907189
elenizarocha0411-cyber,/home/gilmar/Documents/algoritmos/logado-utfpr-ifam/logado-students/repos_logado/elenizarocha0411-cyber/exercicio05.json,exercicio05.json,alert,2026-03-03 22:00:23,exercicio05.js,5,5,2026-04-01T08:13:07.907191
elenizarocha0411-cyber,/home/gilmar/Documents/algoritmos/logado-utfpr-ifam/logado-students/repos_logado/elenizarocha0411-cyber/exercicio05.json,exercicio05.json,alert,2026-03-03 22:12:50,exercicio05.js,7,5,2026-04-01T08:13:07.907192
elenizarocha0411-cyber,/home/gilmar/Documents/algoritmos/logado-utfpr-ifam/logado-students/repos_logado/elenizarocha0411-cyber/exercicio05.json,exercicio05.json,else,2026-03-03 22:13:20,exercicio05.js,8,2,2026-04-01T08:13:07.907193
elenizarocha0411-cyber,/home/gilmar/Documents/algoritmos/logado-utfpr-ifam/logado-students/repos_logado/elenizarocha0411-cyber/exercicio05.json,exercicio05.json,alert,2026-03-03 22:13:27,exercicio05.js,9,5,2026-04-01T08:13:07.907195
genilsonsouzzaa-alt,/home/gilmar/Documents/algoritmos/logado-utfpr-ifam/logado-students/repos_logado/genilsonsouzzaa-alt/maior.json,maior.json,if,2026-03-19 21:51:38,maior.js,2,1,2026-04-01T08:13:07.907208
genilsonsouzzaa-alt,/home/gilmar/Documents/algoritmos/logado-utfpr-ifam/logado-students/repos_logado/genilsonsouzzaa-alt/maior.json,maior.json,alert,2026-03-19 21:55:03,maior.js,5,5,2026-04-01T08:13:07.907209
genilsonsouzzaa-alt,/home/gilmar/Documents/algoritmos/logado-utfpr-ifam/logado-students/repos_logado/genilsonsouzzaa-alt/maior.json,maior.json,else,2026-03-19 22:02:55,maior.js,8,1,2026-04-01T08:13:07.907211
genilsonsouzzaa-alt,/home/gilmar/Documents/algoritmos/logado-utfpr-ifam/logado-students/repos_logado/genilsonsouzzaa-alt/maior.json,maior.json,alert,2026-03-19 22:03:04,maior.js,9,5,2026-04-01T08:13:07.907212
genilsonsouzzaa-alt,/home/gilmar/Documents/algoritmos/logado-utfpr-ifam/logado-students/repos_logado/genilsonsouzzaa-alt/vaquinha.json,vaquinha.json,alert,2026-03-12 19:45:33,vaquinha.js,4,5,2026-04-01T08:13:07.907224
genilsonsouzzaa-alt,/home/gilmar/Documents/algoritmos/logado-utfpr-ifam/logado-students/repos_logado/genilsonsouzzaa-alt/funcaosoma.json,funcaosoma.json,function,2026-03-25 21:17:16,funcaosoma.js,1,1,2026-04-01T08:13:07.907265
genilsonsouzzaa-alt,/home/gilmar/Documents/algoritmos/logado-utfpr-ifam/logado-students/repos_logado/genilsonsouzzaa-alt/funcaosoma.json,funcaosoma.json,return,2026-03-25 21:18:04,funcaosoma.js,2,5,2026-04-01T08:13:07.907266
genilsonsouzzaa-alt,/home/gilmar/Documents/algoritmos/logado-utfpr-ifam/logado-students/repos_logado/genilsonsouzzaa-alt/funcaosoma.json,funcaosoma.json,prompt,2026-03-25 21:18:31,funcaosoma.js,4,18,2026-04-01T08:13:07.907268
genilsonsouzzaa-alt,/home/gilmar/Documents/algoritmos/logado-utfpr-ifam/logado-students/repos_logado/genilsonsouzzaa-alt/funcaosoma.json,funcaosoma.json,var,2026-03-25 21:19:01,funcaosoma.js,5,1,2026-04-01T08:13:07.907269
genilsonsouzzaa-alt,/home/gilmar/Documents/algoritmos/logado-utfpr-ifam/logado-students/repos_logado/genilsonsouzzaa-alt/funcaosoma.json,funcaosoma.json,prompt,2026-03-25 21:19:01,funcaosoma.js,5,18,2026-04-01T08:13:07.907271
genilsonsouzzaa-alt,/home/gilmar/Documents/algoritmos/logado-utfpr-ifam/logado-students/repos_logado/genilsonsouzzaa-alt/funcaosoma.json,funcaosoma.json,alert,2026-03-25 21:19:14,funcaosoma.js,6,1,2026-04-01T08:13:07.907272
genilsonsouzzaa-alt,/home/gilmar/Documents/algoritmos/logado-utfpr-ifam/logado-students/repos_logado/genilsonsouzzaa-alt/funcaosoma.json,funcaosoma.json,return,2026-03-25 21:31:29,funcaosoma.js,3,5,2026-04-01T08:13:07.907274
genilsonsouzzaa-alt,/home/gilmar/Documents/algoritmos/logado-utfpr-ifam/logado-students/repos_logado/genilsonsouzzaa-alt/funcaosoma.json,funcaosoma.json,return,2026-03-25 21:31:57,funcaosoma.js,4,5,2026-04-01T08:13:07.907275
genilsonsouzzaa-alt,/home/gilmar/Documents/algoritmos/logado-utfpr-ifam/logado-students/repos_logado/genilsonsouzzaa-alt/funcaosoma.json,funcaosoma.json,return,2026-03-25 21:32:26,funcaosoma.js,5,5,2026-04-01T08:13:07.907276
genilsonsouzzaa-alt,/home/gilmar/Documents/algoritmos/logado-utfpr-ifam/logado-students/repos_logado/genilsonsouzzaa-alt/funcaosoma.json,funcaosoma.json,prompt,2026-03-25 21:35:00,funcaosoma.js,1,14,2026-04-01T08:13:07.907277
genilsonsouzzaa-alt,/home/gilmar/Documents/algoritmos/logado-utfpr-ifam/logado-students/repos_logado/genilsonsouzzaa-alt/funcaosoma.json,funcaosoma.json,function,2026-03-25 21:36:03,funcaosoma.js,6,1,2026-04-01T08:13:07.907279
genilsonsouzzaa-alt,/home/gilmar/Documents/algoritmos/logado-utfpr-ifam/logado-students/repos_logado/genilsonsouzzaa-alt/funcaosoma.json,funcaosoma.json,return,2026-03-25 21:37:03,funcaosoma.js,7,5,2026-04-01T08:13:07.907280
genilsonsouzzaa-alt,/home/gilmar/Documents/algoritmos/logado-utfpr-ifam/logado-students/repos_logado/genilsonsouzzaa-alt/funcaosoma.json,funcaosoma.json,var,2026-03-25 21:38:00,funcaosoma.js,6,1,2026-04-01T08:13:07.907281
genilsonsouzzaa-alt,/home/gilmar/Documents/algoritmos/logado-utfpr-ifam/logado-students/repos_logado/genilsonsouzzaa-alt/funcaosoma.json,funcaosoma.json,prompt,2026-03-25 21:38:00,funcaosoma.js,6,18,2026-04-01T08:13:07.907283
genilsonsouzzaa-alt,/home/gilmar/Documents/algoritmos/logado-utfpr-ifam/logado-students/repos_logado/genilsonsouzzaa-alt/funcaosoma.json,funcaosoma.json,var,2026-03-25 21:38:12,funcaosoma.js,7,1,2026-04-01T08:13:07.907284
genilsonsouzzaa-alt,/home/gilmar/Documents/algoritmos/logado-utfpr-ifam/logado-students/repos_logado/genilsonsouzzaa-alt/funcaosoma.json,funcaosoma.json,prompt,2026-03-25 21:38:12,funcaosoma.js,7,18,2026-04-01T08:13:07.907286
genilsonsouzzaa-alt,/home/gilmar/Documents/algoritmos/logado-utfpr-ifam/logado-students/repos_logado/genilsonsouzzaa-alt/funcaosoma.json,funcaosoma.json,alert,2026-03-25 21:38:26,funcaosoma.js,8,1,2026-04-01T08:13:07.907287
genilsonsouzzaa-alt,/home/gilmar/Documents/algoritmos/logado-utfpr-ifam/logado-students/repos_logado/genilsonsouzzaa-alt/funcaosoma.json,funcaosoma.json,return,2026-03-25 21:44:22,funcaosoma.js,3,5,2026-04-01T08:13:07.907288
genilsonsouzzaa-alt,/home/gilmar/Documents/algoritmos/logado-utfpr-ifam/logado-students/repos_logado/genilsonsouzzaa-alt/funcaosoma.json,funcaosoma.json,return,2026-03-25 21:44:22,funcaosoma.js,4,5,2026-04-01T08:13:07.907290
genilsonsouzzaa-alt,/home/gilmar/Documents/algoritmos/logado-utfpr-ifam/logado-students/repos_logado/genilsonsouzzaa-alt/funcaosoma.json,funcaosoma.json,return,2026-03-25 21:44:22,funcaosoma.js,5,5,2026-04-01T08:13:07.907291
genilsonsouzzaa-alt,/home/gilmar/Documents/algoritmos/logado-utfpr-ifam/logado-students/repos_logado/genilsonsouzzaa-alt/funcaosoma.json,funcaosoma.json,let,2026-03-25 21:44:24,funcaosoma.js,1,20,2026-04-01T08:13:07.907292
genilsonsouzzaa-alt,/home/gilmar/Documents/algoritmos/logado-utfpr-ifam/logado-students/repos_logado/genilsonsouzzaa-alt/funcaosoma.json,funcaosoma.json,let,2026-03-25 21:44:24,funcaosoma.js,1,16,2026-04-01T08:13:07.907295
genilsonsouzzaa-alt,/home/gilmar/Documents/algoritmos/logado-utfpr-ifam/logado-students/repos_logado/genilsonsouzzaa-alt/funcaosoma.json,funcaosoma.json,function,2026-03-25 21:45:22,funcaosoma.js,1,1,2026-04-01T08:13:07.907296
genilsonsouzzaa-alt,/home/gilmar/Documents/algoritmos/logado-utfpr-ifam/logado-students/repos_logado/genilsonsouzzaa-alt/funcaosoma.json,funcaosoma.json,return,2026-03-25 21:49:39,funcaosoma.js,2,5,2026-04-01T08:13:07.907297
genilsonsouzzaa-alt,/home/gilmar/Documents/algoritmos/logado-utfpr-ifam/logado-students/repos_logado/genilsonsouzzaa-alt/funcaosoma.json,funcaosoma.json,function,2026-03-25 21:49:50,funcaosoma.js,4,1,2026-04-01T08:13:07.907299
genilsonsouzzaa-alt,/home/gilmar/Documents/algoritmos/logado-utfpr-ifam/logado-students/repos_logado/genilsonsouzzaa-alt/funcaosoma.json,funcaosoma.json,function,2026-03-25 21:50:01,funcaosoma.js,2,14,2026-04-01T08:13:07.907300
genilsonsouzzaa-alt,/home/gilmar/Documents/algoritmos/logado-utfpr-ifam/logado-students/repos_logado/genilsonsouzzaa-alt/funcaosoma.json,funcaosoma.json,break,2026-03-25 21:50:11,funcaosoma.js,2,16,2026-04-01T08:13:07.907301
genilsonsouzzaa-alt,/home/gilmar/Documents/algoritmos/logado-utfpr-ifam/logado-students/repos_logado/genilsonsouzzaa-alt/funcaosoma.json,funcaosoma.json,function,2026-03-25 21:50:21,funcaosoma.js,4,1,2026-04-01T08:13:07.907302
genilsonsouzzaa-alt,/home/gilmar/Documents/algoritmos/logado-utfpr-ifam/logado-students/repos_logado/genilsonsouzzaa-alt/funcaosoma.json,funcaosoma.json,return,2026-03-25 21:50:45,funcaosoma.js,5,5,2026-04-01T08:13:07.907304
genilsonsouzzaa-alt,/home/gilmar/Documents/algoritmos/logado-utfpr-ifam/logado-students/repos_logado/genilsonsouzzaa-alt/funcaosoma.json,funcaosoma.json,function,2026-03-25 21:50:57,funcaosoma.js,7,1,2026-04-01T08:13:07.907305
genilsonsouzzaa-alt,/home/gilmar/Documents/algoritmos/logado-utfpr-ifam/logado-students/repos_logado/genilsonsouzzaa-alt/funcaosoma.json,funcaosoma.json,return,2026-03-25 21:51:20,funcaosoma.js,8,5,2026-04-01T08:13:07.907306
genilsonsouzzaa-alt,/home/gilmar/Documents/algoritmos/logado-utfpr-ifam/logado-students/repos_logado/genilsonsouzzaa-alt/funcaosoma.json,funcaosoma.json,function,2026-03-25 21:51:32,funcaosoma.js,10,1,2026-04-01T08:13:07.907307
genilsonsouzzaa-alt,/home/gilmar/Documents/algoritmos/logado-utfpr-ifam/logado-students/repos_logado/genilsonsouzzaa-alt/funcaosoma.json,funcaosoma.json,return,2026-03-25 21:52:04,funcaosoma.js,11,5,2026-04-01T08:13:07.907309
genilsonsouzzaa-alt,/home/gilmar/Documents/algoritmos/logado-utfpr-ifam/logado-students/repos_logado/genilsonsouzzaa-alt/funcaosoma.json,funcaosoma.json,prompt,2026-03-25 21:52:45,funcaosoma.js,13,13,2026-04-01T08:13:07.907311
genilsonsouzzaa-alt,/home/gilmar/Documents/algoritmos/logado-utfpr-ifam/logado-students/repos_logado/genilsonsouzzaa-alt/funcaosoma.json,funcaosoma.json,prompt,2026-03-25 21:53:14,funcaosoma.js,14,18,2026-04-01T08:13:07.907313
genilsonsouzzaa-alt,/home/gilmar/Documents/algoritmos/logado-utfpr-ifam/logado-students/repos_logado/genilsonsouzzaa-alt/funcaosoma.json,funcaosoma.json,prompt,2026-03-25 21:53:39,funcaosoma.js,15,18,2026-04-01T08:13:07.907314
genilsonsouzzaa-alt,/home/gilmar/Documents/algoritmos/logado-utfpr-ifam/logado-students/repos_logado/genilsonsouzzaa-alt/funcaosoma.json,funcaosoma.json,switch,2026-03-25 21:54:04,funcaosoma.js,16,1,2026-04-01T08:13:07.907315
genilsonsouzzaa-alt,/home/gilmar/Documents/algoritmos/logado-utfpr-ifam/logado-students/repos_logado/genilsonsouzzaa-alt/funcaosoma.json,funcaosoma.json,alert,2026-03-25 21:54:45,funcaosoma.js,18,9,2026-04-01T08:13:07.907317
genilsonsouzzaa-alt,/home/gilmar/Documents/algoritmos/logado-utfpr-ifam/logado-students/repos_logado/genilsonsouzzaa-alt/funcaosoma.json,funcaosoma.json,break,2026-03-25 21:55:26,funcaosoma.js,18,26,2026-04-01T08:13:07.907318
genilsonsouzzaa-alt,/home/gilmar/Documents/algoritmos/logado-utfpr-ifam/logado-students/repos_logado/genilsonsouzzaa-alt/funcaosoma.json,funcaosoma.json,case,2026-03-25 21:55:45,funcaosoma.js,19,9,2026-04-01T08:13:07.907319
genilsonsouzzaa-alt,/home/gilmar/Documents/algoritmos/logado-utfpr-ifam/logado-students/repos_logado/genilsonsouzzaa-alt/funcaosoma.json,funcaosoma.json,alert,2026-03-25 21:56:05,funcaosoma.js,20,9,2026-04-01T08:13:07.907322
genilsonsouzzaa-alt,/home/gilmar/Documents/algoritmos/logado-utfpr-ifam/logado-students/repos_logado/genilsonsouzzaa-alt/funcaosoma.json,funcaosoma.json,break,2026-03-25 21:56:36,funcaosoma.js,20,31,2026-04-01T08:13:07.907323
genilsonsouzzaa-alt,/home/gilmar/Documents/algoritmos/logado-utfpr-ifam/logado-students/repos_logado/genilsonsouzzaa-alt/funcaosoma.json,funcaosoma.json,case,2026-03-25 21:56:59,funcaosoma.js,21,9,2026-04-01T08:13:07.907324
genilsonsouzzaa-alt,/home/gilmar/Documents/algoritmos/logado-utfpr-ifam/logado-students/repos_logado/genilsonsouzzaa-alt/funcaosoma.json,funcaosoma.json,break,2026-03-25 21:57:37,funcaosoma.js,22,36,2026-04-01T08:13:07.907326
genilsonsouzzaa-alt,/home/gilmar/Documents/algoritmos/logado-utfpr-ifam/logado-students/repos_logado/genilsonsouzzaa-alt/funcaosoma.json,funcaosoma.json,break,2026-03-25 21:58:40,funcaosoma.js,24,30,2026-04-01T08:13:07.907327
genilsonsouzzaa-alt,/home/gilmar/Documents/algoritmos/logado-utfpr-ifam/logado-students/repos_logado/genilsonsouzzaa-alt/funcaosoma.json,funcaosoma.json,alert,2026-03-25 21:58:52,funcaosoma.js,26,9,2026-04-01T08:13:07.907329
genilsonsouzzaa-alt,/home/gilmar/Documents/algoritmos/logado-utfpr-ifam/logado-students/repos_logado/genilsonsouzzaa-alt/funcaosoma.json,funcaosoma.json,var,2026-03-25 22:11:52,funcaosoma.js,15,1,2026-04-01T08:13:07.907330
genilsonsouzzaa-alt,/home/gilmar/Documents/algoritmos/logado-utfpr-ifam/logado-students/repos_logado/genilsonsouzzaa-alt/funcaosoma.json,funcaosoma.json,prompt,2026-03-25 22:11:52,funcaosoma.js,15,13,2026-04-01T08:13:07.907331
genilsonsouzzaa-alt,/home/gilmar/Documents/algoritmos/logado-utfpr-ifam/logado-students/repos_logado/genilsonsouzzaa-alt/funcaosoma.json,funcaosoma.json,while,2026-03-25 22:12:19,funcaosoma.js,28,2,2026-04-01T08:13:07.907332
genilsonsouzzaa-alt,/home/gilmar/Documents/algoritmos/logado-utfpr-ifam/logado-students/repos_logado/genilsonsouzzaa-alt/funcaosoma.json,funcaosoma.json,while,2026-03-25 22:13:07,funcaosoma.js,29,2,2026-04-01T08:13:07.907334
genilsonsouzzaa-alt,/home/gilmar/Documents/algoritmos/logado-utfpr-ifam/logado-students/repos_logado/genilsonsouzzaa-alt/exercicio_05.json,exercicio_05.json,let,2026-03-03 20:23:51,exercicio_05.js,1,1,2026-04-01T08:13:07.907355
genilsonsouzzaa-alt,/home/gilmar/Documents/algoritmos/logado-utfpr-ifam/logado-students/repos_logado/genilsonsouzzaa-alt/exercicio_05.json,exercicio_05.json,let,2026-03-03 20:23:51,exercicio_05.js,1,1,2026-04-01T08:13:07.907358
genilsonsouzzaa-alt,/home/gilmar/Documents/algoritmos/logado-utfpr-ifam/logado-students/repos_logado/genilsonsouzzaa-alt/exercicio_05.json,exercicio_05.json,prompt,2026-03-03 20:23:51,exercicio_05.js,2,25,2026-04-01T08:13:07.907359
genilsonsouzzaa-alt,/home/gilmar/Documents/algoritmos/logado-utfpr-ifam/logado-students/repos_logado/genilsonsouzzaa-alt/exercicio_05.json,exercicio_05.json,if,2026-03-03 20:23:51,exercicio_05.js,3,1,2026-04-01T08:13:07.907361
genilsonsouzzaa-alt,/home/gilmar/Documents/algoritmos/logado-utfpr-ifam/logado-students/repos_logado/genilsonsouzzaa-alt/exercicio_05.json,exercicio_05.json,alert,2026-03-03 20:23:51,exercicio_05.js,4,5,2026-04-01T08:13:07.907362
genilsonsouzzaa-alt,/home/gilmar/Documents/algoritmos/logado-utfpr-ifam/logado-students/repos_logado/genilsonsouzzaa-alt/exercicio_05.json,exercicio_05.json,else,2026-03-03 20:23:51,exercicio_05.js,5,2,2026-04-01T08:13:07.907363
genilsonsouzzaa-alt,/home/gilmar/Documents/algoritmos/logado-utfpr-ifam/logado-students/repos_logado/genilsonsouzzaa-alt/exercicio_05.json,exercicio_05.json,alert,2026-03-03 20:23:51,exercicio_05.js,4,5,2026-04-01T08:13:07.907365
genilsonsouzzaa-alt,/home/gilmar/Documents/algoritmos/logado-utfpr-ifam/logado-students/repos_logado/genilsonsouzzaa-alt/exercicio_05.json,exercicio_05.json,let,2026-03-03 20:24:12,exercicio_05.js,1,1,2026-04-01T08:13:07.907366
genilsonsouzzaa-alt,/home/gilmar/Documents/algoritmos/logado-utfpr-ifam/logado-students/repos_logado/genilsonsouzzaa-alt/exercicio_05.json,exercicio_05.json,prompt,2026-03-03 20:24:12,exercicio_05.js,1,13,2026-04-01T08:13:07.907367
genilsonsouzzaa-alt,/home/gilmar/Documents/algoritmos/logado-utfpr-ifam/logado-students/repos_logado/genilsonsouzzaa-alt/exercicio_05.json,exercicio_05.json,if,2026-03-03 20:24:12,exercicio_05.js,2,1,2026-04-01T08:13:07.907368
genilsonsouzzaa-alt,/home/gilmar/Documents/algoritmos/logado-utfpr-ifam/logado-students/repos_logado/genilsonsouzzaa-alt/exercicio_05.json,exercicio_05.json,alert,2026-03-03 20:24:12,exercicio_05.js,3,5,2026-04-01T08:13:07.907371
genilsonsouzzaa-alt,/home/gilmar/Documents/algoritmos/logado-utfpr-ifam/logado-students/repos_logado/genilsonsouzzaa-alt/exercicio_05.json,exercicio_05.json,else,2026-03-03 20:24:12,exercicio_05.js,4,1,2026-04-01T08:13:07.907372
genilsonsouzzaa-alt,/home/gilmar/Documents/algoritmos/logado-utfpr-ifam/logado-students/repos_logado/genilsonsouzzaa-alt/exercicio_05.json,exercicio_05.json,alert,2026-03-03 20:24:12,exercicio_05.js,3,5,2026-04-01T08:13:07.907373
genilsonsouzzaa-alt,/home/gilmar/Documents/algoritmos/logado-utfpr-ifam/logado-students/repos_logado/genilsonsouzzaa-alt/espalhamentominimo.json,espalhamentominimo.json,max,2026-03-20 19:45:34,espalhamentominimo.js,2,12,2026-04-01T08:13:07.907388
genilsonsouzzaa-alt,/home/gilmar/Documents/algoritmos/logado-utfpr-ifam/logado-students/repos_logado/genilsonsouzzaa-alt/espalhamentominimo.json,espalhamentominimo.json,min,2026-03-20 19:47:04,espalhamentominimo.js,2,12,2026-04-01T08:13:07.907389
genilsonsouzzaa-alt,/home/gilmar/Documents/algoritmos/logado-utfpr-ifam/logado-students/repos_logado/genilsonsouzzaa-alt/maiordetresmath.json,maiordetresmath.json,alert,2026-03-19 22:14:26,maiordetresmath.js,2,1,2026-04-01T08:13:07.907403
genilsonsouzzaa-alt,/home/gilmar/Documents/algoritmos/logado-utfpr-ifam/logado-students/repos_logado/genilsonsouzzaa-alt/maiordetresmath.json,maiordetresmath.json,max,2026-03-19 22:15:45,maiordetresmath.js,2,12,2026-04-01T08:13:07.907406
genilsonsouzzaa-alt,/home/gilmar/Documents/algoritmos/logado-utfpr-ifam/logado-students/repos_logado/genilsonsouzzaa-alt/jogos.json,jogos.json,alert,2026-02-26 19:42:11,jogos.js,4,4,2026-04-01T08:13:07.907423
genilsonsouzzaa-alt,/home/gilmar/Documents/algoritmos/logado-utfpr-ifam/logado-students/repos_logado/genilsonsouzzaa-alt/jogos.json,jogos.json,alert,2026-02-26 19:42:42,jogos.js,6,1,2026-04-01T08:13:07.907425
genilsonsouzzaa-alt,/home/gilmar/Documents/algoritmos/logado-utfpr-ifam/logado-students/repos_logado/genilsonsouzzaa-alt/jogos.json,jogos.json,alert,2026-02-26 19:44:46,jogos.js,9,5,2026-04-01T08:13:07.907426
genilsonsouzzaa-alt,/home/gilmar/Documents/algoritmos/logado-utfpr-ifam/logado-students/repos_logado/genilsonsouzzaa-alt/jogos.json,jogos.json,alert,2026-02-26 19:58:24,jogos.js,6,1,2026-04-01T08:13:07.907427
genilsonsouzzaa-alt,/home/gilmar/Documents/algoritmos/logado-utfpr-ifam/logado-students/repos_logado/genilsonsouzzaa-alt/jogos.json,jogos.json,for,2026-02-26 19:58:24,jogos.js,7,1,2026-04-01T08:13:07.907428
genilsonsouzzaa-alt,/home/gilmar/Documents/algoritmos/logado-utfpr-ifam/logado-students/repos_logado/genilsonsouzzaa-alt/jogos.json,jogos.json,let,2026-02-26 19:58:24,jogos.js,7,6,2026-04-01T08:13:07.907430
genilsonsouzzaa-alt,/home/gilmar/Documents/algoritmos/logado-utfpr-ifam/logado-students/repos_logado/genilsonsouzzaa-alt/jogos.json,jogos.json,alert,2026-02-26 19:58:24,jogos.js,6,1,2026-04-01T08:13:07.907431
genilsonsouzzaa-alt,/home/gilmar/Documents/algoritmos/logado-utfpr-ifam/logado-students/repos_logado/genilsonsouzzaa-alt/jogos.json,jogos.json,let,2026-02-26 20:25:32,jogos.js,1,1,2026-04-01T08:13:07.907432
genilsonsouzzaa-alt,/home/gilmar/Documents/algoritmos/logado-utfpr-ifam/logado-students/repos_logado/genilsonsouzzaa-alt/jogos.json,jogos.json,for,2026-02-26 20:25:32,jogos.js,2,1,2026-04-01T08:13:07.907433
genilsonsouzzaa-alt,/home/gilmar/Documents/algoritmos/logado-utfpr-ifam/logado-students/repos_logado/genilsonsouzzaa-alt/jogos.json,jogos.json,let,2026-02-26 20:25:32,jogos.js,1,1,2026-04-01T08:13:07.907435
genilsonsouzzaa-alt,/home/gilmar/Documents/algoritmos/logado-utfpr-ifam/logado-students/repos_logado/genilsonsouzzaa-alt/jogos.json,jogos.json,for,2026-02-26 20:25:32,jogos.js,2,1,2026-04-01T08:13:07.907436
genilsonsouzzaa-alt,/home/gilmar/Documents/algoritmos/logado-utfpr-ifam/logado-students/repos_logado/genilsonsouzzaa-alt/jogos.json,jogos.json,let,2026-02-26 20:25:32,jogos.js,1,1,2026-04-01T08:13:07.907437
genilsonsouzzaa-alt,/home/gilmar/Documents/algoritmos/logado-utfpr-ifam/logado-students/repos_logado/genilsonsouzzaa-alt/jogos.json,jogos.json,alert,2026-02-26 20:33:10,jogos.js,6,1,2026-04-01T08:13:07.907439
genilsonsouzzaa-alt,/home/gilmar/Documents/algoritmos/logado-utfpr-ifam/logado-students/repos_logado/genilsonsouzzaa-alt/jogos.json,jogos.json,alert,2026-02-26 20:33:32,jogos.js,12,1,2026-04-01T08:13:07.907441
genilsonsouzzaa-alt,/home/gilmar/Documents/algoritmos/logado-utfpr-ifam/logado-students/repos_logado/genilsonsouzzaa-alt/main.json,main.json,alert,2026-02-20 20:36:47,main.js,1,1,2026-04-01T08:13:07.907453
genilsonsouzzaa-alt,/home/gilmar/Documents/algoritmos/logado-utfpr-ifam/logado-students/repos_logado/genilsonsouzzaa-alt/main.json,main.json,prompt,2026-02-20 20:39:59,main.js,1,12,2026-04-01T08:13:07.907455
genilsonsouzzaa-alt,/home/gilmar/Documents/algoritmos/logado-utfpr-ifam/logado-students/repos_logado/genilsonsouzzaa-alt/exercicio_01.json,exercicio_01.json,let,2026-02-24 20:49:07,exercicio_01.js,1,1,2026-04-01T08:13:07.907470
genilsonsouzzaa-alt,/home/gilmar/Documents/algoritmos/logado-utfpr-ifam/logado-students/repos_logado/genilsonsouzzaa-alt/exercicio_01.json,exercicio_01.json,prompt,2026-02-24 20:49:07,exercicio_01.js,1,21,2026-04-01T08:13:07.907472
genilsonsouzzaa-alt,/home/gilmar/Documents/algoritmos/logado-utfpr-ifam/logado-students/repos_logado/genilsonsouzzaa-alt/exercicio_01.json,exercicio_01.json,let,2026-02-24 20:49:12,exercicio_01.js,2,1,2026-04-01T08:13:07.907473
genilsonsouzzaa-alt,/home/gilmar/Documents/algoritmos/logado-utfpr-ifam/logado-students/repos_logado/genilsonsouzzaa-alt/exercicio_01.json,exercicio_01.json,prompt,2026-02-24 20:49:12,exercicio_01.js,2,21,2026-04-01T08:13:07.907475
genilsonsouzzaa-alt,/home/gilmar/Documents/algoritmos/logado-utfpr-ifam/logado-students/repos_logado/genilsonsouzzaa-alt/exercicio_08.json,exercicio_08.json,alert,2026-03-03 22:03:33,exercicio_08.js,3,1,2026-04-01T08:13:07.907490
genilsonsouzzaa-alt,/home/gilmar/Documents/algoritmos/logado-utfpr-ifam/logado-students/repos_logado/genilsonsouzzaa-alt/exercicio_08.json,exercicio_08.json,while,2026-03-03 22:06:21,exercicio_08.js,7,1,2026-04-01T08:13:07.907491
genilsonsouzzaa-alt,/home/gilmar/Documents/algoritmos/logado-utfpr-ifam/logado-students/repos_logado/genilsonsouzzaa-alt/exercicio_08.json,exercicio_08.json,alert,2026-03-03 22:07:46,exercicio_08.js,8,5,2026-04-01T08:13:07.907492
genilsonsouzzaa-alt,/home/gilmar/Documents/algoritmos/logado-utfpr-ifam/logado-students/repos_logado/genilsonsouzzaa-alt/exercicio_08.json,exercicio_08.json,prompt,2026-03-03 22:08:40,exercicio_08.js,1,16,2026-04-01T08:13:07.907494
genilsonsouzzaa-alt,/home/gilmar/Documents/algoritmos/logado-utfpr-ifam/logado-students/repos_logado/genilsonsouzzaa-alt/exercicio_08.json,exercicio_08.json,prompt,2026-03-10 19:44:02,exercicio_08.js,1,20,2026-04-01T08:13:07.907495
genilsonsouzzaa-alt,/home/gilmar/Documents/algoritmos/logado-utfpr-ifam/logado-students/repos_logado/genilsonsouzzaa-alt/exercicio_08.json,exercicio_08.json,while,2026-03-10 19:46:39,exercicio_08.js,3,4,2026-04-01T08:13:07.907497
genilsonsouzzaa-alt,/home/gilmar/Documents/algoritmos/logado-utfpr-ifam/logado-students/repos_logado/genilsonsouzzaa-alt/exercicio_08.json,exercicio_08.json,alert,2026-03-10 19:49:35,exercicio_08.js,4,5,2026-04-01T08:13:07.907498
genilsonsouzzaa-alt,/home/gilmar/Documents/algoritmos/logado-utfpr-ifam/logado-students/repos_logado/genilsonsouzzaa-alt/par_impar.json,par_impar.json,prompt,2026-02-26 22:05:24,par_impar.js,1,18,2026-04-01T08:13:07.907520
genilsonsouzzaa-alt,/home/gilmar/Documents/algoritmos/logado-utfpr-ifam/logado-students/repos_logado/genilsonsouzzaa-alt/par_impar.json,par_impar.json,alert,2026-02-26 22:06:29,par_impar.js,3,5,2026-04-01T08:13:07.907522
genilsonsouzzaa-alt,/home/gilmar/Documents/algoritmos/logado-utfpr-ifam/logado-students/repos_logado/genilsonsouzzaa-alt/par_impar.json,par_impar.json,else,2026-02-26 22:07:06,par_impar.js,4,1,2026-04-01T08:13:07.907523
genilsonsouzzaa-alt,/home/gilmar/Documents/algoritmos/logado-utfpr-ifam/logado-students/repos_logado/genilsonsouzzaa-alt/par_impar.json,par_impar.json,alert,2026-02-26 22:11:42,par_impar.js,3,5,2026-04-01T08:13:07.907525
genilsonsouzzaa-alt,/home/gilmar/Documents/algoritmos/logado-utfpr-ifam/logado-students/repos_logado/genilsonsouzzaa-alt/par_impar.json,par_impar.json,else,2026-02-26 22:14:58,par_impar.js,4,1,2026-04-01T08:13:07.907526
genilsonsouzzaa-alt,/home/gilmar/Documents/algoritmos/logado-utfpr-ifam/logado-students/repos_logado/genilsonsouzzaa-alt/par_impar.json,par_impar.json,alert,2026-02-26 22:15:54,par_impar.js,5,5,2026-04-01T08:13:07.907528
genilsonsouzzaa-alt,/home/gilmar/Documents/algoritmos/logado-utfpr-ifam/logado-students/repos_logado/genilsonsouzzaa-alt/par_impar.json,par_impar.json,prompt,2026-02-26 22:22:10,par_impar.js,2,21,2026-04-01T08:13:07.907530
genilsonsouzzaa-alt,/home/gilmar/Documents/algoritmos/logado-utfpr-ifam/logado-students/repos_logado/genilsonsouzzaa-alt/par_impar.json,par_impar.json,for,2026-02-26 22:22:26,par_impar.js,3,1,2026-04-01T08:13:07.907531
genilsonsouzzaa-alt,/home/gilmar/Documents/algoritmos/logado-utfpr-ifam/logado-students/repos_logado/genilsonsouzzaa-alt/par_impar.json,par_impar.json,prompt,2026-02-26 22:23:26,par_impar.js,4,24,2026-04-01T08:13:07.907533
genilsonsouzzaa-alt,/home/gilmar/Documents/algoritmos/logado-utfpr-ifam/logado-students/repos_logado/genilsonsouzzaa-alt/par_impar.json,par_impar.json,if,2026-02-26 22:23:47,par_impar.js,5,5,2026-04-01T08:13:07.907534
genilsonsouzzaa-alt,/home/gilmar/Documents/algoritmos/logado-utfpr-ifam/logado-students/repos_logado/genilsonsouzzaa-alt/par_impar.json,par_impar.json,else,2026-02-26 22:24:37,par_impar.js,8,1,2026-04-01T08:13:07.907536
genilsonsouzzaa-alt,/home/gilmar/Documents/algoritmos/logado-utfpr-ifam/logado-students/repos_logado/genilsonsouzzaa-alt/par_impar.json,par_impar.json,alert,2026-02-26 22:25:13,par_impar.js,10,1,2026-04-01T08:13:07.907538
genilsonsouzzaa-alt,/home/gilmar/Documents/algoritmos/logado-utfpr-ifam/logado-students/repos_logado/genilsonsouzzaa-alt/par_impar.json,par_impar.json,alert,2026-02-26 22:28:34,par_impar.js,10,2,2026-04-01T08:13:07.907539
genilsonsouzzaa-alt,/home/gilmar/Documents/algoritmos/logado-utfpr-ifam/logado-students/repos_logado/genilsonsouzzaa-alt/par_impar.json,par_impar.json,else,2026-02-26 22:28:52,par_impar.js,10,1,2026-04-01T08:13:07.907541
genilsonsouzzaa-alt,/home/gilmar/Documents/algoritmos/logado-utfpr-ifam/logado-students/repos_logado/genilsonsouzzaa-alt/par_impar.json,par_impar.json,else,2026-02-26 22:28:54,par_impar.js,8,1,2026-04-01T08:13:07.907542
genilsonsouzzaa-alt,/home/gilmar/Documents/algoritmos/logado-utfpr-ifam/logado-students/repos_logado/genilsonsouzzaa-alt/par_impar.json,par_impar.json,else,2026-02-26 22:29:43,par_impar.js,8,1,2026-04-01T08:13:07.907543
genilsonsouzzaa-alt,/home/gilmar/Documents/algoritmos/logado-utfpr-ifam/logado-students/repos_logado/genilsonsouzzaa-alt/par_impar.json,par_impar.json,else,2026-02-27 19:34:08,par_impar.js,8,1,2026-04-01T08:13:07.907544
genilsonsouzzaa-alt,/home/gilmar/Documents/algoritmos/logado-utfpr-ifam/logado-students/repos_logado/genilsonsouzzaa-alt/par_impar.json,par_impar.json,else,2026-02-27 19:34:21,par_impar.js,8,1,2026-04-01T08:13:07.907546
genilsonsouzzaa-alt,/home/gilmar/Documents/algoritmos/logado-utfpr-ifam/logado-students/repos_logado/genilsonsouzzaa-alt/par_impar.json,par_impar.json,else,2026-02-27 19:34:22,par_impar.js,8,4,2026-04-01T08:13:07.907547
genilsonsouzzaa-alt,/home/gilmar/Documents/algoritmos/logado-utfpr-ifam/logado-students/repos_logado/genilsonsouzzaa-alt/par_impar.json,par_impar.json,alert,2026-02-27 19:34:22,par_impar.js,10,1,2026-04-01T08:13:07.907548
genilsonsouzzaa-alt,/home/gilmar/Documents/algoritmos/logado-utfpr-ifam/logado-students/repos_logado/genilsonsouzzaa-alt/atividade4.json,atividade4.json,let,2026-03-24 22:20:38,atividade4.js,1,1,2026-04-01T08:13:07.907563
genilsonsouzzaa-alt,/home/gilmar/Documents/algoritmos/logado-utfpr-ifam/logado-students/repos_logado/genilsonsouzzaa-alt/atividade4.json,atividade4.json,prompt,2026-03-24 22:20:38,atividade4.js,1,22,2026-04-01T08:13:07.907565
genilsonsouzzaa-alt,/home/gilmar/Documents/algoritmos/logado-utfpr-ifam/logado-students/repos_logado/genilsonsouzzaa-alt/atividade4.json,atividade4.json,while,2026-03-24 22:20:38,atividade4.js,4,1,2026-04-01T08:13:07.907569
genilsonsouzzaa-alt,/home/gilmar/Documents/algoritmos/logado-utfpr-ifam/logado-students/repos_logado/genilsonsouzzaa-alt/atividade4.json,atividade4.json,alert,2026-03-24 22:20:38,atividade4.js,5,5,2026-04-01T08:13:07.907571
genilsonsouzzaa-alt,/home/gilmar/Documents/algoritmos/logado-utfpr-ifam/logado-students/repos_logado/genilsonsouzzaa-alt/atividade4.json,atividade4.json,prompt,2026-03-24 22:20:38,atividade4.js,1,22,2026-04-01T08:13:07.907573
genilsonsouzzaa-alt,/home/gilmar/Documents/algoritmos/logado-utfpr-ifam/logado-students/repos_logado/genilsonsouzzaa-alt/atividade4.json,atividade4.json,alert,2026-03-24 22:20:38,atividade4.js,5,5,2026-04-01T08:13:07.907574
genilsonsouzzaa-alt,/home/gilmar/Documents/algoritmos/logado-utfpr-ifam/logado-students/repos_logado/genilsonsouzzaa-alt/exercicio_02.json,exercicio_02.json,alert,2026-02-24 21:56:52,exercicio_02.js,3,1,2026-04-01T08:13:07.907587
genilsonsouzzaa-alt,/home/gilmar/Documents/algoritmos/logado-utfpr-ifam/logado-students/repos_logado/genilsonsouzzaa-alt/selecition2.json,selecition2.json,let,2026-03-25 20:27:47,selecition2.js,1,1,2026-04-01T08:13:07.907605
genilsonsouzzaa-alt,/home/gilmar/Documents/algoritmos/logado-utfpr-ifam/logado-students/repos_logado/genilsonsouzzaa-alt/selecition2.json,selecition2.json,console,2026-03-25 20:27:47,selecition2.js,3,1,2026-04-01T08:13:07.907606
genilsonsouzzaa-alt,/home/gilmar/Documents/algoritmos/logado-utfpr-ifam/logado-students/repos_logado/genilsonsouzzaa-alt/selecition2.json,selecition2.json,log,2026-03-25 20:27:47,selecition2.js,3,9,2026-04-01T08:13:07.907608
genilsonsouzzaa-alt,/home/gilmar/Documents/algoritmos/logado-utfpr-ifam/logado-students/repos_logado/genilsonsouzzaa-alt/selecition2.json,selecition2.json,for,2026-03-25 20:27:47,selecition2.js,6,1,2026-04-01T08:13:07.907609
genilsonsouzzaa-alt,/home/gilmar/Documents/algoritmos/logado-utfpr-ifam/logado-students/repos_logado/genilsonsouzzaa-alt/selecition2.json,selecition2.json,let,2026-03-25 20:27:47,selecition2.js,1,1,2026-04-01T08:13:07.907611
genilsonsouzzaa-alt,/home/gilmar/Documents/algoritmos/logado-utfpr-ifam/logado-students/repos_logado/genilsonsouzzaa-alt/selecition2.json,selecition2.json,length,2026-03-25 20:27:47,selecition2.js,6,27,2026-04-01T08:13:07.907612
genilsonsouzzaa-alt,/home/gilmar/Documents/algoritmos/logado-utfpr-ifam/logado-students/repos_logado/genilsonsouzzaa-alt/selecition2.json,selecition2.json,let,2026-03-25 20:27:47,selecition2.js,1,1,2026-04-01T08:13:07.907614
genilsonsouzzaa-alt,/home/gilmar/Documents/algoritmos/logado-utfpr-ifam/logado-students/repos_logado/genilsonsouzzaa-alt/selecition2.json,selecition2.json,for,2026-03-25 20:27:47,selecition2.js,6,1,2026-04-01T08:13:07.907615
genilsonsouzzaa-alt,/home/gilmar/Documents/algoritmos/logado-utfpr-ifam/logado-students/repos_logado/genilsonsouzzaa-alt/selecition2.json,selecition2.json,let,2026-03-25 20:27:47,selecition2.js,1,1,2026-04-01T08:13:07.907616
genilsonsouzzaa-alt,/home/gilmar/Documents/algoritmos/logado-utfpr-ifam/logado-students/repos_logado/genilsonsouzzaa-alt/selecition2.json,selecition2.json,length,2026-03-25 20:27:47,selecition2.js,6,27,2026-04-01T08:13:07.907618
genilsonsouzzaa-alt,/home/gilmar/Documents/algoritmos/logado-utfpr-ifam/logado-students/repos_logado/genilsonsouzzaa-alt/selecition2.json,selecition2.json,if,2026-03-25 20:27:47,selecition2.js,9,9,2026-04-01T08:13:07.907619
genilsonsouzzaa-alt,/home/gilmar/Documents/algoritmos/logado-utfpr-ifam/logado-students/repos_logado/genilsonsouzzaa-alt/selecition2.json,selecition2.json,let,2026-03-25 20:27:47,selecition2.js,1,1,2026-04-01T08:13:07.907621
genilsonsouzzaa-alt,/home/gilmar/Documents/algoritmos/logado-utfpr-ifam/logado-students/repos_logado/genilsonsouzzaa-alt/selecition2.json,selecition2.json,console,2026-03-25 20:27:47,selecition2.js,3,1,2026-04-01T08:13:07.907623
genilsonsouzzaa-alt,/home/gilmar/Documents/algoritmos/logado-utfpr-ifam/logado-students/repos_logado/genilsonsouzzaa-alt/selecition2.json,selecition2.json,log,2026-03-25 20:27:47,selecition2.js,3,9,2026-04-01T08:13:07.907624
genilsonsouzzaa-alt,/home/gilmar/Documents/algoritmos/logado-utfpr-ifam/logado-students/repos_logado/genilsonsouzzaa-alt/selecition2.json,selecition2.json,length,2026-03-25 20:31:48,selecition2.js,8,35,2026-04-01T08:13:07.907625
genilsonsouzzaa-alt,/home/gilmar/Documents/algoritmos/logado-utfpr-ifam/logado-students/repos_logado/genilsonsouzzaa-alt/selecition2.json,selecition2.json,length,2026-03-25 20:34:18,selecition2.js,6,27,2026-04-01T08:13:07.907627
genilsonsouzzaa-alt,/home/gilmar/Documents/algoritmos/logado-utfpr-ifam/logado-students/repos_logado/genilsonsouzzaa-alt/selecition2.json,selecition2.json,length,2026-03-25 20:34:21,selecition2.js,8,35,2026-04-01T08:13:07.907628
genilsonsouzzaa-alt,/home/gilmar/Documents/algoritmos/logado-utfpr-ifam/logado-students/repos_logado/genilsonsouzzaa-alt/revisaovetor.json,revisaovetor.json,if,2026-03-26 19:35:54,revisaovetor.js,2,12,2026-04-01T08:13:07.907665
genilsonsouzzaa-alt,/home/gilmar/Documents/algoritmos/logado-utfpr-ifam/logado-students/repos_logado/genilsonsouzzaa-alt/revisaovetor.json,revisaovetor.json,prompt,2026-03-26 19:39:40,revisaovetor.js,1,13,2026-04-01T08:13:07.907666
genilsonsouzzaa-alt,/home/gilmar/Documents/algoritmos/logado-utfpr-ifam/logado-students/repos_logado/genilsonsouzzaa-alt/revisaovetor.json,revisaovetor.json,let,2026-03-26 19:41:29,revisaovetor.js,1,1,2026-04-01T08:13:07.907668
genilsonsouzzaa-alt,/home/gilmar/Documents/algoritmos/logado-utfpr-ifam/logado-students/repos_logado/genilsonsouzzaa-alt/revisaovetor.json,revisaovetor.json,while,2026-03-26 19:44:15,revisaovetor.js,3,1,2026-04-01T08:13:07.907669
genilsonsouzzaa-alt,/home/gilmar/Documents/algoritmos/logado-utfpr-ifam/logado-students/repos_logado/genilsonsouzzaa-alt/revisaovetor.json,revisaovetor.json,do,2026-03-26 19:44:40,revisaovetor.js,3,1,2026-04-01T08:13:07.907670
genilsonsouzzaa-alt,/home/gilmar/Documents/algoritmos/logado-utfpr-ifam/logado-students/repos_logado/genilsonsouzzaa-alt/revisaovetor.json,revisaovetor.json,for,2026-03-26 19:47:29,revisaovetor.js,5,1,2026-04-01T08:13:07.907672
genilsonsouzzaa-alt,/home/gilmar/Documents/algoritmos/logado-utfpr-ifam/logado-students/repos_logado/genilsonsouzzaa-alt/revisaovetor.json,revisaovetor.json,let,2026-03-26 19:47:29,revisaovetor.js,5,6,2026-04-01T08:13:07.907673
genilsonsouzzaa-alt,/home/gilmar/Documents/algoritmos/logado-utfpr-ifam/logado-students/repos_logado/genilsonsouzzaa-alt/revisaovetor.json,revisaovetor.json,let,2026-03-26 19:47:30,revisaovetor.js,4,5,2026-04-01T08:13:07.907675
genilsonsouzzaa-alt,/home/gilmar/Documents/algoritmos/logado-utfpr-ifam/logado-students/repos_logado/genilsonsouzzaa-alt/revisaovetor.json,revisaovetor.json,prompt,2026-03-26 19:47:30,revisaovetor.js,4,19,2026-04-01T08:13:07.907676
genilsonsouzzaa-alt,/home/gilmar/Documents/algoritmos/logado-utfpr-ifam/logado-students/repos_logado/genilsonsouzzaa-alt/revisaovetor.json,revisaovetor.json,let,2026-03-26 19:47:46,revisaovetor.js,2,1,2026-04-01T08:13:07.907677
genilsonsouzzaa-alt,/home/gilmar/Documents/algoritmos/logado-utfpr-ifam/logado-students/repos_logado/genilsonsouzzaa-alt/revisaovetor.json,revisaovetor.json,prompt,2026-03-26 19:47:46,revisaovetor.js,2,15,2026-04-01T08:13:07.907678
genilsonsouzzaa-alt,/home/gilmar/Documents/algoritmos/logado-utfpr-ifam/logado-students/repos_logado/genilsonsouzzaa-alt/revisaovetor.json,revisaovetor.json,for,2026-03-26 19:47:46,revisaovetor.js,3,5,2026-04-01T08:13:07.907680
genilsonsouzzaa-alt,/home/gilmar/Documents/algoritmos/logado-utfpr-ifam/logado-students/repos_logado/genilsonsouzzaa-alt/revisaovetor.json,revisaovetor.json,let,2026-03-26 19:47:46,revisaovetor.js,3,10,2026-04-01T08:13:07.907681
genilsonsouzzaa-alt,/home/gilmar/Documents/algoritmos/logado-utfpr-ifam/logado-students/repos_logado/genilsonsouzzaa-alt/revisaovetor.json,revisaovetor.json,alert,2026-03-26 19:47:48,revisaovetor.js,6,1,2026-04-01T08:13:07.907682
genilsonsouzzaa-alt,/home/gilmar/Documents/algoritmos/logado-utfpr-ifam/logado-students/repos_logado/genilsonsouzzaa-alt/revisaovetor.json,revisaovetor.json,alert,2026-03-26 19:47:51,revisaovetor.js,8,1,2026-04-01T08:13:07.907684
genilsonsouzzaa-alt,/home/gilmar/Documents/algoritmos/logado-utfpr-ifam/logado-students/repos_logado/genilsonsouzzaa-alt/revisaovetor.json,revisaovetor.json,for,2026-03-26 19:47:52,revisaovetor.js,5,9,2026-04-01T08:13:07.907685
genilsonsouzzaa-alt,/home/gilmar/Documents/algoritmos/logado-utfpr-ifam/logado-students/repos_logado/genilsonsouzzaa-alt/revisaovetor.json,revisaovetor.json,let,2026-03-26 19:47:52,revisaovetor.js,5,14,2026-04-01T08:13:07.907686
genilsonsouzzaa-alt,/home/gilmar/Documents/algoritmos/logado-utfpr-ifam/logado-students/repos_logado/genilsonsouzzaa-alt/revisaovetor.json,revisaovetor.json,prompt,2026-03-26 19:49:14,revisaovetor.js,3,24,2026-04-01T08:13:07.907687
genilsonsouzzaa-alt,/home/gilmar/Documents/algoritmos/logado-utfpr-ifam/logado-students/repos_logado/genilsonsouzzaa-alt/revisaovetor.json,revisaovetor.json,const,2026-03-26 19:52:09,revisaovetor.js,1,1,2026-04-01T08:13:07.907689
genilsonsouzzaa-alt,/home/gilmar/Documents/algoritmos/logado-utfpr-ifam/logado-students/repos_logado/genilsonsouzzaa-alt/revisaovetor.json,revisaovetor.json,prompt,2026-03-26 19:56:14,revisaovetor.js,4,32,2026-04-01T08:13:07.907698
genilsonsouzzaa-alt,/home/gilmar/Documents/algoritmos/logado-utfpr-ifam/logado-students/repos_logado/genilsonsouzzaa-alt/revisaovetor.json,revisaovetor.json,const,2026-03-26 20:05:12,revisaovetor.js,1,1,2026-04-01T08:13:07.907699
genilsonsouzzaa-alt,/home/gilmar/Documents/algoritmos/logado-utfpr-ifam/logado-students/repos_logado/genilsonsouzzaa-alt/revisaovetor.json,revisaovetor.json,var,2026-03-26 20:05:12,revisaovetor.js,2,5,2026-04-01T08:13:07.907701
genilsonsouzzaa-alt,/home/gilmar/Documents/algoritmos/logado-utfpr-ifam/logado-students/repos_logado/genilsonsouzzaa-alt/revisaovetor.json,revisaovetor.json,prompt,2026-03-26 20:05:12,revisaovetor.js,2,28,2026-04-01T08:13:07.907702
genilsonsouzzaa-alt,/home/gilmar/Documents/algoritmos/logado-utfpr-ifam/logado-students/repos_logado/genilsonsouzzaa-alt/revisaovetor.json,revisaovetor.json,for,2026-03-26 20:05:12,revisaovetor.js,3,5,2026-04-01T08:13:07.907703
genilsonsouzzaa-alt,/home/gilmar/Documents/algoritmos/logado-utfpr-ifam/logado-students/repos_logado/genilsonsouzzaa-alt/revisaovetor.json,revisaovetor.json,let,2026-03-26 20:05:12,revisaovetor.js,3,10,2026-04-01T08:13:07.907705
genilsonsouzzaa-alt,/home/gilmar/Documents/algoritmos/logado-utfpr-ifam/logado-students/repos_logado/genilsonsouzzaa-alt/revisaovetor.json,revisaovetor.json,prompt,2026-03-26 20:05:12,revisaovetor.js,2,28,2026-04-01T08:13:07.907706
genilsonsouzzaa-alt,/home/gilmar/Documents/algoritmos/logado-utfpr-ifam/logado-students/repos_logado/genilsonsouzzaa-alt/revisaovetor.json,revisaovetor.json,for,2026-03-26 20:05:12,revisaovetor.js,3,5,2026-04-01T08:13:07.907708
genilsonsouzzaa-alt,/home/gilmar/Documents/algoritmos/logado-utfpr-ifam/logado-students/repos_logado/genilsonsouzzaa-alt/revisaovetor.json,revisaovetor.json,let,2026-03-26 20:05:12,revisaovetor.js,3,10,2026-04-01T08:13:07.907709
genilsonsouzzaa-alt,/home/gilmar/Documents/algoritmos/logado-utfpr-ifam/logado-students/repos_logado/genilsonsouzzaa-alt/atividade2.json,atividade2.json,prompt,2026-03-24 20:31:09,atividade2.js,1,23,2026-04-01T08:13:07.907731
genilsonsouzzaa-alt,/home/gilmar/Documents/algoritmos/logado-utfpr-ifam/logado-students/repos_logado/genilsonsouzzaa-alt/atividade2.json,atividade2.json,false,2026-03-24 20:31:55,atividade2.js,2,19,2026-04-01T08:13:07.907733
genilsonsouzzaa-alt,/home/gilmar/Documents/algoritmos/logado-utfpr-ifam/logado-students/repos_logado/genilsonsouzzaa-alt/atividade2.json,atividade2.json,true,2026-03-24 20:32:06,atividade2.js,3,15,2026-04-01T08:13:07.907734
genilsonsouzzaa-alt,/home/gilmar/Documents/algoritmos/logado-utfpr-ifam/logado-students/repos_logado/genilsonsouzzaa-alt/atividade2.json,atividade2.json,true,2026-03-24 20:34:39,atividade2.js,4,35,2026-04-01T08:13:07.907736
genilsonsouzzaa-alt,/home/gilmar/Documents/algoritmos/logado-utfpr-ifam/logado-students/repos_logado/genilsonsouzzaa-alt/atividade2.json,atividade2.json,alert,2026-03-24 20:35:10,atividade2.js,5,5,2026-04-01T08:13:07.907737
genilsonsouzzaa-alt,/home/gilmar/Documents/algoritmos/logado-utfpr-ifam/logado-students/repos_logado/genilsonsouzzaa-alt/atividade2.json,atividade2.json,alert,2026-03-24 20:35:55,atividade2.js,7,5,2026-04-01T08:13:07.907739
genilsonsouzzaa-alt,/home/gilmar/Documents/algoritmos/logado-utfpr-ifam/logado-students/repos_logado/genilsonsouzzaa-alt/atividade2.json,atividade2.json,true,2026-03-24 20:36:50,atividade2.js,2,19,2026-04-01T08:13:07.907740
genilsonsouzzaa-alt,/home/gilmar/Documents/algoritmos/logado-utfpr-ifam/logado-students/repos_logado/genilsonsouzzaa-alt/atividade2.json,atividade2.json,true,2026-03-24 20:37:08,atividade2.js,4,35,2026-04-01T08:13:07.907741
genilsonsouzzaa-alt,/home/gilmar/Documents/algoritmos/logado-utfpr-ifam/logado-students/repos_logado/genilsonsouzzaa-alt/atividade2.json,atividade2.json,else,2026-03-24 20:41:50,atividade2.js,6,2,2026-04-01T08:13:07.907743
genilsonsouzzaa-alt,/home/gilmar/Documents/algoritmos/logado-utfpr-ifam/logado-students/repos_logado/genilsonsouzzaa-alt/atividade2.json,atividade2.json,alert,2026-03-24 20:41:50,atividade2.js,7,5,2026-04-01T08:13:07.907744
genilsonsouzzaa-alt,/home/gilmar/Documents/algoritmos/logado-utfpr-ifam/logado-students/repos_logado/genilsonsouzzaa-alt/atividade1.json,atividade1.json,prompt,2026-03-24 20:05:36,atividade1.js,1,28,2026-04-01T08:13:07.907762
genilsonsouzzaa-alt,/home/gilmar/Documents/algoritmos/logado-utfpr-ifam/logado-students/repos_logado/genilsonsouzzaa-alt/atividade1.json,atividade1.json,prompt,2026-03-24 20:06:14,atividade1.js,2,28,2026-04-01T08:13:07.907764
genilsonsouzzaa-alt,/home/gilmar/Documents/algoritmos/logado-utfpr-ifam/logado-students/repos_logado/genilsonsouzzaa-alt/atividade1.json,atividade1.json,alert,2026-03-24 20:07:04,atividade1.js,4,1,2026-04-01T08:13:07.907766
genilsonsouzzaa-alt,/home/gilmar/Documents/algoritmos/logado-utfpr-ifam/logado-students/repos_logado/genilsonsouzzaa-alt/calendario.json,calendario.json,for,2026-02-27 19:50:57,calendario.js,2,1,2026-04-01T08:13:07.907783
genilsonsouzzaa-alt,/home/gilmar/Documents/algoritmos/logado-utfpr-ifam/logado-students/repos_logado/genilsonsouzzaa-alt/calendario.json,calendario.json,let,2026-02-27 19:50:57,calendario.js,2,6,2026-04-01T08:13:07.907785
genilsonsouzzaa-alt,/home/gilmar/Documents/algoritmos/logado-utfpr-ifam/logado-students/repos_logado/genilsonsouzzaa-alt/calendario.json,calendario.json,prompt,2026-02-27 19:51:08,calendario.js,1,21,2026-04-01T08:13:07.907786
genilsonsouzzaa-alt,/home/gilmar/Documents/algoritmos/logado-utfpr-ifam/logado-students/repos_logado/genilsonsouzzaa-alt/aprovacao.json,aprovacao.json,while,2026-03-05 19:42:58,aprovacao.js,7,1,2026-04-01T08:13:07.907898
genilsonsouzzaa-alt,/home/gilmar/Documents/algoritmos/logado-utfpr-ifam/logado-students/repos_logado/genilsonsouzzaa-alt/aprovacao.json,aprovacao.json,alert,2026-03-05 19:53:16,aprovacao.js,5,5,2026-04-01T08:13:07.907899
genilsonsouzzaa-alt,/home/gilmar/Documents/algoritmos/logado-utfpr-ifam/logado-students/repos_logado/genilsonsouzzaa-alt/aprovacao.json,aprovacao.json,else,2026-03-05 19:53:37,aprovacao.js,6,4,2026-04-01T08:13:07.907901
genilsonsouzzaa-alt,/home/gilmar/Documents/algoritmos/logado-utfpr-ifam/logado-students/repos_logado/genilsonsouzzaa-alt/aprovacao.json,aprovacao.json,alert,2026-03-05 19:54:12,aprovacao.js,7,1,2026-04-01T08:13:07.907902
genilsonsouzzaa-alt,/home/gilmar/Documents/algoritmos/logado-utfpr-ifam/logado-students/repos_logado/genilsonsouzzaa-alt/aprovacao.json,aprovacao.json,else,2026-03-05 19:54:27,aprovacao.js,6,1,2026-04-01T08:13:07.907903
genilsonsouzzaa-alt,/home/gilmar/Documents/algoritmos/logado-utfpr-ifam/logado-students/repos_logado/genilsonsouzzaa-alt/aprovacao.json,aprovacao.json,if,2026-03-05 19:54:34,aprovacao.js,6,6,2026-04-01T08:13:07.907905
genilsonsouzzaa-alt,/home/gilmar/Documents/algoritmos/logado-utfpr-ifam/logado-students/repos_logado/genilsonsouzzaa-alt/aprovacao.json,aprovacao.json,else,2026-03-05 19:58:02,aprovacao.js,8,1,2026-04-01T08:13:07.907906
genilsonsouzzaa-alt,/home/gilmar/Documents/algoritmos/logado-utfpr-ifam/logado-students/repos_logado/genilsonsouzzaa-alt/aprovacao.json,aprovacao.json,const,2026-03-05 19:58:47,aprovacao.js,3,1,2026-04-01T08:13:07.907907
genilsonsouzzaa-alt,/home/gilmar/Documents/algoritmos/logado-utfpr-ifam/logado-students/repos_logado/genilsonsouzzaa-alt/aprovacao.json,aprovacao.json,alert,2026-03-05 20:00:16,aprovacao.js,10,1,2026-04-01T08:13:07.907909
genilsonsouzzaa-alt,/home/gilmar/Documents/algoritmos/logado-utfpr-ifam/logado-students/repos_logado/genilsonsouzzaa-alt/aprovacao.json,aprovacao.json,else,2026-03-05 20:00:40,aprovacao.js,11,1,2026-04-01T08:13:07.907910
genilsonsouzzaa-alt,/home/gilmar/Documents/algoritmos/logado-utfpr-ifam/logado-students/repos_logado/genilsonsouzzaa-alt/aprovacao.json,aprovacao.json,alert,2026-03-05 20:00:47,aprovacao.js,12,1,2026-04-01T08:13:07.907911
genilsonsouzzaa-alt,/home/gilmar/Documents/algoritmos/logado-utfpr-ifam/logado-students/repos_logado/genilsonsouzzaa-alt/aprovacao.json,aprovacao.json,else,2026-03-05 20:07:57,aprovacao.js,7,1,2026-04-01T08:13:07.907912
genilsonsouzzaa-alt,/home/gilmar/Documents/algoritmos/logado-utfpr-ifam/logado-students/repos_logado/genilsonsouzzaa-alt/aprovacao.json,aprovacao.json,alert,2026-03-05 20:08:01,aprovacao.js,8,5,2026-04-01T08:13:07.907914
genilsonsouzzaa-alt,/home/gilmar/Documents/algoritmos/logado-utfpr-ifam/logado-students/repos_logado/genilsonsouzzaa-alt/aprovacao.json,aprovacao.json,while,2026-03-05 20:10:32,aprovacao.js,16,1,2026-04-01T08:13:07.907915
genilsonsouzzaa-alt,/home/gilmar/Documents/algoritmos/logado-utfpr-ifam/logado-students/repos_logado/genilsonsouzzaa-alt/aprovacao.json,aprovacao.json,alert,2026-03-05 20:14:03,aprovacao.js,12,5,2026-04-01T08:13:07.907917
genilsonsouzzaa-alt,/home/gilmar/Documents/algoritmos/logado-utfpr-ifam/logado-students/repos_logado/genilsonsouzzaa-alt/aprovacao.json,aprovacao.json,while,2026-03-05 20:43:14,aprovacao.js,13,2,2026-04-01T08:13:07.907919
genilsonsouzzaa-alt,/home/gilmar/Documents/algoritmos/logado-utfpr-ifam/logado-students/repos_logado/genilsonsouzzaa-alt/aprovacao.json,aprovacao.json,const,2026-03-05 21:16:34,aprovacao.js,5,1,2026-04-01T08:13:07.907920
genilsonsouzzaa-alt,/home/gilmar/Documents/algoritmos/logado-utfpr-ifam/logado-students/repos_logado/genilsonsouzzaa-alt/aprovacao.json,aprovacao.json,let,2026-03-05 21:16:39,aprovacao.js,3,1,2026-04-01T08:13:07.907922
genilsonsouzzaa-alt,/home/gilmar/Documents/algoritmos/logado-utfpr-ifam/logado-students/repos_logado/genilsonsouzzaa-alt/aprovacao.json,aprovacao.json,prompt,2026-03-05 21:25:45,aprovacao.js,9,29,2026-04-01T08:13:07.907923
genilsonsouzzaa-alt,/home/gilmar/Documents/algoritmos/logado-utfpr-ifam/logado-students/repos_logado/genilsonsouzzaa-alt/aprovacao.json,aprovacao.json,else,2026-03-05 21:27:04,aprovacao.js,14,1,2026-04-01T08:13:07.907925
genilsonsouzzaa-alt,/home/gilmar/Documents/algoritmos/logado-utfpr-ifam/logado-students/repos_logado/genilsonsouzzaa-alt/aprovacao.json,aprovacao.json,else,2026-03-05 21:28:23,aprovacao.js,16,1,2026-04-01T08:13:07.907926
genilsonsouzzaa-alt,/home/gilmar/Documents/algoritmos/logado-utfpr-ifam/logado-students/repos_logado/genilsonsouzzaa-alt/aprovacao.json,aprovacao.json,alert,2026-03-05 21:28:28,aprovacao.js,17,5,2026-04-01T08:13:07.907927
genilsonsouzzaa-alt,/home/gilmar/Documents/algoritmos/logado-utfpr-ifam/logado-students/repos_logado/genilsonsouzzaa-alt/aprovacao.json,aprovacao.json,let,2026-03-05 21:29:53,aprovacao.js,5,1,2026-04-01T08:13:07.907928
genilsonsouzzaa-alt,/home/gilmar/Documents/algoritmos/logado-utfpr-ifam/logado-students/repos_logado/genilsonsouzzaa-alt/aprovacao.json,aprovacao.json,let,2026-03-05 21:29:54,aprovacao.js,4,1,2026-04-01T08:13:07.907930
genilsonsouzzaa-alt,/home/gilmar/Documents/algoritmos/logado-utfpr-ifam/logado-students/repos_logado/genilsonsouzzaa-alt/aprovacao.json,aprovacao.json,prompt,2026-03-05 21:29:54,aprovacao.js,4,24,2026-04-01T08:13:07.907931
genilsonsouzzaa-alt,/home/gilmar/Documents/algoritmos/logado-utfpr-ifam/logado-students/repos_logado/genilsonsouzzaa-alt/aprovacao.json,aprovacao.json,let,2026-03-05 21:29:54,aprovacao.js,3,1,2026-04-01T08:13:07.907933
genilsonsouzzaa-alt,/home/gilmar/Documents/algoritmos/logado-utfpr-ifam/logado-students/repos_logado/genilsonsouzzaa-alt/aprovacao.json,aprovacao.json,prompt,2026-03-05 21:29:54,aprovacao.js,3,24,2026-04-01T08:13:07.907935
genilsonsouzzaa-alt,/home/gilmar/Documents/algoritmos/logado-utfpr-ifam/logado-students/repos_logado/genilsonsouzzaa-alt/aprovacao.json,aprovacao.json,while,2026-03-06 19:48:01,aprovacao.js,21,2,2026-04-01T08:13:07.907936
genilsonsouzzaa-alt,/home/gilmar/Documents/algoritmos/logado-utfpr-ifam/logado-students/repos_logado/genilsonsouzzaa-alt/aprovacao.json,aprovacao.json,alert,2026-03-06 19:48:45,aprovacao.js,14,5,2026-04-01T08:13:07.907937
genilsonsouzzaa-alt,/home/gilmar/Documents/algoritmos/logado-utfpr-ifam/logado-students/repos_logado/genilsonsouzzaa-alt/aprovacao.json,aprovacao.json,alert,2026-03-06 19:48:57,aprovacao.js,16,4,2026-04-01T08:13:07.907939
genilsonsouzzaa-alt,/home/gilmar/Documents/algoritmos/logado-utfpr-ifam/logado-students/repos_logado/genilsonsouzzaa-alt/aprovacao.json,aprovacao.json,if,2026-03-06 19:48:57,aprovacao.js,15,4,2026-04-01T08:13:07.907940
genilsonsouzzaa-alt,/home/gilmar/Documents/algoritmos/logado-utfpr-ifam/logado-students/repos_logado/genilsonsouzzaa-alt/aprovacao.json,aprovacao.json,else,2026-03-06 19:49:06,aprovacao.js,9,35,2026-04-01T08:13:07.907941
genilsonsouzzaa-alt,/home/gilmar/Documents/algoritmos/logado-utfpr-ifam/logado-students/repos_logado/genilsonsouzzaa-alt/aprovacao.json,aprovacao.json,if,2026-03-06 19:49:06,aprovacao.js,10,5,2026-04-01T08:13:07.907942
genilsonsouzzaa-alt,/home/gilmar/Documents/algoritmos/logado-utfpr-ifam/logado-students/repos_logado/genilsonsouzzaa-alt/aprovacao.json,aprovacao.json,alert,2026-03-06 19:49:07,aprovacao.js,9,5,2026-04-01T08:13:07.907944
genilsonsouzzaa-alt,/home/gilmar/Documents/algoritmos/logado-utfpr-ifam/logado-students/repos_logado/genilsonsouzzaa-alt/aprovacao.json,aprovacao.json,alert,2026-03-06 19:49:12,aprovacao.js,7,5,2026-04-01T08:13:07.907946
genilsonsouzzaa-alt,/home/gilmar/Documents/algoritmos/logado-utfpr-ifam/logado-students/repos_logado/genilsonsouzzaa-alt/aprovacao.json,aprovacao.json,else,2026-03-06 19:49:13,aprovacao.js,8,5,2026-04-01T08:13:07.907948
genilsonsouzzaa-alt,/home/gilmar/Documents/algoritmos/logado-utfpr-ifam/logado-students/repos_logado/genilsonsouzzaa-alt/aprovacao.json,aprovacao.json,if,2026-03-06 19:49:13,aprovacao.js,8,10,2026-04-01T08:13:07.907950
genilsonsouzzaa-alt,/home/gilmar/Documents/algoritmos/logado-utfpr-ifam/logado-students/repos_logado/genilsonsouzzaa-alt/aprovacao.json,aprovacao.json,alert,2026-03-06 19:49:15,aprovacao.js,9,9,2026-04-01T08:13:07.907951
genilsonsouzzaa-alt,/home/gilmar/Documents/algoritmos/logado-utfpr-ifam/logado-students/repos_logado/genilsonsouzzaa-alt/aprovacao.json,aprovacao.json,prompt,2026-03-06 19:49:16,aprovacao.js,10,33,2026-04-01T08:13:07.907952
genilsonsouzzaa-alt,/home/gilmar/Documents/algoritmos/logado-utfpr-ifam/logado-students/repos_logado/genilsonsouzzaa-alt/aprovacao.json,aprovacao.json,prompt,2026-03-06 19:49:17,aprovacao.js,12,33,2026-04-01T08:13:07.907954
genilsonsouzzaa-alt,/home/gilmar/Documents/algoritmos/logado-utfpr-ifam/logado-students/repos_logado/genilsonsouzzaa-alt/aprovacao.json,aprovacao.json,alert,2026-03-06 19:49:18,aprovacao.js,11,9,2026-04-01T08:13:07.907955
genilsonsouzzaa-alt,/home/gilmar/Documents/algoritmos/logado-utfpr-ifam/logado-students/repos_logado/genilsonsouzzaa-alt/aprovacao.json,aprovacao.json,alert,2026-03-06 19:49:34,aprovacao.js,9,9,2026-04-01T08:13:07.907956
genilsonsouzzaa-alt,/home/gilmar/Documents/algoritmos/logado-utfpr-ifam/logado-students/repos_logado/genilsonsouzzaa-alt/aprovacao.json,aprovacao.json,prompt,2026-03-06 19:49:35,aprovacao.js,10,33,2026-04-01T08:13:07.907958
genilsonsouzzaa-alt,/home/gilmar/Documents/algoritmos/logado-utfpr-ifam/logado-students/repos_logado/genilsonsouzzaa-alt/aprovacao.json,aprovacao.json,if,2026-03-06 19:49:36,aprovacao.js,13,9,2026-04-01T08:13:07.907959
genilsonsouzzaa-alt,/home/gilmar/Documents/algoritmos/logado-utfpr-ifam/logado-students/repos_logado/genilsonsouzzaa-alt/aprovacao.json,aprovacao.json,alert,2026-03-06 19:49:36,aprovacao.js,14,13,2026-04-01T08:13:07.907960
genilsonsouzzaa-alt,/home/gilmar/Documents/algoritmos/logado-utfpr-ifam/logado-students/repos_logado/genilsonsouzzaa-alt/aprovacao.json,aprovacao.json,else,2026-03-06 19:49:36,aprovacao.js,15,9,2026-04-01T08:13:07.907961
genilsonsouzzaa-alt,/home/gilmar/Documents/algoritmos/logado-utfpr-ifam/logado-students/repos_logado/genilsonsouzzaa-alt/aprovacao.json,aprovacao.json,alert,2026-03-06 19:49:36,aprovacao.js,16,13,2026-04-01T08:13:07.907963
genilsonsouzzaa-alt,/home/gilmar/Documents/algoritmos/logado-utfpr-ifam/logado-students/repos_logado/genilsonsouzzaa-alt/aprovacao.json,aprovacao.json,alert,2026-03-06 19:49:38,aprovacao.js,19,2,2026-04-01T08:13:07.907966
genilsonsouzzaa-alt,/home/gilmar/Documents/algoritmos/logado-utfpr-ifam/logado-students/repos_logado/genilsonsouzzaa-alt/aprovacao.json,aprovacao.json,else,2026-03-06 19:49:38,aprovacao.js,17,13,2026-04-01T08:13:07.907967
genilsonsouzzaa-alt,/home/gilmar/Documents/algoritmos/logado-utfpr-ifam/logado-students/repos_logado/genilsonsouzzaa-alt/aprovacao.json,aprovacao.json,alert,2026-03-06 19:49:39,aprovacao.js,16,9,2026-04-01T08:13:07.907969
genilsonsouzzaa-alt,/home/gilmar/Documents/algoritmos/logado-utfpr-ifam/logado-students/repos_logado/genilsonsouzzaa-alt/aprovacao.json,aprovacao.json,if,2026-03-06 19:49:39,aprovacao.js,15,13,2026-04-01T08:13:07.907970
genilsonsouzzaa-alt,/home/gilmar/Documents/algoritmos/logado-utfpr-ifam/logado-students/repos_logado/genilsonsouzzaa-alt/aprovacao.json,aprovacao.json,if,2026-03-06 19:50:40,aprovacao.js,13,9,2026-04-01T08:13:07.907971
genilsonsouzzaa-alt,/home/gilmar/Documents/algoritmos/logado-utfpr-ifam/logado-students/repos_logado/genilsonsouzzaa-alt/aprovacao.json,aprovacao.json,alert,2026-03-06 19:50:40,aprovacao.js,14,13,2026-04-01T08:13:07.907973
genilsonsouzzaa-alt,/home/gilmar/Documents/algoritmos/logado-utfpr-ifam/logado-students/repos_logado/genilsonsouzzaa-alt/aprovacao.json,aprovacao.json,else,2026-03-06 19:50:40,aprovacao.js,15,9,2026-04-01T08:13:07.907975
genilsonsouzzaa-alt,/home/gilmar/Documents/algoritmos/logado-utfpr-ifam/logado-students/repos_logado/genilsonsouzzaa-alt/aprovacao.json,aprovacao.json,alert,2026-03-06 19:50:41,aprovacao.js,16,13,2026-04-01T08:13:07.907976
genilsonsouzzaa-alt,/home/gilmar/Documents/algoritmos/logado-utfpr-ifam/logado-students/repos_logado/genilsonsouzzaa-alt/aprovacao.json,aprovacao.json,else,2026-03-06 19:50:41,aprovacao.js,18,5,2026-04-01T08:13:07.907978
genilsonsouzzaa-alt,/home/gilmar/Documents/algoritmos/logado-utfpr-ifam/logado-students/repos_logado/genilsonsouzzaa-alt/aprovacao.json,aprovacao.json,alert,2026-03-06 19:50:42,aprovacao.js,19,9,2026-04-01T08:13:07.907979
genilsonsouzzaa-alt,/home/gilmar/Documents/algoritmos/logado-utfpr-ifam/logado-students/repos_logado/genilsonsouzzaa-alt/aprovacao.json,aprovacao.json,while,2026-03-06 19:50:42,aprovacao.js,20,2,2026-04-01T08:13:07.907980
genilsonsouzzaa-alt,/home/gilmar/Documents/algoritmos/logado-utfpr-ifam/logado-students/repos_logado/genilsonsouzzaa-alt/aprovacao.json,aprovacao.json,while,2026-03-06 19:50:44,aprovacao.js,21,19,2026-04-01T08:13:07.907981
genilsonsouzzaa-alt,/home/gilmar/Documents/algoritmos/logado-utfpr-ifam/logado-students/repos_logado/genilsonsouzzaa-alt/aprovacao.json,aprovacao.json,alert,2026-03-06 19:50:44,aprovacao.js,21,5,2026-04-01T08:13:07.907983
genilsonsouzzaa-alt,/home/gilmar/Documents/algoritmos/logado-utfpr-ifam/logado-students/repos_logado/genilsonsouzzaa-alt/aprovacao.json,aprovacao.json,else,2026-03-06 19:50:44,aprovacao.js,20,9,2026-04-01T08:13:07.907984
genilsonsouzzaa-alt,/home/gilmar/Documents/algoritmos/logado-utfpr-ifam/logado-students/repos_logado/genilsonsouzzaa-alt/aprovacao.json,aprovacao.json,alert,2026-03-06 19:50:45,aprovacao.js,19,2,2026-04-01T08:13:07.907985
genilsonsouzzaa-alt,/home/gilmar/Documents/algoritmos/logado-utfpr-ifam/logado-students/repos_logado/genilsonsouzzaa-alt/aprovacao.json,aprovacao.json,else,2026-03-06 19:50:45,aprovacao.js,17,13,2026-04-01T08:13:07.907986
genilsonsouzzaa-alt,/home/gilmar/Documents/algoritmos/logado-utfpr-ifam/logado-students/repos_logado/genilsonsouzzaa-alt/aprovacao.json,aprovacao.json,alert,2026-03-06 19:50:45,aprovacao.js,16,9,2026-04-01T08:13:07.907988
genilsonsouzzaa-alt,/home/gilmar/Documents/algoritmos/logado-utfpr-ifam/logado-students/repos_logado/genilsonsouzzaa-alt/aprovacao.json,aprovacao.json,if,2026-03-06 19:50:45,aprovacao.js,15,13,2026-04-01T08:13:07.907989
genilsonsouzzaa-alt,/home/gilmar/Documents/algoritmos/logado-utfpr-ifam/logado-students/repos_logado/genilsonsouzzaa-alt/aprovacao.json,aprovacao.json,prompt,2026-03-06 19:50:46,aprovacao.js,12,33,2026-04-01T08:13:07.907990
genilsonsouzzaa-alt,/home/gilmar/Documents/algoritmos/logado-utfpr-ifam/logado-students/repos_logado/genilsonsouzzaa-alt/aprovacao.json,aprovacao.json,prompt,2026-03-06 19:50:52,aprovacao.js,10,33,2026-04-01T08:13:07.907992
genilsonsouzzaa-alt,/home/gilmar/Documents/algoritmos/logado-utfpr-ifam/logado-students/repos_logado/genilsonsouzzaa-alt/aprovacao.json,aprovacao.json,prompt,2026-03-06 19:51:00,aprovacao.js,12,33,2026-04-01T08:13:07.907993
genilsonsouzzaa-alt,/home/gilmar/Documents/algoritmos/logado-utfpr-ifam/logado-students/repos_logado/genilsonsouzzaa-alt/aprovacao.json,aprovacao.json,prompt,2026-03-06 19:53:34,aprovacao.js,10,33,2026-04-01T08:13:07.907994
genilsonsouzzaa-alt,/home/gilmar/Documents/algoritmos/logado-utfpr-ifam/logado-students/repos_logado/genilsonsouzzaa-alt/aprovacao.json,aprovacao.json,prompt,2026-03-06 19:53:34,aprovacao.js,12,33,2026-04-01T08:13:07.907996
genilsonsouzzaa-alt,/home/gilmar/Documents/algoritmos/logado-utfpr-ifam/logado-students/repos_logado/genilsonsouzzaa-alt/aprovacao.json,aprovacao.json,prompt,2026-03-06 19:53:34,aprovacao.js,10,33,2026-04-01T08:13:07.907997
genilsonsouzzaa-alt,/home/gilmar/Documents/algoritmos/logado-utfpr-ifam/logado-students/repos_logado/genilsonsouzzaa-alt/aprovacao.json,aprovacao.json,if,2026-03-06 19:53:35,aprovacao.js,13,9,2026-04-01T08:13:07.907998
genilsonsouzzaa-alt,/home/gilmar/Documents/algoritmos/logado-utfpr-ifam/logado-students/repos_logado/genilsonsouzzaa-alt/aprovacao.json,aprovacao.json,alert,2026-03-06 19:53:35,aprovacao.js,14,13,2026-04-01T08:13:07.908000
genilsonsouzzaa-alt,/home/gilmar/Documents/algoritmos/logado-utfpr-ifam/logado-students/repos_logado/genilsonsouzzaa-alt/aprovacao.json,aprovacao.json,else,2026-03-06 19:53:35,aprovacao.js,15,9,2026-04-01T08:13:07.908002
genilsonsouzzaa-alt,/home/gilmar/Documents/algoritmos/logado-utfpr-ifam/logado-students/repos_logado/genilsonsouzzaa-alt/aprovacao.json,aprovacao.json,alert,2026-03-06 19:53:35,aprovacao.js,16,13,2026-04-01T08:13:07.908003
genilsonsouzzaa-alt,/home/gilmar/Documents/algoritmos/logado-utfpr-ifam/logado-students/repos_logado/genilsonsouzzaa-alt/aprovacao.json,aprovacao.json,else,2026-03-06 19:53:36,aprovacao.js,18,5,2026-04-01T08:13:07.908004
genilsonsouzzaa-alt,/home/gilmar/Documents/algoritmos/logado-utfpr-ifam/logado-students/repos_logado/genilsonsouzzaa-alt/aprovacao.json,aprovacao.json,alert,2026-03-06 19:53:36,aprovacao.js,19,9,2026-04-01T08:13:07.908006
genilsonsouzzaa-alt,/home/gilmar/Documents/algoritmos/logado-utfpr-ifam/logado-students/repos_logado/genilsonsouzzaa-alt/aprovacao.json,aprovacao.json,while,2026-03-06 19:53:36,aprovacao.js,20,2,2026-04-01T08:13:07.908007
genilsonsouzzaa-alt,/home/gilmar/Documents/algoritmos/logado-utfpr-ifam/logado-students/repos_logado/genilsonsouzzaa-alt/aprovacao.json,aprovacao.json,while,2026-03-06 19:53:36,aprovacao.js,21,19,2026-04-01T08:13:07.908008
genilsonsouzzaa-alt,/home/gilmar/Documents/algoritmos/logado-utfpr-ifam/logado-students/repos_logado/genilsonsouzzaa-alt/aprovacao.json,aprovacao.json,alert,2026-03-06 19:53:36,aprovacao.js,21,5,2026-04-01T08:13:07.908010
genilsonsouzzaa-alt,/home/gilmar/Documents/algoritmos/logado-utfpr-ifam/logado-students/repos_logado/genilsonsouzzaa-alt/aprovacao.json,aprovacao.json,else,2026-03-06 19:53:36,aprovacao.js,20,9,2026-04-01T08:13:07.908011
genilsonsouzzaa-alt,/home/gilmar/Documents/algoritmos/logado-utfpr-ifam/logado-students/repos_logado/genilsonsouzzaa-alt/aprovacao.json,aprovacao.json,alert,2026-03-06 19:53:36,aprovacao.js,19,2,2026-04-01T08:13:07.908012
genilsonsouzzaa-alt,/home/gilmar/Documents/algoritmos/logado-utfpr-ifam/logado-students/repos_logado/genilsonsouzzaa-alt/aprovacao.json,aprovacao.json,else,2026-03-06 19:53:37,aprovacao.js,17,13,2026-04-01T08:13:07.908013
genilsonsouzzaa-alt,/home/gilmar/Documents/algoritmos/logado-utfpr-ifam/logado-students/repos_logado/genilsonsouzzaa-alt/aprovacao.json,aprovacao.json,alert,2026-03-06 19:53:37,aprovacao.js,16,9,2026-04-01T08:13:07.908015
genilsonsouzzaa-alt,/home/gilmar/Documents/algoritmos/logado-utfpr-ifam/logado-students/repos_logado/genilsonsouzzaa-alt/aprovacao.json,aprovacao.json,if,2026-03-06 19:53:37,aprovacao.js,15,13,2026-04-01T08:13:07.908016
genilsonsouzzaa-alt,/home/gilmar/Documents/algoritmos/logado-utfpr-ifam/logado-students/repos_logado/genilsonsouzzaa-alt/aprovacao.json,aprovacao.json,if,2026-03-06 19:53:37,aprovacao.js,13,9,2026-04-01T08:13:07.908017
genilsonsouzzaa-alt,/home/gilmar/Documents/algoritmos/logado-utfpr-ifam/logado-students/repos_logado/genilsonsouzzaa-alt/aprovacao.json,aprovacao.json,alert,2026-03-06 19:53:37,aprovacao.js,14,13,2026-04-01T08:13:07.908018
genilsonsouzzaa-alt,/home/gilmar/Documents/algoritmos/logado-utfpr-ifam/logado-students/repos_logado/genilsonsouzzaa-alt/aprovacao.json,aprovacao.json,else,2026-03-06 19:53:37,aprovacao.js,15,9,2026-04-01T08:13:07.908020
genilsonsouzzaa-alt,/home/gilmar/Documents/algoritmos/logado-utfpr-ifam/logado-students/repos_logado/genilsonsouzzaa-alt/aprovacao.json,aprovacao.json,alert,2026-03-06 19:53:38,aprovacao.js,16,13,2026-04-01T08:13:07.908021
genilsonsouzzaa-alt,/home/gilmar/Documents/algoritmos/logado-utfpr-ifam/logado-students/repos_logado/genilsonsouzzaa-alt/aprovacao.json,aprovacao.json,alert,2026-03-06 19:53:38,aprovacao.js,19,5,2026-04-01T08:13:07.908022
genilsonsouzzaa-alt,/home/gilmar/Documents/algoritmos/logado-utfpr-ifam/logado-students/repos_logado/genilsonsouzzaa-alt/aprovacao.json,aprovacao.json,else,2026-03-06 19:53:39,aprovacao.js,17,13,2026-04-01T08:13:07.908023
genilsonsouzzaa-alt,/home/gilmar/Documents/algoritmos/logado-utfpr-ifam/logado-students/repos_logado/genilsonsouzzaa-alt/aprovacao.json,aprovacao.json,alert,2026-03-06 19:53:39,aprovacao.js,17,3,2026-04-01T08:13:07.908025
genilsonsouzzaa-alt,/home/gilmar/Documents/algoritmos/logado-utfpr-ifam/logado-students/repos_logado/genilsonsouzzaa-alt/aprovacao.json,aprovacao.json,if,2026-03-06 19:53:39,aprovacao.js,15,13,2026-04-01T08:13:07.908027
genilsonsouzzaa-alt,/home/gilmar/Documents/algoritmos/logado-utfpr-ifam/logado-students/repos_logado/genilsonsouzzaa-alt/aprovacao.json,aprovacao.json,prompt,2026-03-06 19:53:40,aprovacao.js,12,33,2026-04-01T08:13:07.908028
genilsonsouzzaa-alt,/home/gilmar/Documents/algoritmos/logado-utfpr-ifam/logado-students/repos_logado/genilsonsouzzaa-alt/aprovacao.json,aprovacao.json,alert,2026-03-06 19:53:41,aprovacao.js,11,9,2026-04-01T08:13:07.908030
genilsonsouzzaa-alt,/home/gilmar/Documents/algoritmos/logado-utfpr-ifam/logado-students/repos_logado/genilsonsouzzaa-alt/aprovacao.json,aprovacao.json,alert,2026-03-06 19:53:42,aprovacao.js,9,9,2026-04-01T08:13:07.908031
genilsonsouzzaa-alt,/home/gilmar/Documents/algoritmos/logado-utfpr-ifam/logado-students/repos_logado/genilsonsouzzaa-alt/aprovacao.json,aprovacao.json,prompt,2026-03-06 19:53:42,aprovacao.js,10,33,2026-04-01T08:13:07.908032
genilsonsouzzaa-alt,/home/gilmar/Documents/algoritmos/logado-utfpr-ifam/logado-students/repos_logado/genilsonsouzzaa-alt/aprovacao.json,aprovacao.json,prompt,2026-03-06 19:53:43,aprovacao.js,12,33,2026-04-01T08:13:07.908034
genilsonsouzzaa-alt,/home/gilmar/Documents/algoritmos/logado-utfpr-ifam/logado-students/repos_logado/genilsonsouzzaa-alt/aprovacao.json,aprovacao.json,alert,2026-03-06 19:53:43,aprovacao.js,11,13,2026-04-01T08:13:07.908035
genilsonsouzzaa-alt,/home/gilmar/Documents/algoritmos/logado-utfpr-ifam/logado-students/repos_logado/genilsonsouzzaa-alt/aprovacao.json,aprovacao.json,else,2026-03-06 19:53:44,aprovacao.js,10,5,2026-04-01T08:13:07.908039
genilsonsouzzaa-alt,/home/gilmar/Documents/algoritmos/logado-utfpr-ifam/logado-students/repos_logado/genilsonsouzzaa-alt/aprovacao.json,aprovacao.json,if,2026-03-06 19:53:44,aprovacao.js,10,10,2026-04-01T08:13:07.908040
genilsonsouzzaa-alt,/home/gilmar/Documents/algoritmos/logado-utfpr-ifam/logado-students/repos_logado/genilsonsouzzaa-alt/aprovacao.json,aprovacao.json,alert,2026-03-06 19:53:44,aprovacao.js,9,5,2026-04-01T08:13:07.908042
genilsonsouzzaa-alt,/home/gilmar/Documents/algoritmos/logado-utfpr-ifam/logado-students/repos_logado/genilsonsouzzaa-alt/aprovacao.json,aprovacao.json,alert,2026-03-06 19:53:44,aprovacao.js,7,5,2026-04-01T08:13:07.908043
genilsonsouzzaa-alt,/home/gilmar/Documents/algoritmos/logado-utfpr-ifam/logado-students/repos_logado/genilsonsouzzaa-alt/aprovacao.json,aprovacao.json,else,2026-03-06 19:53:45,aprovacao.js,8,1,2026-04-01T08:13:07.908044
genilsonsouzzaa-alt,/home/gilmar/Documents/algoritmos/logado-utfpr-ifam/logado-students/repos_logado/genilsonsouzzaa-alt/aprovacao.json,aprovacao.json,if,2026-03-06 19:53:45,aprovacao.js,8,6,2026-04-01T08:13:07.908046
genilsonsouzzaa-alt,/home/gilmar/Documents/algoritmos/logado-utfpr-ifam/logado-students/repos_logado/genilsonsouzzaa-alt/aprovacao.json,aprovacao.json,if,2026-03-06 19:53:45,aprovacao.js,13,4,2026-04-01T08:13:07.908047
genilsonsouzzaa-alt,/home/gilmar/Documents/algoritmos/logado-utfpr-ifam/logado-students/repos_logado/genilsonsouzzaa-alt/aprovacao.json,aprovacao.json,alert,2026-03-06 19:53:46,aprovacao.js,14,5,2026-04-01T08:13:07.908048
genilsonsouzzaa-alt,/home/gilmar/Documents/algoritmos/logado-utfpr-ifam/logado-students/repos_logado/genilsonsouzzaa-alt/aprovacao.json,aprovacao.json,alert,2026-03-06 19:53:47,aprovacao.js,16,4,2026-04-01T08:13:07.908049
genilsonsouzzaa-alt,/home/gilmar/Documents/algoritmos/logado-utfpr-ifam/logado-students/repos_logado/genilsonsouzzaa-alt/aprovacao.json,aprovacao.json,else,2026-03-06 20:15:08,aprovacao.js,15,1,2026-04-01T08:13:07.908051
genilsonsouzzaa-alt,/home/gilmar/Documents/algoritmos/logado-utfpr-ifam/logado-students/repos_logado/genilsonsouzzaa-alt/aprovacao.json,aprovacao.json,alert,2026-03-06 20:17:25,aprovacao.js,20,5,2026-04-01T08:13:07.908052
genilsonsouzzaa-alt,/home/gilmar/Documents/algoritmos/logado-utfpr-ifam/logado-students/repos_logado/genilsonsouzzaa-alt/aprovacao.json,aprovacao.json,else,2026-03-06 20:17:30,aprovacao.js,19,1,2026-04-01T08:13:07.908053
genilsonsouzzaa-alt,/home/gilmar/Documents/algoritmos/logado-utfpr-ifam/logado-students/repos_logado/genilsonsouzzaa-alt/aprovacao.json,aprovacao.json,alert,2026-03-06 20:17:31,aprovacao.js,20,5,2026-04-01T08:13:07.908055
genilsonsouzzaa-alt,/home/gilmar/Documents/algoritmos/logado-utfpr-ifam/logado-students/repos_logado/genilsonsouzzaa-alt/aprovacao.json,aprovacao.json,else,2026-03-06 20:17:39,aprovacao.js,15,1,2026-04-01T08:13:07.908057
genilsonsouzzaa-alt,/home/gilmar/Documents/algoritmos/logado-utfpr-ifam/logado-students/repos_logado/genilsonsouzzaa-alt/aprovacao.json,aprovacao.json,while,2026-03-06 20:21:32,aprovacao.js,22,2,2026-04-01T08:13:07.908059
genilsonsouzzaa-alt,/home/gilmar/Documents/algoritmos/logado-utfpr-ifam/logado-students/repos_logado/genilsonsouzzaa-alt/aprovacao.json,aprovacao.json,do,2026-03-06 21:15:43,aprovacao.js,1,1,2026-04-01T08:13:07.908060
genilsonsouzzaa-alt,/home/gilmar/Documents/algoritmos/logado-utfpr-ifam/logado-students/repos_logado/genilsonsouzzaa-alt/aprovacao.json,aprovacao.json,var,2026-03-06 21:15:43,aprovacao.js,2,5,2026-04-01T08:13:07.908062
genilsonsouzzaa-alt,/home/gilmar/Documents/algoritmos/logado-utfpr-ifam/logado-students/repos_logado/genilsonsouzzaa-alt/aprovacao.json,aprovacao.json,var,2026-03-06 21:15:43,aprovacao.js,2,5,2026-04-01T08:13:07.908063
genilsonsouzzaa-alt,/home/gilmar/Documents/algoritmos/logado-utfpr-ifam/logado-students/repos_logado/genilsonsouzzaa-alt/aprovacao.json,aprovacao.json,prompt,2026-03-06 21:15:43,aprovacao.js,3,27,2026-04-01T08:13:07.908064
genilsonsouzzaa-alt,/home/gilmar/Documents/algoritmos/logado-utfpr-ifam/logado-students/repos_logado/genilsonsouzzaa-alt/aprovacao.json,aprovacao.json,var,2026-03-06 21:15:43,aprovacao.js,2,5,2026-04-01T08:13:07.908066
genilsonsouzzaa-alt,/home/gilmar/Documents/algoritmos/logado-utfpr-ifam/logado-students/repos_logado/genilsonsouzzaa-alt/aprovacao.json,aprovacao.json,prompt,2026-03-06 21:15:43,aprovacao.js,3,27,2026-04-01T08:13:07.908067
genilsonsouzzaa-alt,/home/gilmar/Documents/algoritmos/logado-utfpr-ifam/logado-students/repos_logado/genilsonsouzzaa-alt/aprovacao.json,aprovacao.json,var,2026-03-06 21:15:43,aprovacao.js,2,5,2026-04-01T08:13:07.908068
genilsonsouzzaa-alt,/home/gilmar/Documents/algoritmos/logado-utfpr-ifam/logado-students/repos_logado/genilsonsouzzaa-alt/aprovacao.json,aprovacao.json,alert,2026-03-06 21:15:43,aprovacao.js,6,3,2026-04-01T08:13:07.908069
genilsonsouzzaa-alt,/home/gilmar/Documents/algoritmos/logado-utfpr-ifam/logado-students/repos_logado/genilsonsouzzaa-alt/aprovacao.json,aprovacao.json,if,2026-03-06 21:15:43,aprovacao.js,7,1,2026-04-01T08:13:07.908071
genilsonsouzzaa-alt,/home/gilmar/Documents/algoritmos/logado-utfpr-ifam/logado-students/repos_logado/genilsonsouzzaa-alt/aprovacao.json,aprovacao.json,alert,2026-03-06 21:15:43,aprovacao.js,6,3,2026-04-01T08:13:07.908072
genilsonsouzzaa-alt,/home/gilmar/Documents/algoritmos/logado-utfpr-ifam/logado-students/repos_logado/genilsonsouzzaa-alt/aprovacao.json,aprovacao.json,else,2026-03-06 21:15:43,aprovacao.js,11,1,2026-04-01T08:13:07.908073
genilsonsouzzaa-alt,/home/gilmar/Documents/algoritmos/logado-utfpr-ifam/logado-students/repos_logado/genilsonsouzzaa-alt/aprovacao.json,aprovacao.json,if,2026-03-06 21:15:43,aprovacao.js,7,1,2026-04-01T08:13:07.908074
genilsonsouzzaa-alt,/home/gilmar/Documents/algoritmos/logado-utfpr-ifam/logado-students/repos_logado/genilsonsouzzaa-alt/aprovacao.json,aprovacao.json,alert,2026-03-06 21:15:43,aprovacao.js,6,3,2026-04-01T08:13:07.908075
genilsonsouzzaa-alt,/home/gilmar/Documents/algoritmos/logado-utfpr-ifam/logado-students/repos_logado/genilsonsouzzaa-alt/aprovacao.json,aprovacao.json,prompt,2026-03-06 21:15:43,aprovacao.js,3,27,2026-04-01T08:13:07.908077
genilsonsouzzaa-alt,/home/gilmar/Documents/algoritmos/logado-utfpr-ifam/logado-students/repos_logado/genilsonsouzzaa-alt/aprovacao.json,aprovacao.json,if,2026-03-06 21:15:43,aprovacao.js,7,1,2026-04-01T08:13:07.908078
genilsonsouzzaa-alt,/home/gilmar/Documents/algoritmos/logado-utfpr-ifam/logado-students/repos_logado/genilsonsouzzaa-alt/aprovacao.json,aprovacao.json,alert,2026-03-06 21:15:43,aprovacao.js,6,3,2026-04-01T08:13:07.908079
genilsonsouzzaa-alt,/home/gilmar/Documents/algoritmos/logado-utfpr-ifam/logado-students/repos_logado/genilsonsouzzaa-alt/aprovacao.json,aprovacao.json,else,2026-03-06 21:15:43,aprovacao.js,11,1,2026-04-01T08:13:07.908081
genilsonsouzzaa-alt,/home/gilmar/Documents/algoritmos/logado-utfpr-ifam/logado-students/repos_logado/genilsonsouzzaa-alt/aprovacao.json,aprovacao.json,alert,2026-03-06 21:15:43,aprovacao.js,6,3,2026-04-01T08:13:07.908083
genilsonsouzzaa-alt,/home/gilmar/Documents/algoritmos/logado-utfpr-ifam/logado-students/repos_logado/genilsonsouzzaa-alt/aprovacao.json,aprovacao.json,else,2026-03-06 21:15:43,aprovacao.js,11,1,2026-04-01T08:13:07.908085
genilsonsouzzaa-alt,/home/gilmar/Documents/algoritmos/logado-utfpr-ifam/logado-students/repos_logado/genilsonsouzzaa-alt/aprovacao.json,aprovacao.json,alert,2026-03-06 21:15:43,aprovacao.js,6,3,2026-04-01T08:13:07.908087
genilsonsouzzaa-alt,/home/gilmar/Documents/algoritmos/logado-utfpr-ifam/logado-students/repos_logado/genilsonsouzzaa-alt/aprovacao.json,aprovacao.json,while,2026-03-06 21:15:43,aprovacao.js,29,2,2026-04-01T08:13:07.908088
genilsonsouzzaa-alt,/home/gilmar/Documents/algoritmos/logado-utfpr-ifam/logado-students/repos_logado/genilsonsouzzaa-alt/aprovacao.json,aprovacao.json,alert,2026-03-06 21:15:43,aprovacao.js,6,3,2026-04-01T08:13:07.908090
genilsonsouzzaa-alt,/home/gilmar/Documents/algoritmos/logado-utfpr-ifam/logado-students/repos_logado/genilsonsouzzaa-alt/aprovacao.json,aprovacao.json,do,2026-03-06 21:20:15,aprovacao.js,1,1,2026-04-01T08:13:07.908091
genilsonsouzzaa-alt,/home/gilmar/Documents/algoritmos/logado-utfpr-ifam/logado-students/repos_logado/genilsonsouzzaa-alt/aprovacao.json,aprovacao.json,var,2026-03-06 21:20:15,aprovacao.js,2,5,2026-04-01T08:13:07.908092
genilsonsouzzaa-alt,/home/gilmar/Documents/algoritmos/logado-utfpr-ifam/logado-students/repos_logado/genilsonsouzzaa-alt/aprovacao.json,aprovacao.json,let,2026-03-06 21:20:15,aprovacao.js,3,1,2026-04-01T08:13:07.908093
genilsonsouzzaa-alt,/home/gilmar/Documents/algoritmos/logado-utfpr-ifam/logado-students/repos_logado/genilsonsouzzaa-alt/aprovacao.json,aprovacao.json,prompt,2026-03-06 21:20:15,aprovacao.js,3,24,2026-04-01T08:13:07.908095
genilsonsouzzaa-alt,/home/gilmar/Documents/algoritmos/logado-utfpr-ifam/logado-students/repos_logado/genilsonsouzzaa-alt/aprovacao.json,aprovacao.json,let,2026-03-06 21:20:15,aprovacao.js,3,1,2026-04-01T08:13:07.908096
genilsonsouzzaa-alt,/home/gilmar/Documents/algoritmos/logado-utfpr-ifam/logado-students/repos_logado/genilsonsouzzaa-alt/aprovacao.json,aprovacao.json,prompt,2026-03-06 21:20:15,aprovacao.js,3,24,2026-04-01T08:13:07.908098
genilsonsouzzaa-alt,/home/gilmar/Documents/algoritmos/logado-utfpr-ifam/logado-students/repos_logado/genilsonsouzzaa-alt/aprovacao.json,aprovacao.json,let,2026-03-06 21:20:15,aprovacao.js,3,1,2026-04-01T08:13:07.908099
genilsonsouzzaa-alt,/home/gilmar/Documents/algoritmos/logado-utfpr-ifam/logado-students/repos_logado/genilsonsouzzaa-alt/aprovacao.json,aprovacao.json,if,2026-03-06 21:20:15,aprovacao.js,6,2,2026-04-01T08:13:07.908100
genilsonsouzzaa-alt,/home/gilmar/Documents/algoritmos/logado-utfpr-ifam/logado-students/repos_logado/genilsonsouzzaa-alt/aprovacao.json,aprovacao.json,alert,2026-03-06 21:20:15,aprovacao.js,7,5,2026-04-01T08:13:07.908102
genilsonsouzzaa-alt,/home/gilmar/Documents/algoritmos/logado-utfpr-ifam/logado-students/repos_logado/genilsonsouzzaa-alt/aprovacao.json,aprovacao.json,else,2026-03-06 21:20:15,aprovacao.js,10,2,2026-04-01T08:13:07.908103
genilsonsouzzaa-alt,/home/gilmar/Documents/algoritmos/logado-utfpr-ifam/logado-students/repos_logado/genilsonsouzzaa-alt/aprovacao.json,aprovacao.json,if,2026-03-06 21:20:15,aprovacao.js,6,2,2026-04-01T08:13:07.908104
genilsonsouzzaa-alt,/home/gilmar/Documents/algoritmos/logado-utfpr-ifam/logado-students/repos_logado/genilsonsouzzaa-alt/aprovacao.json,aprovacao.json,alert,2026-03-06 21:20:15,aprovacao.js,7,5,2026-04-01T08:13:07.908106
genilsonsouzzaa-alt,/home/gilmar/Documents/algoritmos/logado-utfpr-ifam/logado-students/repos_logado/genilsonsouzzaa-alt/aprovacao.json,aprovacao.json,prompt,2026-03-06 21:20:15,aprovacao.js,3,24,2026-04-01T08:13:07.908107
genilsonsouzzaa-alt,/home/gilmar/Documents/algoritmos/logado-utfpr-ifam/logado-students/repos_logado/genilsonsouzzaa-alt/aprovacao.json,aprovacao.json,if,2026-03-06 21:20:15,aprovacao.js,6,2,2026-04-01T08:13:07.908110
genilsonsouzzaa-alt,/home/gilmar/Documents/algoritmos/logado-utfpr-ifam/logado-students/repos_logado/genilsonsouzzaa-alt/aprovacao.json,aprovacao.json,alert,2026-03-06 21:20:15,aprovacao.js,7,5,2026-04-01T08:13:07.908111
genilsonsouzzaa-alt,/home/gilmar/Documents/algoritmos/logado-utfpr-ifam/logado-students/repos_logado/genilsonsouzzaa-alt/aprovacao.json,aprovacao.json,else,2026-03-06 21:20:15,aprovacao.js,10,2,2026-04-01T08:13:07.908114
genilsonsouzzaa-alt,/home/gilmar/Documents/algoritmos/logado-utfpr-ifam/logado-students/repos_logado/genilsonsouzzaa-alt/aprovacao.json,aprovacao.json,alert,2026-03-06 21:20:15,aprovacao.js,7,5,2026-04-01T08:13:07.908115
genilsonsouzzaa-alt,/home/gilmar/Documents/algoritmos/logado-utfpr-ifam/logado-students/repos_logado/genilsonsouzzaa-alt/aprovacao.json,aprovacao.json,else,2026-03-06 21:20:15,aprovacao.js,10,2,2026-04-01T08:13:07.908116
genilsonsouzzaa-alt,/home/gilmar/Documents/algoritmos/logado-utfpr-ifam/logado-students/repos_logado/genilsonsouzzaa-alt/aprovacao.json,aprovacao.json,alert,2026-03-06 21:20:15,aprovacao.js,7,5,2026-04-01T08:13:07.908118
genilsonsouzzaa-alt,/home/gilmar/Documents/algoritmos/logado-utfpr-ifam/logado-students/repos_logado/genilsonsouzzaa-alt/aprovacao.json,aprovacao.json,while,2026-03-06 21:20:15,aprovacao.js,23,2,2026-04-01T08:13:07.908119
genilsonsouzzaa-alt,/home/gilmar/Documents/algoritmos/logado-utfpr-ifam/logado-students/repos_logado/genilsonsouzzaa-alt/exercicio_09.json,exercicio_09.json,for,2026-03-10 20:00:17,exercicio_09.js,2,1,2026-04-01T08:13:07.908153
genilsonsouzzaa-alt,/home/gilmar/Documents/algoritmos/logado-utfpr-ifam/logado-students/repos_logado/genilsonsouzzaa-alt/exercicio_09.json,exercicio_09.json,prompt,2026-03-10 20:06:04,exercicio_09.js,1,17,2026-04-01T08:13:07.908155
genilsonsouzzaa-alt,/home/gilmar/Documents/algoritmos/logado-utfpr-ifam/logado-students/repos_logado/genilsonsouzzaa-alt/exercicio_09.json,exercicio_09.json,let,2026-03-10 20:07:50,exercicio_09.js,1,1,2026-04-01T08:13:07.908156
genilsonsouzzaa-alt,/home/gilmar/Documents/algoritmos/logado-utfpr-ifam/logado-students/repos_logado/genilsonsouzzaa-alt/exercicio_09.json,exercicio_09.json,for,2026-03-10 20:07:50,exercicio_09.js,2,1,2026-04-01T08:13:07.908158
genilsonsouzzaa-alt,/home/gilmar/Documents/algoritmos/logado-utfpr-ifam/logado-students/repos_logado/genilsonsouzzaa-alt/exercicio_09.json,exercicio_09.json,alert,2026-03-10 20:08:45,exercicio_09.js,2,1,2026-04-01T08:13:07.908159
genilsonsouzzaa-alt,/home/gilmar/Documents/algoritmos/logado-utfpr-ifam/logado-students/repos_logado/genilsonsouzzaa-alt/exercicio_09.json,exercicio_09.json,console,2026-03-10 20:12:42,exercicio_09.js,2,1,2026-04-01T08:13:07.908161
genilsonsouzzaa-alt,/home/gilmar/Documents/algoritmos/logado-utfpr-ifam/logado-students/repos_logado/genilsonsouzzaa-alt/exercicio_09.json,exercicio_09.json,log,2026-03-10 20:12:44,exercicio_09.js,2,9,2026-04-01T08:13:07.908162
genilsonsouzzaa-alt,/home/gilmar/Documents/algoritmos/logado-utfpr-ifam/logado-students/repos_logado/genilsonsouzzaa-alt/exercicio_09.json,exercicio_09.json,prompt,2026-03-10 22:20:08,exercicio_09.js,3,17,2026-04-01T08:13:07.908164
genilsonsouzzaa-alt,/home/gilmar/Documents/algoritmos/logado-utfpr-ifam/logado-students/repos_logado/genilsonsouzzaa-alt/copa.json,copa.json,for,2026-02-26 21:29:43,copa.js,2,1,2026-04-01T08:13:07.908179
genilsonsouzzaa-alt,/home/gilmar/Documents/algoritmos/logado-utfpr-ifam/logado-students/repos_logado/genilsonsouzzaa-alt/copa.json,copa.json,alert,2026-02-26 21:32:17,copa.js,3,5,2026-04-01T08:13:07.908180
genilsonsouzzaa-alt,/home/gilmar/Documents/algoritmos/logado-utfpr-ifam/logado-students/repos_logado/genilsonsouzzaa-alt/copa.json,copa.json,alert,2026-02-26 21:37:42,copa.js,5,5,2026-04-01T08:13:07.908182
genilsonsouzzaa-alt,/home/gilmar/Documents/algoritmos/logado-utfpr-ifam/logado-students/repos_logado/genilsonsouzzaa-alt/for.json,for.json,for,2026-02-20 21:23:56,for.js,1,1,2026-04-01T08:13:07.908199
genilsonsouzzaa-alt,/home/gilmar/Documents/algoritmos/logado-utfpr-ifam/logado-students/repos_logado/genilsonsouzzaa-alt/for.json,for.json,for,2026-02-20 21:24:03,for.js,1,1,2026-04-01T08:13:07.908200
genilsonsouzzaa-alt,/home/gilmar/Documents/algoritmos/logado-utfpr-ifam/logado-students/repos_logado/genilsonsouzzaa-alt/for.json,for.json,let,2026-02-20 21:24:03,for.js,1,6,2026-04-01T08:13:07.908202
genilsonsouzzaa-alt,/home/gilmar/Documents/algoritmos/logado-utfpr-ifam/logado-students/repos_logado/genilsonsouzzaa-alt/for.json,for.json,length,2026-02-20 21:24:03,for.js,1,35,2026-04-01T08:13:07.908204
genilsonsouzzaa-alt,/home/gilmar/Documents/algoritmos/logado-utfpr-ifam/logado-students/repos_logado/genilsonsouzzaa-alt/for.json,for.json,const,2026-02-20 21:24:03,for.js,2,5,2026-04-01T08:13:07.908206
genilsonsouzzaa-alt,/home/gilmar/Documents/algoritmos/logado-utfpr-ifam/logado-students/repos_logado/genilsonsouzzaa-alt/for.json,for.json,do,2026-02-20 21:31:20,for.js,8,1,2026-04-01T08:13:07.908207
genilsonsouzzaa-alt,/home/gilmar/Documents/algoritmos/logado-utfpr-ifam/logado-students/repos_logado/genilsonsouzzaa-alt/for.json,for.json,alert,2026-02-20 21:32:27,for.js,10,5,2026-04-01T08:13:07.908209
genilsonsouzzaa-alt,/home/gilmar/Documents/algoritmos/logado-utfpr-ifam/logado-students/repos_logado/genilsonsouzzaa-alt/for.json,for.json,alert,2026-02-20 21:43:32,for.js,10,1,2026-04-01T08:13:07.908210
genilsonsouzzaa-alt,/home/gilmar/Documents/algoritmos/logado-utfpr-ifam/logado-students/repos_logado/genilsonsouzzaa-alt/for.json,for.json,console,2026-02-24 20:06:23,for.js,10,1,2026-04-01T08:13:07.908211
genilsonsouzzaa-alt,/home/gilmar/Documents/algoritmos/logado-utfpr-ifam/logado-students/repos_logado/genilsonsouzzaa-alt/for.json,for.json,log,2026-02-24 20:06:27,for.js,10,9,2026-04-01T08:13:07.908213
genilsonsouzzaa-alt,/home/gilmar/Documents/algoritmos/logado-utfpr-ifam/logado-students/repos_logado/genilsonsouzzaa-alt/exercicio_03.json,exercicio_03.json,else,2026-02-24 22:15:30,exercicio_03.js,4,1,2026-04-01T08:13:07.908227
genilsonsouzzaa-alt,/home/gilmar/Documents/algoritmos/logado-utfpr-ifam/logado-students/repos_logado/genilsonsouzzaa-alt/exercicio_03.json,exercicio_03.json,alert,2026-02-24 22:15:47,exercicio_03.js,5,5,2026-04-01T08:13:07.908229
genilsonsouzzaa-alt,/home/gilmar/Documents/algoritmos/logado-utfpr-ifam/logado-students/repos_logado/genilsonsouzzaa-alt/exercicio_03.json,exercicio_03.json,alert,2026-03-03 19:40:01,exercicio_03.js,3,5,2026-04-01T08:13:07.908230
genilsonsouzzaa-alt,/home/gilmar/Documents/algoritmos/logado-utfpr-ifam/logado-students/repos_logado/genilsonsouzzaa-alt/decremento.json,decremento.json,prompt,2026-03-06 21:54:21,decremento.js,1,22,2026-04-01T08:13:07.908246
genilsonsouzzaa-alt,/home/gilmar/Documents/algoritmos/logado-utfpr-ifam/logado-students/repos_logado/genilsonsouzzaa-alt/decremento.json,decremento.json,while,2026-03-06 21:54:38,decremento.js,2,1,2026-04-01T08:13:07.908247
genilsonsouzzaa-alt,/home/gilmar/Documents/algoritmos/logado-utfpr-ifam/logado-students/repos_logado/genilsonsouzzaa-alt/decremento.json,decremento.json,alert,2026-03-06 21:55:37,decremento.js,3,5,2026-04-01T08:13:07.908249
genilsonsouzzaa-alt,/home/gilmar/Documents/algoritmos/logado-utfpr-ifam/logado-students/repos_logado/genilsonsouzzaa-alt/decremento.json,decremento.json,alert,2026-03-06 22:00:28,decremento.js,3,5,2026-04-01T08:13:07.908250
genilsonsouzzaa-alt,/home/gilmar/Documents/algoritmos/logado-utfpr-ifam/logado-students/repos_logado/genilsonsouzzaa-alt/decremento.json,decremento.json,prompt,2026-03-06 22:01:30,decremento.js,1,13,2026-04-01T08:13:07.908251
genilsonsouzzaa-alt,/home/gilmar/Documents/algoritmos/logado-utfpr-ifam/logado-students/repos_logado/genilsonsouzzaa-alt/ativade3.json,ativade3.json,alert,2026-03-24 21:24:09,ativade3.js,3,5,2026-04-01T08:13:07.908282
genilsonsouzzaa-alt,/home/gilmar/Documents/algoritmos/logado-utfpr-ifam/logado-students/repos_logado/genilsonsouzzaa-alt/ativade3.json,ativade3.json,prompt,2026-03-24 21:33:09,ativade3.js,2,24,2026-04-01T08:13:07.908283
genilsonsouzzaa-alt,/home/gilmar/Documents/algoritmos/logado-utfpr-ifam/logado-students/repos_logado/genilsonsouzzaa-alt/ativade3.json,ativade3.json,while,2026-03-24 21:49:03,ativade3.js,3,1,2026-04-01T08:13:07.908285
genilsonsouzzaa-alt,/home/gilmar/Documents/algoritmos/logado-utfpr-ifam/logado-students/repos_logado/genilsonsouzzaa-alt/ativade3.json,ativade3.json,do,2026-03-24 21:52:58,ativade3.js,2,45,2026-04-01T08:13:07.908286
genilsonsouzzaa-alt,/home/gilmar/Documents/algoritmos/logado-utfpr-ifam/logado-students/repos_logado/genilsonsouzzaa-alt/ativade3.json,ativade3.json,let,2026-03-24 21:52:58,ativade3.js,3,1,2026-04-01T08:13:07.908287
genilsonsouzzaa-alt,/home/gilmar/Documents/algoritmos/logado-utfpr-ifam/logado-students/repos_logado/genilsonsouzzaa-alt/ativade3.json,ativade3.json,while,2026-03-24 21:52:58,ativade3.js,4,1,2026-04-01T08:13:07.908289
genilsonsouzzaa-alt,/home/gilmar/Documents/algoritmos/logado-utfpr-ifam/logado-students/repos_logado/genilsonsouzzaa-alt/ativade3.json,ativade3.json,alert,2026-03-24 21:52:58,ativade3.js,5,5,2026-04-01T08:13:07.908290
genilsonsouzzaa-alt,/home/gilmar/Documents/algoritmos/logado-utfpr-ifam/logado-students/repos_logado/genilsonsouzzaa-alt/ativade3.json,ativade3.json,for,2026-03-24 21:52:59,ativade3.js,3,1,2026-04-01T08:13:07.908292
genilsonsouzzaa-alt,/home/gilmar/Documents/algoritmos/logado-utfpr-ifam/logado-students/repos_logado/genilsonsouzzaa-alt/ativade3.json,ativade3.json,let,2026-03-24 21:52:59,ativade3.js,3,6,2026-04-01T08:13:07.908293
genilsonsouzzaa-alt,/home/gilmar/Documents/algoritmos/logado-utfpr-ifam/logado-students/repos_logado/genilsonsouzzaa-alt/ativade3.json,ativade3.json,prompt,2026-03-24 21:54:08,ativade3.js,1,27,2026-04-01T08:13:07.908295
genilsonsouzzaa-alt,/home/gilmar/Documents/algoritmos/logado-utfpr-ifam/logado-students/repos_logado/genilsonsouzzaa-alt/ativade3.json,ativade3.json,let,2026-03-24 22:05:14,ativade3.js,1,1,2026-04-01T08:13:07.908296
genilsonsouzzaa-alt,/home/gilmar/Documents/algoritmos/logado-utfpr-ifam/logado-students/repos_logado/genilsonsouzzaa-alt/ativade3.json,ativade3.json,prompt,2026-03-24 22:05:14,ativade3.js,1,22,2026-04-01T08:13:07.908297
genilsonsouzzaa-alt,/home/gilmar/Documents/algoritmos/logado-utfpr-ifam/logado-students/repos_logado/genilsonsouzzaa-alt/ativade3.json,ativade3.json,let,2026-03-24 22:05:14,ativade3.js,1,1,2026-04-01T08:13:07.908299
genilsonsouzzaa-alt,/home/gilmar/Documents/algoritmos/logado-utfpr-ifam/logado-students/repos_logado/genilsonsouzzaa-alt/ativade3.json,ativade3.json,for,2026-03-24 22:05:14,ativade3.js,4,1,2026-04-01T08:13:07.908300
genilsonsouzzaa-alt,/home/gilmar/Documents/algoritmos/logado-utfpr-ifam/logado-students/repos_logado/genilsonsouzzaa-alt/ativade3.json,ativade3.json,let,2026-03-24 22:05:14,ativade3.js,1,1,2026-04-01T08:13:07.908302
genilsonsouzzaa-alt,/home/gilmar/Documents/algoritmos/logado-utfpr-ifam/logado-students/repos_logado/genilsonsouzzaa-alt/ativade3.json,ativade3.json,let,2026-03-24 22:05:14,ativade3.js,1,1,2026-04-01T08:13:07.908303
genilsonsouzzaa-alt,/home/gilmar/Documents/algoritmos/logado-utfpr-ifam/logado-students/repos_logado/genilsonsouzzaa-alt/ativade3.json,ativade3.json,prompt,2026-03-24 22:05:14,ativade3.js,1,22,2026-04-01T08:13:07.908304
genilsonsouzzaa-alt,/home/gilmar/Documents/algoritmos/logado-utfpr-ifam/logado-students/repos_logado/genilsonsouzzaa-alt/ativade3.json,ativade3.json,do,2026-03-24 22:05:14,ativade3.js,1,68,2026-04-01T08:13:07.908306
genilsonsouzzaa-alt,/home/gilmar/Documents/algoritmos/logado-utfpr-ifam/logado-students/repos_logado/genilsonsouzzaa-alt/ativade3.json,ativade3.json,alert,2026-03-24 22:05:14,ativade3.js,9,1,2026-04-01T08:13:07.908307
genilsonsouzzaa-alt,/home/gilmar/Documents/algoritmos/logado-utfpr-ifam/logado-students/repos_logado/genilsonsouzzaa-alt/ativade3.json,ativade3.json,let,2026-03-24 22:07:50,ativade3.js,1,1,2026-04-01T08:13:07.908309
genilsonsouzzaa-alt,/home/gilmar/Documents/algoritmos/logado-utfpr-ifam/logado-students/repos_logado/genilsonsouzzaa-alt/ativade3.json,ativade3.json,prompt,2026-03-24 22:07:50,ativade3.js,1,22,2026-04-01T08:13:07.908310
genilsonsouzzaa-alt,/home/gilmar/Documents/algoritmos/logado-utfpr-ifam/logado-students/repos_logado/genilsonsouzzaa-alt/ativade3.json,ativade3.json,let,2026-03-24 22:07:50,ativade3.js,1,1,2026-04-01T08:13:07.908312
genilsonsouzzaa-alt,/home/gilmar/Documents/algoritmos/logado-utfpr-ifam/logado-students/repos_logado/genilsonsouzzaa-alt/ativade3.json,ativade3.json,for,2026-03-24 22:07:50,ativade3.js,4,1,2026-04-01T08:13:07.908314
genilsonsouzzaa-alt,/home/gilmar/Documents/algoritmos/logado-utfpr-ifam/logado-students/repos_logado/genilsonsouzzaa-alt/ativade3.json,ativade3.json,let,2026-03-24 22:07:50,ativade3.js,1,1,2026-04-01T08:13:07.908316
genilsonsouzzaa-alt,/home/gilmar/Documents/algoritmos/logado-utfpr-ifam/logado-students/repos_logado/genilsonsouzzaa-alt/ativade3.json,ativade3.json,let,2026-03-24 22:07:50,ativade3.js,1,1,2026-04-01T08:13:07.908319
genilsonsouzzaa-alt,/home/gilmar/Documents/algoritmos/logado-utfpr-ifam/logado-students/repos_logado/genilsonsouzzaa-alt/ativade3.json,ativade3.json,prompt,2026-03-24 22:07:50,ativade3.js,1,22,2026-04-01T08:13:07.908321
genilsonsouzzaa-alt,/home/gilmar/Documents/algoritmos/logado-utfpr-ifam/logado-students/repos_logado/genilsonsouzzaa-alt/ativade3.json,ativade3.json,do,2026-03-24 22:07:50,ativade3.js,1,68,2026-04-01T08:13:07.908323
genilsonsouzzaa-alt,/home/gilmar/Documents/algoritmos/logado-utfpr-ifam/logado-students/repos_logado/genilsonsouzzaa-alt/ativade3.json,ativade3.json,alert,2026-03-24 22:07:50,ativade3.js,9,1,2026-04-01T08:13:07.908327
genilsonsouzzaa-alt,/home/gilmar/Documents/algoritmos/logado-utfpr-ifam/logado-students/repos_logado/genilsonsouzzaa-alt/espalhamento.json,espalhamento.json,alert,2026-03-19 22:27:58,espalhamento.js,2,1,2026-04-01T08:13:07.908347
genilsonsouzzaa-alt,/home/gilmar/Documents/algoritmos/logado-utfpr-ifam/logado-students/repos_logado/genilsonsouzzaa-alt/espalhamento.json,espalhamento.json,max,2026-03-19 22:28:11,espalhamento.js,2,12,2026-04-01T08:13:07.908349
genilsonsouzzaa-alt,/home/gilmar/Documents/algoritmos/logado-utfpr-ifam/logado-students/repos_logado/genilsonsouzzaa-alt/pan.json,pan.json,for,2026-02-26 20:41:34,pan.js,2,1,2026-04-01T08:13:07.908361
genilsonsouzzaa-alt,/home/gilmar/Documents/algoritmos/logado-utfpr-ifam/logado-students/repos_logado/genilsonsouzzaa-alt/vetor_par_impar.json,vetor_par_impar.json,prompt,2026-03-12 21:37:49,vetor_par_impar.js,4,22,2026-04-01T08:13:07.908380
genilsonsouzzaa-alt,/home/gilmar/Documents/algoritmos/logado-utfpr-ifam/logado-students/repos_logado/genilsonsouzzaa-alt/vetor_par_impar.json,vetor_par_impar.json,alert,2026-03-12 21:38:54,vetor_par_impar.js,6,5,2026-04-01T08:13:07.908382
genilsonsouzzaa-alt,/home/gilmar/Documents/algoritmos/logado-utfpr-ifam/logado-students/repos_logado/genilsonsouzzaa-alt/vetor_par_impar.json,vetor_par_impar.json,alert,2026-03-12 21:49:51,vetor_par_impar.js,6,9,2026-04-01T08:13:07.908383
genilsonsouzzaa-alt,/home/gilmar/Documents/algoritmos/logado-utfpr-ifam/logado-students/repos_logado/genilsonsouzzaa-alt/vetor_par_impar.json,vetor_par_impar.json,else,2026-03-12 21:50:33,vetor_par_impar.js,7,5,2026-04-01T08:13:07.908385
genilsonsouzzaa-alt,/home/gilmar/Documents/algoritmos/logado-utfpr-ifam/logado-students/repos_logado/genilsonsouzzaa-alt/vetor_par_impar.json,vetor_par_impar.json,alert,2026-03-12 21:50:41,vetor_par_impar.js,8,9,2026-04-01T08:13:07.908386
genilsonsouzzaa-alt,/home/gilmar/Documents/algoritmos/logado-utfpr-ifam/logado-students/repos_logado/genilsonsouzzaa-alt/vetor_par_impar.json,vetor_par_impar.json,prompt,2026-03-12 21:56:11,vetor_par_impar.js,5,28,2026-04-01T08:13:07.908388
genilsonsouzzaa-alt,/home/gilmar/Documents/algoritmos/logado-utfpr-ifam/logado-students/repos_logado/genilsonsouzzaa-alt/vetor_par_impar.json,vetor_par_impar.json,alert,2026-03-12 22:11:48,vetor_par_impar.js,10,9,2026-04-01T08:13:07.908389
genilsonsouzzaa-alt,/home/gilmar/Documents/algoritmos/logado-utfpr-ifam/logado-students/repos_logado/genilsonsouzzaa-alt/vetor_par_impar.json,vetor_par_impar.json,alert,2026-03-12 22:11:57,vetor_par_impar.js,15,9,2026-04-01T08:13:07.908390
genilsonsouzzaa-alt,/home/gilmar/Documents/algoritmos/logado-utfpr-ifam/logado-students/repos_logado/genilsonsouzzaa-alt/funcaovetor.json,funcaovetor.json,function,2026-03-25 22:15:45,funcaovetor.js,1,1,2026-04-01T08:13:07.908422
genilsonsouzzaa-alt,/home/gilmar/Documents/algoritmos/logado-utfpr-ifam/logado-students/repos_logado/genilsonsouzzaa-alt/funcaovetor.json,funcaovetor.json,return,2026-03-25 22:18:50,funcaovetor.js,2,5,2026-04-01T08:13:07.908423
genilsonsouzzaa-alt,/home/gilmar/Documents/algoritmos/logado-utfpr-ifam/logado-students/repos_logado/genilsonsouzzaa-alt/funcaovetor.json,funcaovetor.json,function,2026-03-25 22:19:03,funcaovetor.js,4,1,2026-04-01T08:13:07.908425
genilsonsouzzaa-alt,/home/gilmar/Documents/algoritmos/logado-utfpr-ifam/logado-students/repos_logado/genilsonsouzzaa-alt/funcaovetor.json,funcaovetor.json,return,2026-03-25 22:19:24,funcaovetor.js,5,5,2026-04-01T08:13:07.908426
genilsonsouzzaa-alt,/home/gilmar/Documents/algoritmos/logado-utfpr-ifam/logado-students/repos_logado/genilsonsouzzaa-alt/funcaovetor.json,funcaovetor.json,prompt,2026-03-25 22:19:57,funcaovetor.js,1,15,2026-04-01T08:13:07.908428
genilsonsouzzaa-alt,/home/gilmar/Documents/algoritmos/logado-utfpr-ifam/logado-students/repos_logado/genilsonsouzzaa-alt/funcaovetor.json,funcaovetor.json,function,2026-03-25 22:21:10,funcaovetor.js,1,1,2026-04-01T08:13:07.908430
genilsonsouzzaa-alt,/home/gilmar/Documents/algoritmos/logado-utfpr-ifam/logado-students/repos_logado/genilsonsouzzaa-alt/funcaovetor.json,funcaovetor.json,return,2026-03-25 22:21:11,funcaovetor.js,2,5,2026-04-01T08:13:07.908432
genilsonsouzzaa-alt,/home/gilmar/Documents/algoritmos/logado-utfpr-ifam/logado-students/repos_logado/genilsonsouzzaa-alt/funcaovetor.json,funcaovetor.json,alert,2026-03-25 22:22:03,funcaovetor.js,7,2,2026-04-01T08:13:07.908434
genilsonsouzzaa-alt,/home/gilmar/Documents/algoritmos/logado-utfpr-ifam/logado-students/repos_logado/genilsonsouzzaa-alt/funcaovetor.json,funcaovetor.json,const,2026-03-26 20:19:47,funcaovetor.js,4,1,2026-04-01T08:13:07.908435
genilsonsouzzaa-alt,/home/gilmar/Documents/algoritmos/logado-utfpr-ifam/logado-students/repos_logado/genilsonsouzzaa-alt/funcaovetor.json,funcaovetor.json,var,2026-03-26 20:20:13,funcaovetor.js,5,2,2026-04-01T08:13:07.908436
genilsonsouzzaa-alt,/home/gilmar/Documents/algoritmos/logado-utfpr-ifam/logado-students/repos_logado/genilsonsouzzaa-alt/funcaovetor.json,funcaovetor.json,prompt,2026-03-26 20:20:13,funcaovetor.js,5,25,2026-04-01T08:13:07.908438
genilsonsouzzaa-alt,/home/gilmar/Documents/algoritmos/logado-utfpr-ifam/logado-students/repos_logado/genilsonsouzzaa-alt/funcaovetor.json,funcaovetor.json,prompt,2026-03-26 20:20:32,funcaovetor.js,6,25,2026-04-01T08:13:07.908439
genilsonsouzzaa-alt,/home/gilmar/Documents/algoritmos/logado-utfpr-ifam/logado-students/repos_logado/genilsonsouzzaa-alt/funcaovetor.json,funcaovetor.json,for,2026-03-26 20:23:55,funcaovetor.js,5,1,2026-04-01T08:13:07.908441
genilsonsouzzaa-alt,/home/gilmar/Documents/algoritmos/logado-utfpr-ifam/logado-students/repos_logado/genilsonsouzzaa-alt/funcaovetor.json,funcaovetor.json,let,2026-03-26 20:23:55,funcaovetor.js,5,6,2026-04-01T08:13:07.908444
genilsonsouzzaa-alt,/home/gilmar/Documents/algoritmos/logado-utfpr-ifam/logado-students/repos_logado/genilsonsouzzaa-alt/funcaovetor.json,funcaovetor.json,alert,2026-03-26 20:24:32,funcaovetor.js,2,4,2026-04-01T08:13:07.908446
genilsonsouzzaa-alt,/home/gilmar/Documents/algoritmos/logado-utfpr-ifam/logado-students/repos_logado/genilsonsouzzaa-alt/funcaovetor.json,funcaovetor.json,var,2026-03-26 20:25:09,funcaovetor.js,5,50,2026-04-01T08:13:07.908448
genilsonsouzzaa-alt,/home/gilmar/Documents/algoritmos/logado-utfpr-ifam/logado-students/repos_logado/genilsonsouzzaa-alt/funcaovetor.json,funcaovetor.json,prompt,2026-03-26 20:25:09,funcaovetor.js,5,50,2026-04-01T08:13:07.908450
genilsonsouzzaa-alt,/home/gilmar/Documents/algoritmos/logado-utfpr-ifam/logado-students/repos_logado/genilsonsouzzaa-alt/funcaovetor.json,funcaovetor.json,let,2026-03-26 20:26:43,funcaovetor.js,2,3,2026-04-01T08:13:07.908451
genilsonsouzzaa-alt,/home/gilmar/Documents/algoritmos/logado-utfpr-ifam/logado-students/repos_logado/genilsonsouzzaa-alt/funcaovetor.json,funcaovetor.json,prompt,2026-03-26 20:26:56,funcaovetor.js,2,17,2026-04-01T08:13:07.908452
genilsonsouzzaa-alt,/home/gilmar/Documents/algoritmos/logado-utfpr-ifam/logado-students/repos_logado/genilsonsouzzaa-alt/funcaovetor.json,funcaovetor.json,const,2026-03-26 20:47:50,funcaovetor.js,1,1,2026-04-01T08:13:07.908454
genilsonsouzzaa-alt,/home/gilmar/Documents/algoritmos/logado-utfpr-ifam/logado-students/repos_logado/genilsonsouzzaa-alt/funcaovetor.json,funcaovetor.json,var,2026-03-26 20:47:50,funcaovetor.js,2,5,2026-04-01T08:13:07.908455
genilsonsouzzaa-alt,/home/gilmar/Documents/algoritmos/logado-utfpr-ifam/logado-students/repos_logado/genilsonsouzzaa-alt/funcaovetor.json,funcaovetor.json,prompt,2026-03-26 20:47:50,funcaovetor.js,2,28,2026-04-01T08:13:07.908457
genilsonsouzzaa-alt,/home/gilmar/Documents/algoritmos/logado-utfpr-ifam/logado-students/repos_logado/genilsonsouzzaa-alt/funcaovetor.json,funcaovetor.json,for,2026-03-26 20:47:50,funcaovetor.js,3,5,2026-04-01T08:13:07.908458
genilsonsouzzaa-alt,/home/gilmar/Documents/algoritmos/logado-utfpr-ifam/logado-students/repos_logado/genilsonsouzzaa-alt/funcaovetor.json,funcaovetor.json,let,2026-03-26 20:47:50,funcaovetor.js,3,10,2026-04-01T08:13:07.908459
genilsonsouzzaa-alt,/home/gilmar/Documents/algoritmos/logado-utfpr-ifam/logado-students/repos_logado/genilsonsouzzaa-alt/funcaovetor.json,funcaovetor.json,prompt,2026-03-26 20:47:50,funcaovetor.js,2,28,2026-04-01T08:13:07.908462
genilsonsouzzaa-alt,/home/gilmar/Documents/algoritmos/logado-utfpr-ifam/logado-students/repos_logado/genilsonsouzzaa-alt/funcaovetor.json,funcaovetor.json,for,2026-03-26 20:47:50,funcaovetor.js,3,5,2026-04-01T08:13:07.908464
genilsonsouzzaa-alt,/home/gilmar/Documents/algoritmos/logado-utfpr-ifam/logado-students/repos_logado/genilsonsouzzaa-alt/funcaovetor.json,funcaovetor.json,let,2026-03-26 20:47:50,funcaovetor.js,3,10,2026-04-01T08:13:07.908465
genilsonsouzzaa-alt,/home/gilmar/Documents/algoritmos/logado-utfpr-ifam/logado-students/repos_logado/genilsonsouzzaa-alt/funcaovetor.json,funcaovetor.json,function,2026-03-26 20:48:01,funcaovetor.js,3,5,2026-04-01T08:13:07.908466
genilsonsouzzaa-alt,/home/gilmar/Documents/algoritmos/logado-utfpr-ifam/logado-students/repos_logado/genilsonsouzzaa-alt/funcaovetor.json,funcaovetor.json,function,2026-03-26 20:49:03,funcaovetor.js,8,1,2026-04-01T08:13:07.908468
genilsonsouzzaa-alt,/home/gilmar/Documents/algoritmos/logado-utfpr-ifam/logado-students/repos_logado/genilsonsouzzaa-alt/aprovacao2.json,aprovacao2.json,do,2026-03-06 21:20:42,aprovacao2.js,1,1,2026-04-01T08:13:07.908498
genilsonsouzzaa-alt,/home/gilmar/Documents/algoritmos/logado-utfpr-ifam/logado-students/repos_logado/genilsonsouzzaa-alt/aprovacao2.json,aprovacao2.json,var,2026-03-06 21:20:42,aprovacao2.js,2,5,2026-04-01T08:13:07.908500
genilsonsouzzaa-alt,/home/gilmar/Documents/algoritmos/logado-utfpr-ifam/logado-students/repos_logado/genilsonsouzzaa-alt/aprovacao2.json,aprovacao2.json,var,2026-03-06 21:20:42,aprovacao2.js,2,5,2026-04-01T08:13:07.908501
genilsonsouzzaa-alt,/home/gilmar/Documents/algoritmos/logado-utfpr-ifam/logado-students/repos_logado/genilsonsouzzaa-alt/aprovacao2.json,aprovacao2.json,prompt,2026-03-06 21:20:42,aprovacao2.js,3,27,2026-04-01T08:13:07.908503
genilsonsouzzaa-alt,/home/gilmar/Documents/algoritmos/logado-utfpr-ifam/logado-students/repos_logado/genilsonsouzzaa-alt/aprovacao2.json,aprovacao2.json,var,2026-03-06 21:20:42,aprovacao2.js,2,5,2026-04-01T08:13:07.908504
genilsonsouzzaa-alt,/home/gilmar/Documents/algoritmos/logado-utfpr-ifam/logado-students/repos_logado/genilsonsouzzaa-alt/aprovacao2.json,aprovacao2.json,prompt,2026-03-06 21:20:42,aprovacao2.js,3,27,2026-04-01T08:13:07.908506
genilsonsouzzaa-alt,/home/gilmar/Documents/algoritmos/logado-utfpr-ifam/logado-students/repos_logado/genilsonsouzzaa-alt/aprovacao2.json,aprovacao2.json,var,2026-03-06 21:20:42,aprovacao2.js,2,5,2026-04-01T08:13:07.908507
genilsonsouzzaa-alt,/home/gilmar/Documents/algoritmos/logado-utfpr-ifam/logado-students/repos_logado/genilsonsouzzaa-alt/aprovacao2.json,aprovacao2.json,alert,2026-03-06 21:20:42,aprovacao2.js,6,3,2026-04-01T08:13:07.908509
genilsonsouzzaa-alt,/home/gilmar/Documents/algoritmos/logado-utfpr-ifam/logado-students/repos_logado/genilsonsouzzaa-alt/aprovacao2.json,aprovacao2.json,if,2026-03-06 21:20:42,aprovacao2.js,7,1,2026-04-01T08:13:07.908510
genilsonsouzzaa-alt,/home/gilmar/Documents/algoritmos/logado-utfpr-ifam/logado-students/repos_logado/genilsonsouzzaa-alt/aprovacao2.json,aprovacao2.json,alert,2026-03-06 21:20:42,aprovacao2.js,6,3,2026-04-01T08:13:07.908511
genilsonsouzzaa-alt,/home/gilmar/Documents/algoritmos/logado-utfpr-ifam/logado-students/repos_logado/genilsonsouzzaa-alt/aprovacao2.json,aprovacao2.json,else,2026-03-06 21:20:42,aprovacao2.js,11,1,2026-04-01T08:13:07.908513
genilsonsouzzaa-alt,/home/gilmar/Documents/algoritmos/logado-utfpr-ifam/logado-students/repos_logado/genilsonsouzzaa-alt/aprovacao2.json,aprovacao2.json,if,2026-03-06 21:20:42,aprovacao2.js,7,1,2026-04-01T08:13:07.908514
genilsonsouzzaa-alt,/home/gilmar/Documents/algoritmos/logado-utfpr-ifam/logado-students/repos_logado/genilsonsouzzaa-alt/aprovacao2.json,aprovacao2.json,alert,2026-03-06 21:20:42,aprovacao2.js,6,3,2026-04-01T08:13:07.908515
genilsonsouzzaa-alt,/home/gilmar/Documents/algoritmos/logado-utfpr-ifam/logado-students/repos_logado/genilsonsouzzaa-alt/aprovacao2.json,aprovacao2.json,prompt,2026-03-06 21:20:42,aprovacao2.js,3,27,2026-04-01T08:13:07.908517
genilsonsouzzaa-alt,/home/gilmar/Documents/algoritmos/logado-utfpr-ifam/logado-students/repos_logado/genilsonsouzzaa-alt/aprovacao2.json,aprovacao2.json,if,2026-03-06 21:20:42,aprovacao2.js,7,1,2026-04-01T08:13:07.908518
genilsonsouzzaa-alt,/home/gilmar/Documents/algoritmos/logado-utfpr-ifam/logado-students/repos_logado/genilsonsouzzaa-alt/aprovacao2.json,aprovacao2.json,alert,2026-03-06 21:20:42,aprovacao2.js,6,3,2026-04-01T08:13:07.908521
genilsonsouzzaa-alt,/home/gilmar/Documents/algoritmos/logado-utfpr-ifam/logado-students/repos_logado/genilsonsouzzaa-alt/aprovacao2.json,aprovacao2.json,else,2026-03-06 21:20:42,aprovacao2.js,11,1,2026-04-01T08:13:07.908522
genilsonsouzzaa-alt,/home/gilmar/Documents/algoritmos/logado-utfpr-ifam/logado-students/repos_logado/genilsonsouzzaa-alt/aprovacao2.json,aprovacao2.json,alert,2026-03-06 21:20:42,aprovacao2.js,6,3,2026-04-01T08:13:07.908524
genilsonsouzzaa-alt,/home/gilmar/Documents/algoritmos/logado-utfpr-ifam/logado-students/repos_logado/genilsonsouzzaa-alt/aprovacao2.json,aprovacao2.json,else,2026-03-06 21:20:42,aprovacao2.js,11,1,2026-04-01T08:13:07.908525
genilsonsouzzaa-alt,/home/gilmar/Documents/algoritmos/logado-utfpr-ifam/logado-students/repos_logado/genilsonsouzzaa-alt/aprovacao2.json,aprovacao2.json,alert,2026-03-06 21:20:42,aprovacao2.js,6,3,2026-04-01T08:13:07.908527
genilsonsouzzaa-alt,/home/gilmar/Documents/algoritmos/logado-utfpr-ifam/logado-students/repos_logado/genilsonsouzzaa-alt/aprovacao2.json,aprovacao2.json,while,2026-03-06 21:20:42,aprovacao2.js,29,2,2026-04-01T08:13:07.908530
genilsonsouzzaa-alt,/home/gilmar/Documents/algoritmos/logado-utfpr-ifam/logado-students/repos_logado/genilsonsouzzaa-alt/aprovacao2.json,aprovacao2.json,alert,2026-03-06 21:20:42,aprovacao2.js,6,3,2026-04-01T08:13:07.908531
genilsonsouzzaa-alt,/home/gilmar/Documents/algoritmos/logado-utfpr-ifam/logado-students/repos_logado/genilsonsouzzaa-alt/aprovacao2.json,aprovacao2.json,alert,2026-03-06 21:23:28,aprovacao2.js,10,5,2026-04-01T08:13:07.908533
genilsonsouzzaa-alt,/home/gilmar/Documents/algoritmos/logado-utfpr-ifam/logado-students/repos_logado/genilsonsouzzaa-alt/aprovacao2.json,aprovacao2.json,alert,2026-03-06 21:23:40,aprovacao2.js,14,5,2026-04-01T08:13:07.908534
genilsonsouzzaa-alt,/home/gilmar/Documents/algoritmos/logado-utfpr-ifam/logado-students/repos_logado/genilsonsouzzaa-alt/aprovacao2.json,aprovacao2.json,alert,2026-03-06 21:23:51,aprovacao2.js,29,5,2026-04-01T08:13:07.908536
genilsonsouzzaa-alt,/home/gilmar/Documents/algoritmos/logado-utfpr-ifam/logado-students/repos_logado/genilsonsouzzaa-alt/aprovacao2.json,aprovacao2.json,do,2026-03-06 21:32:36,aprovacao2.js,3,5,2026-04-01T08:13:07.908537
genilsonsouzzaa-alt,/home/gilmar/Documents/algoritmos/logado-utfpr-ifam/logado-students/repos_logado/genilsonsouzzaa-alt/exercicio_06.json,exercicio_06.json,alert,2026-03-03 20:30:01,exercicio_06.js,4,5,2026-04-01T08:13:07.908555
genilsonsouzzaa-alt,/home/gilmar/Documents/algoritmos/logado-utfpr-ifam/logado-students/repos_logado/genilsonsouzzaa-alt/exercicio_06.json,exercicio_06.json,else,2026-03-03 20:30:18,exercicio_06.js,5,1,2026-04-01T08:13:07.908556
genilsonsouzzaa-alt,/home/gilmar/Documents/algoritmos/logado-utfpr-ifam/logado-students/repos_logado/genilsonsouzzaa-alt/exercicio_06.json,exercicio_06.json,let,2026-03-03 21:21:13,exercicio_06.js,2,1,2026-04-01T08:13:07.908558
genilsonsouzzaa-alt,/home/gilmar/Documents/algoritmos/logado-utfpr-ifam/logado-students/repos_logado/genilsonsouzzaa-alt/exercicio_06.json,exercicio_06.json,prompt,2026-03-03 21:21:13,exercicio_06.js,2,27,2026-04-01T08:13:07.908560
genilsonsouzzaa-alt,/home/gilmar/Documents/algoritmos/logado-utfpr-ifam/logado-students/repos_logado/genilsonsouzzaa-alt/time.json,time.json,prompt,2026-03-05 21:52:52,time.js,1,12,2026-04-01T08:13:07.908579
genilsonsouzzaa-alt,/home/gilmar/Documents/algoritmos/logado-utfpr-ifam/logado-students/repos_logado/genilsonsouzzaa-alt/time.json,time.json,while,2026-03-05 21:53:56,time.js,6,1,2026-04-01T08:13:07.908581
genilsonsouzzaa-alt,/home/gilmar/Documents/algoritmos/logado-utfpr-ifam/logado-students/repos_logado/genilsonsouzzaa-alt/time.json,time.json,while,2026-03-05 21:54:06,time.js,5,2,2026-04-01T08:13:07.908582
genilsonsouzzaa-alt,/home/gilmar/Documents/algoritmos/logado-utfpr-ifam/logado-students/repos_logado/genilsonsouzzaa-alt/time.json,time.json,alert,2026-03-05 21:54:33,time.js,6,5,2026-04-01T08:13:07.908585
genilsonsouzzaa-alt,/home/gilmar/Documents/algoritmos/logado-utfpr-ifam/logado-students/repos_logado/genilsonsouzzaa-alt/time.json,time.json,let,2026-03-05 22:04:57,time.js,1,1,2026-04-01T08:13:07.908588
genilsonsouzzaa-alt,/home/gilmar/Documents/algoritmos/logado-utfpr-ifam/logado-students/repos_logado/genilsonsouzzaa-alt/time.json,time.json,do,2026-03-05 22:04:57,time.js,2,1,2026-04-01T08:13:07.908589
genilsonsouzzaa-alt,/home/gilmar/Documents/algoritmos/logado-utfpr-ifam/logado-students/repos_logado/genilsonsouzzaa-alt/time.json,time.json,alert,2026-03-05 22:10:40,time.js,4,5,2026-04-01T08:13:07.908591
genilsonsouzzaa-alt,/home/gilmar/Documents/algoritmos/logado-utfpr-ifam/logado-students/repos_logado/genilsonsouzzaa-alt/domingo.json,domingo.json,let,2026-02-27 20:03:22,domingo.js,3,5,2026-04-01T08:13:07.908631
genilsonsouzzaa-alt,/home/gilmar/Documents/algoritmos/logado-utfpr-ifam/logado-students/repos_logado/genilsonsouzzaa-alt/domingo.json,domingo.json,prompt,2026-02-27 20:04:48,domingo.js,4,25,2026-04-01T08:13:07.908633
genilsonsouzzaa-alt,/home/gilmar/Documents/algoritmos/logado-utfpr-ifam/logado-students/repos_logado/genilsonsouzzaa-alt/domingo.json,domingo.json,for,2026-02-27 20:05:13,domingo.js,4,5,2026-04-01T08:13:07.908635
genilsonsouzzaa-alt,/home/gilmar/Documents/algoritmos/logado-utfpr-ifam/logado-students/repos_logado/genilsonsouzzaa-alt/domingo.json,domingo.json,let,2026-02-27 20:05:13,domingo.js,4,10,2026-04-01T08:13:07.908637
genilsonsouzzaa-alt,/home/gilmar/Documents/algoritmos/logado-utfpr-ifam/logado-students/repos_logado/genilsonsouzzaa-alt/domingo.json,domingo.json,let,2026-02-27 20:05:14,domingo.js,3,1,2026-04-01T08:13:07.908639
genilsonsouzzaa-alt,/home/gilmar/Documents/algoritmos/logado-utfpr-ifam/logado-students/repos_logado/genilsonsouzzaa-alt/domingo.json,domingo.json,let,2026-02-27 20:05:19,domingo.js,1,1,2026-04-01T08:13:07.908641
genilsonsouzzaa-alt,/home/gilmar/Documents/algoritmos/logado-utfpr-ifam/logado-students/repos_logado/genilsonsouzzaa-alt/domingo.json,domingo.json,for,2026-02-27 20:05:20,domingo.js,2,1,2026-04-01T08:13:07.908644
genilsonsouzzaa-alt,/home/gilmar/Documents/algoritmos/logado-utfpr-ifam/logado-students/repos_logado/genilsonsouzzaa-alt/domingo.json,domingo.json,let,2026-02-27 20:05:20,domingo.js,2,6,2026-04-01T08:13:07.908646
genilsonsouzzaa-alt,/home/gilmar/Documents/algoritmos/logado-utfpr-ifam/logado-students/repos_logado/genilsonsouzzaa-alt/domingo.json,domingo.json,for,2026-02-27 20:05:37,domingo.js,4,5,2026-04-01T08:13:07.908647
genilsonsouzzaa-alt,/home/gilmar/Documents/algoritmos/logado-utfpr-ifam/logado-students/repos_logado/genilsonsouzzaa-alt/domingo.json,domingo.json,let,2026-02-27 20:05:37,domingo.js,4,10,2026-04-01T08:13:07.908653
genilsonsouzzaa-alt,/home/gilmar/Documents/algoritmos/logado-utfpr-ifam/logado-students/repos_logado/genilsonsouzzaa-alt/domingo.json,domingo.json,let,2026-02-27 20:05:38,domingo.js,3,1,2026-04-01T08:13:07.908655
genilsonsouzzaa-alt,/home/gilmar/Documents/algoritmos/logado-utfpr-ifam/logado-students/repos_logado/genilsonsouzzaa-alt/domingo.json,domingo.json,let,2026-02-27 20:10:27,domingo.js,1,1,2026-04-01T08:13:07.908657
genilsonsouzzaa-alt,/home/gilmar/Documents/algoritmos/logado-utfpr-ifam/logado-students/repos_logado/genilsonsouzzaa-alt/domingo.json,domingo.json,for,2026-02-27 20:10:27,domingo.js,2,1,2026-04-01T08:13:07.908659
genilsonsouzzaa-alt,/home/gilmar/Documents/algoritmos/logado-utfpr-ifam/logado-students/repos_logado/genilsonsouzzaa-alt/domingo.json,domingo.json,let,2026-02-27 20:10:27,domingo.js,1,1,2026-04-01T08:13:07.908661
genilsonsouzzaa-alt,/home/gilmar/Documents/algoritmos/logado-utfpr-ifam/logado-students/repos_logado/genilsonsouzzaa-alt/domingo.json,domingo.json,let,2026-02-27 20:16:42,domingo.js,1,1,2026-04-01T08:13:07.908662
genilsonsouzzaa-alt,/home/gilmar/Documents/algoritmos/logado-utfpr-ifam/logado-students/repos_logado/genilsonsouzzaa-alt/domingo.json,domingo.json,let,2026-02-27 20:16:43,domingo.js,1,1,2026-04-01T08:13:07.908664
genilsonsouzzaa-alt,/home/gilmar/Documents/algoritmos/logado-utfpr-ifam/logado-students/repos_logado/genilsonsouzzaa-alt/domingo.json,domingo.json,for,2026-02-27 20:16:43,domingo.js,2,1,2026-04-01T08:13:07.908665
genilsonsouzzaa-alt,/home/gilmar/Documents/algoritmos/logado-utfpr-ifam/logado-students/repos_logado/genilsonsouzzaa-alt/domingo.json,domingo.json,let,2026-02-27 20:16:43,domingo.js,1,1,2026-04-01T08:13:07.908669
genilsonsouzzaa-alt,/home/gilmar/Documents/algoritmos/logado-utfpr-ifam/logado-students/repos_logado/genilsonsouzzaa-alt/domingo.json,domingo.json,let,2026-02-27 20:16:45,domingo.js,2,1,2026-04-01T08:13:07.908670
genilsonsouzzaa-alt,/home/gilmar/Documents/algoritmos/logado-utfpr-ifam/logado-students/repos_logado/genilsonsouzzaa-alt/domingo.json,domingo.json,prompt,2026-02-27 20:16:45,domingo.js,1,21,2026-04-01T08:13:07.908672
genilsonsouzzaa-alt,/home/gilmar/Documents/algoritmos/logado-utfpr-ifam/logado-students/repos_logado/genilsonsouzzaa-alt/domingo.json,domingo.json,let,2026-02-27 20:16:46,domingo.js,1,1,2026-04-01T08:13:07.908673
genilsonsouzzaa-alt,/home/gilmar/Documents/algoritmos/logado-utfpr-ifam/logado-students/repos_logado/genilsonsouzzaa-alt/domingo.json,domingo.json,for,2026-02-27 20:16:46,domingo.js,2,1,2026-04-01T08:13:07.908674
genilsonsouzzaa-alt,/home/gilmar/Documents/algoritmos/logado-utfpr-ifam/logado-students/repos_logado/genilsonsouzzaa-alt/domingo.json,domingo.json,let,2026-02-27 20:16:46,domingo.js,2,6,2026-04-01T08:13:07.908676
genilsonsouzzaa-alt,/home/gilmar/Documents/algoritmos/logado-utfpr-ifam/logado-students/repos_logado/genilsonsouzzaa-alt/domingo.json,domingo.json,for,2026-02-27 20:16:46,domingo.js,4,5,2026-04-01T08:13:07.908677
genilsonsouzzaa-alt,/home/gilmar/Documents/algoritmos/logado-utfpr-ifam/logado-students/repos_logado/genilsonsouzzaa-alt/domingo.json,domingo.json,let,2026-02-27 20:16:46,domingo.js,4,10,2026-04-01T08:13:07.908678
genilsonsouzzaa-alt,/home/gilmar/Documents/algoritmos/logado-utfpr-ifam/logado-students/repos_logado/genilsonsouzzaa-alt/domingo.json,domingo.json,let,2026-02-27 20:16:46,domingo.js,3,1,2026-04-01T08:13:07.908679
genilsonsouzzaa-alt,/home/gilmar/Documents/algoritmos/logado-utfpr-ifam/logado-students/repos_logado/genilsonsouzzaa-alt/domingo.json,domingo.json,let,2026-02-27 20:16:47,domingo.js,1,1,2026-04-01T08:13:07.908681
genilsonsouzzaa-alt,/home/gilmar/Documents/algoritmos/logado-utfpr-ifam/logado-students/repos_logado/genilsonsouzzaa-alt/domingo.json,domingo.json,for,2026-02-27 20:16:47,domingo.js,2,1,2026-04-01T08:13:07.908682
genilsonsouzzaa-alt,/home/gilmar/Documents/algoritmos/logado-utfpr-ifam/logado-students/repos_logado/genilsonsouzzaa-alt/domingo.json,domingo.json,let,2026-02-27 20:16:47,domingo.js,2,6,2026-04-01T08:13:07.908683
genilsonsouzzaa-alt,/home/gilmar/Documents/algoritmos/logado-utfpr-ifam/logado-students/repos_logado/genilsonsouzzaa-alt/domingo.json,domingo.json,let,2026-02-27 20:16:50,domingo.js,2,1,2026-04-01T08:13:07.908685
genilsonsouzzaa-alt,/home/gilmar/Documents/algoritmos/logado-utfpr-ifam/logado-students/repos_logado/genilsonsouzzaa-alt/domingo.json,domingo.json,let,2026-02-27 20:16:51,domingo.js,3,5,2026-04-01T08:13:07.908686
genilsonsouzzaa-alt,/home/gilmar/Documents/algoritmos/logado-utfpr-ifam/logado-students/repos_logado/genilsonsouzzaa-alt/domingo.json,domingo.json,let,2026-02-27 20:16:53,domingo.js,3,5,2026-04-01T08:13:07.908687
genilsonsouzzaa-alt,/home/gilmar/Documents/algoritmos/logado-utfpr-ifam/logado-students/repos_logado/genilsonsouzzaa-alt/domingo.json,domingo.json,let,2026-02-27 20:16:56,domingo.js,2,1,2026-04-01T08:13:07.908689
genilsonsouzzaa-alt,/home/gilmar/Documents/algoritmos/logado-utfpr-ifam/logado-students/repos_logado/genilsonsouzzaa-alt/domingo.json,domingo.json,let,2026-02-27 20:16:56,domingo.js,2,1,2026-04-01T08:13:07.908690
genilsonsouzzaa-alt,/home/gilmar/Documents/algoritmos/logado-utfpr-ifam/logado-students/repos_logado/genilsonsouzzaa-alt/domingo.json,domingo.json,let,2026-02-27 20:21:07,domingo.js,2,6,2026-04-01T08:13:07.908692
genilsonsouzzaa-alt,/home/gilmar/Documents/algoritmos/logado-utfpr-ifam/logado-students/repos_logado/genilsonsouzzaa-alt/domingo.json,domingo.json,let,2026-02-27 20:21:07,domingo.js,1,1,2026-04-01T08:13:07.908693
genilsonsouzzaa-alt,/home/gilmar/Documents/algoritmos/logado-utfpr-ifam/logado-students/repos_logado/genilsonsouzzaa-alt/domingo.json,domingo.json,let,2026-02-27 20:21:07,domingo.js,1,1,2026-04-01T08:13:07.908696
genilsonsouzzaa-alt,/home/gilmar/Documents/algoritmos/logado-utfpr-ifam/logado-students/repos_logado/genilsonsouzzaa-alt/domingo.json,domingo.json,let,2026-02-27 20:21:07,domingo.js,1,1,2026-04-01T08:13:07.908702
genilsonsouzzaa-alt,/home/gilmar/Documents/algoritmos/logado-utfpr-ifam/logado-students/repos_logado/genilsonsouzzaa-alt/domingo.json,domingo.json,let,2026-02-27 20:21:07,domingo.js,1,12,2026-04-01T08:13:07.908703
genilsonsouzzaa-alt,/home/gilmar/Documents/algoritmos/logado-utfpr-ifam/logado-students/repos_logado/genilsonsouzzaa-alt/domingo.json,domingo.json,prompt,2026-02-27 20:21:07,domingo.js,1,21,2026-04-01T08:13:07.908705
genilsonsouzzaa-alt,/home/gilmar/Documents/algoritmos/logado-utfpr-ifam/logado-students/repos_logado/genilsonsouzzaa-alt/domingo.json,domingo.json,let,2026-02-27 20:24:10,domingo.js,1,1,2026-04-01T08:13:07.908706
genilsonsouzzaa-alt,/home/gilmar/Documents/algoritmos/logado-utfpr-ifam/logado-students/repos_logado/genilsonsouzzaa-alt/domingo.json,domingo.json,alert,2026-02-27 20:24:40,domingo.js,2,1,2026-04-01T08:13:07.908708
genilsonsouzzaa-alt,/home/gilmar/Documents/algoritmos/logado-utfpr-ifam/logado-students/repos_logado/genilsonsouzzaa-alt/domingo.json,domingo.json,alert,2026-02-27 20:26:07,domingo.js,3,5,2026-04-01T08:13:07.908709
genilsonsouzzaa-alt,/home/gilmar/Documents/algoritmos/logado-utfpr-ifam/logado-students/repos_logado/genilsonsouzzaa-alt/domingo.json,domingo.json,alert,2026-02-27 22:25:36,domingo.js,14,1,2026-04-01T08:13:07.908711
genilsonsouzzaa-alt,/home/gilmar/Documents/algoritmos/logado-utfpr-ifam/logado-students/repos_logado/genilsonsouzzaa-alt/exercicio_04.json,exercicio_04.json,prompt,2026-03-03 19:51:04,exercicio_04.js,2,25,2026-04-01T08:13:07.908743
genilsonsouzzaa-alt,/home/gilmar/Documents/algoritmos/logado-utfpr-ifam/logado-students/repos_logado/genilsonsouzzaa-alt/exercicio_04.json,exercicio_04.json,alert,2026-03-03 19:52:14,exercicio_04.js,4,5,2026-04-01T08:13:07.908746
genilsonsouzzaa-alt,/home/gilmar/Documents/algoritmos/logado-utfpr-ifam/logado-students/repos_logado/genilsonsouzzaa-alt/exercicio_04.json,exercicio_04.json,alert,2026-03-03 19:54:33,exercicio_04.js,6,5,2026-04-01T08:13:07.908747
genilsonsouzzaa-alt,/home/gilmar/Documents/algoritmos/logado-utfpr-ifam/logado-students/repos_logado/genilsonsouzzaa-alt/exercicio_04.json,exercicio_04.json,if,2026-03-03 19:55:37,exercicio_04.js,3,1,2026-04-01T08:13:07.908749
genilsonsouzzaa-alt,/home/gilmar/Documents/algoritmos/logado-utfpr-ifam/logado-students/repos_logado/genilsonsouzzaa-alt/exercicio_04.json,exercicio_04.json,let,2026-03-03 20:23:35,exercicio_04.js,1,1,2026-04-01T08:13:07.908750
genilsonsouzzaa-alt,/home/gilmar/Documents/algoritmos/logado-utfpr-ifam/logado-students/repos_logado/genilsonsouzzaa-alt/exercicio_04.json,exercicio_04.json,let,2026-03-03 20:23:35,exercicio_04.js,1,1,2026-04-01T08:13:07.908752
genilsonsouzzaa-alt,/home/gilmar/Documents/algoritmos/logado-utfpr-ifam/logado-students/repos_logado/genilsonsouzzaa-alt/exercicio_04.json,exercicio_04.json,prompt,2026-03-03 20:23:35,exercicio_04.js,2,25,2026-04-01T08:13:07.908753
genilsonsouzzaa-alt,/home/gilmar/Documents/algoritmos/logado-utfpr-ifam/logado-students/repos_logado/genilsonsouzzaa-alt/exercicio_04.json,exercicio_04.json,if,2026-03-03 20:23:35,exercicio_04.js,3,1,2026-04-01T08:13:07.908755
genilsonsouzzaa-alt,/home/gilmar/Documents/algoritmos/logado-utfpr-ifam/logado-students/repos_logado/genilsonsouzzaa-alt/exercicio_04.json,exercicio_04.json,alert,2026-03-03 20:23:35,exercicio_04.js,4,5,2026-04-01T08:13:07.908756
genilsonsouzzaa-alt,/home/gilmar/Documents/algoritmos/logado-utfpr-ifam/logado-students/repos_logado/genilsonsouzzaa-alt/exercicio_04.json,exercicio_04.json,else,2026-03-03 20:23:35,exercicio_04.js,5,2,2026-04-01T08:13:07.908758
genilsonsouzzaa-alt,/home/gilmar/Documents/algoritmos/logado-utfpr-ifam/logado-students/repos_logado/genilsonsouzzaa-alt/exercicio_04.json,exercicio_04.json,alert,2026-03-03 20:23:35,exercicio_04.js,4,5,2026-04-01T08:13:07.908759
genilsonsouzzaa-alt,/home/gilmar/Documents/algoritmos/logado-utfpr-ifam/logado-students/repos_logado/genilsonsouzzaa-alt/exercicio_04.json,exercicio_04.json,let,2026-03-03 20:23:46,exercicio_04.js,1,1,2026-04-01T08:13:07.908760
genilsonsouzzaa-alt,/home/gilmar/Documents/algoritmos/logado-utfpr-ifam/logado-students/repos_logado/genilsonsouzzaa-alt/exercicio_04.json,exercicio_04.json,let,2026-03-03 20:23:46,exercicio_04.js,1,1,2026-04-01T08:13:07.908763
genilsonsouzzaa-alt,/home/gilmar/Documents/algoritmos/logado-utfpr-ifam/logado-students/repos_logado/genilsonsouzzaa-alt/exercicio_04.json,exercicio_04.json,prompt,2026-03-03 20:23:46,exercicio_04.js,2,25,2026-04-01T08:13:07.908765
genilsonsouzzaa-alt,/home/gilmar/Documents/algoritmos/logado-utfpr-ifam/logado-students/repos_logado/genilsonsouzzaa-alt/exercicio_04.json,exercicio_04.json,if,2026-03-03 20:23:46,exercicio_04.js,3,1,2026-04-01T08:13:07.908767
genilsonsouzzaa-alt,/home/gilmar/Documents/algoritmos/logado-utfpr-ifam/logado-students/repos_logado/genilsonsouzzaa-alt/exercicio_04.json,exercicio_04.json,alert,2026-03-03 20:23:46,exercicio_04.js,4,5,2026-04-01T08:13:07.908768
genilsonsouzzaa-alt,/home/gilmar/Documents/algoritmos/logado-utfpr-ifam/logado-students/repos_logado/genilsonsouzzaa-alt/exercicio_04.json,exercicio_04.json,else,2026-03-03 20:23:46,exercicio_04.js,5,2,2026-04-01T08:13:07.908769
genilsonsouzzaa-alt,/home/gilmar/Documents/algoritmos/logado-utfpr-ifam/logado-students/repos_logado/genilsonsouzzaa-alt/exercicio_04.json,exercicio_04.json,alert,2026-03-03 20:23:46,exercicio_04.js,4,5,2026-04-01T08:13:07.908772
genilsonsouzzaa-alt,/home/gilmar/Documents/algoritmos/logado-utfpr-ifam/logado-students/repos_logado/genilsonsouzzaa-alt/exercicio_07.json,exercicio_07.json,while,2026-03-03 20:33:38,exercicio_07.js,2,1,2026-04-01T08:13:07.908789
genilsonsouzzaa-alt,/home/gilmar/Documents/algoritmos/logado-utfpr-ifam/logado-students/repos_logado/genilsonsouzzaa-alt/exercicio_07.json,exercicio_07.json,alert,2026-03-03 20:36:02,exercicio_07.js,3,5,2026-04-01T08:13:07.908791
genilsonsouzzaa-alt,/home/gilmar/Documents/algoritmos/logado-utfpr-ifam/logado-students/repos_logado/genilsonsouzzaa-alt/exercicio_07.json,exercicio_07.json,while,2026-03-03 21:34:10,exercicio_07.js,2,1,2026-04-01T08:13:07.908792
genilsonsouzzaa-alt,/home/gilmar/Documents/algoritmos/logado-utfpr-ifam/logado-students/repos_logado/genilsonsouzzaa-alt/exercicio_07.json,exercicio_07.json,alert,2026-03-03 21:35:28,exercicio_07.js,3,5,2026-04-01T08:13:07.908794
genilsonsouzzaa-alt,/home/gilmar/Documents/algoritmos/logado-utfpr-ifam/logado-students/repos_logado/genilsonsouzzaa-alt/exercicio_07.json,exercicio_07.json,console,2026-03-10 21:39:55,exercicio_07.js,5,5,2026-04-01T08:13:07.908795
genilsonsouzzaa-alt,/home/gilmar/Documents/algoritmos/logado-utfpr-ifam/logado-students/repos_logado/genilsonsouzzaa-alt/tabuada.json,tabuada.json,prompt,2026-03-13 19:44:53,tabuada.js,3,24,2026-04-01T08:13:07.908816
genilsonsouzzaa-alt,/home/gilmar/Documents/algoritmos/logado-utfpr-ifam/logado-students/repos_logado/genilsonsouzzaa-alt/tabuada.json,tabuada.json,prompt,2026-03-13 19:47:23,tabuada.js,5,25,2026-04-01T08:13:07.908818
genilsonsouzzaa-alt,/home/gilmar/Documents/algoritmos/logado-utfpr-ifam/logado-students/repos_logado/genilsonsouzzaa-alt/tabuada.json,tabuada.json,for,2026-03-13 19:48:28,tabuada.js,7,1,2026-04-01T08:13:07.908819
genilsonsouzzaa-alt,/home/gilmar/Documents/algoritmos/logado-utfpr-ifam/logado-students/repos_logado/genilsonsouzzaa-alt/tabuada.json,tabuada.json,let,2026-03-13 19:48:28,tabuada.js,7,1,2026-04-01T08:13:07.908821
genilsonsouzzaa-alt,/home/gilmar/Documents/algoritmos/logado-utfpr-ifam/logado-students/repos_logado/genilsonsouzzaa-alt/tabuada.json,tabuada.json,let,2026-03-13 19:48:29,tabuada.js,5,1,2026-04-01T08:13:07.908822
genilsonsouzzaa-alt,/home/gilmar/Documents/algoritmos/logado-utfpr-ifam/logado-students/repos_logado/genilsonsouzzaa-alt/tabuada.json,tabuada.json,prompt,2026-03-13 19:48:29,tabuada.js,5,24,2026-04-01T08:13:07.908823
genilsonsouzzaa-alt,/home/gilmar/Documents/algoritmos/logado-utfpr-ifam/logado-students/repos_logado/genilsonsouzzaa-alt/tabuada.json,tabuada.json,let,2026-03-13 19:48:33,tabuada.js,3,1,2026-04-01T08:13:07.908825
genilsonsouzzaa-alt,/home/gilmar/Documents/algoritmos/logado-utfpr-ifam/logado-students/repos_logado/genilsonsouzzaa-alt/tabuada.json,tabuada.json,prompt,2026-03-13 19:48:33,tabuada.js,3,24,2026-04-01T08:13:07.908826
genilsonsouzzaa-alt,/home/gilmar/Documents/algoritmos/logado-utfpr-ifam/logado-students/repos_logado/genilsonsouzzaa-alt/tabuada.json,tabuada.json,let,2026-03-13 19:49:29,tabuada.js,5,1,2026-04-01T08:13:07.908829
genilsonsouzzaa-alt,/home/gilmar/Documents/algoritmos/logado-utfpr-ifam/logado-students/repos_logado/genilsonsouzzaa-alt/tabuada.json,tabuada.json,prompt,2026-03-13 19:49:43,tabuada.js,3,20,2026-04-01T08:13:07.908830
genilsonsouzzaa-alt,/home/gilmar/Documents/algoritmos/logado-utfpr-ifam/logado-students/repos_logado/genilsonsouzzaa-alt/tabuada.json,tabuada.json,const,2026-03-13 19:53:43,tabuada.js,1,1,2026-04-01T08:13:07.908831
genilsonsouzzaa-alt,/home/gilmar/Documents/algoritmos/logado-utfpr-ifam/logado-students/repos_logado/genilsonsouzzaa-alt/tabuada.json,tabuada.json,for,2026-03-13 19:56:42,tabuada.js,7,1,2026-04-01T08:13:07.908833
genilsonsouzzaa-alt,/home/gilmar/Documents/algoritmos/logado-utfpr-ifam/logado-students/repos_logado/genilsonsouzzaa-alt/tabuada.json,tabuada.json,let,2026-03-13 19:56:42,tabuada.js,7,7,2026-04-01T08:13:07.908834
genilsonsouzzaa-alt,/home/gilmar/Documents/algoritmos/logado-utfpr-ifam/logado-students/repos_logado/genilsonsouzzaa-alt/troca.json,troca.json,alert,2026-03-20 20:05:05,troca.js,3,2,2026-04-01T08:13:07.908850
genilsonsouzzaa-alt,/home/gilmar/Documents/algoritmos/logado-utfpr-ifam/logado-students/repos_logado/genilsonsouzzaa-alt/troca.json,troca.json,if,2026-03-20 20:07:48,troca.js,4,2,2026-04-01T08:13:07.908851
genilsonsouzzaa-alt,/home/gilmar/Documents/algoritmos/logado-utfpr-ifam/logado-students/repos_logado/genilsonsouzzaa-alt/troca.json,troca.json,alert,2026-03-20 20:34:52,troca.js,6,2,2026-04-01T08:13:07.908853
genilsonsouzzaa-alt,/home/gilmar/Documents/algoritmos/logado-utfpr-ifam/logado-students/repos_logado/genilsonsouzzaa-alt/select.json,select.json,let,2026-03-25 19:33:56,select.js,1,1,2026-04-01T08:13:07.908877
genilsonsouzzaa-alt,/home/gilmar/Documents/algoritmos/logado-utfpr-ifam/logado-students/repos_logado/genilsonsouzzaa-alt/select.json,select.json,for,2026-03-25 19:33:56,select.js,3,1,2026-04-01T08:13:07.908878
genilsonsouzzaa-alt,/home/gilmar/Documents/algoritmos/logado-utfpr-ifam/logado-students/repos_logado/genilsonsouzzaa-alt/select.json,select.json,let,2026-03-25 19:33:56,select.js,1,1,2026-04-01T08:13:07.908880
genilsonsouzzaa-alt,/home/gilmar/Documents/algoritmos/logado-utfpr-ifam/logado-students/repos_logado/genilsonsouzzaa-alt/select.json,select.json,undefined,2026-03-25 19:33:56,select.js,3,25,2026-04-01T08:13:07.908882
genilsonsouzzaa-alt,/home/gilmar/Documents/algoritmos/logado-utfpr-ifam/logado-students/repos_logado/genilsonsouzzaa-alt/select.json,select.json,let,2026-03-25 19:33:56,select.js,1,1,2026-04-01T08:13:07.908883
genilsonsouzzaa-alt,/home/gilmar/Documents/algoritmos/logado-utfpr-ifam/logado-students/repos_logado/genilsonsouzzaa-alt/select.json,select.json,for,2026-03-25 19:33:56,select.js,3,1,2026-04-01T08:13:07.908885
genilsonsouzzaa-alt,/home/gilmar/Documents/algoritmos/logado-utfpr-ifam/logado-students/repos_logado/genilsonsouzzaa-alt/select.json,select.json,let,2026-03-25 19:33:56,select.js,1,1,2026-04-01T08:13:07.908886
genilsonsouzzaa-alt,/home/gilmar/Documents/algoritmos/logado-utfpr-ifam/logado-students/repos_logado/genilsonsouzzaa-alt/select.json,select.json,undefined,2026-03-25 19:33:56,select.js,3,25,2026-04-01T08:13:07.908889
genilsonsouzzaa-alt,/home/gilmar/Documents/algoritmos/logado-utfpr-ifam/logado-students/repos_logado/genilsonsouzzaa-alt/select.json,select.json,if,2026-03-25 19:33:56,select.js,7,5,2026-04-01T08:13:07.908890
genilsonsouzzaa-alt,/home/gilmar/Documents/algoritmos/logado-utfpr-ifam/logado-students/repos_logado/genilsonsouzzaa-alt/select.json,select.json,let,2026-03-25 19:33:56,select.js,1,1,2026-04-01T08:13:07.908892
genilsonsouzzaa-alt,/home/gilmar/Documents/algoritmos/logado-utfpr-ifam/logado-students/repos_logado/genilsonsouzzaa-alt/select.json,select.json,alert,2026-03-25 19:33:56,select.js,14,1,2026-04-01T08:13:07.908893
genilsonsouzzaa-alt,/home/gilmar/Documents/algoritmos/logado-utfpr-ifam/logado-students/repos_logado/genilsonsouzzaa-alt/select.json,select.json,function,2026-03-25 20:16:58,select.js,1,2,2026-04-01T08:13:07.908895
genilsonsouzzaa-alt,/home/gilmar/Documents/algoritmos/logado-utfpr-ifam/logado-students/repos_logado/genilsonsouzzaa-alt/select.json,select.json,let,2026-03-25 20:16:58,select.js,2,3,2026-04-01T08:13:07.908897
genilsonsouzzaa-alt,/home/gilmar/Documents/algoritmos/logado-utfpr-ifam/logado-students/repos_logado/genilsonsouzzaa-alt/select.json,select.json,do,2026-03-25 20:16:58,select.js,2,43,2026-04-01T08:13:07.908899
genilsonsouzzaa-alt,/home/gilmar/Documents/algoritmos/logado-utfpr-ifam/logado-students/repos_logado/genilsonsouzzaa-alt/select.json,select.json,for,2026-03-25 20:16:58,select.js,4,3,2026-04-01T08:13:07.908900
genilsonsouzzaa-alt,/home/gilmar/Documents/algoritmos/logado-utfpr-ifam/logado-students/repos_logado/genilsonsouzzaa-alt/select.json,select.json,let,2026-03-25 20:16:58,select.js,2,3,2026-04-01T08:13:07.908901
genilsonsouzzaa-alt,/home/gilmar/Documents/algoritmos/logado-utfpr-ifam/logado-students/repos_logado/genilsonsouzzaa-alt/select.json,select.json,let,2026-03-25 20:16:58,select.js,2,3,2026-04-01T08:13:07.908903
genilsonsouzzaa-alt,/home/gilmar/Documents/algoritmos/logado-utfpr-ifam/logado-students/repos_logado/genilsonsouzzaa-alt/select.json,select.json,do,2026-03-25 20:16:58,select.js,2,43,2026-04-01T08:13:07.908905
genilsonsouzzaa-alt,/home/gilmar/Documents/algoritmos/logado-utfpr-ifam/logado-students/repos_logado/genilsonsouzzaa-alt/select.json,select.json,do,2026-03-25 20:16:58,select.js,2,43,2026-04-01T08:13:07.908907
genilsonsouzzaa-alt,/home/gilmar/Documents/algoritmos/logado-utfpr-ifam/logado-students/repos_logado/genilsonsouzzaa-alt/select.json,select.json,for,2026-03-25 20:16:58,select.js,4,3,2026-04-01T08:13:07.908908
genilsonsouzzaa-alt,/home/gilmar/Documents/algoritmos/logado-utfpr-ifam/logado-students/repos_logado/genilsonsouzzaa-alt/select.json,select.json,let,2026-03-25 20:16:58,select.js,2,3,2026-04-01T08:13:07.908909
genilsonsouzzaa-alt,/home/gilmar/Documents/algoritmos/logado-utfpr-ifam/logado-students/repos_logado/genilsonsouzzaa-alt/select.json,select.json,if,2026-03-25 20:16:58,select.js,9,7,2026-04-01T08:13:07.908911
genilsonsouzzaa-alt,/home/gilmar/Documents/algoritmos/logado-utfpr-ifam/logado-students/repos_logado/genilsonsouzzaa-alt/select.json,select.json,let,2026-03-25 20:16:58,select.js,2,3,2026-04-01T08:13:07.908912
genilsonsouzzaa-alt,/home/gilmar/Documents/algoritmos/logado-utfpr-ifam/logado-students/repos_logado/genilsonsouzzaa-alt/select.json,select.json,console,2026-03-25 20:16:58,select.js,21,3,2026-04-01T08:13:07.908913
genilsonsouzzaa-alt,/home/gilmar/Documents/algoritmos/logado-utfpr-ifam/logado-students/repos_logado/genilsonsouzzaa-alt/select.json,select.json,log,2026-03-25 20:16:58,select.js,21,11,2026-04-01T08:13:07.908915
genilsonsouzzaa-alt,/home/gilmar/Documents/algoritmos/logado-utfpr-ifam/logado-students/repos_logado/genilsonsouzzaa-alt/select.json,select.json,console,2026-03-25 20:18:53,select.js,14,3,2026-04-01T08:13:07.908916
genilsonsouzzaa-alt,/home/gilmar/Documents/algoritmos/logado-utfpr-ifam/logado-students/repos_logado/genilsonsouzzaa-alt/select.json,select.json,log,2026-03-25 20:18:53,select.js,14,11,2026-04-01T08:13:07.908917
genilsonsouzzaa-alt,/home/gilmar/Documents/algoritmos/logado-utfpr-ifam/logado-students/repos_logado/genilsonsouzzaa-alt/select.json,select.json,do,2026-03-25 20:18:58,select.js,6,31,2026-04-01T08:13:07.908919
genilsonsouzzaa-alt,/home/gilmar/Documents/algoritmos/logado-utfpr-ifam/logado-students/repos_logado/genilsonsouzzaa-alt/select.json,select.json,do,2026-03-25 20:18:58,select.js,6,31,2026-04-01T08:13:07.908920
genilsonsouzzaa-alt,/home/gilmar/Documents/algoritmos/logado-utfpr-ifam/logado-students/repos_logado/genilsonsouzzaa-alt/select.json,select.json,do,2026-03-25 20:18:58,select.js,2,43,2026-04-01T08:13:07.908921
genilsonsouzzaa-alt,/home/gilmar/Documents/algoritmos/logado-utfpr-ifam/logado-students/repos_logado/genilsonsouzzaa-alt/vetor_jogos.json,vetor_jogos.json,alert,2026-03-12 20:17:22,vetor_jogos.js,6,1,2026-04-01T08:13:07.908939
genilsonsouzzaa-alt,/home/gilmar/Documents/algoritmos/logado-utfpr-ifam/logado-students/repos_logado/genilsonsouzzaa-alt/vetor_jogos.json,vetor_jogos.json,for,2026-03-12 20:42:55,vetor_jogos.js,8,1,2026-04-01T08:13:07.908941
genilsonsouzzaa-alt,/home/gilmar/Documents/algoritmos/logado-utfpr-ifam/logado-students/repos_logado/genilsonsouzzaa-alt/jogos2.json,jogos2.json,while,2026-03-06 22:08:34,jogos2.js,2,1,2026-04-01T08:13:07.908954
natanaelalvesf92-eng,/home/gilmar/Documents/algoritmos/logado-utfpr-ifam/logado-students/repos_logado/natanaelalvesf92-eng/vaquinha.json,vaquinha.json,prompt,2026-03-12 19:56:07,vaquinha.js,3,24,2026-04-01T08:13:07.908972
natanaelalvesf92-eng,/home/gilmar/Documents/algoritmos/logado-utfpr-ifam/logado-students/repos_logado/natanaelalvesf92-eng/vaquinha.json,vaquinha.json,prompt,2026-03-12 20:00:59,vaquinha.js,5,25,2026-04-01T08:13:07.908973
natanaelalvesf92-eng,/home/gilmar/Documents/algoritmos/logado-utfpr-ifam/logado-students/repos_logado/natanaelalvesf92-eng/vaquinha.json,vaquinha.json,alert,2026-03-12 20:03:47,vaquinha.js,8,1,2026-04-01T08:13:07.908975
natanaelalvesf92-eng,/home/gilmar/Documents/algoritmos/logado-utfpr-ifam/logado-students/repos_logado/natanaelalvesf92-eng/vaquinha.json,vaquinha.json,for,2026-03-12 20:10:47,vaquinha.js,9,1,2026-04-01T08:13:07.908976
natanaelalvesf92-eng,/home/gilmar/Documents/algoritmos/logado-utfpr-ifam/logado-students/repos_logado/natanaelalvesf92-eng/funcaoagua.json,funcaoagua.json,prompt,2026-03-26 22:05:50,funcaoagua.js,1,19,2026-04-01T08:13:07.908991
natanaelalvesf92-eng,/home/gilmar/Documents/algoritmos/logado-utfpr-ifam/logado-students/repos_logado/natanaelalvesf92-eng/funcaoagua.json,funcaoagua.json,prompt,2026-03-26 22:22:33,funcaoagua.js,4,21,2026-04-01T08:13:07.908992
natanaelalvesf92-eng,/home/gilmar/Documents/algoritmos/logado-utfpr-ifam/logado-students/repos_logado/natanaelalvesf92-eng/funcaosoma.json,funcaosoma.json,prompt,2026-03-25 21:28:32,funcaosoma.js,5,17,2026-04-01T08:13:07.909007
natanaelalvesf92-eng,/home/gilmar/Documents/algoritmos/logado-utfpr-ifam/logado-students/repos_logado/natanaelalvesf92-eng/vetor-par-impar.json,vetor-par-impar.json,for,2026-03-12 21:44:02,vetor par inpar.js,4,1,2026-04-01T08:13:07.909025
natanaelalvesf92-eng,/home/gilmar/Documents/algoritmos/logado-utfpr-ifam/logado-students/repos_logado/natanaelalvesf92-eng/vetor-par-impar.json,vetor-par-impar.json,if,2026-03-12 21:47:16,vetor par inpar.js,5,5,2026-04-01T08:13:07.909027
natanaelalvesf92-eng,/home/gilmar/Documents/algoritmos/logado-utfpr-ifam/logado-students/repos_logado/natanaelalvesf92-eng/vetor-par-impar.json,vetor-par-impar.json,prompt,2026-03-12 21:59:39,vetor par inpar.js,2,24,2026-04-01T08:13:07.909028
natanaelalvesf92-eng,/home/gilmar/Documents/algoritmos/logado-utfpr-ifam/logado-students/repos_logado/natanaelalvesf92-eng/vetor-par-impar.json,vetor-par-impar.json,for,2026-03-12 22:01:25,vetor par inpar.js,4,1,2026-04-01T08:13:07.909029
natanaelalvesf92-eng,/home/gilmar/Documents/algoritmos/logado-utfpr-ifam/logado-students/repos_logado/natanaelalvesf92-eng/vetor-par-impar.json,vetor-par-impar.json,prompt,2026-03-12 22:07:36,vetor par inpar.js,5,25,2026-04-01T08:13:07.909031
natanaelalvesf92-eng,/home/gilmar/Documents/algoritmos/logado-utfpr-ifam/logado-students/repos_logado/natanaelalvesf92-eng/vetor-par-impar.json,vetor-par-impar.json,if,2026-03-12 22:08:23,vetor par inpar.js,6,5,2026-04-01T08:13:07.909032
natanaelalvesf92-eng,/home/gilmar/Documents/algoritmos/logado-utfpr-ifam/logado-students/repos_logado/natanaelalvesf92-eng/vetor-par-impar.json,vetor-par-impar.json,for,2026-03-12 22:18:05,vetor par inpar.js,16,5,2026-04-01T08:13:07.909034
natanaelalvesf92-eng,/home/gilmar/Documents/algoritmos/logado-utfpr-ifam/logado-students/repos_logado/natanaelalvesf92-eng/vetor-par-impar.json,vetor-par-impar.json,for,2026-03-12 22:27:11,vetor par inpar.js,20,5,2026-04-01T08:13:07.909035
natanaelalvesf92-eng,/home/gilmar/Documents/algoritmos/logado-utfpr-ifam/logado-students/repos_logado/natanaelalvesf92-eng/maiordetresmath.json,maiordetresmath.json,alert,2026-03-19 22:14:28,maiordetresmath.js,1,1,2026-04-01T08:13:07.909051
natanaelalvesf92-eng,/home/gilmar/Documents/algoritmos/logado-utfpr-ifam/logado-students/repos_logado/natanaelalvesf92-eng/maiordetresmath.json,maiordetresmath.json,alert,2026-03-19 22:16:45,maiordetresmath.js,2,1,2026-04-01T08:13:07.909052
natanaelalvesf92-eng,/home/gilmar/Documents/algoritmos/logado-utfpr-ifam/logado-students/repos_logado/natanaelalvesf92-eng/maiordetresmath.json,maiordetresmath.json,max,2026-03-19 22:17:31,maiordetresmath.js,2,12,2026-04-01T08:13:07.909054
natanaelalvesf92-eng,/home/gilmar/Documents/algoritmos/logado-utfpr-ifam/logado-students/repos_logado/natanaelalvesf92-eng/funcaofatorial.json,funcaofatorial.json,return,2026-03-27 20:19:18,funcaofatorial.js,6,5,2026-04-01T08:13:07.909072
natanaelalvesf92-eng,/home/gilmar/Documents/algoritmos/logado-utfpr-ifam/logado-students/repos_logado/natanaelalvesf92-eng/funcaofatorial.json,funcaofatorial.json,console,2026-03-27 20:19:44,funcaofatorial.js,7,5,2026-04-01T08:13:07.909074
natanaelalvesf92-eng,/home/gilmar/Documents/algoritmos/logado-utfpr-ifam/logado-students/repos_logado/natanaelalvesf92-eng/funcaofatorial.json,funcaofatorial.json,log,2026-03-27 20:19:50,funcaofatorial.js,7,13,2026-04-01T08:13:07.909075
natanaelalvesf92-eng,/home/gilmar/Documents/algoritmos/logado-utfpr-ifam/logado-students/repos_logado/natanaelalvesf92-eng/funcaofatorial.json,funcaofatorial.json,while,2026-03-27 20:33:52,funcaofatorial.js,3,5,2026-04-01T08:13:07.909077
natanaelalvesf92-eng,/home/gilmar/Documents/algoritmos/logado-utfpr-ifam/logado-students/repos_logado/natanaelalvesf92-eng/funcaofatorial.json,funcaofatorial.json,prompt,2026-03-27 20:37:12,funcaofatorial.js,7,25,2026-04-01T08:13:07.909079
natanaelalvesf92-eng,/home/gilmar/Documents/algoritmos/logado-utfpr-ifam/logado-students/repos_logado/natanaelalvesf92-eng/funcaofatorial.json,funcaofatorial.json,alert,2026-03-27 20:37:51,funcaofatorial.js,8,5,2026-04-01T08:13:07.909080
natanaelalvesf92-eng,/home/gilmar/Documents/algoritmos/logado-utfpr-ifam/logado-students/repos_logado/natanaelalvesf92-eng/funcaosoma2.json,funcaosoma2.json,prompt,2026-03-25 21:59:41,funcaosoma2.js,14,13,2026-04-01T08:13:07.909117
natanaelalvesf92-eng,/home/gilmar/Documents/algoritmos/logado-utfpr-ifam/logado-students/repos_logado/natanaelalvesf92-eng/funcaosoma2.json,funcaosoma2.json,prompt,2026-03-25 22:03:31,funcaosoma2.js,15,18,2026-04-01T08:13:07.909120
natanaelalvesf92-eng,/home/gilmar/Documents/algoritmos/logado-utfpr-ifam/logado-students/repos_logado/natanaelalvesf92-eng/funcaosoma2.json,funcaosoma2.json,prompt,2026-03-25 22:04:33,funcaosoma2.js,16,18,2026-04-01T08:13:07.909122
natanaelalvesf92-eng,/home/gilmar/Documents/algoritmos/logado-utfpr-ifam/logado-students/repos_logado/natanaelalvesf92-eng/funcaosoma2.json,funcaosoma2.json,switch,2026-03-25 22:05:19,funcaosoma2.js,17,1,2026-04-01T08:13:07.909123
natanaelalvesf92-eng,/home/gilmar/Documents/algoritmos/logado-utfpr-ifam/logado-students/repos_logado/natanaelalvesf92-eng/funcaosoma2.json,funcaosoma2.json,alert,2026-03-25 22:06:38,funcaosoma2.js,19,9,2026-04-01T08:13:07.909124
natanaelalvesf92-eng,/home/gilmar/Documents/algoritmos/logado-utfpr-ifam/logado-students/repos_logado/natanaelalvesf92-eng/funcaosoma2.json,funcaosoma2.json,break,2026-03-25 22:09:03,funcaosoma2.js,19,27,2026-04-01T08:13:07.909126
natanaelalvesf92-eng,/home/gilmar/Documents/algoritmos/logado-utfpr-ifam/logado-students/repos_logado/natanaelalvesf92-eng/funcaosoma2.json,funcaosoma2.json,alert,2026-03-25 22:13:51,funcaosoma2.js,21,13,2026-04-01T08:13:07.909128
natanaelalvesf92-eng,/home/gilmar/Documents/algoritmos/logado-utfpr-ifam/logado-students/repos_logado/natanaelalvesf92-eng/funcaosoma2.json,funcaosoma2.json,break,2026-03-25 22:17:11,funcaosoma2.js,21,35,2026-04-01T08:13:07.909129
natanaelalvesf92-eng,/home/gilmar/Documents/algoritmos/logado-utfpr-ifam/logado-students/repos_logado/natanaelalvesf92-eng/funcaosoma2.json,funcaosoma2.json,alert,2026-03-25 22:19:57,funcaosoma2.js,23,17,2026-04-01T08:13:07.909130
natanaelalvesf92-eng,/home/gilmar/Documents/algoritmos/logado-utfpr-ifam/logado-students/repos_logado/natanaelalvesf92-eng/funcaosoma2.json,funcaosoma2.json,break,2026-03-25 22:20:54,funcaosoma2.js,23,43,2026-04-01T08:13:07.909132
natanaelalvesf92-eng,/home/gilmar/Documents/algoritmos/logado-utfpr-ifam/logado-students/repos_logado/natanaelalvesf92-eng/funcaosoma2.json,funcaosoma2.json,break,2026-03-25 22:24:40,funcaosoma2.js,25,36,2026-04-01T08:13:07.909134
natanaelalvesf92-eng,/home/gilmar/Documents/algoritmos/logado-utfpr-ifam/logado-students/repos_logado/natanaelalvesf92-eng/funcaosoma2.json,funcaosoma2.json,alert,2026-03-25 22:26:04,funcaosoma2.js,27,9,2026-04-01T08:13:07.909136
natanaelalvesf92-eng,/home/gilmar/Documents/algoritmos/logado-utfpr-ifam/logado-students/repos_logado/natanaelalvesf92-eng/exercicio_2.json,exercicio_2.json,prompt,2026-03-10 20:08:17,exercicio_2.js,2,25,2026-04-01T08:13:07.909158
natanaelalvesf92-eng,/home/gilmar/Documents/algoritmos/logado-utfpr-ifam/logado-students/repos_logado/natanaelalvesf92-eng/exercicio_2.json,exercicio_2.json,if,2026-03-10 20:13:13,exercicio_2.js,4,1,2026-04-01T08:13:07.909159
natanaelalvesf92-eng,/home/gilmar/Documents/algoritmos/logado-utfpr-ifam/logado-students/repos_logado/natanaelalvesf92-eng/exercicio_2.json,exercicio_2.json,alert,2026-03-10 20:14:08,exercicio_2.js,5,5,2026-04-01T08:13:07.909161
natanaelalvesf92-eng,/home/gilmar/Documents/algoritmos/logado-utfpr-ifam/logado-students/repos_logado/natanaelalvesf92-eng/exercicio_2.json,exercicio_2.json,alert,2026-03-10 20:17:09,exercicio_2.js,7,5,2026-04-01T08:13:07.909162
natanaelalvesf92-eng,/home/gilmar/Documents/algoritmos/logado-utfpr-ifam/logado-students/repos_logado/natanaelalvesf92-eng/estruturapo1.json,estruturapo1.json,prompt,2026-03-24 20:47:10,estruturapo1.js,1,29,2026-04-01T08:13:07.909179
natanaelalvesf92-eng,/home/gilmar/Documents/algoritmos/logado-utfpr-ifam/logado-students/repos_logado/natanaelalvesf92-eng/estruturapo1.json,estruturapo1.json,prompt,2026-03-24 20:48:40,estruturapo1.js,1,30,2026-04-01T08:13:07.909181
natanaelalvesf92-eng,/home/gilmar/Documents/algoritmos/logado-utfpr-ifam/logado-students/repos_logado/natanaelalvesf92-eng/estruturapo1.json,estruturapo1.json,prompt,2026-03-24 21:32:09,estruturapo1.js,2,29,2026-04-01T08:13:07.909183
natanaelalvesf92-eng,/home/gilmar/Documents/algoritmos/logado-utfpr-ifam/logado-students/repos_logado/natanaelalvesf92-eng/jogospan.json,jogospan.json,while,2026-03-06 22:24:08,jogospan.js,2,1,2026-04-01T08:13:07.909200
natanaelalvesf92-eng,/home/gilmar/Documents/algoritmos/logado-utfpr-ifam/logado-students/repos_logado/natanaelalvesf92-eng/exercicio_02.json,exercicio_02.json,alert,2026-02-24 22:06:14,exercicio_02.js,5,1,2026-04-01T08:13:07.909221
natanaelalvesf92-eng,/home/gilmar/Documents/algoritmos/logado-utfpr-ifam/logado-students/repos_logado/natanaelalvesf92-eng/exercicio_02.json,exercicio_02.json,prompt,2026-02-24 22:13:39,exercicio_02.js,1,23,2026-04-01T08:13:07.909224
natanaelalvesf92-eng,/home/gilmar/Documents/algoritmos/logado-utfpr-ifam/logado-students/repos_logado/natanaelalvesf92-eng/exercicio_02.json,exercicio_02.json,if,2026-02-24 22:14:37,exercicio_02.js,2,1,2026-04-01T08:13:07.909225
natanaelalvesf92-eng,/home/gilmar/Documents/algoritmos/logado-utfpr-ifam/logado-students/repos_logado/natanaelalvesf92-eng/exercicio_02.json,exercicio_02.json,else,2026-02-24 22:15:49,exercicio_02.js,4,1,2026-04-01T08:13:07.909226
natanaelalvesf92-eng,/home/gilmar/Documents/algoritmos/logado-utfpr-ifam/logado-students/repos_logado/natanaelalvesf92-eng/revisaovetor.json,revisaovetor.json,prompt,2026-03-26 19:53:50,revisaovetor.js,2,22,2026-04-01T08:13:07.909250
natanaelalvesf92-eng,/home/gilmar/Documents/algoritmos/logado-utfpr-ifam/logado-students/repos_logado/natanaelalvesf92-eng/revisaovetor.json,revisaovetor.json,for,2026-03-26 19:54:32,revisaovetor.js,3,1,2026-04-01T08:13:07.909251
natanaelalvesf92-eng,/home/gilmar/Documents/algoritmos/logado-utfpr-ifam/logado-students/repos_logado/natanaelalvesf92-eng/revisaovetor.json,revisaovetor.json,for,2026-03-26 20:02:04,revisaovetor.js,6,1,2026-04-01T08:13:07.909253
natanaelalvesf92-eng,/home/gilmar/Documents/algoritmos/logado-utfpr-ifam/logado-students/repos_logado/natanaelalvesf92-eng/05.2.json,05.2.json,while,2026-03-10 21:51:37,05.2.js,3,1,2026-04-01T08:13:07.909268
natanaelalvesf92-eng,/home/gilmar/Documents/algoritmos/logado-utfpr-ifam/logado-students/repos_logado/natanaelalvesf92-eng/05.2.json,05.2.json,alert,2026-03-10 21:53:15,05.2.js,6,5,2026-04-01T08:13:07.909271
natanaelalvesf92-eng,/home/gilmar/Documents/algoritmos/logado-utfpr-ifam/logado-students/repos_logado/natanaelalvesf92-eng/estruturapo2.json,estruturapo2.json,prompt,2026-03-24 22:09:47,estruturapo2.js,1,22,2026-04-01T08:13:07.909293
natanaelalvesf92-eng,/home/gilmar/Documents/algoritmos/logado-utfpr-ifam/logado-students/repos_logado/natanaelalvesf92-eng/estruturapo2.json,estruturapo2.json,alert,2026-03-24 22:26:54,estruturapo2.js,5,2,2026-04-01T08:13:07.909294
natanaelalvesf92-eng,/home/gilmar/Documents/algoritmos/logado-utfpr-ifam/logado-students/repos_logado/natanaelalvesf92-eng/estruturapo2.json,estruturapo2.json,alert,2026-03-24 22:29:01,estruturapo2.js,4,5,2026-04-01T08:13:07.909296
natanaelalvesf92-eng,/home/gilmar/Documents/algoritmos/logado-utfpr-ifam/logado-students/repos_logado/natanaelalvesf92-eng/06.json,06.json,alert,2026-03-10 19:54:02,06.js,6,3,2026-04-01T08:13:07.909314
natanaelalvesf92-eng,/home/gilmar/Documents/algoritmos/logado-utfpr-ifam/logado-students/repos_logado/natanaelalvesf92-eng/06.json,06.json,alert,2026-03-10 19:54:08,06.js,7,1,2026-04-01T08:13:07.909316
natanaelalvesf92-eng,/home/gilmar/Documents/algoritmos/logado-utfpr-ifam/logado-students/repos_logado/natanaelalvesf92-eng/04.json,04.json,prompt,2026-03-03 20:55:50,04.js,1,22,2026-04-01T08:13:07.909341
natanaelalvesf92-eng,/home/gilmar/Documents/algoritmos/logado-utfpr-ifam/logado-students/repos_logado/natanaelalvesf92-eng/04.json,04.json,alert,2026-03-03 20:56:15,04.js,3,5,2026-04-01T08:13:07.909344
natanaelalvesf92-eng,/home/gilmar/Documents/algoritmos/logado-utfpr-ifam/logado-students/repos_logado/natanaelalvesf92-eng/04.json,04.json,else,2026-03-03 20:56:30,04.js,4,1,2026-04-01T08:13:07.909346
natanaelalvesf92-eng,/home/gilmar/Documents/algoritmos/logado-utfpr-ifam/logado-students/repos_logado/natanaelalvesf92-eng/04.json,04.json,alert,2026-03-03 20:56:35,04.js,5,5,2026-04-01T08:13:07.909348
natanaelalvesf92-eng,/home/gilmar/Documents/algoritmos/logado-utfpr-ifam/logado-students/repos_logado/natanaelalvesf92-eng/funcaoidade.json,funcaoidade.json,prompt,2026-03-26 22:28:16,funcaoidade.js,1,22,2026-04-01T08:13:07.909373
natanaelalvesf92-eng,/home/gilmar/Documents/algoritmos/logado-utfpr-ifam/logado-students/repos_logado/natanaelalvesf92-eng/funcaoidade.json,funcaoidade.json,function,2026-03-26 22:29:45,funcaoidade.js,1,1,2026-04-01T08:13:07.909374
natanaelalvesf92-eng,/home/gilmar/Documents/algoritmos/logado-utfpr-ifam/logado-students/repos_logado/natanaelalvesf92-eng/funcaoidade.json,funcaoidade.json,prompt,2026-03-26 22:31:32,funcaoidade.js,4,18,2026-04-01T08:13:07.909376
natanaelalvesf92-eng,/home/gilmar/Documents/algoritmos/logado-utfpr-ifam/logado-students/repos_logado/natanaelalvesf92-eng/funcaoidade.json,funcaoidade.json,if,2026-03-26 22:32:32,funcaoidade.js,5,1,2026-04-01T08:13:07.909378
natanaelalvesf92-eng,/home/gilmar/Documents/algoritmos/logado-utfpr-ifam/logado-students/repos_logado/natanaelalvesf92-eng/funcaoidade.json,funcaoidade.json,prompt,2026-03-27 19:40:22,funcaoidade.js,5,20,2026-04-01T08:13:07.909379
natanaelalvesf92-eng,/home/gilmar/Documents/algoritmos/logado-utfpr-ifam/logado-students/repos_logado/natanaelalvesf92-eng/funcaoidade.json,funcaoidade.json,if,2026-03-27 19:41:29,funcaoidade.js,7,1,2026-04-01T08:13:07.909381
natanaelalvesf92-eng,/home/gilmar/Documents/algoritmos/logado-utfpr-ifam/logado-students/repos_logado/natanaelalvesf92-eng/funcaoidade.json,funcaoidade.json,alert,2026-03-27 19:44:57,funcaoidade.js,8,5,2026-04-01T08:13:07.909382
natanaelalvesf92-eng,/home/gilmar/Documents/algoritmos/logado-utfpr-ifam/logado-students/repos_logado/natanaelalvesf92-eng/funcaoidade.json,funcaoidade.json,else,2026-03-27 19:46:58,funcaoidade.js,9,1,2026-04-01T08:13:07.909384
natanaelalvesf92-eng,/home/gilmar/Documents/algoritmos/logado-utfpr-ifam/logado-students/repos_logado/natanaelalvesf92-eng/funcaoidade.json,funcaoidade.json,alert,2026-03-27 19:47:12,funcaoidade.js,10,5,2026-04-01T08:13:07.909385
natanaelalvesf92-eng,/home/gilmar/Documents/algoritmos/logado-utfpr-ifam/logado-students/repos_logado/natanaelalvesf92-eng/funcaoidade.json,funcaoidade.json,alert,2026-03-27 19:50:47,funcaoidade.js,6,1,2026-04-01T08:13:07.909387
natanaelalvesf92-eng,/home/gilmar/Documents/algoritmos/logado-utfpr-ifam/logado-students/repos_logado/natanaelalvesf92-eng/aprovacao.json,aprovacao.json,else,2026-03-05 20:39:45,aprovacao.js,7,1,2026-04-01T08:13:07.909418
natanaelalvesf92-eng,/home/gilmar/Documents/algoritmos/logado-utfpr-ifam/logado-students/repos_logado/natanaelalvesf92-eng/aprovacao.json,aprovacao.json,alert,2026-03-05 20:40:51,aprovacao.js,8,5,2026-04-01T08:13:07.909420
natanaelalvesf92-eng,/home/gilmar/Documents/algoritmos/logado-utfpr-ifam/logado-students/repos_logado/natanaelalvesf92-eng/aprovacao.json,aprovacao.json,if,2026-03-05 21:34:02,aprovacao.js,11,5,2026-04-01T08:13:07.909422
natanaelalvesf92-eng,/home/gilmar/Documents/algoritmos/logado-utfpr-ifam/logado-students/repos_logado/natanaelalvesf92-eng/aprovacao.json,aprovacao.json,alert,2026-03-05 21:35:14,aprovacao.js,12,9,2026-04-01T08:13:07.909423
natanaelalvesf92-eng,/home/gilmar/Documents/algoritmos/logado-utfpr-ifam/logado-students/repos_logado/natanaelalvesf92-eng/aprovacao.json,aprovacao.json,else,2026-03-05 21:35:59,aprovacao.js,13,5,2026-04-01T08:13:07.909426
natanaelalvesf92-eng,/home/gilmar/Documents/algoritmos/logado-utfpr-ifam/logado-students/repos_logado/natanaelalvesf92-eng/aprovacao.json,aprovacao.json,alert,2026-03-05 21:42:05,aprovacao.js,17,23,2026-04-01T08:13:07.909428
natanaelalvesf92-eng,/home/gilmar/Documents/algoritmos/logado-utfpr-ifam/logado-students/repos_logado/natanaelalvesf92-eng/aprovacao.json,aprovacao.json,else,2026-03-05 21:42:07,aprovacao.js,17,5,2026-04-01T08:13:07.909429
natanaelalvesf92-eng,/home/gilmar/Documents/algoritmos/logado-utfpr-ifam/logado-students/repos_logado/natanaelalvesf92-eng/aprovacao.json,aprovacao.json,else,2026-03-05 21:42:08,aprovacao.js,16,2,2026-04-01T08:13:07.909431
natanaelalvesf92-eng,/home/gilmar/Documents/algoritmos/logado-utfpr-ifam/logado-students/repos_logado/natanaelalvesf92-eng/aprovacao.json,aprovacao.json,alert,2026-03-05 21:42:08,aprovacao.js,14,5,2026-04-01T08:13:07.909432
natanaelalvesf92-eng,/home/gilmar/Documents/algoritmos/logado-utfpr-ifam/logado-students/repos_logado/natanaelalvesf92-eng/aprovacao.json,aprovacao.json,if,2026-03-05 21:42:08,aprovacao.js,13,9,2026-04-01T08:13:07.909433
natanaelalvesf92-eng,/home/gilmar/Documents/algoritmos/logado-utfpr-ifam/logado-students/repos_logado/natanaelalvesf92-eng/aprovacao.json,aprovacao.json,alert,2026-03-05 21:42:09,aprovacao.js,10,5,2026-04-01T08:13:07.909435
natanaelalvesf92-eng,/home/gilmar/Documents/algoritmos/logado-utfpr-ifam/logado-students/repos_logado/natanaelalvesf92-eng/aprovacao.json,aprovacao.json,else,2026-03-05 21:42:09,aprovacao.js,9,5,2026-04-01T08:13:07.909436
natanaelalvesf92-eng,/home/gilmar/Documents/algoritmos/logado-utfpr-ifam/logado-students/repos_logado/natanaelalvesf92-eng/aprovacao.json,aprovacao.json,if,2026-03-05 21:42:09,aprovacao.js,9,10,2026-04-01T08:13:07.909438
natanaelalvesf92-eng,/home/gilmar/Documents/algoritmos/logado-utfpr-ifam/logado-students/repos_logado/natanaelalvesf92-eng/aprovacao.json,aprovacao.json,alert,2026-03-05 21:42:09,aprovacao.js,7,28,2026-04-01T08:13:07.909439
natanaelalvesf92-eng,/home/gilmar/Documents/algoritmos/logado-utfpr-ifam/logado-students/repos_logado/natanaelalvesf92-eng/aprovacao.json,aprovacao.json,if,2026-03-05 21:42:09,aprovacao.js,7,5,2026-04-01T08:13:07.909440
natanaelalvesf92-eng,/home/gilmar/Documents/algoritmos/logado-utfpr-ifam/logado-students/repos_logado/natanaelalvesf92-eng/aprovacao.json,aprovacao.json,alert,2026-03-05 21:42:09,aprovacao.js,6,1,2026-04-01T08:13:07.909442
natanaelalvesf92-eng,/home/gilmar/Documents/algoritmos/logado-utfpr-ifam/logado-students/repos_logado/natanaelalvesf92-eng/aprovacao.json,aprovacao.json,let,2026-03-05 21:42:10,aprovacao.js,5,1,2026-04-01T08:13:07.909443
natanaelalvesf92-eng,/home/gilmar/Documents/algoritmos/logado-utfpr-ifam/logado-students/repos_logado/natanaelalvesf92-eng/aprovacao.json,aprovacao.json,let,2026-03-05 21:42:10,aprovacao.js,4,1,2026-04-01T08:13:07.909445
natanaelalvesf92-eng,/home/gilmar/Documents/algoritmos/logado-utfpr-ifam/logado-students/repos_logado/natanaelalvesf92-eng/aprovacao.json,aprovacao.json,prompt,2026-03-05 21:42:10,aprovacao.js,4,25,2026-04-01T08:13:07.909446
natanaelalvesf92-eng,/home/gilmar/Documents/algoritmos/logado-utfpr-ifam/logado-students/repos_logado/natanaelalvesf92-eng/aprovacao.json,aprovacao.json,let,2026-03-05 21:42:10,aprovacao.js,3,1,2026-04-01T08:13:07.909448
natanaelalvesf92-eng,/home/gilmar/Documents/algoritmos/logado-utfpr-ifam/logado-students/repos_logado/natanaelalvesf92-eng/aprovacao.json,aprovacao.json,if,2026-03-06 20:16:19,aprovacao.js,20,5,2026-04-01T08:13:07.909449
natanaelalvesf92-eng,/home/gilmar/Documents/algoritmos/logado-utfpr-ifam/logado-students/repos_logado/natanaelalvesf92-eng/aprovacao.json,aprovacao.json,alert,2026-03-06 20:17:26,aprovacao.js,21,9,2026-04-01T08:13:07.909451
natanaelalvesf92-eng,/home/gilmar/Documents/algoritmos/logado-utfpr-ifam/logado-students/repos_logado/natanaelalvesf92-eng/espalhamento-minimo.json,espalhamento-minimo.json,alert,2026-03-20 19:47:08,espalhamento-minimo.js,2,1,2026-04-01T08:13:07.909467
natanaelalvesf92-eng,/home/gilmar/Documents/algoritmos/logado-utfpr-ifam/logado-students/repos_logado/natanaelalvesf92-eng/espalhamento-minimo.json,espalhamento-minimo.json,max,2026-03-20 19:54:23,espalhamento-minimo.js,2,12,2026-04-01T08:13:07.909469
natanaelalvesf92-eng,/home/gilmar/Documents/algoritmos/logado-utfpr-ifam/logado-students/repos_logado/natanaelalvesf92-eng/decremento.json,decremento.json,while,2026-03-06 21:58:13,decremento.js,2,1,2026-04-01T08:13:07.909488
natanaelalvesf92-eng,/home/gilmar/Documents/algoritmos/logado-utfpr-ifam/logado-students/repos_logado/natanaelalvesf92-eng/decremento.json,decremento.json,while,2026-03-06 22:00:14,decremento.js,2,1,2026-04-01T08:13:07.909490
natanaelalvesf92-eng,/home/gilmar/Documents/algoritmos/logado-utfpr-ifam/logado-students/repos_logado/natanaelalvesf92-eng/espalhamento.json,espalhamento.json,alert,2026-03-19 22:28:55,espalhamento.js,2,1,2026-04-01T08:13:07.909505
natanaelalvesf92-eng,/home/gilmar/Documents/algoritmos/logado-utfpr-ifam/logado-students/repos_logado/natanaelalvesf92-eng/espalhamento.json,espalhamento.json,max,2026-03-19 22:29:21,espalhamento.js,2,12,2026-04-01T08:13:07.909506
natanaelalvesf92-eng,/home/gilmar/Documents/algoritmos/logado-utfpr-ifam/logado-students/repos_logado/natanaelalvesf92-eng/funcaovetor.json,funcaovetor.json,prompt,2026-03-26 20:23:13,funcaovetor.js,2,24,2026-04-01T08:13:07.909527
natanaelalvesf92-eng,/home/gilmar/Documents/algoritmos/logado-utfpr-ifam/logado-students/repos_logado/natanaelalvesf92-eng/funcaovetor.json,funcaovetor.json,return,2026-03-26 20:28:19,funcaovetor.js,3,1,2026-04-01T08:13:07.909529
natanaelalvesf92-eng,/home/gilmar/Documents/algoritmos/logado-utfpr-ifam/logado-students/repos_logado/natanaelalvesf92-eng/funcaovetor.json,funcaovetor.json,prompt,2026-03-26 20:34:10,funcaovetor.js,4,24,2026-04-01T08:13:07.909531
natanaelalvesf92-eng,/home/gilmar/Documents/algoritmos/logado-utfpr-ifam/logado-students/repos_logado/natanaelalvesf92-eng/funcaovetor.json,funcaovetor.json,prompt,2026-03-26 20:49:13,funcaovetor.js,2,22,2026-04-01T08:13:07.909532
natanaelalvesf92-eng,/home/gilmar/Documents/algoritmos/logado-utfpr-ifam/logado-students/repos_logado/natanaelalvesf92-eng/funcaovetor.json,funcaovetor.json,for,2026-03-26 20:50:58,funcaovetor.js,4,5,2026-04-01T08:13:07.909534
natanaelalvesf92-eng,/home/gilmar/Documents/algoritmos/logado-utfpr-ifam/logado-students/repos_logado/natanaelalvesf92-eng/funcaovetor.json,funcaovetor.json,prompt,2026-03-26 20:53:14,funcaovetor.js,5,28,2026-04-01T08:13:07.909535
natanaelalvesf92-eng,/home/gilmar/Documents/algoritmos/logado-utfpr-ifam/logado-students/repos_logado/natanaelalvesf92-eng/funcaovetor.json,funcaovetor.json,for,2026-03-26 21:17:37,funcaovetor.js,10,5,2026-04-01T08:13:07.909537
natanaelalvesf92-eng,/home/gilmar/Documents/algoritmos/logado-utfpr-ifam/logado-students/repos_logado/natanaelalvesf92-eng/aprovacao2.json,aprovacao2.json,do,2026-03-06 20:53:46,aprovacao2.js,1,1,2026-04-01T08:13:07.909564
natanaelalvesf92-eng,/home/gilmar/Documents/algoritmos/logado-utfpr-ifam/logado-students/repos_logado/natanaelalvesf92-eng/aprovacao2.json,aprovacao2.json,var,2026-03-06 20:53:46,aprovacao2.js,2,5,2026-04-01T08:13:07.909566
natanaelalvesf92-eng,/home/gilmar/Documents/algoritmos/logado-utfpr-ifam/logado-students/repos_logado/natanaelalvesf92-eng/aprovacao2.json,aprovacao2.json,var,2026-03-06 20:53:46,aprovacao2.js,2,5,2026-04-01T08:13:07.909568
natanaelalvesf92-eng,/home/gilmar/Documents/algoritmos/logado-utfpr-ifam/logado-students/repos_logado/natanaelalvesf92-eng/aprovacao2.json,aprovacao2.json,prompt,2026-03-06 20:53:46,aprovacao2.js,3,27,2026-04-01T08:13:07.909570
natanaelalvesf92-eng,/home/gilmar/Documents/algoritmos/logado-utfpr-ifam/logado-students/repos_logado/natanaelalvesf92-eng/aprovacao2.json,aprovacao2.json,var,2026-03-06 20:53:46,aprovacao2.js,2,5,2026-04-01T08:13:07.909571
natanaelalvesf92-eng,/home/gilmar/Documents/algoritmos/logado-utfpr-ifam/logado-students/repos_logado/natanaelalvesf92-eng/aprovacao2.json,aprovacao2.json,prompt,2026-03-06 20:53:46,aprovacao2.js,3,27,2026-04-01T08:13:07.909573
natanaelalvesf92-eng,/home/gilmar/Documents/algoritmos/logado-utfpr-ifam/logado-students/repos_logado/natanaelalvesf92-eng/aprovacao2.json,aprovacao2.json,var,2026-03-06 20:53:46,aprovacao2.js,2,5,2026-04-01T08:13:07.909574
natanaelalvesf92-eng,/home/gilmar/Documents/algoritmos/logado-utfpr-ifam/logado-students/repos_logado/natanaelalvesf92-eng/aprovacao2.json,aprovacao2.json,alert,2026-03-06 20:53:46,aprovacao2.js,6,3,2026-04-01T08:13:07.909575
natanaelalvesf92-eng,/home/gilmar/Documents/algoritmos/logado-utfpr-ifam/logado-students/repos_logado/natanaelalvesf92-eng/aprovacao2.json,aprovacao2.json,if,2026-03-06 20:53:46,aprovacao2.js,7,1,2026-04-01T08:13:07.909580
natanaelalvesf92-eng,/home/gilmar/Documents/algoritmos/logado-utfpr-ifam/logado-students/repos_logado/natanaelalvesf92-eng/aprovacao2.json,aprovacao2.json,alert,2026-03-06 20:53:46,aprovacao2.js,6,3,2026-04-01T08:13:07.909581
natanaelalvesf92-eng,/home/gilmar/Documents/algoritmos/logado-utfpr-ifam/logado-students/repos_logado/natanaelalvesf92-eng/aprovacao2.json,aprovacao2.json,else,2026-03-06 20:53:46,aprovacao2.js,11,1,2026-04-01T08:13:07.909582
natanaelalvesf92-eng,/home/gilmar/Documents/algoritmos/logado-utfpr-ifam/logado-students/repos_logado/natanaelalvesf92-eng/aprovacao2.json,aprovacao2.json,if,2026-03-06 20:53:46,aprovacao2.js,7,1,2026-04-01T08:13:07.909584
natanaelalvesf92-eng,/home/gilmar/Documents/algoritmos/logado-utfpr-ifam/logado-students/repos_logado/natanaelalvesf92-eng/aprovacao2.json,aprovacao2.json,alert,2026-03-06 20:53:46,aprovacao2.js,6,3,2026-04-01T08:13:07.909585
natanaelalvesf92-eng,/home/gilmar/Documents/algoritmos/logado-utfpr-ifam/logado-students/repos_logado/natanaelalvesf92-eng/aprovacao2.json,aprovacao2.json,prompt,2026-03-06 20:53:46,aprovacao2.js,3,27,2026-04-01T08:13:07.909588
natanaelalvesf92-eng,/home/gilmar/Documents/algoritmos/logado-utfpr-ifam/logado-students/repos_logado/natanaelalvesf92-eng/aprovacao2.json,aprovacao2.json,if,2026-03-06 20:53:46,aprovacao2.js,7,1,2026-04-01T08:13:07.909590
natanaelalvesf92-eng,/home/gilmar/Documents/algoritmos/logado-utfpr-ifam/logado-students/repos_logado/natanaelalvesf92-eng/aprovacao2.json,aprovacao2.json,alert,2026-03-06 20:53:46,aprovacao2.js,6,3,2026-04-01T08:13:07.909591
natanaelalvesf92-eng,/home/gilmar/Documents/algoritmos/logado-utfpr-ifam/logado-students/repos_logado/natanaelalvesf92-eng/aprovacao2.json,aprovacao2.json,else,2026-03-06 20:53:46,aprovacao2.js,11,1,2026-04-01T08:13:07.909592
natanaelalvesf92-eng,/home/gilmar/Documents/algoritmos/logado-utfpr-ifam/logado-students/repos_logado/natanaelalvesf92-eng/aprovacao2.json,aprovacao2.json,alert,2026-03-06 20:53:46,aprovacao2.js,6,3,2026-04-01T08:13:07.909594
natanaelalvesf92-eng,/home/gilmar/Documents/algoritmos/logado-utfpr-ifam/logado-students/repos_logado/natanaelalvesf92-eng/aprovacao2.json,aprovacao2.json,else,2026-03-06 20:53:46,aprovacao2.js,11,1,2026-04-01T08:13:07.909595
natanaelalvesf92-eng,/home/gilmar/Documents/algoritmos/logado-utfpr-ifam/logado-students/repos_logado/natanaelalvesf92-eng/aprovacao2.json,aprovacao2.json,alert,2026-03-06 20:53:46,aprovacao2.js,6,3,2026-04-01T08:13:07.909596
natanaelalvesf92-eng,/home/gilmar/Documents/algoritmos/logado-utfpr-ifam/logado-students/repos_logado/natanaelalvesf92-eng/aprovacao2.json,aprovacao2.json,while,2026-03-06 20:53:46,aprovacao2.js,29,2,2026-04-01T08:13:07.909598
natanaelalvesf92-eng,/home/gilmar/Documents/algoritmos/logado-utfpr-ifam/logado-students/repos_logado/natanaelalvesf92-eng/aprovacao2.json,aprovacao2.json,alert,2026-03-06 20:53:46,aprovacao2.js,6,3,2026-04-01T08:13:07.909599
natanaelalvesf92-eng,/home/gilmar/Documents/algoritmos/logado-utfpr-ifam/logado-students/repos_logado/natanaelalvesf92-eng/aprovacao2.json,aprovacao2.json,var,2026-03-06 21:33:11,aprovacao2.js,2,96,2026-04-01T08:13:07.909600
natanaelalvesf92-eng,/home/gilmar/Documents/algoritmos/logado-utfpr-ifam/logado-students/repos_logado/natanaelalvesf92-eng/aprovacao2.json,aprovacao2.json,var,2026-03-06 21:36:10,aprovacao2.js,1,1,2026-04-01T08:13:07.909602
natanaelalvesf92-eng,/home/gilmar/Documents/algoritmos/logado-utfpr-ifam/logado-students/repos_logado/natanaelalvesf92-eng/aprovacao2.json,aprovacao2.json,var,2026-03-06 21:36:12,aprovacao2.js,2,1,2026-04-01T08:13:07.909603
natanaelalvesf92-eng,/home/gilmar/Documents/algoritmos/logado-utfpr-ifam/logado-students/repos_logado/natanaelalvesf92-eng/aprovacao2.json,aprovacao2.json,var,2026-03-06 21:36:15,aprovacao2.js,1,1,2026-04-01T08:13:07.909604
natanaelalvesf92-eng,/home/gilmar/Documents/algoritmos/logado-utfpr-ifam/logado-students/repos_logado/natanaelalvesf92-eng/aprovacao2.json,aprovacao2.json,do,2026-03-06 21:36:15,aprovacao2.js,2,1,2026-04-01T08:13:07.909606
natanaelalvesf92-eng,/home/gilmar/Documents/algoritmos/logado-utfpr-ifam/logado-students/repos_logado/natanaelalvesf92-eng/aprovacao2.json,aprovacao2.json,do,2026-03-06 21:36:28,aprovacao2.js,4,4,2026-04-01T08:13:07.909608
natanaelalvesf92-eng,/home/gilmar/Documents/algoritmos/logado-utfpr-ifam/logado-students/repos_logado/natanaelalvesf92-eng/aprovacao2.json,aprovacao2.json,var,2026-03-06 21:36:30,aprovacao2.js,3,1,2026-04-01T08:13:07.909610
natanaelalvesf92-eng,/home/gilmar/Documents/algoritmos/logado-utfpr-ifam/logado-students/repos_logado/natanaelalvesf92-eng/exercicio_4.json,exercicio_4.json,if,2026-03-03 20:30:10,exercicio_4.js,2,1,2026-04-01T08:13:07.909631
natanaelalvesf92-eng,/home/gilmar/Documents/algoritmos/logado-utfpr-ifam/logado-students/repos_logado/natanaelalvesf92-eng/exercicio_4.json,exercicio_4.json,console,2026-03-03 20:37:59,exercicio_4.js,5,5,2026-04-01T08:13:07.909633
natanaelalvesf92-eng,/home/gilmar/Documents/algoritmos/logado-utfpr-ifam/logado-students/repos_logado/natanaelalvesf92-eng/exercicio_4.json,exercicio_4.json,prompt,2026-03-03 20:42:42,exercicio_4.js,1,16,2026-04-01T08:13:07.909635
natanaelalvesf92-eng,/home/gilmar/Documents/algoritmos/logado-utfpr-ifam/logado-students/repos_logado/natanaelalvesf92-eng/exercicio_4.json,exercicio_4.json,alert,2026-03-03 20:51:25,exercicio_4.js,3,1,2026-04-01T08:13:07.909636
natanaelalvesf92-eng,/home/gilmar/Documents/algoritmos/logado-utfpr-ifam/logado-students/repos_logado/natanaelalvesf92-eng/exercicio_4.json,exercicio_4.json,if,2026-03-03 20:52:05,exercicio_4.js,2,1,2026-04-01T08:13:07.909638
natanaelalvesf92-eng,/home/gilmar/Documents/algoritmos/logado-utfpr-ifam/logado-students/repos_logado/natanaelalvesf92-eng/exercicio_4.json,exercicio_4.json,alert,2026-03-03 20:52:25,exercicio_4.js,3,5,2026-04-01T08:13:07.909639
natanaelalvesf92-eng,/home/gilmar/Documents/algoritmos/logado-utfpr-ifam/logado-students/repos_logado/natanaelalvesf92-eng/exercicio_4.json,exercicio_4.json,alert,2026-03-03 20:52:49,exercicio_4.js,6,5,2026-04-01T08:13:07.909640
natanaelalvesf92-eng,/home/gilmar/Documents/algoritmos/logado-utfpr-ifam/logado-students/repos_logado/natanaelalvesf92-eng/Exercicio_01.json,Exercicio_01.json,let,2026-02-24 22:11:26,Exercicio_01.js,1,1,2026-04-01T08:13:07.909666
natanaelalvesf92-eng,/home/gilmar/Documents/algoritmos/logado-utfpr-ifam/logado-students/repos_logado/natanaelalvesf92-eng/Exercicio_01.json,Exercicio_01.json,prompt,2026-02-24 22:11:26,Exercicio_01.js,1,18,2026-04-01T08:13:07.909668
natanaelalvesf92-eng,/home/gilmar/Documents/algoritmos/logado-utfpr-ifam/logado-students/repos_logado/natanaelalvesf92-eng/Exercicio_01.json,Exercicio_01.json,let,2026-02-24 22:11:26,Exercicio_01.js,1,1,2026-04-01T08:13:07.909670
natanaelalvesf92-eng,/home/gilmar/Documents/algoritmos/logado-utfpr-ifam/logado-students/repos_logado/natanaelalvesf92-eng/Exercicio_01.json,Exercicio_01.json,prompt,2026-02-24 22:11:26,Exercicio_01.js,1,18,2026-04-01T08:13:07.909671
natanaelalvesf92-eng,/home/gilmar/Documents/algoritmos/logado-utfpr-ifam/logado-students/repos_logado/natanaelalvesf92-eng/Exercicio_01.json,Exercicio_01.json,let,2026-02-24 22:11:26,Exercicio_01.js,1,1,2026-04-01T08:13:07.909673
natanaelalvesf92-eng,/home/gilmar/Documents/algoritmos/logado-utfpr-ifam/logado-students/repos_logado/natanaelalvesf92-eng/Exercicio_01.json,Exercicio_01.json,let,2026-02-24 22:11:26,Exercicio_01.js,1,1,2026-04-01T08:13:07.909674
natanaelalvesf92-eng,/home/gilmar/Documents/algoritmos/logado-utfpr-ifam/logado-students/repos_logado/natanaelalvesf92-eng/Exercicio_01.json,Exercicio_01.json,alert,2026-02-24 22:11:26,Exercicio_01.js,5,1,2026-04-01T08:13:07.909675
natanaelalvesf92-eng,/home/gilmar/Documents/algoritmos/logado-utfpr-ifam/logado-students/repos_logado/natanaelalvesf92-eng/Exercicio_01.json,Exercicio_01.json,if,2026-03-10 20:31:41,Exercicio_01.js,6,1,2026-04-01T08:13:07.909677
natanaelalvesf92-eng,/home/gilmar/Documents/algoritmos/logado-utfpr-ifam/logado-students/repos_logado/natanaelalvesf92-eng/time.json,time.json,while,2026-03-05 22:09:28,time.js,3,2,2026-04-01T08:13:07.909693
natanaelalvesf92-eng,/home/gilmar/Documents/algoritmos/logado-utfpr-ifam/logado-students/repos_logado/natanaelalvesf92-eng/tabuada.json,tabuada.json,prompt,2026-03-13 19:57:35,tabuada.js,3,23,2026-04-01T08:13:07.909712
natanaelalvesf92-eng,/home/gilmar/Documents/algoritmos/logado-utfpr-ifam/logado-students/repos_logado/natanaelalvesf92-eng/tabuada.json,tabuada.json,for,2026-03-13 20:03:57,tabuada.js,7,1,2026-04-01T08:13:07.909714
natanaelalvesf92-eng,/home/gilmar/Documents/algoritmos/logado-utfpr-ifam/logado-students/repos_logado/natanaelalvesf92-eng/maiordetres.json,maiordetres.json,alert,2026-03-19 21:46:19,maiordetres.js,2,1,2026-04-01T08:13:07.909732
natanaelalvesf92-eng,/home/gilmar/Documents/algoritmos/logado-utfpr-ifam/logado-students/repos_logado/natanaelalvesf92-eng/maiordetres.json,maiordetres.json,if,2026-03-19 21:52:29,maiordetres.js,6,1,2026-04-01T08:13:07.909733
natanaelalvesf92-eng,/home/gilmar/Documents/algoritmos/logado-utfpr-ifam/logado-students/repos_logado/natanaelalvesf92-eng/maiordetres.json,maiordetres.json,alert,2026-03-19 21:54:53,maiordetres.js,7,5,2026-04-01T08:13:07.909735
natanaelalvesf92-eng,/home/gilmar/Documents/algoritmos/logado-utfpr-ifam/logado-students/repos_logado/natanaelalvesf92-eng/maiordetres.json,maiordetres.json,if,2026-03-19 22:02:04,maiordetres.js,2,2,2026-04-01T08:13:07.909736
natanaelalvesf92-eng,/home/gilmar/Documents/algoritmos/logado-utfpr-ifam/logado-students/repos_logado/natanaelalvesf92-eng/maiordetres.json,maiordetres.json,alert,2026-03-19 22:05:37,maiordetres.js,3,5,2026-04-01T08:13:07.909737
natanaelalvesf92-eng,/home/gilmar/Documents/algoritmos/logado-utfpr-ifam/logado-students/repos_logado/natanaelalvesf92-eng/maiordetres.json,maiordetres.json,if,2026-03-19 22:06:07,maiordetres.js,4,6,2026-04-01T08:13:07.909739
natanaelalvesf92-eng,/home/gilmar/Documents/algoritmos/logado-utfpr-ifam/logado-students/repos_logado/natanaelalvesf92-eng/maiordetres.json,maiordetres.json,alert,2026-03-19 22:07:33,maiordetres.js,5,5,2026-04-01T08:13:07.909740
natanaelalvesf92-eng,/home/gilmar/Documents/algoritmos/logado-utfpr-ifam/logado-students/repos_logado/natanaelalvesf92-eng/maiordetres.json,maiordetres.json,if,2026-03-19 22:08:39,maiordetres.js,6,6,2026-04-01T08:13:07.909742
natanaelalvesf92-eng,/home/gilmar/Documents/algoritmos/logado-utfpr-ifam/logado-students/repos_logado/natanaelalvesf92-eng/maiordetres.json,maiordetres.json,alert,2026-03-19 22:09:55,maiordetres.js,7,5,2026-04-01T08:13:07.909743
natanaelalvesf92-eng,/home/gilmar/Documents/algoritmos/logado-utfpr-ifam/logado-students/repos_logado/natanaelalvesf92-eng/maiordetres.json,maiordetres.json,else,2026-03-19 22:10:23,maiordetres.js,8,1,2026-04-01T08:13:07.909744
natanaelalvesf92-eng,/home/gilmar/Documents/algoritmos/logado-utfpr-ifam/logado-students/repos_logado/natanaelalvesf92-eng/maiordetres.json,maiordetres.json,alert,2026-03-19 22:10:36,maiordetres.js,9,5,2026-04-01T08:13:07.909746
natanaelalvesf92-eng,/home/gilmar/Documents/algoritmos/logado-utfpr-ifam/logado-students/repos_logado/natanaelalvesf92-eng/troca.json,troca.json,alert,2026-03-20 20:37:29,troca.js,6,1,2026-04-01T08:13:07.909759
ketilaAnjos,/home/gilmar/Documents/algoritmos/logado-utfpr-ifam/logado-students/repos_logado/ketilaAnjos/domingos.json,domingos.json,for,2026-02-27 20:03:32,domingos.js,4,1,2026-04-01T08:13:07.909789
ketilaAnjos,/home/gilmar/Documents/algoritmos/logado-utfpr-ifam/logado-students/repos_logado/ketilaAnjos/domingos.json,domingos.json,for,2026-02-27 20:06:08,domingos.js,4,1,2026-04-01T08:13:07.909790
ketilaAnjos,/home/gilmar/Documents/algoritmos/logado-utfpr-ifam/logado-students/repos_logado/ketilaAnjos/domingos.json,domingos.json,for,2026-02-27 20:07:04,domingos.js,4,1,2026-04-01T08:13:07.909792
ketilaAnjos,/home/gilmar/Documents/algoritmos/logado-utfpr-ifam/logado-students/repos_logado/ketilaAnjos/domingos.json,domingos.json,for,2026-02-27 20:11:27,domingos.js,4,1,2026-04-01T08:13:07.909793
ketilaAnjos,/home/gilmar/Documents/algoritmos/logado-utfpr-ifam/logado-students/repos_logado/ketilaAnjos/domingos.json,domingos.json,for,2026-02-27 20:49:45,domingos.js,7,1,2026-04-01T08:13:07.909795
ketilaAnjos,/home/gilmar/Documents/algoritmos/logado-utfpr-ifam/logado-students/repos_logado/ketilaAnjos/domingos.json,domingos.json,for,2026-02-27 22:24:25,domingos.js,11,1,2026-04-01T08:13:07.909796
ketilaAnjos,/home/gilmar/Documents/algoritmos/logado-utfpr-ifam/logado-students/repos_logado/ketilaAnjos/domingos.json,domingos.json,alert,2026-02-27 22:26:30,domingos.js,14,1,2026-04-01T08:13:07.909797
ketilaAnjos,/home/gilmar/Documents/algoritmos/logado-utfpr-ifam/logado-students/repos_logado/ketilaAnjos/vaquinha.json,vaquinha.json,alert,2026-03-12 20:06:57,vaquinha.js,8,1,2026-04-01T08:13:07.909815
ketilaAnjos,/home/gilmar/Documents/algoritmos/logado-utfpr-ifam/logado-students/repos_logado/ketilaAnjos/vaquinha.json,vaquinha.json,for,2026-03-12 20:10:19,vaquinha.js,9,1,2026-04-01T08:13:07.909817
ketilaAnjos,/home/gilmar/Documents/algoritmos/logado-utfpr-ifam/logado-students/repos_logado/ketilaAnjos/exercicio3.json,exercicio3.json,for,2026-03-24 20:33:29,exercicio3.js,3,1,2026-04-01T08:13:07.909833
ketilaAnjos,/home/gilmar/Documents/algoritmos/logado-utfpr-ifam/logado-students/repos_logado/ketilaAnjos/exercicio3.json,exercicio3.json,alert,2026-03-24 20:36:48,exercicio3.js,7,1,2026-04-01T08:13:07.909835
ketilaAnjos,/home/gilmar/Documents/algoritmos/logado-utfpr-ifam/logado-students/repos_logado/ketilaAnjos/atividade5.json,atividade5.json,for,2026-03-10 20:42:07,atividade5.js,2,1,2026-04-01T08:13:07.909848
ketilaAnjos,/home/gilmar/Documents/algoritmos/logado-utfpr-ifam/logado-students/repos_logado/ketilaAnjos/funcaosoma.json,funcaosoma.json,function,2026-03-25 21:18:21,funcaosoma.js,1,1,2026-04-01T08:13:07.909869
ketilaAnjos,/home/gilmar/Documents/algoritmos/logado-utfpr-ifam/logado-students/repos_logado/ketilaAnjos/funcaosoma.json,funcaosoma.json,prompt,2026-03-25 21:20:07,funcaosoma.js,4,18,2026-04-01T08:13:07.909871
ketilaAnjos,/home/gilmar/Documents/algoritmos/logado-utfpr-ifam/logado-students/repos_logado/ketilaAnjos/funcaosoma.json,funcaosoma.json,alert,2026-03-25 21:20:57,funcaosoma.js,6,1,2026-04-01T08:13:07.909873
ketilaAnjos,/home/gilmar/Documents/algoritmos/logado-utfpr-ifam/logado-students/repos_logado/ketilaAnjos/funcaosoma.json,funcaosoma.json,for,2026-03-25 21:35:07,funcaosoma.js,5,1,2026-04-01T08:13:07.909874
ketilaAnjos,/home/gilmar/Documents/algoritmos/logado-utfpr-ifam/logado-students/repos_logado/ketilaAnjos/funcaosoma.json,funcaosoma.json,if,2026-03-25 21:35:30,funcaosoma.js,5,1,2026-04-01T08:13:07.909875
ketilaAnjos,/home/gilmar/Documents/algoritmos/logado-utfpr-ifam/logado-students/repos_logado/ketilaAnjos/funcaosoma.json,funcaosoma.json,alert,2026-03-25 21:36:46,funcaosoma.js,6,5,2026-04-01T08:13:07.909877
ketilaAnjos,/home/gilmar/Documents/algoritmos/logado-utfpr-ifam/logado-students/repos_logado/ketilaAnjos/funcaosoma.json,funcaosoma.json,alert,2026-03-25 21:39:14,funcaosoma.js,7,5,2026-04-01T08:13:07.909878
ketilaAnjos,/home/gilmar/Documents/algoritmos/logado-utfpr-ifam/logado-students/repos_logado/ketilaAnjos/funcaosoma.json,funcaosoma.json,function,2026-03-25 21:42:24,funcaosoma.js,7,1,2026-04-01T08:13:07.909880
ketilaAnjos,/home/gilmar/Documents/algoritmos/logado-utfpr-ifam/logado-students/repos_logado/ketilaAnjos/funcaosoma.json,funcaosoma.json,switch,2026-03-25 21:47:35,funcaosoma.js,16,1,2026-04-01T08:13:07.909881
ketilaAnjos,/home/gilmar/Documents/algoritmos/logado-utfpr-ifam/logado-students/repos_logado/ketilaAnjos/funcaosoma.json,funcaosoma.json,alert,2026-03-25 21:49:34,funcaosoma.js,18,5,2026-04-01T08:13:07.909882
ketilaAnjos,/home/gilmar/Documents/algoritmos/logado-utfpr-ifam/logado-students/repos_logado/ketilaAnjos/funcaosoma.json,funcaosoma.json,break,2026-03-25 21:49:46,funcaosoma.js,18,22,2026-04-01T08:13:07.909885
ketilaAnjos,/home/gilmar/Documents/algoritmos/logado-utfpr-ifam/logado-students/repos_logado/ketilaAnjos/funcaosoma.json,funcaosoma.json,alert,2026-03-25 21:50:19,funcaosoma.js,20,5,2026-04-01T08:13:07.909886
ketilaAnjos,/home/gilmar/Documents/algoritmos/logado-utfpr-ifam/logado-students/repos_logado/ketilaAnjos/funcaosoma.json,funcaosoma.json,break,2026-03-25 21:50:42,funcaosoma.js,20,27,2026-04-01T08:13:07.909888
ketilaAnjos,/home/gilmar/Documents/algoritmos/logado-utfpr-ifam/logado-students/repos_logado/ketilaAnjos/funcaosoma.json,funcaosoma.json,alert,2026-03-25 21:51:01,funcaosoma.js,22,5,2026-04-01T08:13:07.909889
ketilaAnjos,/home/gilmar/Documents/algoritmos/logado-utfpr-ifam/logado-students/repos_logado/ketilaAnjos/funcaosoma.json,funcaosoma.json,break,2026-03-25 21:51:46,funcaosoma.js,22,31,2026-04-01T08:13:07.909890
ketilaAnjos,/home/gilmar/Documents/algoritmos/logado-utfpr-ifam/logado-students/repos_logado/ketilaAnjos/funcaosoma.json,funcaosoma.json,alert,2026-03-25 21:52:06,funcaosoma.js,24,5,2026-04-01T08:13:07.909892
ketilaAnjos,/home/gilmar/Documents/algoritmos/logado-utfpr-ifam/logado-students/repos_logado/ketilaAnjos/funcaosoma.json,funcaosoma.json,break,2026-03-25 21:52:59,funcaosoma.js,24,25,2026-04-01T08:13:07.909894
ketilaAnjos,/home/gilmar/Documents/algoritmos/logado-utfpr-ifam/logado-students/repos_logado/ketilaAnjos/funcaosoma.json,funcaosoma.json,alert,2026-03-25 21:54:07,funcaosoma.js,26,9,2026-04-01T08:13:07.909895
ketilaAnjos,/home/gilmar/Documents/algoritmos/logado-utfpr-ifam/logado-students/repos_logado/ketilaAnjos/vetorpar_impar.json,vetorpar_impar.json,for,2026-03-12 21:37:41,vetorpar_impar.js,4,1,2026-04-01T08:13:07.909913
ketilaAnjos,/home/gilmar/Documents/algoritmos/logado-utfpr-ifam/logado-students/repos_logado/ketilaAnjos/vetorpar_impar.json,vetorpar_impar.json,if,2026-03-12 21:40:22,vetorpar_impar.js,6,5,2026-04-01T08:13:07.909914
ketilaAnjos,/home/gilmar/Documents/algoritmos/logado-utfpr-ifam/logado-students/repos_logado/ketilaAnjos/vetorpar_impar.json,vetorpar_impar.json,if,2026-03-12 21:47:16,vetorpar_impar.js,9,5,2026-04-01T08:13:07.909916
ketilaAnjos,/home/gilmar/Documents/algoritmos/logado-utfpr-ifam/logado-students/repos_logado/ketilaAnjos/vetorpar_impar.json,vetorpar_impar.json,else,2026-03-12 21:47:45,vetorpar_impar.js,12,1,2026-04-01T08:13:07.909917
ketilaAnjos,/home/gilmar/Documents/algoritmos/logado-utfpr-ifam/logado-students/repos_logado/ketilaAnjos/vetorpar_impar.json,vetorpar_impar.json,else,2026-03-12 21:49:30,vetorpar_impar.js,13,5,2026-04-01T08:13:07.909918
ketilaAnjos,/home/gilmar/Documents/algoritmos/logado-utfpr-ifam/logado-students/repos_logado/ketilaAnjos/vetorpar_impar.json,vetorpar_impar.json,alert,2026-03-12 21:50:47,vetorpar_impar.js,13,6,2026-04-01T08:13:07.909921
ketilaAnjos,/home/gilmar/Documents/algoritmos/logado-utfpr-ifam/logado-students/repos_logado/ketilaAnjos/vetorpar_impar.json,vetorpar_impar.json,for,2026-03-12 22:10:36,vetorpar_impar.js,15,1,2026-04-01T08:13:07.909922
ketilaAnjos,/home/gilmar/Documents/algoritmos/logado-utfpr-ifam/logado-students/repos_logado/ketilaAnjos/espalhamentominimo.json,espalhamentominimo.json,alert,2026-03-20 19:50:59,espalhamentominimo.js,2,1,2026-04-01T08:13:07.909937
ketilaAnjos,/home/gilmar/Documents/algoritmos/logado-utfpr-ifam/logado-students/repos_logado/ketilaAnjos/espalhamentominimo.json,espalhamentominimo.json,min,2026-03-20 19:51:08,espalhamentominimo.js,2,12,2026-04-01T08:13:07.909939
ketilaAnjos,/home/gilmar/Documents/algoritmos/logado-utfpr-ifam/logado-students/repos_logado/ketilaAnjos/jogos.json,jogos.json,for,2026-02-20 21:47:01,jogos.js,1,1,2026-04-01T08:13:07.909955
ketilaAnjos,/home/gilmar/Documents/algoritmos/logado-utfpr-ifam/logado-students/repos_logado/ketilaAnjos/jogos.json,jogos.json,for,2026-02-26 19:43:00,jogos.js,3,1,2026-04-01T08:13:07.909956
ketilaAnjos,/home/gilmar/Documents/algoritmos/logado-utfpr-ifam/logado-students/repos_logado/ketilaAnjos/jogos.json,jogos.json,alert,2026-02-26 20:26:54,jogos.js,5,5,2026-04-01T08:13:07.909958
ketilaAnjos,/home/gilmar/Documents/algoritmos/logado-utfpr-ifam/logado-students/repos_logado/ketilaAnjos/jogos.json,jogos.json,alert,2026-02-26 20:27:47,jogos.js,6,5,2026-04-01T08:13:07.909959
ketilaAnjos,/home/gilmar/Documents/algoritmos/logado-utfpr-ifam/logado-students/repos_logado/ketilaAnjos/jogos.json,jogos.json,alert,2026-02-26 20:29:06,jogos.js,12,5,2026-04-01T08:13:07.909961
ketilaAnjos,/home/gilmar/Documents/algoritmos/logado-utfpr-ifam/logado-students/repos_logado/ketilaAnjos/jogos.json,jogos.json,alert,2026-02-26 20:33:04,jogos.js,10,5,2026-04-01T08:13:07.909962
ketilaAnjos,/home/gilmar/Documents/algoritmos/logado-utfpr-ifam/logado-students/repos_logado/ketilaAnjos/jogos.json,jogos.json,alert,2026-02-26 20:38:50,jogos.js,12,5,2026-04-01T08:13:07.909963
ketilaAnjos,/home/gilmar/Documents/algoritmos/logado-utfpr-ifam/logado-students/repos_logado/ketilaAnjos/jogos.json,jogos.json,alert,2026-02-26 20:40:23,jogos.js,6,5,2026-04-01T08:13:07.909965
ketilaAnjos,/home/gilmar/Documents/algoritmos/logado-utfpr-ifam/logado-students/repos_logado/ketilaAnjos/jogos.json,jogos.json,alert,2026-02-26 20:42:44,jogos.js,6,5,2026-04-01T08:13:07.909967
ketilaAnjos,/home/gilmar/Documents/algoritmos/logado-utfpr-ifam/logado-students/repos_logado/ketilaAnjos/maiorde3math.json,maiorde3math.json,alert,2026-03-19 22:14:42,maiorde3math.js,2,1,2026-04-01T08:13:07.909981
ketilaAnjos,/home/gilmar/Documents/algoritmos/logado-utfpr-ifam/logado-students/repos_logado/ketilaAnjos/maiorde3math.json,maiorde3math.json,max,2026-03-19 22:15:15,maiorde3math.js,2,12,2026-04-01T08:13:07.909983
ketilaAnjos,/home/gilmar/Documents/algoritmos/logado-utfpr-ifam/logado-students/repos_logado/ketilaAnjos/exercicio_01.json,exercicio_01.json,prompt,2026-02-24 21:19:23,exercicio_01.js,1,15,2026-04-01T08:13:07.909996
ketilaAnjos,/home/gilmar/Documents/algoritmos/logado-utfpr-ifam/logado-students/repos_logado/ketilaAnjos/exercicio_01.json,exercicio_01.json,alert,2026-02-24 21:24:14,exercicio_01.js,5,1,2026-04-01T08:13:07.909998
ketilaAnjos,/home/gilmar/Documents/algoritmos/logado-utfpr-ifam/logado-students/repos_logado/ketilaAnjos/par_impar.json,par_impar.json,if,2026-02-26 22:14:32,par_impar.js,4,1,2026-04-01T08:13:07.910015
ketilaAnjos,/home/gilmar/Documents/algoritmos/logado-utfpr-ifam/logado-students/repos_logado/ketilaAnjos/par_impar.json,par_impar.json,if,2026-02-26 22:14:40,par_impar.js,4,1,2026-04-01T08:13:07.910017
ketilaAnjos,/home/gilmar/Documents/algoritmos/logado-utfpr-ifam/logado-students/repos_logado/ketilaAnjos/par_impar.json,par_impar.json,for,2026-02-26 22:22:12,par_impar.js,4,1,2026-04-01T08:13:07.910018
ketilaAnjos,/home/gilmar/Documents/algoritmos/logado-utfpr-ifam/logado-students/repos_logado/ketilaAnjos/par_impar.json,par_impar.json,prompt,2026-02-26 22:23:06,par_impar.js,4,24,2026-04-01T08:13:07.910020
ketilaAnjos,/home/gilmar/Documents/algoritmos/logado-utfpr-ifam/logado-students/repos_logado/ketilaAnjos/par_impar.json,par_impar.json,if,2026-02-26 22:23:18,par_impar.js,5,5,2026-04-01T08:13:07.910021
ketilaAnjos,/home/gilmar/Documents/algoritmos/logado-utfpr-ifam/logado-students/repos_logado/ketilaAnjos/par_impar.json,par_impar.json,else,2026-02-26 22:24:21,par_impar.js,8,2,2026-04-01T08:13:07.910022
ketilaAnjos,/home/gilmar/Documents/algoritmos/logado-utfpr-ifam/logado-students/repos_logado/ketilaAnjos/par_impar.json,par_impar.json,alert,2026-02-26 22:24:41,par_impar.js,10,1,2026-04-01T08:13:07.910024
ketilaAnjos,/home/gilmar/Documents/algoritmos/logado-utfpr-ifam/logado-students/repos_logado/ketilaAnjos/espalhamentominino.json,espalhamentominino.json,alert,2026-03-20 19:45:10,espalhamentominino.js,2,1,2026-04-01T08:13:07.910040
ketilaAnjos,/home/gilmar/Documents/algoritmos/logado-utfpr-ifam/logado-students/repos_logado/ketilaAnjos/espalhamentominino.json,espalhamentominino.json,min,2026-03-20 19:45:27,espalhamentominino.js,2,12,2026-04-01T08:13:07.910042
ketilaAnjos,/home/gilmar/Documents/algoritmos/logado-utfpr-ifam/logado-students/repos_logado/ketilaAnjos/espalhamentominino.json,espalhamentominino.json,min,2026-03-20 19:45:40,espalhamentominino.js,2,12,2026-04-01T08:13:07.910043
ketilaAnjos,/home/gilmar/Documents/algoritmos/logado-utfpr-ifam/logado-students/repos_logado/ketilaAnjos/atividade4.json,atividade4.json,if,2026-03-10 20:36:12,atividade4.js,5,5,2026-04-01T08:13:07.910062
ketilaAnjos,/home/gilmar/Documents/algoritmos/logado-utfpr-ifam/logado-students/repos_logado/ketilaAnjos/atividade4.json,atividade4.json,break,2026-03-10 20:37:29,atividade4.js,6,9,2026-04-01T08:13:07.910064
ketilaAnjos,/home/gilmar/Documents/algoritmos/logado-utfpr-ifam/logado-students/repos_logado/ketilaAnjos/atividade4.json,atividade4.json,push,2026-03-10 20:38:11,atividade4.js,7,17,2026-04-01T08:13:07.910065
ketilaAnjos,/home/gilmar/Documents/algoritmos/logado-utfpr-ifam/logado-students/repos_logado/ketilaAnjos/atividade4.json,atividade4.json,while,2026-03-10 20:38:37,atividade4.js,9,1,2026-04-01T08:13:07.910067
ketilaAnjos,/home/gilmar/Documents/algoritmos/logado-utfpr-ifam/logado-students/repos_logado/ketilaAnjos/atividade4.json,atividade4.json,alert,2026-03-10 20:39:31,atividade4.js,10,5,2026-04-01T08:13:07.910071
ketilaAnjos,/home/gilmar/Documents/algoritmos/logado-utfpr-ifam/logado-students/repos_logado/ketilaAnjos/revisaovetor.json,revisaovetor.json,prompt,2026-03-26 19:35:34,revisaovetor.js,2,21,2026-04-01T08:13:07.910093
ketilaAnjos,/home/gilmar/Documents/algoritmos/logado-utfpr-ifam/logado-students/repos_logado/ketilaAnjos/revisaovetor.json,revisaovetor.json,alert,2026-03-26 19:38:56,revisaovetor.js,4,1,2026-04-01T08:13:07.910095
ketilaAnjos,/home/gilmar/Documents/algoritmos/logado-utfpr-ifam/logado-students/repos_logado/ketilaAnjos/revisaovetor.json,revisaovetor.json,alert,2026-03-26 19:43:26,revisaovetor.js,5,5,2026-04-01T08:13:07.910096
ketilaAnjos,/home/gilmar/Documents/algoritmos/logado-utfpr-ifam/logado-students/repos_logado/ketilaAnjos/revisaovetor.json,revisaovetor.json,prompt,2026-03-26 19:45:57,revisaovetor.js,4,22,2026-04-01T08:13:07.910098
ketilaAnjos,/home/gilmar/Documents/algoritmos/logado-utfpr-ifam/logado-students/repos_logado/ketilaAnjos/revisaovetor.json,revisaovetor.json,let,2026-03-26 19:52:43,revisaovetor.js,2,1,2026-04-01T08:13:07.910099
ketilaAnjos,/home/gilmar/Documents/algoritmos/logado-utfpr-ifam/logado-students/repos_logado/ketilaAnjos/revisaovetor.json,revisaovetor.json,prompt,2026-03-26 19:52:43,revisaovetor.js,2,25,2026-04-01T08:13:07.910100
ketilaAnjos,/home/gilmar/Documents/algoritmos/logado-utfpr-ifam/logado-students/repos_logado/ketilaAnjos/revisaovetor.json,revisaovetor.json,for,2026-03-26 19:56:06,revisaovetor.js,7,1,2026-04-01T08:13:07.910102
ketilaAnjos,/home/gilmar/Documents/algoritmos/logado-utfpr-ifam/logado-students/repos_logado/ketilaAnjos/exercicio5.json,exercicio5.json,for,2026-03-24 20:45:20,exercicio5.js,3,1,2026-04-01T08:13:07.910120
ketilaAnjos,/home/gilmar/Documents/algoritmos/logado-utfpr-ifam/logado-students/repos_logado/ketilaAnjos/exercicio5.json,exercicio5.json,if,2026-03-24 21:24:35,exercicio5.js,8,1,2026-04-01T08:13:07.910122
ketilaAnjos,/home/gilmar/Documents/algoritmos/logado-utfpr-ifam/logado-students/repos_logado/ketilaAnjos/exercicio5.json,exercicio5.json,alert,2026-03-24 21:24:59,exercicio5.js,9,5,2026-04-01T08:13:07.910123
ketilaAnjos,/home/gilmar/Documents/algoritmos/logado-utfpr-ifam/logado-students/repos_logado/ketilaAnjos/exercicio5.json,exercicio5.json,alert,2026-03-24 21:26:29,exercicio5.js,11,5,2026-04-01T08:13:07.910125
ketilaAnjos,/home/gilmar/Documents/algoritmos/logado-utfpr-ifam/logado-students/repos_logado/ketilaAnjos/atividade2.json,atividade2.json,if,2026-03-10 20:18:35,atividade2.js,4,1,2026-04-01T08:13:07.910140
ketilaAnjos,/home/gilmar/Documents/algoritmos/logado-utfpr-ifam/logado-students/repos_logado/ketilaAnjos/atividade2.json,atividade2.json,if,2026-03-10 20:18:40,atividade2.js,4,1,2026-04-01T08:13:07.910142
ketilaAnjos,/home/gilmar/Documents/algoritmos/logado-utfpr-ifam/logado-students/repos_logado/ketilaAnjos/atividade2.json,atividade2.json,alert,2026-03-10 20:19:19,atividade2.js,5,5,2026-04-01T08:13:07.910143
ketilaAnjos,/home/gilmar/Documents/algoritmos/logado-utfpr-ifam/logado-students/repos_logado/ketilaAnjos/atividade2.json,atividade2.json,alert,2026-03-10 20:19:59,atividade2.js,7,5,2026-04-01T08:13:07.910145
ketilaAnjos,/home/gilmar/Documents/algoritmos/logado-utfpr-ifam/logado-students/repos_logado/ketilaAnjos/exercicio1.json,exercicio1.json,alert,2026-03-24 20:13:08,exercicio1.js,4,1,2026-04-01T08:13:07.910159
ketilaAnjos,/home/gilmar/Documents/algoritmos/logado-utfpr-ifam/logado-students/repos_logado/ketilaAnjos/atividade3.json,atividade3.json,while,2026-03-10 20:27:48,atividade3.js,3,1,2026-04-01T08:13:07.910174
ketilaAnjos,/home/gilmar/Documents/algoritmos/logado-utfpr-ifam/logado-students/repos_logado/ketilaAnjos/atividade3.json,atividade3.json,alert,2026-03-10 20:28:42,atividade3.js,7,1,2026-04-01T08:13:07.910175
ketilaAnjos,/home/gilmar/Documents/algoritmos/logado-utfpr-ifam/logado-students/repos_logado/ketilaAnjos/exercicio2.json,exercicio2.json,if,2026-03-24 20:23:53,exercicio2.js,3,1,2026-04-01T08:13:07.910190
ketilaAnjos,/home/gilmar/Documents/algoritmos/logado-utfpr-ifam/logado-students/repos_logado/ketilaAnjos/exercicio2.json,exercicio2.json,alert,2026-03-24 20:24:46,exercicio2.js,4,5,2026-04-01T08:13:07.910192
ketilaAnjos,/home/gilmar/Documents/algoritmos/logado-utfpr-ifam/logado-students/repos_logado/ketilaAnjos/exercicio2.json,exercicio2.json,alert,2026-03-24 20:25:06,exercicio2.js,6,5,2026-04-01T08:13:07.910193
ketilaAnjos,/home/gilmar/Documents/algoritmos/logado-utfpr-ifam/logado-students/repos_logado/ketilaAnjos/atividade1.json,atividade1.json,prompt,2026-03-10 19:50:09,atividade1.js,1,22,2026-04-01T08:13:07.910209
ketilaAnjos,/home/gilmar/Documents/algoritmos/logado-utfpr-ifam/logado-students/repos_logado/ketilaAnjos/atividade1.json,atividade1.json,if,2026-03-10 19:52:28,atividade1.js,2,1,2026-04-01T08:13:07.910211
ketilaAnjos,/home/gilmar/Documents/algoritmos/logado-utfpr-ifam/logado-students/repos_logado/ketilaAnjos/atividade1.json,atividade1.json,alert,2026-03-10 19:54:09,atividade1.js,3,5,2026-04-01T08:13:07.910212
ketilaAnjos,/home/gilmar/Documents/algoritmos/logado-utfpr-ifam/logado-students/repos_logado/ketilaAnjos/atividade1.json,atividade1.json,alert,2026-03-10 19:55:33,atividade1.js,5,5,2026-04-01T08:13:07.910214
ketilaAnjos,/home/gilmar/Documents/algoritmos/logado-utfpr-ifam/logado-students/repos_logado/ketilaAnjos/vetor_jogos2.json,vetor_jogos2.json,for,2026-03-12 21:22:09,vetor_jogos2.js,8,1,2026-04-01T08:13:07.910227
ketilaAnjos,/home/gilmar/Documents/algoritmos/logado-utfpr-ifam/logado-students/repos_logado/ketilaAnjos/tabuada_vetor.json,tabuada_vetor.json,for,2026-03-13 19:44:26,tabuada_vetor.js,3,1,2026-04-01T08:13:07.910241
ketilaAnjos,/home/gilmar/Documents/algoritmos/logado-utfpr-ifam/logado-students/repos_logado/ketilaAnjos/tabuada_vetor.json,tabuada_vetor.json,alert,2026-03-13 19:51:40,tabuada_vetor.js,6,1,2026-04-01T08:13:07.910242
ketilaAnjos,/home/gilmar/Documents/algoritmos/logado-utfpr-ifam/logado-students/repos_logado/ketilaAnjos/quicksort.json,quicksort.json,function,2026-03-25 19:48:36,quicksort.js,1,1,2026-04-01T08:13:07.910273
ketilaAnjos,/home/gilmar/Documents/algoritmos/logado-utfpr-ifam/logado-students/repos_logado/ketilaAnjos/quicksort.json,quicksort.json,if,2026-03-25 19:49:12,quicksort.js,2,5,2026-04-01T08:13:07.910275
ketilaAnjos,/home/gilmar/Documents/algoritmos/logado-utfpr-ifam/logado-students/repos_logado/ketilaAnjos/quicksort.json,quicksort.json,if,2026-03-25 19:52:33,quicksort.js,9,9,2026-04-01T08:13:07.910276
ketilaAnjos,/home/gilmar/Documents/algoritmos/logado-utfpr-ifam/logado-students/repos_logado/ketilaAnjos/quicksort.json,quicksort.json,push,2026-03-25 19:53:22,quicksort.js,10,21,2026-04-01T08:13:07.910278
ketilaAnjos,/home/gilmar/Documents/algoritmos/logado-utfpr-ifam/logado-students/repos_logado/ketilaAnjos/quicksort.json,quicksort.json,else,2026-03-25 19:55:35,quicksort.js,11,10,2026-04-01T08:13:07.910280
ketilaAnjos,/home/gilmar/Documents/algoritmos/logado-utfpr-ifam/logado-students/repos_logado/ketilaAnjos/quicksort.json,quicksort.json,push,2026-03-25 19:56:29,quicksort.js,12,21,2026-04-01T08:13:07.910281
ketilaAnjos,/home/gilmar/Documents/algoritmos/logado-utfpr-ifam/logado-students/repos_logado/ketilaAnjos/quicksort.json,quicksort.json,alert,2026-03-25 19:59:41,quicksort.js,19,1,2026-04-01T08:13:07.910283
ketilaAnjos,/home/gilmar/Documents/algoritmos/logado-utfpr-ifam/logado-students/repos_logado/ketilaAnjos/quicksort.json,quicksort.json,let,2026-03-25 20:13:48,quicksort.js,8,10,2026-04-01T08:13:07.910284
ketilaAnjos,/home/gilmar/Documents/algoritmos/logado-utfpr-ifam/logado-students/repos_logado/ketilaAnjos/quicksort.json,quicksort.json,for,2026-03-25 20:16:41,quicksort.js,18,2,2026-04-01T08:13:07.910286
ketilaAnjos,/home/gilmar/Documents/algoritmos/logado-utfpr-ifam/logado-students/repos_logado/ketilaAnjos/quicksort.json,quicksort.json,let,2026-03-25 20:17:35,quicksort.js,17,1,2026-04-01T08:13:07.910287
ketilaAnjos,/home/gilmar/Documents/algoritmos/logado-utfpr-ifam/logado-students/repos_logado/ketilaAnjos/quicksort.json,quicksort.json,alert,2026-03-25 20:38:46,quicksort.js,22,2,2026-04-01T08:13:07.910289
ketilaAnjos,/home/gilmar/Documents/algoritmos/logado-utfpr-ifam/logado-students/repos_logado/ketilaAnjos/copa.json,copa.json,alert,2026-02-26 21:39:33,copa.js,4,1,2026-04-01T08:13:07.910304
ketilaAnjos,/home/gilmar/Documents/algoritmos/logado-utfpr-ifam/logado-students/repos_logado/ketilaAnjos/copa.json,copa.json,if,2026-02-26 21:44:28,copa.js,3,1,2026-04-01T08:13:07.910306
ketilaAnjos,/home/gilmar/Documents/algoritmos/logado-utfpr-ifam/logado-students/repos_logado/ketilaAnjos/copa.json,copa.json,if,2026-02-26 21:49:30,copa.js,3,5,2026-04-01T08:13:07.910307
ketilaAnjos,/home/gilmar/Documents/algoritmos/logado-utfpr-ifam/logado-students/repos_logado/ketilaAnjos/for.json,for.json,alert,2026-02-20 21:24:06,for.js,2,5,2026-04-01T08:13:07.910325
ketilaAnjos,/home/gilmar/Documents/algoritmos/logado-utfpr-ifam/logado-students/repos_logado/ketilaAnjos/for.json,for.json,for,2026-02-20 21:26:05,for.js,4,1,2026-04-01T08:13:07.910326
ketilaAnjos,/home/gilmar/Documents/algoritmos/logado-utfpr-ifam/logado-students/repos_logado/ketilaAnjos/for.json,for.json,for,2026-02-20 21:32:52,for.js,9,1,2026-04-01T08:13:07.910328
ketilaAnjos,/home/gilmar/Documents/algoritmos/logado-utfpr-ifam/logado-students/repos_logado/ketilaAnjos/for.json,for.json,alert,2026-02-20 21:33:40,for.js,10,5,2026-04-01T08:13:07.910329
ketilaAnjos,/home/gilmar/Documents/algoritmos/logado-utfpr-ifam/logado-students/repos_logado/ketilaAnjos/maiorde3.json,maiorde3.json,if,2026-03-19 21:48:50,maiorde3.js,2,1,2026-04-01T08:13:07.910349
ketilaAnjos,/home/gilmar/Documents/algoritmos/logado-utfpr-ifam/logado-students/repos_logado/ketilaAnjos/maiorde3.json,maiorde3.json,alert,2026-03-19 21:52:27,maiorde3.js,3,5,2026-04-01T08:13:07.910351
ketilaAnjos,/home/gilmar/Documents/algoritmos/logado-utfpr-ifam/logado-students/repos_logado/ketilaAnjos/maiorde3.json,maiorde3.json,else,2026-03-19 21:52:54,maiorde3.js,5,4,2026-04-01T08:13:07.910352
ketilaAnjos,/home/gilmar/Documents/algoritmos/logado-utfpr-ifam/logado-students/repos_logado/ketilaAnjos/maiorde3.json,maiorde3.json,if,2026-03-19 21:53:01,maiorde3.js,5,1,2026-04-01T08:13:07.910354
ketilaAnjos,/home/gilmar/Documents/algoritmos/logado-utfpr-ifam/logado-students/repos_logado/ketilaAnjos/maiorde3.json,maiorde3.json,else,2026-03-19 21:53:01,maiorde3.js,7,3,2026-04-01T08:13:07.910355
ketilaAnjos,/home/gilmar/Documents/algoritmos/logado-utfpr-ifam/logado-students/repos_logado/ketilaAnjos/maiorde3.json,maiorde3.json,else,2026-03-19 21:54:04,maiorde3.js,5,4,2026-04-01T08:13:07.910357
ketilaAnjos,/home/gilmar/Documents/algoritmos/logado-utfpr-ifam/logado-students/repos_logado/ketilaAnjos/maiorde3.json,maiorde3.json,alert,2026-03-19 21:55:48,maiorde3.js,6,5,2026-04-01T08:13:07.910358
ketilaAnjos,/home/gilmar/Documents/algoritmos/logado-utfpr-ifam/logado-students/repos_logado/ketilaAnjos/maiorde3.json,maiorde3.json,else,2026-03-19 21:56:09,maiorde3.js,8,1,2026-04-01T08:13:07.910359
ketilaAnjos,/home/gilmar/Documents/algoritmos/logado-utfpr-ifam/logado-students/repos_logado/ketilaAnjos/maiorde3.json,maiorde3.json,else,2026-03-19 21:56:29,maiorde3.js,7,2,2026-04-01T08:13:07.910361
ketilaAnjos,/home/gilmar/Documents/algoritmos/logado-utfpr-ifam/logado-students/repos_logado/ketilaAnjos/maiorde3.json,maiorde3.json,else,2026-03-19 21:56:54,maiorde3.js,8,1,2026-04-01T08:13:07.910362
ketilaAnjos,/home/gilmar/Documents/algoritmos/logado-utfpr-ifam/logado-students/repos_logado/ketilaAnjos/maiorde3.json,maiorde3.json,alert,2026-03-19 22:00:05,maiorde3.js,9,5,2026-04-01T08:13:07.910364
ketilaAnjos,/home/gilmar/Documents/algoritmos/logado-utfpr-ifam/logado-students/repos_logado/ketilaAnjos/maiorde3.json,maiorde3.json,else,2026-03-19 22:01:12,maiorde3.js,11,1,2026-04-01T08:13:07.910365
ketilaAnjos,/home/gilmar/Documents/algoritmos/logado-utfpr-ifam/logado-students/repos_logado/ketilaAnjos/maiorde3.json,maiorde3.json,alert,2026-03-19 22:01:22,maiorde3.js,12,5,2026-04-01T08:13:07.910367
ketilaAnjos,/home/gilmar/Documents/algoritmos/logado-utfpr-ifam/logado-students/repos_logado/ketilaAnjos/espalhamento.json,espalhamento.json,alert,2026-03-19 22:29:04,espalhamento.js,2,1,2026-04-01T08:13:07.910384
ketilaAnjos,/home/gilmar/Documents/algoritmos/logado-utfpr-ifam/logado-students/repos_logado/ketilaAnjos/espalhamento.json,espalhamento.json,max,2026-03-19 22:29:15,espalhamento.js,2,12,2026-04-01T08:13:07.910385
ketilaAnjos,/home/gilmar/Documents/algoritmos/logado-utfpr-ifam/logado-students/repos_logado/ketilaAnjos/funcaovetor.json,funcaovetor.json,return,2026-03-25 22:19:59,funcaovetor.js,2,1,2026-04-01T08:13:07.910420
ketilaAnjos,/home/gilmar/Documents/algoritmos/logado-utfpr-ifam/logado-students/repos_logado/ketilaAnjos/funcaovetor.json,funcaovetor.json,for,2026-03-25 22:21:37,funcaovetor.js,8,1,2026-04-01T08:13:07.910421
ketilaAnjos,/home/gilmar/Documents/algoritmos/logado-utfpr-ifam/logado-students/repos_logado/ketilaAnjos/funcaovetor.json,funcaovetor.json,var,2026-03-25 22:26:20,funcaovetor.js,8,16,2026-04-01T08:13:07.910423
ketilaAnjos,/home/gilmar/Documents/algoritmos/logado-utfpr-ifam/logado-students/repos_logado/ketilaAnjos/funcaovetor.json,funcaovetor.json,prompt,2026-03-25 22:26:20,funcaovetor.js,8,33,2026-04-01T08:13:07.910425
ketilaAnjos,/home/gilmar/Documents/algoritmos/logado-utfpr-ifam/logado-students/repos_logado/ketilaAnjos/funcaovetor.json,funcaovetor.json,var,2026-03-25 22:26:20,funcaovetor.js,8,16,2026-04-01T08:13:07.910426
ketilaAnjos,/home/gilmar/Documents/algoritmos/logado-utfpr-ifam/logado-students/repos_logado/ketilaAnjos/funcaovetor.json,funcaovetor.json,prompt,2026-03-25 22:26:20,funcaovetor.js,8,33,2026-04-01T08:13:07.910428
ketilaAnjos,/home/gilmar/Documents/algoritmos/logado-utfpr-ifam/logado-students/repos_logado/ketilaAnjos/funcaovetor.json,funcaovetor.json,alert,2026-03-25 22:26:20,funcaovetor.js,10,1,2026-04-01T08:13:07.910429
ketilaAnjos,/home/gilmar/Documents/algoritmos/logado-utfpr-ifam/logado-students/repos_logado/ketilaAnjos/funcaovetor.json,funcaovetor.json,prompt,2026-03-25 22:26:50,funcaovetor.js,8,25,2026-04-01T08:13:07.910431
ketilaAnjos,/home/gilmar/Documents/algoritmos/logado-utfpr-ifam/logado-students/repos_logado/ketilaAnjos/funcaovetor.json,funcaovetor.json,for,2026-03-25 22:28:12,funcaovetor.js,10,1,2026-04-01T08:13:07.910432
ketilaAnjos,/home/gilmar/Documents/algoritmos/logado-utfpr-ifam/logado-students/repos_logado/ketilaAnjos/funcaovetor.json,funcaovetor.json,alert,2026-03-25 22:29:01,funcaovetor.js,11,5,2026-04-01T08:13:07.910433
ketilaAnjos,/home/gilmar/Documents/algoritmos/logado-utfpr-ifam/logado-students/repos_logado/ketilaAnjos/funcaovetor.json,funcaovetor.json,for,2026-03-26 20:14:33,funcaovetor.js,3,5,2026-04-01T08:13:07.910435
ketilaAnjos,/home/gilmar/Documents/algoritmos/logado-utfpr-ifam/logado-students/repos_logado/ketilaAnjos/funcaovetor.json,funcaovetor.json,for,2026-03-26 20:17:08,funcaovetor.js,8,5,2026-04-01T08:13:07.910436
ketilaAnjos,/home/gilmar/Documents/algoritmos/logado-utfpr-ifam/logado-students/repos_logado/ketilaAnjos/funcaovetor.json,funcaovetor.json,length,2026-03-26 20:17:33,funcaovetor.js,8,29,2026-04-01T08:13:07.910438
ketilaAnjos,/home/gilmar/Documents/algoritmos/logado-utfpr-ifam/logado-students/repos_logado/ketilaAnjos/funcaovetor.json,funcaovetor.json,alert,2026-03-26 20:17:46,funcaovetor.js,9,9,2026-04-01T08:13:07.910439
ketilaAnjos,/home/gilmar/Documents/algoritmos/logado-utfpr-ifam/logado-students/repos_logado/ketilaAnjos/funcaovetor.json,funcaovetor.json,return,2026-03-26 20:20:13,funcaovetor.js,3,5,2026-04-01T08:13:07.910440
ketilaAnjos,/home/gilmar/Documents/algoritmos/logado-utfpr-ifam/logado-students/repos_logado/ketilaAnjos/funcaovetor.json,funcaovetor.json,return,2026-03-26 20:20:31,funcaovetor.js,9,5,2026-04-01T08:13:07.910442
ketilaAnjos,/home/gilmar/Documents/algoritmos/logado-utfpr-ifam/logado-students/repos_logado/ketilaAnjos/funcaovetor.json,funcaovetor.json,length,2026-03-26 20:27:25,funcaovetor.js,9,29,2026-04-01T08:13:07.910444
ketilaAnjos,/home/gilmar/Documents/algoritmos/logado-utfpr-ifam/logado-students/repos_logado/ketilaAnjos/funcaovetor.json,funcaovetor.json,let,2026-03-26 20:31:01,funcaovetor.js,6,2,2026-04-01T08:13:07.910446
ketilaAnjos,/home/gilmar/Documents/algoritmos/logado-utfpr-ifam/logado-students/repos_logado/ketilaAnjos/funcaovetor.json,funcaovetor.json,prompt,2026-03-26 20:31:01,funcaovetor.js,6,25,2026-04-01T08:13:07.910447
ketilaAnjos,/home/gilmar/Documents/algoritmos/logado-utfpr-ifam/logado-students/repos_logado/ketilaAnjos/funcaovetor.json,funcaovetor.json,function,2026-03-26 20:31:16,funcaovetor.js,4,2,2026-04-01T08:13:07.910449
ketilaAnjos,/home/gilmar/Documents/algoritmos/logado-utfpr-ifam/logado-students/repos_logado/ketilaAnjos/funcaovetor.json,funcaovetor.json,return,2026-03-26 20:31:24,funcaovetor.js,5,5,2026-04-01T08:13:07.910450
ketilaAnjos,/home/gilmar/Documents/algoritmos/logado-utfpr-ifam/logado-students/repos_logado/ketilaAnjos/funcaovetor.json,funcaovetor.json,length,2026-03-26 20:44:10,funcaovetor.js,12,29,2026-04-01T08:13:07.910451
ketilaAnjos,/home/gilmar/Documents/algoritmos/logado-utfpr-ifam/logado-students/repos_logado/ketilaAnjos/funcaovetor.json,funcaovetor.json,let,2026-03-26 20:46:00,funcaovetor.js,2,2,2026-04-01T08:13:07.910453
ketilaAnjos,/home/gilmar/Documents/algoritmos/logado-utfpr-ifam/logado-students/repos_logado/ketilaAnjos/funcaovetor.json,funcaovetor.json,prompt,2026-03-26 20:46:00,funcaovetor.js,2,25,2026-04-01T08:13:07.910454
ketilaAnjos,/home/gilmar/Documents/algoritmos/logado-utfpr-ifam/logado-students/repos_logado/ketilaAnjos/funcaovetor.json,funcaovetor.json,for,2026-03-26 20:46:31,funcaovetor.js,4,1,2026-04-01T08:13:07.910456
ketilaAnjos,/home/gilmar/Documents/algoritmos/logado-utfpr-ifam/logado-students/repos_logado/ketilaAnjos/funcaovetor.json,funcaovetor.json,let,2026-03-26 20:46:31,funcaovetor.js,4,5,2026-04-01T08:13:07.910458
ketilaAnjos,/home/gilmar/Documents/algoritmos/logado-utfpr-ifam/logado-students/repos_logado/ketilaAnjos/funcaovetor.json,funcaovetor.json,prompt,2026-03-26 20:46:31,funcaovetor.js,5,29,2026-04-01T08:13:07.910460
ketilaAnjos,/home/gilmar/Documents/algoritmos/logado-utfpr-ifam/logado-students/repos_logado/ketilaAnjos/funcaovetor.json,funcaovetor.json,for,2026-03-26 20:47:51,funcaovetor.js,11,5,2026-04-01T08:13:07.910461
ketilaAnjos,/home/gilmar/Documents/algoritmos/logado-utfpr-ifam/logado-students/repos_logado/ketilaAnjos/funcaovetor.json,funcaovetor.json,let,2026-03-26 20:47:51,funcaovetor.js,11,9,2026-04-01T08:13:07.910463
ketilaAnjos,/home/gilmar/Documents/algoritmos/logado-utfpr-ifam/logado-students/repos_logado/ketilaAnjos/funcaovetor.json,funcaovetor.json,prompt,2026-03-26 20:47:51,funcaovetor.js,12,29,2026-04-01T08:13:07.910464
ketilaAnjos,/home/gilmar/Documents/algoritmos/logado-utfpr-ifam/logado-students/repos_logado/ketilaAnjos/funcaovetor.json,funcaovetor.json,for,2026-03-26 20:48:11,funcaovetor.js,8,2,2026-04-01T08:13:07.910466
ketilaAnjos,/home/gilmar/Documents/algoritmos/logado-utfpr-ifam/logado-students/repos_logado/ketilaAnjos/exercicio4.json,exercicio4.json,alert,2026-03-24 21:38:54,exercicio4.js,3,5,2026-04-01T08:13:07.910482
ketilaAnjos,/home/gilmar/Documents/algoritmos/logado-utfpr-ifam/logado-students/repos_logado/ketilaAnjos/exercicio4.json,exercicio4.json,alert,2026-03-24 21:40:01,exercicio4.js,6,1,2026-04-01T08:13:07.910484
ketilaAnjos,/home/gilmar/Documents/algoritmos/logado-utfpr-ifam/logado-students/repos_logado/ketilaAnjos/Exercicio_03.json,Exercicio_03.json,alert,2026-02-24 22:15:22,Exercicio_03.js,3,5,2026-04-01T08:13:07.910498
ketilaAnjos,/home/gilmar/Documents/algoritmos/logado-utfpr-ifam/logado-students/repos_logado/ketilaAnjos/Exercicio_03.json,Exercicio_03.json,else,2026-02-24 22:15:40,Exercicio_03.js,4,5,2026-04-01T08:13:07.910500
ketilaAnjos,/home/gilmar/Documents/algoritmos/logado-utfpr-ifam/logado-students/repos_logado/ketilaAnjos/time.json,time.json,alert,2026-03-12 20:22:17,time.js,4,5,2026-04-01T08:13:07.910517
ketilaAnjos,/home/gilmar/Documents/algoritmos/logado-utfpr-ifam/logado-students/repos_logado/ketilaAnjos/troca.json,troca.json,alert,2026-03-20 20:05:20,troca.js,2,1,2026-04-01T08:13:07.910533
ketilaAnjos,/home/gilmar/Documents/algoritmos/logado-utfpr-ifam/logado-students/repos_logado/ketilaAnjos/troca.json,troca.json,alert,2026-03-20 20:06:07,troca.js,3,1,2026-04-01T08:13:07.910536
ketilaAnjos,/home/gilmar/Documents/algoritmos/logado-utfpr-ifam/logado-students/repos_logado/ketilaAnjos/troca.json,troca.json,alert,2026-03-20 20:19:29,troca.js,2,1,2026-04-01T08:13:07.910537
ketilaAnjos,/home/gilmar/Documents/algoritmos/logado-utfpr-ifam/logado-students/repos_logado/ketilaAnjos/troca.json,troca.json,alert,2026-03-20 20:27:27,troca.js,2,1,2026-04-01T08:13:07.910538
ketilaAnjos,/home/gilmar/Documents/algoritmos/logado-utfpr-ifam/logado-students/repos_logado/ketilaAnjos/troca.json,troca.json,alert,2026-03-20 20:34:32,troca.js,6,1,2026-04-01T08:13:07.910540
ketilaAnjos,/home/gilmar/Documents/algoritmos/logado-utfpr-ifam/logado-students/repos_logado/ketilaAnjos/vetor_jogos.json,vetor_jogos.json,for,2026-03-12 20:36:59,vetor_jogos.js,7,1,2026-04-01T08:13:07.910555
ketilaAnjos,/home/gilmar/Documents/algoritmos/logado-utfpr-ifam/logado-students/repos_logado/ketilaAnjos/vetor_jogos.json,vetor_jogos.json,for,2026-03-12 20:38:32,vetor_jogos.js,11,1,2026-04-01T08:13:07.910556
jady2025,/home/gilmar/Documents/algoritmos/logado-utfpr-ifam/logado-students/repos_logado/jady2025/maior_de_tresMath.json,maior_de_tresMath.json,alert,2026-03-19 22:14:27,maior_de_tresMath.js,2,1,2026-04-01T08:13:07.910571
jady2025,/home/gilmar/Documents/algoritmos/logado-utfpr-ifam/logado-students/repos_logado/jady2025/maior_de_tresMath.json,maior_de_tresMath.json,max,2026-03-19 22:15:11,maior_de_tresMath.js,2,12,2026-04-01T08:13:07.910573
jady2025,/home/gilmar/Documents/algoritmos/logado-utfpr-ifam/logado-students/repos_logado/jady2025/espalhamento_minimo.json,espalhamento_minimo.json,const,2026-03-20 19:45:03,espalhamento_minimo.js,1,1,2026-04-01T08:13:07.910592
jady2025,/home/gilmar/Documents/algoritmos/logado-utfpr-ifam/logado-students/repos_logado/jady2025/espalhamento_minimo.json,espalhamento_minimo.json,min,2026-03-20 19:51:40,espalhamento_minimo.js,2,13,2026-04-01T08:13:07.910593
jady2025,/home/gilmar/Documents/algoritmos/logado-utfpr-ifam/logado-students/repos_logado/jady2025/maior_de_tres.json,maior_de_tres.json,alert,2026-03-19 21:45:34,maior_de_tres.js,3,5,2026-04-01T08:13:07.910609
jady2025,/home/gilmar/Documents/algoritmos/logado-utfpr-ifam/logado-students/repos_logado/jady2025/maior_de_tres.json,maior_de_tres.json,alert,2026-03-19 22:04:02,maior_de_tres.js,7,5,2026-04-01T08:13:07.910611
jady2025,/home/gilmar/Documents/algoritmos/logado-utfpr-ifam/logado-students/repos_logado/jady2025/maior_de_tres.json,maior_de_tres.json,alert,2026-03-19 22:04:21,maior_de_tres.js,9,5,2026-04-01T08:13:07.910612
jady2025,/home/gilmar/Documents/algoritmos/logado-utfpr-ifam/logado-students/repos_logado/jady2025/espalhamento.json,espalhamento.json,alert,2026-03-19 22:28:54,espalhamento.js,2,1,2026-04-01T08:13:07.910627
jady2025,/home/gilmar/Documents/algoritmos/logado-utfpr-ifam/logado-students/repos_logado/jady2025/espalhamento.json,espalhamento.json,max,2026-03-19 22:28:57,espalhamento.js,2,12,2026-04-01T08:13:07.910629
jady2025,/home/gilmar/Documents/algoritmos/logado-utfpr-ifam/logado-students/repos_logado/jady2025/troca.json,troca.json,alert,2026-03-20 20:31:20,troca.js,2,1,2026-04-01T08:13:07.910646
jady2025,/home/gilmar/Documents/algoritmos/logado-utfpr-ifam/logado-students/repos_logado/jady2025/troca.json,troca.json,alert,2026-03-20 20:34:36,troca.js,6,1,2026-04-01T08:13:07.910648
jady2025,/home/gilmar/Documents/algoritmos/logado-utfpr-ifam/logado-students/repos_logado/jady2025/troca.json,troca.json,alert,2026-03-20 20:35:29,troca.js,7,1,2026-04-01T08:13:07.910656
aliciargn,/home/gilmar/Documents/algoritmos/logado-utfpr-ifam/logado-students/repos_logado/aliciargn/domingos.json,domingos.json,prompt,2026-02-27 20:03:25,domingos.js,2,11,2026-04-01T08:13:07.910680
aliciargn,/home/gilmar/Documents/algoritmos/logado-utfpr-ifam/logado-students/repos_logado/aliciargn/domingos.json,domingos.json,for,2026-02-27 20:07:03,domingos.js,2,1,2026-04-01T08:13:07.910681
aliciargn,/home/gilmar/Documents/algoritmos/logado-utfpr-ifam/logado-students/repos_logado/aliciargn/domingos.json,domingos.json,for,2026-02-27 20:11:50,domingos.js,3,5,2026-04-01T08:13:07.910683
aliciargn,/home/gilmar/Documents/algoritmos/logado-utfpr-ifam/logado-students/repos_logado/aliciargn/domingos.json,domingos.json,for,2026-02-27 20:19:23,domingos.js,2,5,2026-04-01T08:13:07.910684
aliciargn,/home/gilmar/Documents/algoritmos/logado-utfpr-ifam/logado-students/repos_logado/aliciargn/domingos.json,domingos.json,for,2026-02-27 20:23:41,domingos.js,2,1,2026-04-01T08:13:07.910686
aliciargn,/home/gilmar/Documents/algoritmos/logado-utfpr-ifam/logado-students/repos_logado/aliciargn/domingos.json,domingos.json,for,2026-02-27 20:46:40,domingos.js,5,1,2026-04-01T08:13:07.910687
aliciargn,/home/gilmar/Documents/algoritmos/logado-utfpr-ifam/logado-students/repos_logado/aliciargn/domingos.json,domingos.json,for,2026-02-27 20:48:35,domingos.js,8,1,2026-04-01T08:13:07.910688
aliciargn,/home/gilmar/Documents/algoritmos/logado-utfpr-ifam/logado-students/repos_logado/aliciargn/domingos.json,domingos.json,for,2026-02-27 22:23:32,domingos.js,12,1,2026-04-01T08:13:07.910690
aliciargn,/home/gilmar/Documents/algoritmos/logado-utfpr-ifam/logado-students/repos_logado/aliciargn/domingos.json,domingos.json,alert,2026-02-27 22:26:10,domingos.js,15,1,2026-04-01T08:13:07.910691
aliciargn,/home/gilmar/Documents/algoritmos/logado-utfpr-ifam/logado-students/repos_logado/aliciargn/vaquinha.json,vaquinha.json,for,2026-03-12 19:52:29,vaquinha.js,4,1,2026-04-01T08:13:07.910706
aliciargn,/home/gilmar/Documents/algoritmos/logado-utfpr-ifam/logado-students/repos_logado/aliciargn/vaquinha.json,vaquinha.json,alert,2026-03-12 19:55:13,vaquinha.js,8,1,2026-04-01T08:13:07.910708
aliciargn,/home/gilmar/Documents/algoritmos/logado-utfpr-ifam/logado-students/repos_logado/aliciargn/selection.json,selection.json,var,2026-03-20 22:09:44,selection.js,1,1,2026-04-01T08:13:07.910730
aliciargn,/home/gilmar/Documents/algoritmos/logado-utfpr-ifam/logado-students/repos_logado/aliciargn/selection.json,selection.json,new,2026-03-20 22:09:44,selection.js,1,15,2026-04-01T08:13:07.910732
aliciargn,/home/gilmar/Documents/algoritmos/logado-utfpr-ifam/logado-students/repos_logado/aliciargn/selection.json,selection.json,function,2026-03-25 20:21:54,selection.js,1,1,2026-04-01T08:13:07.910733
aliciargn,/home/gilmar/Documents/algoritmos/logado-utfpr-ifam/logado-students/repos_logado/aliciargn/selection.json,selection.json,let,2026-03-25 20:21:54,selection.js,2,3,2026-04-01T08:13:07.910735
aliciargn,/home/gilmar/Documents/algoritmos/logado-utfpr-ifam/logado-students/repos_logado/aliciargn/selection.json,selection.json,length,2026-03-25 20:21:54,selection.js,2,15,2026-04-01T08:13:07.910736
aliciargn,/home/gilmar/Documents/algoritmos/logado-utfpr-ifam/logado-students/repos_logado/aliciargn/selection.json,selection.json,for,2026-03-25 20:21:54,selection.js,4,3,2026-04-01T08:13:07.910737
aliciargn,/home/gilmar/Documents/algoritmos/logado-utfpr-ifam/logado-students/repos_logado/aliciargn/selection.json,selection.json,let,2026-03-25 20:21:54,selection.js,2,3,2026-04-01T08:13:07.910739
aliciargn,/home/gilmar/Documents/algoritmos/logado-utfpr-ifam/logado-students/repos_logado/aliciargn/selection.json,selection.json,let,2026-03-25 20:21:54,selection.js,2,3,2026-04-01T08:13:07.910740
aliciargn,/home/gilmar/Documents/algoritmos/logado-utfpr-ifam/logado-students/repos_logado/aliciargn/selection.json,selection.json,do,2026-03-25 20:21:54,selection.js,8,45,2026-04-01T08:13:07.910743
aliciargn,/home/gilmar/Documents/algoritmos/logado-utfpr-ifam/logado-students/repos_logado/aliciargn/selection.json,selection.json,for,2026-03-25 20:21:54,selection.js,4,3,2026-04-01T08:13:07.910745
aliciargn,/home/gilmar/Documents/algoritmos/logado-utfpr-ifam/logado-students/repos_logado/aliciargn/selection.json,selection.json,let,2026-03-25 20:21:54,selection.js,2,3,2026-04-01T08:13:07.910747
aliciargn,/home/gilmar/Documents/algoritmos/logado-utfpr-ifam/logado-students/repos_logado/aliciargn/selection.json,selection.json,if,2026-03-25 20:21:54,selection.js,10,7,2026-04-01T08:13:07.910748
aliciargn,/home/gilmar/Documents/algoritmos/logado-utfpr-ifam/logado-students/repos_logado/aliciargn/selection.json,selection.json,if,2026-03-25 20:21:54,selection.js,10,7,2026-04-01T08:13:07.910749
aliciargn,/home/gilmar/Documents/algoritmos/logado-utfpr-ifam/logado-students/repos_logado/aliciargn/selection.json,selection.json,let,2026-03-25 20:21:54,selection.js,2,3,2026-04-01T08:13:07.910751
aliciargn,/home/gilmar/Documents/algoritmos/logado-utfpr-ifam/logado-students/repos_logado/aliciargn/selection.json,selection.json,return,2026-03-25 20:21:54,selection.js,23,3,2026-04-01T08:13:07.910752
aliciargn,/home/gilmar/Documents/algoritmos/logado-utfpr-ifam/logado-students/repos_logado/aliciargn/selection.json,selection.json,let,2026-03-25 20:21:54,selection.js,2,3,2026-04-01T08:13:07.910754
aliciargn,/home/gilmar/Documents/algoritmos/logado-utfpr-ifam/logado-students/repos_logado/aliciargn/selection.json,selection.json,console,2026-03-25 20:21:54,selection.js,28,1,2026-04-01T08:13:07.910755
aliciargn,/home/gilmar/Documents/algoritmos/logado-utfpr-ifam/logado-students/repos_logado/aliciargn/selection.json,selection.json,log,2026-03-25 20:21:54,selection.js,28,9,2026-04-01T08:13:07.910756
aliciargn,/home/gilmar/Documents/algoritmos/logado-utfpr-ifam/logado-students/repos_logado/aliciargn/funcaosoma.json,funcaosoma.json,alert,2026-03-25 21:19:09,funcaosoma.js,6,1,2026-04-01T08:13:07.910788
aliciargn,/home/gilmar/Documents/algoritmos/logado-utfpr-ifam/logado-students/repos_logado/aliciargn/funcaosoma.json,funcaosoma.json,if,2026-03-25 21:33:50,funcaosoma.js,2,1,2026-04-01T08:13:07.910790
aliciargn,/home/gilmar/Documents/algoritmos/logado-utfpr-ifam/logado-students/repos_logado/aliciargn/funcaosoma.json,funcaosoma.json,function,2026-03-25 21:34:16,funcaosoma.js,10,1,2026-04-01T08:13:07.910792
aliciargn,/home/gilmar/Documents/algoritmos/logado-utfpr-ifam/logado-students/repos_logado/aliciargn/funcaosoma.json,funcaosoma.json,return,2026-03-25 21:34:16,funcaosoma.js,11,5,2026-04-01T08:13:07.910794
aliciargn,/home/gilmar/Documents/algoritmos/logado-utfpr-ifam/logado-students/repos_logado/aliciargn/funcaosoma.json,funcaosoma.json,var,2026-03-25 21:34:16,funcaosoma.js,13,1,2026-04-01T08:13:07.910795
aliciargn,/home/gilmar/Documents/algoritmos/logado-utfpr-ifam/logado-students/repos_logado/aliciargn/funcaosoma.json,funcaosoma.json,prompt,2026-03-25 21:34:16,funcaosoma.js,13,18,2026-04-01T08:13:07.910798
aliciargn,/home/gilmar/Documents/algoritmos/logado-utfpr-ifam/logado-students/repos_logado/aliciargn/funcaosoma.json,funcaosoma.json,var,2026-03-25 21:34:16,funcaosoma.js,13,1,2026-04-01T08:13:07.910799
aliciargn,/home/gilmar/Documents/algoritmos/logado-utfpr-ifam/logado-students/repos_logado/aliciargn/funcaosoma.json,funcaosoma.json,prompt,2026-03-25 21:34:16,funcaosoma.js,13,18,2026-04-01T08:13:07.910800
aliciargn,/home/gilmar/Documents/algoritmos/logado-utfpr-ifam/logado-students/repos_logado/aliciargn/funcaosoma.json,funcaosoma.json,alert,2026-03-25 21:34:16,funcaosoma.js,15,1,2026-04-01T08:13:07.910802
aliciargn,/home/gilmar/Documents/algoritmos/logado-utfpr-ifam/logado-students/repos_logado/aliciargn/funcaosoma.json,funcaosoma.json,function,2026-03-25 21:35:55,funcaosoma.js,17,1,2026-04-01T08:13:07.910803
aliciargn,/home/gilmar/Documents/algoritmos/logado-utfpr-ifam/logado-students/repos_logado/aliciargn/funcaosoma.json,funcaosoma.json,return,2026-03-25 21:35:55,funcaosoma.js,18,5,2026-04-01T08:13:07.910805
aliciargn,/home/gilmar/Documents/algoritmos/logado-utfpr-ifam/logado-students/repos_logado/aliciargn/funcaosoma.json,funcaosoma.json,var,2026-03-25 21:35:55,funcaosoma.js,20,1,2026-04-01T08:13:07.910807
aliciargn,/home/gilmar/Documents/algoritmos/logado-utfpr-ifam/logado-students/repos_logado/aliciargn/funcaosoma.json,funcaosoma.json,prompt,2026-03-25 21:35:55,funcaosoma.js,20,18,2026-04-01T08:13:07.910808
aliciargn,/home/gilmar/Documents/algoritmos/logado-utfpr-ifam/logado-students/repos_logado/aliciargn/funcaosoma.json,funcaosoma.json,var,2026-03-25 21:35:55,funcaosoma.js,20,1,2026-04-01T08:13:07.910810
aliciargn,/home/gilmar/Documents/algoritmos/logado-utfpr-ifam/logado-students/repos_logado/aliciargn/funcaosoma.json,funcaosoma.json,prompt,2026-03-25 21:35:55,funcaosoma.js,20,18,2026-04-01T08:13:07.910811
aliciargn,/home/gilmar/Documents/algoritmos/logado-utfpr-ifam/logado-students/repos_logado/aliciargn/funcaosoma.json,funcaosoma.json,alert,2026-03-25 21:35:55,funcaosoma.js,22,1,2026-04-01T08:13:07.910813
aliciargn,/home/gilmar/Documents/algoritmos/logado-utfpr-ifam/logado-students/repos_logado/aliciargn/funcaosoma.json,funcaosoma.json,function,2026-03-25 21:37:08,funcaosoma.js,24,1,2026-04-01T08:13:07.910814
aliciargn,/home/gilmar/Documents/algoritmos/logado-utfpr-ifam/logado-students/repos_logado/aliciargn/funcaosoma.json,funcaosoma.json,return,2026-03-25 21:37:08,funcaosoma.js,25,5,2026-04-01T08:13:07.910815
aliciargn,/home/gilmar/Documents/algoritmos/logado-utfpr-ifam/logado-students/repos_logado/aliciargn/funcaosoma.json,funcaosoma.json,var,2026-03-25 21:37:08,funcaosoma.js,27,1,2026-04-01T08:13:07.910817
aliciargn,/home/gilmar/Documents/algoritmos/logado-utfpr-ifam/logado-students/repos_logado/aliciargn/funcaosoma.json,funcaosoma.json,prompt,2026-03-25 21:37:08,funcaosoma.js,27,18,2026-04-01T08:13:07.910818
aliciargn,/home/gilmar/Documents/algoritmos/logado-utfpr-ifam/logado-students/repos_logado/aliciargn/funcaosoma.json,funcaosoma.json,var,2026-03-25 21:37:08,funcaosoma.js,27,1,2026-04-01T08:13:07.910819
aliciargn,/home/gilmar/Documents/algoritmos/logado-utfpr-ifam/logado-students/repos_logado/aliciargn/funcaosoma.json,funcaosoma.json,prompt,2026-03-25 21:37:08,funcaosoma.js,27,18,2026-04-01T08:13:07.910821
aliciargn,/home/gilmar/Documents/algoritmos/logado-utfpr-ifam/logado-students/repos_logado/aliciargn/funcaosoma.json,funcaosoma.json,alert,2026-03-25 21:37:08,funcaosoma.js,29,1,2026-04-01T08:13:07.910822
aliciargn,/home/gilmar/Documents/algoritmos/logado-utfpr-ifam/logado-students/repos_logado/aliciargn/funcaosoma.json,funcaosoma.json,switch,2026-03-25 21:50:45,funcaosoma.js,16,1,2026-04-01T08:13:07.910824
aliciargn,/home/gilmar/Documents/algoritmos/logado-utfpr-ifam/logado-students/repos_logado/aliciargn/funcaosoma.json,funcaosoma.json,alert,2026-03-25 21:51:19,funcaosoma.js,18,9,2026-04-01T08:13:07.910825
aliciargn,/home/gilmar/Documents/algoritmos/logado-utfpr-ifam/logado-students/repos_logado/aliciargn/funcaosoma.json,funcaosoma.json,break,2026-03-25 21:51:46,funcaosoma.js,18,26,2026-04-01T08:13:07.910826
aliciargn,/home/gilmar/Documents/algoritmos/logado-utfpr-ifam/logado-students/repos_logado/aliciargn/funcaosoma.json,funcaosoma.json,alert,2026-03-25 21:52:07,funcaosoma.js,20,9,2026-04-01T08:13:07.910828
aliciargn,/home/gilmar/Documents/algoritmos/logado-utfpr-ifam/logado-students/repos_logado/aliciargn/funcaosoma.json,funcaosoma.json,break,2026-03-25 21:52:31,funcaosoma.js,20,31,2026-04-01T08:13:07.910829
aliciargn,/home/gilmar/Documents/algoritmos/logado-utfpr-ifam/logado-students/repos_logado/aliciargn/funcaosoma.json,funcaosoma.json,alert,2026-03-25 21:52:55,funcaosoma.js,22,9,2026-04-01T08:13:07.910831
aliciargn,/home/gilmar/Documents/algoritmos/logado-utfpr-ifam/logado-students/repos_logado/aliciargn/funcaosoma.json,funcaosoma.json,break,2026-03-25 21:53:13,funcaosoma.js,22,35,2026-04-01T08:13:07.910832
aliciargn,/home/gilmar/Documents/algoritmos/logado-utfpr-ifam/logado-students/repos_logado/aliciargn/funcaosoma.json,funcaosoma.json,alert,2026-03-25 21:53:37,funcaosoma.js,24,9,2026-04-01T08:13:07.910835
aliciargn,/home/gilmar/Documents/algoritmos/logado-utfpr-ifam/logado-students/repos_logado/aliciargn/funcaosoma.json,funcaosoma.json,break,2026-03-25 21:54:22,funcaosoma.js,24,40,2026-04-01T08:13:07.910837
aliciargn,/home/gilmar/Documents/algoritmos/logado-utfpr-ifam/logado-students/repos_logado/aliciargn/funcaosoma.json,funcaosoma.json,alert,2026-03-25 21:54:53,funcaosoma.js,26,9,2026-04-01T08:13:07.910839
aliciargn,/home/gilmar/Documents/algoritmos/logado-utfpr-ifam/logado-students/repos_logado/aliciargn/funcaosoma.json,funcaosoma.json,while,2026-03-25 22:12:06,funcaosoma.js,29,2,2026-04-01T08:13:07.910840
aliciargn,/home/gilmar/Documents/algoritmos/logado-utfpr-ifam/logado-students/repos_logado/aliciargn/exercicio_05.json,exercicio_05.json,if,2026-03-03 20:23:43,exercicio_05.js,2,1,2026-04-01T08:13:07.910859
aliciargn,/home/gilmar/Documents/algoritmos/logado-utfpr-ifam/logado-students/repos_logado/aliciargn/exercicio_05.json,exercicio_05.json,alert,2026-03-03 20:24:02,exercicio_05.js,3,5,2026-04-01T08:13:07.910860
aliciargn,/home/gilmar/Documents/algoritmos/logado-utfpr-ifam/logado-students/repos_logado/aliciargn/exercicio_05.json,exercicio_05.json,else,2026-03-03 20:25:04,exercicio_05.js,4,1,2026-04-01T08:13:07.910862
aliciargn,/home/gilmar/Documents/algoritmos/logado-utfpr-ifam/logado-students/repos_logado/aliciargn/exercicio_05.json,exercicio_05.json,alert,2026-03-03 20:25:16,exercicio_05.js,5,5,2026-04-01T08:13:07.910864
aliciargn,/home/gilmar/Documents/algoritmos/logado-utfpr-ifam/logado-students/repos_logado/aliciargn/espalhamento_minimo.json,espalhamento_minimo.json,alert,2026-03-20 19:45:34,espalhamento_minimo.js,2,1,2026-04-01T08:13:07.910880
aliciargn,/home/gilmar/Documents/algoritmos/logado-utfpr-ifam/logado-students/repos_logado/aliciargn/espalhamento_minimo.json,espalhamento_minimo.json,min,2026-03-20 19:46:40,espalhamento_minimo.js,2,12,2026-04-01T08:13:07.910883
aliciargn,/home/gilmar/Documents/algoritmos/logado-utfpr-ifam/logado-students/repos_logado/aliciargn/maiordetresmath.json,maiordetresmath.json,alert,2026-03-19 22:14:28,maiordetresmath.js,2,1,2026-04-01T08:13:07.910900
aliciargn,/home/gilmar/Documents/algoritmos/logado-utfpr-ifam/logado-students/repos_logado/aliciargn/maiordetresmath.json,maiordetresmath.json,max,2026-03-19 22:15:10,maiordetresmath.js,2,12,2026-04-01T08:13:07.910902
aliciargn,/home/gilmar/Documents/algoritmos/logado-utfpr-ifam/logado-students/repos_logado/aliciargn/jogos.json,jogos.json,for,2026-02-26 20:11:37,jogos.js,7,5,2026-04-01T08:13:07.910922
aliciargn,/home/gilmar/Documents/algoritmos/logado-utfpr-ifam/logado-students/repos_logado/aliciargn/jogos.json,jogos.json,alert,2026-02-26 20:18:05,jogos.js,10,5,2026-04-01T08:13:07.910926
aliciargn,/home/gilmar/Documents/algoritmos/logado-utfpr-ifam/logado-students/repos_logado/aliciargn/jogos.json,jogos.json,alert,2026-02-26 20:26:27,jogos.js,11,1,2026-04-01T08:13:07.910927
aliciargn,/home/gilmar/Documents/algoritmos/logado-utfpr-ifam/logado-students/repos_logado/aliciargn/jogos.json,jogos.json,alert,2026-02-26 20:28:52,jogos.js,6,1,2026-04-01T08:13:07.910929
aliciargn,/home/gilmar/Documents/algoritmos/logado-utfpr-ifam/logado-students/repos_logado/aliciargn/jogos.json,jogos.json,for,2026-02-26 20:41:47,jogos.js,2,1,2026-04-01T08:13:07.910930
aliciargn,/home/gilmar/Documents/algoritmos/logado-utfpr-ifam/logado-students/repos_logado/aliciargn/main.json,main.json,alert,2026-02-20 20:36:43,main.js,1,1,2026-04-01T08:13:07.910950
aliciargn,/home/gilmar/Documents/algoritmos/logado-utfpr-ifam/logado-students/repos_logado/aliciargn/main.json,main.json,alert,2026-02-20 20:40:21,main.js,2,1,2026-04-01T08:13:07.910952
aliciargn,/home/gilmar/Documents/algoritmos/logado-utfpr-ifam/logado-students/repos_logado/aliciargn/exercicio_01.json,exercicio_01.json,alert,2026-02-24 21:27:10,exercicio_01.js,5,1,2026-04-01T08:13:07.910971
aliciargn,/home/gilmar/Documents/algoritmos/logado-utfpr-ifam/logado-students/repos_logado/aliciargn/exercicio_08.json,exercicio_08.json,alert,2026-03-03 21:42:50,exercicio_08.js,3,5,2026-04-01T08:13:07.910992
aliciargn,/home/gilmar/Documents/algoritmos/logado-utfpr-ifam/logado-students/repos_logado/aliciargn/exercicio_08.json,exercicio_08.json,if,2026-03-03 22:02:27,exercicio_08.js,4,5,2026-04-01T08:13:07.910995
aliciargn,/home/gilmar/Documents/algoritmos/logado-utfpr-ifam/logado-students/repos_logado/aliciargn/exercicio_08.json,exercicio_08.json,alert,2026-03-03 22:03:23,exercicio_08.js,5,9,2026-04-01T08:13:07.910997
aliciargn,/home/gilmar/Documents/algoritmos/logado-utfpr-ifam/logado-students/repos_logado/aliciargn/exercicio_08.json,exercicio_08.json,while,2026-03-03 22:07:14,exercicio_08.js,5,1,2026-04-01T08:13:07.910998
aliciargn,/home/gilmar/Documents/algoritmos/logado-utfpr-ifam/logado-students/repos_logado/aliciargn/exercicio_08.json,exercicio_08.json,alert,2026-03-03 22:08:35,exercicio_08.js,6,5,2026-04-01T08:13:07.911000
aliciargn,/home/gilmar/Documents/algoritmos/logado-utfpr-ifam/logado-students/repos_logado/aliciargn/exercicio_02.json,exercicio_02.json,alert,2026-02-24 21:56:49,exercicio_02.js,3,1,2026-04-01T08:13:07.911019
aliciargn,/home/gilmar/Documents/algoritmos/logado-utfpr-ifam/logado-students/repos_logado/aliciargn/revisaovetor.json,revisaovetor.json,let,2026-03-26 19:35:55,revisaovetor.js,1,1,2026-04-01T08:13:07.911049
aliciargn,/home/gilmar/Documents/algoritmos/logado-utfpr-ifam/logado-students/repos_logado/aliciargn/revisaovetor.json,revisaovetor.json,prompt,2026-03-26 19:35:55,revisaovetor.js,1,27,2026-04-01T08:13:07.911051
aliciargn,/home/gilmar/Documents/algoritmos/logado-utfpr-ifam/logado-students/repos_logado/aliciargn/revisaovetor.json,revisaovetor.json,let,2026-03-26 19:37:45,revisaovetor.js,3,45,2026-04-01T08:13:07.911052
aliciargn,/home/gilmar/Documents/algoritmos/logado-utfpr-ifam/logado-students/repos_logado/aliciargn/revisaovetor.json,revisaovetor.json,prompt,2026-03-26 19:37:45,revisaovetor.js,3,45,2026-04-01T08:13:07.911058
aliciargn,/home/gilmar/Documents/algoritmos/logado-utfpr-ifam/logado-students/repos_logado/aliciargn/revisaovetor.json,revisaovetor.json,let,2026-03-26 19:37:46,revisaovetor.js,3,1,2026-04-01T08:13:07.911059
aliciargn,/home/gilmar/Documents/algoritmos/logado-utfpr-ifam/logado-students/repos_logado/aliciargn/revisaovetor.json,revisaovetor.json,prompt,2026-03-26 19:37:46,revisaovetor.js,3,27,2026-04-01T08:13:07.911061
aliciargn,/home/gilmar/Documents/algoritmos/logado-utfpr-ifam/logado-students/repos_logado/aliciargn/revisaovetor.json,revisaovetor.json,let,2026-03-26 19:39:28,revisaovetor.js,1,1,2026-04-01T08:13:07.911063
aliciargn,/home/gilmar/Documents/algoritmos/logado-utfpr-ifam/logado-students/repos_logado/aliciargn/revisaovetor.json,revisaovetor.json,prompt,2026-03-26 19:39:28,revisaovetor.js,1,27,2026-04-01T08:13:07.911064
aliciargn,/home/gilmar/Documents/algoritmos/logado-utfpr-ifam/logado-students/repos_logado/aliciargn/revisaovetor.json,revisaovetor.json,let,2026-03-26 19:44:13,revisaovetor.js,3,1,2026-04-01T08:13:07.911066
aliciargn,/home/gilmar/Documents/algoritmos/logado-utfpr-ifam/logado-students/repos_logado/aliciargn/revisaovetor.json,revisaovetor.json,prompt,2026-03-26 19:44:13,revisaovetor.js,3,27,2026-04-01T08:13:07.911067
aliciargn,/home/gilmar/Documents/algoritmos/logado-utfpr-ifam/logado-students/repos_logado/aliciargn/revisaovetor.json,revisaovetor.json,for,2026-03-26 19:45:39,revisaovetor.js,3,1,2026-04-01T08:13:07.911069
aliciargn,/home/gilmar/Documents/algoritmos/logado-utfpr-ifam/logado-students/repos_logado/aliciargn/revisaovetor.json,revisaovetor.json,for,2026-03-26 19:46:17,revisaovetor.js,5,1,2026-04-01T08:13:07.911070
aliciargn,/home/gilmar/Documents/algoritmos/logado-utfpr-ifam/logado-students/repos_logado/aliciargn/revisaovetor.json,revisaovetor.json,let,2026-03-26 19:46:17,revisaovetor.js,6,1,2026-04-01T08:13:07.911071
aliciargn,/home/gilmar/Documents/algoritmos/logado-utfpr-ifam/logado-students/repos_logado/aliciargn/revisaovetor.json,revisaovetor.json,for,2026-03-26 19:50:29,revisaovetor.js,3,1,2026-04-01T08:13:07.911074
aliciargn,/home/gilmar/Documents/algoritmos/logado-utfpr-ifam/logado-students/repos_logado/aliciargn/revisaovetor.json,revisaovetor.json,let,2026-03-26 19:50:29,revisaovetor.js,3,5,2026-04-01T08:13:07.911077
aliciargn,/home/gilmar/Documents/algoritmos/logado-utfpr-ifam/logado-students/repos_logado/aliciargn/revisaovetor.json,revisaovetor.json,for,2026-03-26 19:50:39,revisaovetor.js,5,5,2026-04-01T08:13:07.911079
aliciargn,/home/gilmar/Documents/algoritmos/logado-utfpr-ifam/logado-students/repos_logado/aliciargn/revisaovetor.json,revisaovetor.json,let,2026-03-26 19:50:39,revisaovetor.js,5,9,2026-04-01T08:13:07.911080
aliciargn,/home/gilmar/Documents/algoritmos/logado-utfpr-ifam/logado-students/repos_logado/aliciargn/revisaovetor.json,revisaovetor.json,prompt,2026-03-26 19:53:41,revisaovetor.js,5,24,2026-04-01T08:13:07.911081
aliciargn,/home/gilmar/Documents/algoritmos/logado-utfpr-ifam/logado-students/repos_logado/aliciargn/revisaovetor.json,revisaovetor.json,for,2026-03-26 19:54:19,revisaovetor.js,6,1,2026-04-01T08:13:07.911083
aliciargn,/home/gilmar/Documents/algoritmos/logado-utfpr-ifam/logado-students/repos_logado/aliciargn/tabuada_vetor.json,tabuada_vetor.json,for,2026-03-13 19:55:57,tabuada_vetor.js,7,1,2026-04-01T08:13:07.911103
aliciargn,/home/gilmar/Documents/algoritmos/logado-utfpr-ifam/logado-students/repos_logado/aliciargn/tabuada_vetor.json,tabuada_vetor.json,break,2026-03-13 19:57:11,tabuada_vetor.js,8,34,2026-04-01T08:13:07.911105
aliciargn,/home/gilmar/Documents/algoritmos/logado-utfpr-ifam/logado-students/repos_logado/aliciargn/aprovacao.json,aprovacao.json,if,2026-03-05 19:49:01,aprovacao.js,3,1,2026-04-01T08:13:07.911141
aliciargn,/home/gilmar/Documents/algoritmos/logado-utfpr-ifam/logado-students/repos_logado/aliciargn/aprovacao.json,aprovacao.json,if,2026-03-05 19:54:21,aprovacao.js,4,1,2026-04-01T08:13:07.911143
aliciargn,/home/gilmar/Documents/algoritmos/logado-utfpr-ifam/logado-students/repos_logado/aliciargn/aprovacao.json,aprovacao.json,if,2026-03-05 20:03:54,aprovacao.js,9,6,2026-04-01T08:13:07.911144
aliciargn,/home/gilmar/Documents/algoritmos/logado-utfpr-ifam/logado-students/repos_logado/aliciargn/aprovacao.json,aprovacao.json,alert,2026-03-05 20:05:50,aprovacao.js,5,1,2026-04-01T08:13:07.911146
aliciargn,/home/gilmar/Documents/algoritmos/logado-utfpr-ifam/logado-students/repos_logado/aliciargn/aprovacao.json,aprovacao.json,while,2026-03-05 20:09:54,aprovacao.js,10,2,2026-04-01T08:13:07.911147
aliciargn,/home/gilmar/Documents/algoritmos/logado-utfpr-ifam/logado-students/repos_logado/aliciargn/aprovacao.json,aprovacao.json,else,2026-03-05 20:17:13,aprovacao.js,9,1,2026-04-01T08:13:07.911149
aliciargn,/home/gilmar/Documents/algoritmos/logado-utfpr-ifam/logado-students/repos_logado/aliciargn/aprovacao.json,aprovacao.json,alert,2026-03-05 20:17:19,aprovacao.js,10,5,2026-04-01T08:13:07.911150
aliciargn,/home/gilmar/Documents/algoritmos/logado-utfpr-ifam/logado-students/repos_logado/aliciargn/aprovacao.json,aprovacao.json,alert,2026-03-05 20:28:54,aprovacao.js,13,5,2026-04-01T08:13:07.911152
aliciargn,/home/gilmar/Documents/algoritmos/logado-utfpr-ifam/logado-students/repos_logado/aliciargn/aprovacao.json,aprovacao.json,else,2026-03-05 20:29:28,aprovacao.js,14,1,2026-04-01T08:13:07.911153
aliciargn,/home/gilmar/Documents/algoritmos/logado-utfpr-ifam/logado-students/repos_logado/aliciargn/aprovacao.json,aprovacao.json,alert,2026-03-05 20:29:32,aprovacao.js,15,5,2026-04-01T08:13:07.911154
aliciargn,/home/gilmar/Documents/algoritmos/logado-utfpr-ifam/logado-students/repos_logado/aliciargn/aprovacao.json,aprovacao.json,else,2026-03-05 20:40:38,aprovacao.js,18,1,2026-04-01T08:13:07.911156
aliciargn,/home/gilmar/Documents/algoritmos/logado-utfpr-ifam/logado-students/repos_logado/aliciargn/aprovacao.json,aprovacao.json,alert,2026-03-05 20:40:43,aprovacao.js,19,5,2026-04-01T08:13:07.911159
aliciargn,/home/gilmar/Documents/algoritmos/logado-utfpr-ifam/logado-students/repos_logado/aliciargn/aprovacao.json,aprovacao.json,while,2026-03-05 20:43:02,aprovacao.js,21,2,2026-04-01T08:13:07.911160
aliciargn,/home/gilmar/Documents/algoritmos/logado-utfpr-ifam/logado-students/repos_logado/aliciargn/aprovacao.json,aprovacao.json,while,2026-03-06 20:00:10,aprovacao.js,23,2,2026-04-01T08:13:07.911162
aliciargn,/home/gilmar/Documents/algoritmos/logado-utfpr-ifam/logado-students/repos_logado/aliciargn/aprovacao.json,aprovacao.json,alert,2026-03-06 20:25:03,aprovacao.js,26,1,2026-04-01T08:13:07.911164
aliciargn,/home/gilmar/Documents/algoritmos/logado-utfpr-ifam/logado-students/repos_logado/aliciargn/aprovacao.json,aprovacao.json,alert,2026-03-06 20:25:09,aprovacao.js,6,1,2026-04-01T08:13:07.911165
aliciargn,/home/gilmar/Documents/algoritmos/logado-utfpr-ifam/logado-students/repos_logado/aliciargn/aprovacao.json,aprovacao.json,var,2026-03-06 20:25:10,aprovacao.js,5,1,2026-04-01T08:13:07.911167
aliciargn,/home/gilmar/Documents/algoritmos/logado-utfpr-ifam/logado-students/repos_logado/aliciargn/aprovacao.json,aprovacao.json,let,2026-03-06 20:25:10,aprovacao.js,4,1,2026-04-01T08:13:07.911168
aliciargn,/home/gilmar/Documents/algoritmos/logado-utfpr-ifam/logado-students/repos_logado/aliciargn/aprovacao.json,aprovacao.json,prompt,2026-03-06 20:25:10,aprovacao.js,4,24,2026-04-01T08:13:07.911170
aliciargn,/home/gilmar/Documents/algoritmos/logado-utfpr-ifam/logado-students/repos_logado/aliciargn/aprovacao.json,aprovacao.json,let,2026-03-06 20:25:10,aprovacao.js,3,1,2026-04-01T08:13:07.911171
aliciargn,/home/gilmar/Documents/algoritmos/logado-utfpr-ifam/logado-students/repos_logado/aliciargn/aprovacao.json,aprovacao.json,prompt,2026-03-06 20:25:10,aprovacao.js,3,24,2026-04-01T08:13:07.911172
aliciargn,/home/gilmar/Documents/algoritmos/logado-utfpr-ifam/logado-students/repos_logado/aliciargn/aprovacao.json,aprovacao.json,var,2026-03-06 20:25:30,aprovacao.js,2,5,2026-04-01T08:13:07.911174
aliciargn,/home/gilmar/Documents/algoritmos/logado-utfpr-ifam/logado-students/repos_logado/aliciargn/aprovacao.json,aprovacao.json,alert,2026-03-06 20:32:19,aprovacao.js,23,5,2026-04-01T08:13:07.911175
aliciargn,/home/gilmar/Documents/algoritmos/logado-utfpr-ifam/logado-students/repos_logado/aliciargn/aprovacao.json,aprovacao.json,var,2026-03-06 21:39:05,aprovacao.js,1,1,2026-04-01T08:13:07.911177
aliciargn,/home/gilmar/Documents/algoritmos/logado-utfpr-ifam/logado-students/repos_logado/aliciargn/exercicio_09.json,exercicio_09.json,for,2026-03-03 22:16:09,exercicio_09.js,2,1,2026-04-01T08:13:07.911202
aliciargn,/home/gilmar/Documents/algoritmos/logado-utfpr-ifam/logado-students/repos_logado/aliciargn/exercicio_09.json,exercicio_09.json,for,2026-03-03 22:20:39,exercicio_09.js,2,1,2026-04-01T08:13:07.911203
aliciargn,/home/gilmar/Documents/algoritmos/logado-utfpr-ifam/logado-students/repos_logado/aliciargn/exercicio_09.json,exercicio_09.json,for,2026-03-10 19:52:57,exercicio_09.js,5,1,2026-04-01T08:13:07.911205
aliciargn,/home/gilmar/Documents/algoritmos/logado-utfpr-ifam/logado-students/repos_logado/aliciargn/exercicio_09.json,exercicio_09.json,break,2026-03-10 19:57:36,exercicio_09.js,6,43,2026-04-01T08:13:07.911206
aliciargn,/home/gilmar/Documents/algoritmos/logado-utfpr-ifam/logado-students/repos_logado/aliciargn/copa.json,copa.json,alert,2026-02-26 21:37:18,copa.js,5,5,2026-04-01T08:13:07.911224
aliciargn,/home/gilmar/Documents/algoritmos/logado-utfpr-ifam/logado-students/repos_logado/aliciargn/copa.json,copa.json,alert,2026-02-26 21:38:05,copa.js,6,1,2026-04-01T08:13:07.911226
aliciargn,/home/gilmar/Documents/algoritmos/logado-utfpr-ifam/logado-students/repos_logado/aliciargn/copa.json,copa.json,if,2026-02-26 21:44:29,copa.js,3,5,2026-04-01T08:13:07.911228
aliciargn,/home/gilmar/Documents/algoritmos/logado-utfpr-ifam/logado-students/repos_logado/aliciargn/for.json,for.json,alert,2026-02-20 21:18:14,for.js,1,1,2026-04-01T08:13:07.911249
aliciargn,/home/gilmar/Documents/algoritmos/logado-utfpr-ifam/logado-students/repos_logado/aliciargn/for.json,for.json,alert,2026-02-20 21:21:01,for.js,2,5,2026-04-01T08:13:07.911251
aliciargn,/home/gilmar/Documents/algoritmos/logado-utfpr-ifam/logado-students/repos_logado/aliciargn/for.json,for.json,for,2026-02-20 21:22:52,for.js,4,1,2026-04-01T08:13:07.911252
aliciargn,/home/gilmar/Documents/algoritmos/logado-utfpr-ifam/logado-students/repos_logado/aliciargn/for.json,for.json,for,2026-02-20 21:24:42,for.js,4,1,2026-04-01T08:13:07.911254
aliciargn,/home/gilmar/Documents/algoritmos/logado-utfpr-ifam/logado-students/repos_logado/aliciargn/for.json,for.json,alert,2026-02-20 21:25:23,for.js,5,5,2026-04-01T08:13:07.911255
aliciargn,/home/gilmar/Documents/algoritmos/logado-utfpr-ifam/logado-students/repos_logado/aliciargn/for.json,for.json,alert,2026-02-20 21:31:31,for.js,10,5,2026-04-01T08:13:07.911256
aliciargn,/home/gilmar/Documents/algoritmos/logado-utfpr-ifam/logado-students/repos_logado/aliciargn/exercicio_03.json,exercicio_03.json,alert,2026-02-24 22:11:42,exercicio_03.js,3,5,2026-04-01T08:13:07.911275
aliciargn,/home/gilmar/Documents/algoritmos/logado-utfpr-ifam/logado-students/repos_logado/aliciargn/exercicio_03.json,exercicio_03.json,else,2026-02-24 22:12:08,exercicio_03.js,4,1,2026-04-01T08:13:07.911279
aliciargn,/home/gilmar/Documents/algoritmos/logado-utfpr-ifam/logado-students/repos_logado/aliciargn/exercicio_03.json,exercicio_03.json,alert,2026-02-24 22:12:21,exercicio_03.js,5,5,2026-04-01T08:13:07.911280
aliciargn,/home/gilmar/Documents/algoritmos/logado-utfpr-ifam/logado-students/repos_logado/aliciargn/maiorde3.json,maiorde3.json,if,2026-03-19 21:42:10,maiorde3.js,2,1,2026-04-01T08:13:07.911307
aliciargn,/home/gilmar/Documents/algoritmos/logado-utfpr-ifam/logado-students/repos_logado/aliciargn/maiorde3.json,maiorde3.json,if,2026-03-19 21:42:22,maiorde3.js,2,1,2026-04-01T08:13:07.911308
aliciargn,/home/gilmar/Documents/algoritmos/logado-utfpr-ifam/logado-students/repos_logado/aliciargn/maiorde3.json,maiorde3.json,alert,2026-03-19 21:43:05,maiorde3.js,3,5,2026-04-01T08:13:07.911310
aliciargn,/home/gilmar/Documents/algoritmos/logado-utfpr-ifam/logado-students/repos_logado/aliciargn/maiorde3.json,maiorde3.json,if,2026-03-19 21:45:05,maiorde3.js,2,1,2026-04-01T08:13:07.911311
aliciargn,/home/gilmar/Documents/algoritmos/logado-utfpr-ifam/logado-students/repos_logado/aliciargn/maiorde3.json,maiorde3.json,if,2026-03-19 21:51:25,maiorde3.js,2,1,2026-04-01T08:13:07.911312
aliciargn,/home/gilmar/Documents/algoritmos/logado-utfpr-ifam/logado-students/repos_logado/aliciargn/maiorde3.json,maiorde3.json,alert,2026-03-19 21:52:28,maiorde3.js,3,5,2026-04-01T08:13:07.911314
aliciargn,/home/gilmar/Documents/algoritmos/logado-utfpr-ifam/logado-students/repos_logado/aliciargn/maiorde3.json,maiorde3.json,if,2026-03-19 21:53:27,maiorde3.js,4,6,2026-04-01T08:13:07.911315
aliciargn,/home/gilmar/Documents/algoritmos/logado-utfpr-ifam/logado-students/repos_logado/aliciargn/maiorde3.json,maiorde3.json,alert,2026-03-19 21:54:03,maiorde3.js,5,5,2026-04-01T08:13:07.911317
aliciargn,/home/gilmar/Documents/algoritmos/logado-utfpr-ifam/logado-students/repos_logado/aliciargn/maiorde3.json,maiorde3.json,else,2026-03-19 21:54:14,maiorde3.js,6,1,2026-04-01T08:13:07.911318
aliciargn,/home/gilmar/Documents/algoritmos/logado-utfpr-ifam/logado-students/repos_logado/aliciargn/maiorde3.json,maiorde3.json,if,2026-03-19 21:57:57,maiorde3.js,6,6,2026-04-01T08:13:07.911319
aliciargn,/home/gilmar/Documents/algoritmos/logado-utfpr-ifam/logado-students/repos_logado/aliciargn/maiorde3.json,maiorde3.json,alert,2026-03-19 21:58:55,maiorde3.js,7,5,2026-04-01T08:13:07.911324
aliciargn,/home/gilmar/Documents/algoritmos/logado-utfpr-ifam/logado-students/repos_logado/aliciargn/maiorde3.json,maiorde3.json,else,2026-03-19 22:00:08,maiorde3.js,8,1,2026-04-01T08:13:07.911325
aliciargn,/home/gilmar/Documents/algoritmos/logado-utfpr-ifam/logado-students/repos_logado/aliciargn/maiorde3.json,maiorde3.json,alert,2026-03-19 22:00:15,maiorde3.js,9,5,2026-04-01T08:13:07.911327
aliciargn,/home/gilmar/Documents/algoritmos/logado-utfpr-ifam/logado-students/repos_logado/aliciargn/decremento.json,decremento.json,while,2026-03-06 21:54:56,decremento.js,2,1,2026-04-01T08:13:07.911345
aliciargn,/home/gilmar/Documents/algoritmos/logado-utfpr-ifam/logado-students/repos_logado/aliciargn/espalhamento.json,espalhamento.json,alert,2026-03-19 22:27:47,espalhamento.js,2,1,2026-04-01T08:13:07.911360
aliciargn,/home/gilmar/Documents/algoritmos/logado-utfpr-ifam/logado-students/repos_logado/aliciargn/pan.json,pan.json,while,2026-03-06 22:10:36,pan.js,2,1,2026-04-01T08:13:07.911377
aliciargn,/home/gilmar/Documents/algoritmos/logado-utfpr-ifam/logado-students/repos_logado/aliciargn/pan.json,pan.json,alert,2026-03-06 22:11:20,pan.js,3,5,2026-04-01T08:13:07.911378
aliciargn,/home/gilmar/Documents/algoritmos/logado-utfpr-ifam/logado-students/repos_logado/aliciargn/pan.json,pan.json,if,2026-03-06 22:17:01,pan.js,3,5,2026-04-01T08:13:07.911380
aliciargn,/home/gilmar/Documents/algoritmos/logado-utfpr-ifam/logado-students/repos_logado/aliciargn/pan.json,pan.json,alert,2026-03-06 22:27:44,pan.js,8,1,2026-04-01T08:13:07.911381
aliciargn,/home/gilmar/Documents/algoritmos/logado-utfpr-ifam/logado-students/repos_logado/aliciargn/vetor_par_impar.json,vetor_par_impar.json,let,2026-03-12 21:26:57,vetor_par_impar.js,1,1,2026-04-01T08:13:07.911404
aliciargn,/home/gilmar/Documents/algoritmos/logado-utfpr-ifam/logado-students/repos_logado/aliciargn/vetor_par_impar.json,vetor_par_impar.json,prompt,2026-03-12 21:26:57,vetor_par_impar.js,2,23,2026-04-01T08:13:07.911406
aliciargn,/home/gilmar/Documents/algoritmos/logado-utfpr-ifam/logado-students/repos_logado/aliciargn/vetor_par_impar.json,vetor_par_impar.json,for,2026-03-12 21:26:57,vetor_par_impar.js,3,1,2026-04-01T08:13:07.911408
aliciargn,/home/gilmar/Documents/algoritmos/logado-utfpr-ifam/logado-students/repos_logado/aliciargn/vetor_par_impar.json,vetor_par_impar.json,let,2026-03-12 21:26:57,vetor_par_impar.js,1,1,2026-04-01T08:13:07.911409
aliciargn,/home/gilmar/Documents/algoritmos/logado-utfpr-ifam/logado-students/repos_logado/aliciargn/vetor_par_impar.json,vetor_par_impar.json,prompt,2026-03-12 21:26:57,vetor_par_impar.js,2,23,2026-04-01T08:13:07.911411
aliciargn,/home/gilmar/Documents/algoritmos/logado-utfpr-ifam/logado-students/repos_logado/aliciargn/vetor_par_impar.json,vetor_par_impar.json,if,2026-03-12 21:26:57,vetor_par_impar.js,5,5,2026-04-01T08:13:07.911412
aliciargn,/home/gilmar/Documents/algoritmos/logado-utfpr-ifam/logado-students/repos_logado/aliciargn/vetor_par_impar.json,vetor_par_impar.json,else,2026-03-12 21:26:57,vetor_par_impar.js,8,5,2026-04-01T08:13:07.911415
aliciargn,/home/gilmar/Documents/algoritmos/logado-utfpr-ifam/logado-students/repos_logado/aliciargn/vetor_par_impar.json,vetor_par_impar.json,alert,2026-03-12 21:26:57,vetor_par_impar.js,11,5,2026-04-01T08:13:07.911417
aliciargn,/home/gilmar/Documents/algoritmos/logado-utfpr-ifam/logado-students/repos_logado/aliciargn/vetor_par_impar.json,vetor_par_impar.json,for,2026-03-12 21:33:51,vetor_par_impar.js,7,5,2026-04-01T08:13:07.911418
aliciargn,/home/gilmar/Documents/algoritmos/logado-utfpr-ifam/logado-students/repos_logado/aliciargn/vetor_par_impar.json,vetor_par_impar.json,for,2026-03-12 21:34:13,vetor_par_impar.js,7,5,2026-04-01T08:13:07.911419
aliciargn,/home/gilmar/Documents/algoritmos/logado-utfpr-ifam/logado-students/repos_logado/aliciargn/vetor_par_impar.json,vetor_par_impar.json,for,2026-03-12 21:35:07,vetor_par_impar.js,11,9,2026-04-01T08:13:07.911421
aliciargn,/home/gilmar/Documents/algoritmos/logado-utfpr-ifam/logado-students/repos_logado/aliciargn/vetor_par_impar.json,vetor_par_impar.json,let,2026-03-12 21:35:07,vetor_par_impar.js,11,13,2026-04-01T08:13:07.911423
aliciargn,/home/gilmar/Documents/algoritmos/logado-utfpr-ifam/logado-students/repos_logado/aliciargn/vetor_par_impar.json,vetor_par_impar.json,var,2026-03-12 21:37:04,vetor_par_impar.js,2,7,2026-04-01T08:13:07.911425
aliciargn,/home/gilmar/Documents/algoritmos/logado-utfpr-ifam/logado-students/repos_logado/aliciargn/vetor_par_impar.json,vetor_par_impar.json,for,2026-03-12 21:43:54,vetor_par_impar.js,13,9,2026-04-01T08:13:07.911426
aliciargn,/home/gilmar/Documents/algoritmos/logado-utfpr-ifam/logado-students/repos_logado/aliciargn/vetor_par_impar.json,vetor_par_impar.json,let,2026-03-12 21:43:54,vetor_par_impar.js,13,13,2026-04-01T08:13:07.911428
aliciargn,/home/gilmar/Documents/algoritmos/logado-utfpr-ifam/logado-students/repos_logado/aliciargn/vetor_par_impar.json,vetor_par_impar.json,for,2026-03-12 22:04:34,vetor_par_impar.js,22,1,2026-04-01T08:13:07.911430
aliciargn,/home/gilmar/Documents/algoritmos/logado-utfpr-ifam/logado-students/repos_logado/aliciargn/funcaovetor.json,funcaovetor.json,const,2026-03-26 20:21:08,funcaovetor.js,7,1,2026-04-01T08:13:07.911463
aliciargn,/home/gilmar/Documents/algoritmos/logado-utfpr-ifam/logado-students/repos_logado/aliciargn/funcaovetor.json,funcaovetor.json,let,2026-03-26 20:21:08,funcaovetor.js,8,1,2026-04-01T08:13:07.911465
aliciargn,/home/gilmar/Documents/algoritmos/logado-utfpr-ifam/logado-students/repos_logado/aliciargn/funcaovetor.json,funcaovetor.json,prompt,2026-03-26 20:21:08,funcaovetor.js,8,24,2026-04-01T08:13:07.911466
aliciargn,/home/gilmar/Documents/algoritmos/logado-utfpr-ifam/logado-students/repos_logado/aliciargn/funcaovetor.json,funcaovetor.json,for,2026-03-26 20:21:08,funcaovetor.js,9,1,2026-04-01T08:13:07.911468
aliciargn,/home/gilmar/Documents/algoritmos/logado-utfpr-ifam/logado-students/repos_logado/aliciargn/funcaovetor.json,funcaovetor.json,let,2026-03-26 20:21:08,funcaovetor.js,8,1,2026-04-01T08:13:07.911469
aliciargn,/home/gilmar/Documents/algoritmos/logado-utfpr-ifam/logado-students/repos_logado/aliciargn/funcaovetor.json,funcaovetor.json,prompt,2026-03-26 20:21:08,funcaovetor.js,8,24,2026-04-01T08:13:07.911470
aliciargn,/home/gilmar/Documents/algoritmos/logado-utfpr-ifam/logado-students/repos_logado/aliciargn/funcaovetor.json,funcaovetor.json,for,2026-03-26 20:21:08,funcaovetor.js,9,1,2026-04-01T08:13:07.911472
aliciargn,/home/gilmar/Documents/algoritmos/logado-utfpr-ifam/logado-students/repos_logado/aliciargn/funcaovetor.json,funcaovetor.json,let,2026-03-26 20:21:08,funcaovetor.js,8,1,2026-04-01T08:13:07.911473
aliciargn,/home/gilmar/Documents/algoritmos/logado-utfpr-ifam/logado-students/repos_logado/aliciargn/funcaovetor.json,funcaovetor.json,for,2026-03-26 20:47:34,funcaovetor.js,3,5,2026-04-01T08:13:07.911475
aliciargn,/home/gilmar/Documents/algoritmos/logado-utfpr-ifam/logado-students/repos_logado/aliciargn/funcaovetor.json,funcaovetor.json,let,2026-03-26 20:47:34,funcaovetor.js,3,9,2026-04-01T08:13:07.911476
aliciargn,/home/gilmar/Documents/algoritmos/logado-utfpr-ifam/logado-students/repos_logado/aliciargn/funcaovetor.json,funcaovetor.json,prompt,2026-03-26 20:47:46,funcaovetor.js,4,31,2026-04-01T08:13:07.911477
aliciargn,/home/gilmar/Documents/algoritmos/logado-utfpr-ifam/logado-students/repos_logado/aliciargn/funcaovetor.json,funcaovetor.json,for,2026-03-26 20:48:04,funcaovetor.js,7,5,2026-04-01T08:13:07.911479
aliciargn,/home/gilmar/Documents/algoritmos/logado-utfpr-ifam/logado-students/repos_logado/aliciargn/funcaovetor.json,funcaovetor.json,let,2026-03-26 20:48:04,funcaovetor.js,7,9,2026-04-01T08:13:07.911480
aliciargn,/home/gilmar/Documents/algoritmos/logado-utfpr-ifam/logado-students/repos_logado/aliciargn/funcaovetor.json,funcaovetor.json,let,2026-03-26 20:48:36,funcaovetor.js,2,1,2026-04-01T08:13:07.911482
aliciargn,/home/gilmar/Documents/algoritmos/logado-utfpr-ifam/logado-students/repos_logado/aliciargn/funcaovetor.json,funcaovetor.json,prompt,2026-03-26 20:48:36,funcaovetor.js,2,24,2026-04-01T08:13:07.911484
aliciargn,/home/gilmar/Documents/algoritmos/logado-utfpr-ifam/logado-students/repos_logado/aliciargn/funcaovetor.json,funcaovetor.json,const,2026-03-26 20:51:01,funcaovetor.js,13,1,2026-04-01T08:13:07.911485
aliciargn,/home/gilmar/Documents/algoritmos/logado-utfpr-ifam/logado-students/repos_logado/aliciargn/funcaovetor.json,funcaovetor.json,let,2026-03-26 20:51:01,funcaovetor.js,14,1,2026-04-01T08:13:07.911487
aliciargn,/home/gilmar/Documents/algoritmos/logado-utfpr-ifam/logado-students/repos_logado/aliciargn/funcaovetor.json,funcaovetor.json,prompt,2026-03-26 20:51:01,funcaovetor.js,14,24,2026-04-01T08:13:07.911489
aliciargn,/home/gilmar/Documents/algoritmos/logado-utfpr-ifam/logado-students/repos_logado/aliciargn/funcaovetor.json,funcaovetor.json,for,2026-03-26 20:51:01,funcaovetor.js,15,1,2026-04-01T08:13:07.911490
aliciargn,/home/gilmar/Documents/algoritmos/logado-utfpr-ifam/logado-students/repos_logado/aliciargn/funcaovetor.json,funcaovetor.json,let,2026-03-26 20:51:01,funcaovetor.js,14,1,2026-04-01T08:13:07.911491
aliciargn,/home/gilmar/Documents/algoritmos/logado-utfpr-ifam/logado-students/repos_logado/aliciargn/funcaovetor.json,funcaovetor.json,prompt,2026-03-26 20:51:01,funcaovetor.js,14,24,2026-04-01T08:13:07.911493
aliciargn,/home/gilmar/Documents/algoritmos/logado-utfpr-ifam/logado-students/repos_logado/aliciargn/funcaovetor.json,funcaovetor.json,for,2026-03-26 20:51:01,funcaovetor.js,15,1,2026-04-01T08:13:07.911494
aliciargn,/home/gilmar/Documents/algoritmos/logado-utfpr-ifam/logado-students/repos_logado/aliciargn/funcaovetor.json,funcaovetor.json,let,2026-03-26 20:51:01,funcaovetor.js,14,1,2026-04-01T08:13:07.911495
aliciargn,/home/gilmar/Documents/algoritmos/logado-utfpr-ifam/logado-students/repos_logado/aliciargn/par-impar.json,par-impar.json,if,2026-02-26 22:08:10,par-impar.js,2,1,2026-04-01T08:13:07.911520
aliciargn,/home/gilmar/Documents/algoritmos/logado-utfpr-ifam/logado-students/repos_logado/aliciargn/par-impar.json,par-impar.json,alert,2026-02-26 22:08:32,par-impar.js,3,5,2026-04-01T08:13:07.911522
aliciargn,/home/gilmar/Documents/algoritmos/logado-utfpr-ifam/logado-students/repos_logado/aliciargn/par-impar.json,par-impar.json,else,2026-02-26 22:08:46,par-impar.js,4,1,2026-04-01T08:13:07.911523
aliciargn,/home/gilmar/Documents/algoritmos/logado-utfpr-ifam/logado-students/repos_logado/aliciargn/par-impar.json,par-impar.json,alert,2026-02-26 22:08:52,par-impar.js,5,5,2026-04-01T08:13:07.911524
aliciargn,/home/gilmar/Documents/algoritmos/logado-utfpr-ifam/logado-students/repos_logado/aliciargn/par-impar.json,par-impar.json,for,2026-02-26 22:19:45,par-impar.js,3,1,2026-04-01T08:13:07.911526
aliciargn,/home/gilmar/Documents/algoritmos/logado-utfpr-ifam/logado-students/repos_logado/aliciargn/par-impar.json,par-impar.json,if,2026-02-26 22:20:51,par-impar.js,5,5,2026-04-01T08:13:07.911527
aliciargn,/home/gilmar/Documents/algoritmos/logado-utfpr-ifam/logado-students/repos_logado/aliciargn/par-impar.json,par-impar.json,else,2026-02-26 22:21:31,par-impar.js,8,5,2026-04-01T08:13:07.911529
aliciargn,/home/gilmar/Documents/algoritmos/logado-utfpr-ifam/logado-students/repos_logado/aliciargn/par-impar.json,par-impar.json,alert,2026-02-26 22:21:55,par-impar.js,10,5,2026-04-01T08:13:07.911530
aliciargn,/home/gilmar/Documents/algoritmos/logado-utfpr-ifam/logado-students/repos_logado/aliciargn/par-impar.json,par-impar.json,for,2026-02-27 22:23:09,par-impar.js,12,1,2026-04-01T08:13:07.911531
aliciargn,/home/gilmar/Documents/algoritmos/logado-utfpr-ifam/logado-students/repos_logado/aliciargn/aprovacao2.json,aprovacao2.json,do,2026-03-06 21:15:34,aprovacao2.js,1,1,2026-04-01T08:13:07.911574
aliciargn,/home/gilmar/Documents/algoritmos/logado-utfpr-ifam/logado-students/repos_logado/aliciargn/aprovacao2.json,aprovacao2.json,var,2026-03-06 21:15:34,aprovacao2.js,2,5,2026-04-01T08:13:07.911576
aliciargn,/home/gilmar/Documents/algoritmos/logado-utfpr-ifam/logado-students/repos_logado/aliciargn/aprovacao2.json,aprovacao2.json,var,2026-03-06 21:15:34,aprovacao2.js,2,5,2026-04-01T08:13:07.911580
aliciargn,/home/gilmar/Documents/algoritmos/logado-utfpr-ifam/logado-students/repos_logado/aliciargn/aprovacao2.json,aprovacao2.json,prompt,2026-03-06 21:15:34,aprovacao2.js,3,27,2026-04-01T08:13:07.911582
aliciargn,/home/gilmar/Documents/algoritmos/logado-utfpr-ifam/logado-students/repos_logado/aliciargn/aprovacao2.json,aprovacao2.json,var,2026-03-06 21:15:34,aprovacao2.js,2,5,2026-04-01T08:13:07.911583
aliciargn,/home/gilmar/Documents/algoritmos/logado-utfpr-ifam/logado-students/repos_logado/aliciargn/aprovacao2.json,aprovacao2.json,prompt,2026-03-06 21:15:34,aprovacao2.js,3,27,2026-04-01T08:13:07.911585
aliciargn,/home/gilmar/Documents/algoritmos/logado-utfpr-ifam/logado-students/repos_logado/aliciargn/aprovacao2.json,aprovacao2.json,var,2026-03-06 21:15:34,aprovacao2.js,2,5,2026-04-01T08:13:07.911586
aliciargn,/home/gilmar/Documents/algoritmos/logado-utfpr-ifam/logado-students/repos_logado/aliciargn/aprovacao2.json,aprovacao2.json,alert,2026-03-06 21:15:34,aprovacao2.js,6,3,2026-04-01T08:13:07.911588
aliciargn,/home/gilmar/Documents/algoritmos/logado-utfpr-ifam/logado-students/repos_logado/aliciargn/aprovacao2.json,aprovacao2.json,if,2026-03-06 21:15:34,aprovacao2.js,7,1,2026-04-01T08:13:07.911589
aliciargn,/home/gilmar/Documents/algoritmos/logado-utfpr-ifam/logado-students/repos_logado/aliciargn/aprovacao2.json,aprovacao2.json,alert,2026-03-06 21:15:34,aprovacao2.js,6,3,2026-04-01T08:13:07.911591
aliciargn,/home/gilmar/Documents/algoritmos/logado-utfpr-ifam/logado-students/repos_logado/aliciargn/aprovacao2.json,aprovacao2.json,else,2026-03-06 21:15:34,aprovacao2.js,11,1,2026-04-01T08:13:07.911592
aliciargn,/home/gilmar/Documents/algoritmos/logado-utfpr-ifam/logado-students/repos_logado/aliciargn/aprovacao2.json,aprovacao2.json,if,2026-03-06 21:15:34,aprovacao2.js,7,1,2026-04-01T08:13:07.911594
aliciargn,/home/gilmar/Documents/algoritmos/logado-utfpr-ifam/logado-students/repos_logado/aliciargn/aprovacao2.json,aprovacao2.json,alert,2026-03-06 21:15:34,aprovacao2.js,6,3,2026-04-01T08:13:07.911595
aliciargn,/home/gilmar/Documents/algoritmos/logado-utfpr-ifam/logado-students/repos_logado/aliciargn/aprovacao2.json,aprovacao2.json,prompt,2026-03-06 21:15:34,aprovacao2.js,3,27,2026-04-01T08:13:07.911599
aliciargn,/home/gilmar/Documents/algoritmos/logado-utfpr-ifam/logado-students/repos_logado/aliciargn/aprovacao2.json,aprovacao2.json,if,2026-03-06 21:15:34,aprovacao2.js,7,1,2026-04-01T08:13:07.911600
aliciargn,/home/gilmar/Documents/algoritmos/logado-utfpr-ifam/logado-students/repos_logado/aliciargn/aprovacao2.json,aprovacao2.json,alert,2026-03-06 21:15:34,aprovacao2.js,6,3,2026-04-01T08:13:07.911602
aliciargn,/home/gilmar/Documents/algoritmos/logado-utfpr-ifam/logado-students/repos_logado/aliciargn/aprovacao2.json,aprovacao2.json,else,2026-03-06 21:15:34,aprovacao2.js,11,1,2026-04-01T08:13:07.911603
aliciargn,/home/gilmar/Documents/algoritmos/logado-utfpr-ifam/logado-students/repos_logado/aliciargn/aprovacao2.json,aprovacao2.json,alert,2026-03-06 21:15:34,aprovacao2.js,6,3,2026-04-01T08:13:07.911604
aliciargn,/home/gilmar/Documents/algoritmos/logado-utfpr-ifam/logado-students/repos_logado/aliciargn/aprovacao2.json,aprovacao2.json,else,2026-03-06 21:15:34,aprovacao2.js,11,1,2026-04-01T08:13:07.911606
aliciargn,/home/gilmar/Documents/algoritmos/logado-utfpr-ifam/logado-students/repos_logado/aliciargn/aprovacao2.json,aprovacao2.json,alert,2026-03-06 21:15:34,aprovacao2.js,6,3,2026-04-01T08:13:07.911607
aliciargn,/home/gilmar/Documents/algoritmos/logado-utfpr-ifam/logado-students/repos_logado/aliciargn/aprovacao2.json,aprovacao2.json,while,2026-03-06 21:15:34,aprovacao2.js,29,2,2026-04-01T08:13:07.911609
aliciargn,/home/gilmar/Documents/algoritmos/logado-utfpr-ifam/logado-students/repos_logado/aliciargn/aprovacao2.json,aprovacao2.json,alert,2026-03-06 21:15:34,aprovacao2.js,6,3,2026-04-01T08:13:07.911612
aliciargn,/home/gilmar/Documents/algoritmos/logado-utfpr-ifam/logado-students/repos_logado/aliciargn/aprovacao2.json,aprovacao2.json,var,2026-03-06 21:32:23,aprovacao2.js,1,1,2026-04-01T08:13:07.911613
aliciargn,/home/gilmar/Documents/algoritmos/logado-utfpr-ifam/logado-students/repos_logado/aliciargn/aprovacao2.json,aprovacao2.json,var,2026-03-06 21:32:23,aprovacao2.js,2,1,2026-04-01T08:13:07.911615
aliciargn,/home/gilmar/Documents/algoritmos/logado-utfpr-ifam/logado-students/repos_logado/aliciargn/aprovacao2.json,aprovacao2.json,prompt,2026-03-06 21:32:23,aprovacao2.js,2,23,2026-04-01T08:13:07.911616
aliciargn,/home/gilmar/Documents/algoritmos/logado-utfpr-ifam/logado-students/repos_logado/aliciargn/aprovacao2.json,aprovacao2.json,var,2026-03-06 21:32:24,aprovacao2.js,3,1,2026-04-01T08:13:07.911618
aliciargn,/home/gilmar/Documents/algoritmos/logado-utfpr-ifam/logado-students/repos_logado/aliciargn/aprovacao2.json,aprovacao2.json,prompt,2026-03-06 21:32:24,aprovacao2.js,3,23,2026-04-01T08:13:07.911619
aliciargn,/home/gilmar/Documents/algoritmos/logado-utfpr-ifam/logado-students/repos_logado/aliciargn/aprovacao2.json,aprovacao2.json,var,2026-03-06 21:32:24,aprovacao2.js,4,1,2026-04-01T08:13:07.911621
aliciargn,/home/gilmar/Documents/algoritmos/logado-utfpr-ifam/logado-students/repos_logado/aliciargn/aprovacao2.json,aprovacao2.json,alert,2026-03-06 21:32:25,aprovacao2.js,5,3,2026-04-01T08:13:07.911623
aliciargn,/home/gilmar/Documents/algoritmos/logado-utfpr-ifam/logado-students/repos_logado/aliciargn/aprovacao2.json,aprovacao2.json,if,2026-03-06 21:32:25,aprovacao2.js,6,1,2026-04-01T08:13:07.911626
aliciargn,/home/gilmar/Documents/algoritmos/logado-utfpr-ifam/logado-students/repos_logado/aliciargn/aprovacao2.json,aprovacao2.json,alert,2026-03-06 21:32:26,aprovacao2.js,7,5,2026-04-01T08:13:07.911627
aliciargn,/home/gilmar/Documents/algoritmos/logado-utfpr-ifam/logado-students/repos_logado/aliciargn/aprovacao2.json,aprovacao2.json,alert,2026-03-06 21:32:55,aprovacao2.js,9,5,2026-04-01T08:13:07.911628
aliciargn,/home/gilmar/Documents/algoritmos/logado-utfpr-ifam/logado-students/repos_logado/aliciargn/aprovacao2.json,aprovacao2.json,if,2026-03-06 21:32:55,aprovacao2.js,8,5,2026-04-01T08:13:07.911630
aliciargn,/home/gilmar/Documents/algoritmos/logado-utfpr-ifam/logado-students/repos_logado/aliciargn/aprovacao2.json,aprovacao2.json,alert,2026-03-06 21:32:56,aprovacao2.js,7,3,2026-04-01T08:13:07.911631
aliciargn,/home/gilmar/Documents/algoritmos/logado-utfpr-ifam/logado-students/repos_logado/aliciargn/aprovacao2.json,aprovacao2.json,var,2026-03-06 21:32:56,aprovacao2.js,6,1,2026-04-01T08:13:07.911633
aliciargn,/home/gilmar/Documents/algoritmos/logado-utfpr-ifam/logado-students/repos_logado/aliciargn/aprovacao2.json,aprovacao2.json,var,2026-03-06 21:32:56,aprovacao2.js,5,1,2026-04-01T08:13:07.911634
aliciargn,/home/gilmar/Documents/algoritmos/logado-utfpr-ifam/logado-students/repos_logado/aliciargn/aprovacao2.json,aprovacao2.json,prompt,2026-03-06 21:32:56,aprovacao2.js,5,23,2026-04-01T08:13:07.911636
aliciargn,/home/gilmar/Documents/algoritmos/logado-utfpr-ifam/logado-students/repos_logado/aliciargn/aprovacao2.json,aprovacao2.json,var,2026-03-06 21:32:57,aprovacao2.js,4,1,2026-04-01T08:13:07.911637
aliciargn,/home/gilmar/Documents/algoritmos/logado-utfpr-ifam/logado-students/repos_logado/aliciargn/aprovacao2.json,aprovacao2.json,prompt,2026-03-06 21:32:57,aprovacao2.js,4,23,2026-04-01T08:13:07.911639
aliciargn,/home/gilmar/Documents/algoritmos/logado-utfpr-ifam/logado-students/repos_logado/aliciargn/exercicio_06.json,exercicio_06.json,if,2026-03-03 20:28:52,exercicio_06.js,3,1,2026-04-01T08:13:07.911683
aliciargn,/home/gilmar/Documents/algoritmos/logado-utfpr-ifam/logado-students/repos_logado/aliciargn/exercicio_06.json,exercicio_06.json,alert,2026-03-03 20:31:46,exercicio_06.js,4,5,2026-04-01T08:13:07.911687
aliciargn,/home/gilmar/Documents/algoritmos/logado-utfpr-ifam/logado-students/repos_logado/aliciargn/exercicio_06.json,exercicio_06.json,else,2026-03-03 20:32:04,exercicio_06.js,5,1,2026-04-01T08:13:07.911693
aliciargn,/home/gilmar/Documents/algoritmos/logado-utfpr-ifam/logado-students/repos_logado/aliciargn/exercicio_06.json,exercicio_06.json,else,2026-03-03 20:34:08,exercicio_06.js,5,1,2026-04-01T08:13:07.911695
aliciargn,/home/gilmar/Documents/algoritmos/logado-utfpr-ifam/logado-students/repos_logado/aliciargn/exercicio_06.json,exercicio_06.json,alert,2026-03-03 20:34:22,exercicio_06.js,6,5,2026-04-01T08:13:07.911696
aliciargn,/home/gilmar/Documents/algoritmos/logado-utfpr-ifam/logado-students/repos_logado/aliciargn/time.json,time.json,while,2026-03-05 21:54:12,time.js,3,1,2026-04-01T08:13:07.911722
aliciargn,/home/gilmar/Documents/algoritmos/logado-utfpr-ifam/logado-students/repos_logado/aliciargn/time.json,time.json,alert,2026-03-05 22:04:29,time.js,6,5,2026-04-01T08:13:07.911724
aliciargn,/home/gilmar/Documents/algoritmos/logado-utfpr-ifam/logado-students/repos_logado/aliciargn/time.json,time.json,alert,2026-03-05 22:08:15,time.js,9,5,2026-04-01T08:13:07.911726
aliciargn,/home/gilmar/Documents/algoritmos/logado-utfpr-ifam/logado-students/repos_logado/aliciargn/time.json,time.json,alert,2026-03-05 22:09:38,time.js,6,1,2026-04-01T08:13:07.911727
aliciargn,/home/gilmar/Documents/algoritmos/logado-utfpr-ifam/logado-students/repos_logado/aliciargn/time.json,time.json,let,2026-03-05 22:11:43,time.js,4,1,2026-04-01T08:13:07.911729
aliciargn,/home/gilmar/Documents/algoritmos/logado-utfpr-ifam/logado-students/repos_logado/aliciargn/time.json,time.json,let,2026-03-05 22:11:47,time.js,3,1,2026-04-01T08:13:07.911730
aliciargn,/home/gilmar/Documents/algoritmos/logado-utfpr-ifam/logado-students/repos_logado/aliciargn/exercicio_04.json,exercicio_04.json,alert,2026-02-24 22:21:59,exercicio_04.js,5,5,2026-04-01T08:13:07.911753
aliciargn,/home/gilmar/Documents/algoritmos/logado-utfpr-ifam/logado-students/repos_logado/aliciargn/exercicio_04.json,exercicio_04.json,else,2026-02-24 22:23:09,exercicio_04.js,6,1,2026-04-01T08:13:07.911754
aliciargn,/home/gilmar/Documents/algoritmos/logado-utfpr-ifam/logado-students/repos_logado/aliciargn/exercicio_04.json,exercicio_04.json,alert,2026-02-24 22:23:16,exercicio_04.js,7,5,2026-04-01T08:13:07.911756
aliciargn,/home/gilmar/Documents/algoritmos/logado-utfpr-ifam/logado-students/repos_logado/aliciargn/exercicio_07.json,exercicio_07.json,while,2026-03-03 21:35:00,exercicio_07.js,4,1,2026-04-01T08:13:07.911775
aliciargn,/home/gilmar/Documents/algoritmos/logado-utfpr-ifam/logado-students/repos_logado/aliciargn/exercicio_07.json,exercicio_07.json,while,2026-03-03 21:50:18,exercicio_07.js,4,1,2026-04-01T08:13:07.911781
aliciargn,/home/gilmar/Documents/algoritmos/logado-utfpr-ifam/logado-students/repos_logado/aliciargn/exercicio_07.json,exercicio_07.json,console,2026-03-03 21:51:00,exercicio_07.js,8,1,2026-04-01T08:13:07.911783
aliciargn,/home/gilmar/Documents/algoritmos/logado-utfpr-ifam/logado-students/repos_logado/aliciargn/exercicio_07.json,exercicio_07.json,log,2026-03-03 21:51:04,exercicio_07.js,8,9,2026-04-01T08:13:07.911785
aliciargn,/home/gilmar/Documents/algoritmos/logado-utfpr-ifam/logado-students/repos_logado/aliciargn/troca.json,troca.json,alert,2026-03-20 20:04:21,troca.js,2,1,2026-04-01T08:13:07.911807
aliciargn,/home/gilmar/Documents/algoritmos/logado-utfpr-ifam/logado-students/repos_logado/aliciargn/troca.json,troca.json,alert,2026-03-20 20:18:29,troca.js,3,1,2026-04-01T08:13:07.911809
aliciargn,/home/gilmar/Documents/algoritmos/logado-utfpr-ifam/logado-students/repos_logado/aliciargn/troca.json,troca.json,alert,2026-03-20 20:20:22,troca.js,5,1,2026-04-01T08:13:07.911810
aliciargn,/home/gilmar/Documents/algoritmos/logado-utfpr-ifam/logado-students/repos_logado/aliciargn/troca.json,troca.json,let,2026-03-20 20:27:09,troca.js,1,18,2026-04-01T08:13:07.911812
aliciargn,/home/gilmar/Documents/algoritmos/logado-utfpr-ifam/logado-students/repos_logado/aliciargn/troca.json,troca.json,alert,2026-03-20 20:34:41,troca.js,6,1,2026-04-01T08:13:07.911814
aliciargn,/home/gilmar/Documents/algoritmos/logado-utfpr-ifam/logado-students/repos_logado/aliciargn/vetor_jogos.json,vetor_jogos.json,var,2026-03-12 20:14:44,vetor_jogos.js,1,1,2026-04-01T08:13:07.911844
aliciargn,/home/gilmar/Documents/algoritmos/logado-utfpr-ifam/logado-students/repos_logado/aliciargn/vetor_jogos.json,vetor_jogos.json,let,2026-03-12 20:14:44,vetor_jogos.js,2,1,2026-04-01T08:13:07.911845
aliciargn,/home/gilmar/Documents/algoritmos/logado-utfpr-ifam/logado-students/repos_logado/aliciargn/vetor_jogos.json,vetor_jogos.json,while,2026-03-12 20:14:44,vetor_jogos.js,3,1,2026-04-01T08:13:07.911848
aliciargn,/home/gilmar/Documents/algoritmos/logado-utfpr-ifam/logado-students/repos_logado/aliciargn/vetor_jogos.json,vetor_jogos.json,alert,2026-03-12 20:14:44,vetor_jogos.js,8,1,2026-04-01T08:13:07.911849
aliciargn,/home/gilmar/Documents/algoritmos/logado-utfpr-ifam/logado-students/repos_logado/aliciargn/vetor_jogos.json,vetor_jogos.json,for,2026-03-12 20:17:54,vetor_jogos.js,10,1,2026-04-01T08:13:07.911851
aliciargn,/home/gilmar/Documents/algoritmos/logado-utfpr-ifam/logado-students/repos_logado/aliciargn/vetor_jogos.json,vetor_jogos.json,for,2026-03-12 20:24:35,vetor_jogos.js,9,1,2026-04-01T08:13:07.911852
aliciargn,/home/gilmar/Documents/algoritmos/logado-utfpr-ifam/logado-students/repos_logado/aliciargn/vetor_jogos.json,vetor_jogos.json,for,2026-03-12 20:25:06,vetor_jogos.js,8,1,2026-04-01T08:13:07.911854
aliciargn,/home/gilmar/Documents/algoritmos/logado-utfpr-ifam/logado-students/repos_logado/aliciargn/vetor_jogos.json,vetor_jogos.json,for,2026-03-12 20:26:09,vetor_jogos.js,7,1,2026-04-01T08:13:07.911855
aliciargn,/home/gilmar/Documents/algoritmos/logado-utfpr-ifam/logado-students/repos_logado/aliciargn/vetor_jogos.json,vetor_jogos.json,alert,2026-03-12 20:30:48,vetor_jogos.js,5,1,2026-04-01T08:13:07.911857
aliciargn,/home/gilmar/Documents/algoritmos/logado-utfpr-ifam/logado-students/repos_logado/aliciargn/vetor_jogos.json,vetor_jogos.json,for,2026-03-12 20:33:26,vetor_jogos.js,9,1,2026-04-01T08:13:07.911859
aliciargn,/home/gilmar/Documents/algoritmos/logado-utfpr-ifam/logado-students/repos_logado/aliciargn/vetor_jogos.json,vetor_jogos.json,for,2026-03-12 20:40:01,vetor_jogos.js,4,1,2026-04-01T08:13:07.911860
aliciargn,/home/gilmar/Documents/algoritmos/logado-utfpr-ifam/logado-students/repos_logado/aliciargn/vetor_jogos.json,vetor_jogos.json,for,2026-03-12 20:42:14,vetor_jogos.js,9,1,2026-04-01T08:13:07.911861
veronica2006sabrina-bot,/home/gilmar/Documents/algoritmos/logado-utfpr-ifam/logado-students/repos_logado/veronica2006sabrina-bot/domingos.json,domingos.json,for,2026-02-27 20:48:48,domingos.js,5,1,2026-04-01T08:13:07.911885
veronica2006sabrina-bot,/home/gilmar/Documents/algoritmos/logado-utfpr-ifam/logado-students/repos_logado/veronica2006sabrina-bot/domingos.json,domingos.json,for,2026-02-27 20:50:40,domingos.js,8,1,2026-04-01T08:13:07.911887
veronica2006sabrina-bot,/home/gilmar/Documents/algoritmos/logado-utfpr-ifam/logado-students/repos_logado/veronica2006sabrina-bot/vaquinha.json,vaquinha.json,alert,2026-03-12 19:56:42,vaquinha.js,8,1,2026-04-01T08:13:07.911909
veronica2006sabrina-bot,/home/gilmar/Documents/algoritmos/logado-utfpr-ifam/logado-students/repos_logado/veronica2006sabrina-bot/vaquinha.json,vaquinha.json,for,2026-03-12 20:07:12,vaquinha.js,9,1,2026-04-01T08:13:07.911910
veronica2006sabrina-bot,/home/gilmar/Documents/algoritmos/logado-utfpr-ifam/logado-students/repos_logado/veronica2006sabrina-bot/atv6.json,atv6.json,while,2026-03-10 21:41:18,atv6.js,3,1,2026-04-01T08:13:07.911930
veronica2006sabrina-bot,/home/gilmar/Documents/algoritmos/logado-utfpr-ifam/logado-students/repos_logado/veronica2006sabrina-bot/atv6.json,atv6.json,alert,2026-03-10 21:42:03,atv6.js,7,1,2026-04-01T08:13:07.911932
veronica2006sabrina-bot,/home/gilmar/Documents/algoritmos/logado-utfpr-ifam/logado-students/repos_logado/veronica2006sabrina-bot/selection.json,selection.json,function,2026-03-25 18:15:06,selection.js,1,1,2026-04-01T08:13:07.911960
veronica2006sabrina-bot,/home/gilmar/Documents/algoritmos/logado-utfpr-ifam/logado-students/repos_logado/veronica2006sabrina-bot/selection.json,selection.json,if,2026-03-25 18:20:17,selection.js,7,13,2026-04-01T08:13:07.911963
veronica2006sabrina-bot,/home/gilmar/Documents/algoritmos/logado-utfpr-ifam/logado-students/repos_logado/veronica2006sabrina-bot/atv.7.json,atv.7.json,while,2026-03-10 22:16:41,atv.7.js,3,2,2026-04-01T08:13:07.911981
veronica2006sabrina-bot,/home/gilmar/Documents/algoritmos/logado-utfpr-ifam/logado-students/repos_logado/veronica2006sabrina-bot/atv.7.json,atv.7.json,var,2026-03-10 22:18:19,atv.7.js,2,5,2026-04-01T08:13:07.911983
veronica2006sabrina-bot,/home/gilmar/Documents/algoritmos/logado-utfpr-ifam/logado-students/repos_logado/veronica2006sabrina-bot/login.json,login.json,if,2026-03-24 22:05:12,login.js,2,1,2026-04-01T08:13:07.912003
veronica2006sabrina-bot,/home/gilmar/Documents/algoritmos/logado-utfpr-ifam/logado-students/repos_logado/veronica2006sabrina-bot/login.json,login.json,do,2026-03-24 22:08:39,login.js,1,1,2026-04-01T08:13:07.912004
veronica2006sabrina-bot,/home/gilmar/Documents/algoritmos/logado-utfpr-ifam/logado-students/repos_logado/veronica2006sabrina-bot/login.json,login.json,while,2026-03-24 22:10:25,login.js,3,1,2026-04-01T08:13:07.912006
veronica2006sabrina-bot,/home/gilmar/Documents/algoritmos/logado-utfpr-ifam/logado-students/repos_logado/veronica2006sabrina-bot/login.json,login.json,alert,2026-03-24 22:12:03,login.js,3,1,2026-04-01T08:13:07.912007
veronica2006sabrina-bot,/home/gilmar/Documents/algoritmos/logado-utfpr-ifam/logado-students/repos_logado/veronica2006sabrina-bot/login.json,login.json,alert,2026-03-24 22:12:55,login.js,6,1,2026-04-01T08:13:07.912009
veronica2006sabrina-bot,/home/gilmar/Documents/algoritmos/logado-utfpr-ifam/logado-students/repos_logado/veronica2006sabrina-bot/maiorde3Math.json,maiorde3Math.json,alert,2026-03-19 22:14:26,maiorde3Math.js,1,1,2026-04-01T08:13:07.912028
veronica2006sabrina-bot,/home/gilmar/Documents/algoritmos/logado-utfpr-ifam/logado-students/repos_logado/veronica2006sabrina-bot/maiorde3Math.json,maiorde3Math.json,max,2026-03-19 22:15:04,maiorde3Math.js,1,12,2026-04-01T08:13:07.912031
veronica2006sabrina-bot,/home/gilmar/Documents/algoritmos/logado-utfpr-ifam/logado-students/repos_logado/veronica2006sabrina-bot/desempenho.json,desempenho.json,prompt,2026-03-24 22:16:14,desempenho.js,1,21,2026-04-01T08:13:07.912049
veronica2006sabrina-bot,/home/gilmar/Documents/algoritmos/logado-utfpr-ifam/logado-students/repos_logado/veronica2006sabrina-bot/desempenho.json,desempenho.json,for,2026-03-24 22:21:51,desempenho.js,3,1,2026-04-01T08:13:07.912051
veronica2006sabrina-bot,/home/gilmar/Documents/algoritmos/logado-utfpr-ifam/logado-students/repos_logado/veronica2006sabrina-bot/funcao_soma.json,funcao_soma.json,return,2026-03-25 19:09:55,funcao_soma.js,2,1,2026-04-01T08:13:07.912073
veronica2006sabrina-bot,/home/gilmar/Documents/algoritmos/logado-utfpr-ifam/logado-students/repos_logado/veronica2006sabrina-bot/funcao_soma.json,funcao_soma.json,prompt,2026-03-25 19:10:59,funcao_soma.js,5,17,2026-04-01T08:13:07.912075
veronica2006sabrina-bot,/home/gilmar/Documents/algoritmos/logado-utfpr-ifam/logado-students/repos_logado/veronica2006sabrina-bot/funcao_soma.json,funcao_soma.json,alert,2026-03-25 19:11:21,funcao_soma.js,6,1,2026-04-01T08:13:07.912077
veronica2006sabrina-bot,/home/gilmar/Documents/algoritmos/logado-utfpr-ifam/logado-students/repos_logado/veronica2006sabrina-bot/funcao_soma.json,funcao_soma.json,function,2026-03-25 19:31:57,funcao_soma.js,3,1,2026-04-01T08:13:07.912078
veronica2006sabrina-bot,/home/gilmar/Documents/algoritmos/logado-utfpr-ifam/logado-students/repos_logado/veronica2006sabrina-bot/funcao_soma.json,funcao_soma.json,function,2026-03-25 19:37:56,funcao_soma.js,10,1,2026-04-01T08:13:07.912080
veronica2006sabrina-bot,/home/gilmar/Documents/algoritmos/logado-utfpr-ifam/logado-students/repos_logado/veronica2006sabrina-bot/funcao_soma.json,funcao_soma.json,alert,2026-03-25 19:48:21,funcao_soma.js,18,5,2026-04-01T08:13:07.912081
veronica2006sabrina-bot,/home/gilmar/Documents/algoritmos/logado-utfpr-ifam/logado-students/repos_logado/veronica2006sabrina-bot/funcao_soma.json,funcao_soma.json,break,2026-03-25 19:48:51,funcao_soma.js,18,22,2026-04-01T08:13:07.912084
veronica2006sabrina-bot,/home/gilmar/Documents/algoritmos/logado-utfpr-ifam/logado-students/repos_logado/veronica2006sabrina-bot/funcao_soma.json,funcao_soma.json,alert,2026-03-25 19:49:21,funcao_soma.js,20,5,2026-04-01T08:13:07.912085
veronica2006sabrina-bot,/home/gilmar/Documents/algoritmos/logado-utfpr-ifam/logado-students/repos_logado/veronica2006sabrina-bot/funcao_soma.json,funcao_soma.json,break,2026-03-25 19:51:23,funcao_soma.js,20,27,2026-04-01T08:13:07.912086
veronica2006sabrina-bot,/home/gilmar/Documents/algoritmos/logado-utfpr-ifam/logado-students/repos_logado/veronica2006sabrina-bot/funcao_soma.json,funcao_soma.json,alert,2026-03-25 19:52:04,funcao_soma.js,22,5,2026-04-01T08:13:07.912088
veronica2006sabrina-bot,/home/gilmar/Documents/algoritmos/logado-utfpr-ifam/logado-students/repos_logado/veronica2006sabrina-bot/funcao_soma.json,funcao_soma.json,break,2026-03-25 19:54:13,funcao_soma.js,24,40,2026-04-01T08:13:07.912089
veronica2006sabrina-bot,/home/gilmar/Documents/algoritmos/logado-utfpr-ifam/logado-students/repos_logado/veronica2006sabrina-bot/funcao_soma.json,funcao_soma.json,alert,2026-03-25 19:54:33,funcao_soma.js,26,13,2026-04-01T08:13:07.912091
veronica2006sabrina-bot,/home/gilmar/Documents/algoritmos/logado-utfpr-ifam/logado-students/repos_logado/veronica2006sabrina-bot/revisao_vetor.json,revisao_vetor.json,prompt,2026-03-26 19:53:15,revisao_vetor.js,2,23,2026-04-01T08:13:07.912111
veronica2006sabrina-bot,/home/gilmar/Documents/algoritmos/logado-utfpr-ifam/logado-students/repos_logado/veronica2006sabrina-bot/revisao_vetor.json,revisao_vetor.json,for,2026-03-26 19:53:27,revisao_vetor.js,3,1,2026-04-01T08:13:07.912113
veronica2006sabrina-bot,/home/gilmar/Documents/algoritmos/logado-utfpr-ifam/logado-students/repos_logado/veronica2006sabrina-bot/revisao_vetor.json,revisao_vetor.json,prompt,2026-03-26 19:54:25,revisao_vetor.js,4,25,2026-04-01T08:13:07.912114
veronica2006sabrina-bot,/home/gilmar/Documents/algoritmos/logado-utfpr-ifam/logado-students/repos_logado/veronica2006sabrina-bot/revisao_vetor.json,revisao_vetor.json,for,2026-03-26 20:03:09,revisao_vetor.js,6,1,2026-04-01T08:13:07.912116
veronica2006sabrina-bot,/home/gilmar/Documents/algoritmos/logado-utfpr-ifam/logado-students/repos_logado/veronica2006sabrina-bot/aprovacao.json,aprovacao.json,if,2026-03-05 20:02:58,aprovacao.js,4,1,2026-04-01T08:13:07.912160
veronica2006sabrina-bot,/home/gilmar/Documents/algoritmos/logado-utfpr-ifam/logado-students/repos_logado/veronica2006sabrina-bot/aprovacao.json,aprovacao.json,alert,2026-03-05 20:03:55,aprovacao.js,5,5,2026-04-01T08:13:07.912162
veronica2006sabrina-bot,/home/gilmar/Documents/algoritmos/logado-utfpr-ifam/logado-students/repos_logado/veronica2006sabrina-bot/aprovacao.json,aprovacao.json,alert,2026-03-05 20:07:00,aprovacao.js,9,1,2026-04-01T08:13:07.912164
veronica2006sabrina-bot,/home/gilmar/Documents/algoritmos/logado-utfpr-ifam/logado-students/repos_logado/veronica2006sabrina-bot/aprovacao.json,aprovacao.json,while,2026-03-05 20:11:52,aprovacao.js,9,2,2026-04-01T08:13:07.912165
veronica2006sabrina-bot,/home/gilmar/Documents/algoritmos/logado-utfpr-ifam/logado-students/repos_logado/veronica2006sabrina-bot/aprovacao.json,aprovacao.json,while,2026-03-05 20:14:49,aprovacao.js,8,2,2026-04-01T08:13:07.912167
veronica2006sabrina-bot,/home/gilmar/Documents/algoritmos/logado-utfpr-ifam/logado-students/repos_logado/veronica2006sabrina-bot/aprovacao.json,aprovacao.json,alert,2026-03-05 20:19:16,aprovacao.js,9,1,2026-04-01T08:13:07.912168
veronica2006sabrina-bot,/home/gilmar/Documents/algoritmos/logado-utfpr-ifam/logado-students/repos_logado/veronica2006sabrina-bot/aprovacao.json,aprovacao.json,else,2026-03-05 20:43:35,aprovacao.js,10,1,2026-04-01T08:13:07.912170
veronica2006sabrina-bot,/home/gilmar/Documents/algoritmos/logado-utfpr-ifam/logado-students/repos_logado/veronica2006sabrina-bot/aprovacao.json,aprovacao.json,alert,2026-03-05 20:43:37,aprovacao.js,11,5,2026-04-01T08:13:07.912171
veronica2006sabrina-bot,/home/gilmar/Documents/algoritmos/logado-utfpr-ifam/logado-students/repos_logado/veronica2006sabrina-bot/aprovacao.json,aprovacao.json,alert,2026-03-05 20:45:00,aprovacao.js,8,1,2026-04-01T08:13:07.912173
veronica2006sabrina-bot,/home/gilmar/Documents/algoritmos/logado-utfpr-ifam/logado-students/repos_logado/veronica2006sabrina-bot/aprovacao.json,aprovacao.json,alert,2026-03-05 20:45:02,aprovacao.js,10,1,2026-04-01T08:13:07.912174
veronica2006sabrina-bot,/home/gilmar/Documents/algoritmos/logado-utfpr-ifam/logado-students/repos_logado/veronica2006sabrina-bot/aprovacao.json,aprovacao.json,alert,2026-03-05 20:45:05,aprovacao.js,10,9,2026-04-01T08:13:07.912177
veronica2006sabrina-bot,/home/gilmar/Documents/algoritmos/logado-utfpr-ifam/logado-students/repos_logado/veronica2006sabrina-bot/aprovacao.json,aprovacao.json,prompt,2026-03-05 20:45:41,aprovacao.js,11,33,2026-04-01T08:13:07.912179
veronica2006sabrina-bot,/home/gilmar/Documents/algoritmos/logado-utfpr-ifam/logado-students/repos_logado/veronica2006sabrina-bot/aprovacao.json,aprovacao.json,if,2026-03-05 20:45:51,aprovacao.js,12,5,2026-04-01T08:13:07.912180
veronica2006sabrina-bot,/home/gilmar/Documents/algoritmos/logado-utfpr-ifam/logado-students/repos_logado/veronica2006sabrina-bot/aprovacao.json,aprovacao.json,alert,2026-03-05 20:47:06,aprovacao.js,14,9,2026-04-01T08:13:07.912182
veronica2006sabrina-bot,/home/gilmar/Documents/algoritmos/logado-utfpr-ifam/logado-students/repos_logado/veronica2006sabrina-bot/aprovacao.json,aprovacao.json,else,2026-03-05 20:47:13,aprovacao.js,15,5,2026-04-01T08:13:07.912183
veronica2006sabrina-bot,/home/gilmar/Documents/algoritmos/logado-utfpr-ifam/logado-students/repos_logado/veronica2006sabrina-bot/aprovacao.json,aprovacao.json,alert,2026-03-05 20:47:15,aprovacao.js,16,9,2026-04-01T08:13:07.912184
veronica2006sabrina-bot,/home/gilmar/Documents/algoritmos/logado-utfpr-ifam/logado-students/repos_logado/veronica2006sabrina-bot/aprovacao.json,aprovacao.json,do,2026-03-06 21:19:21,aprovacao.js,26,1,2026-04-01T08:13:07.912186
veronica2006sabrina-bot,/home/gilmar/Documents/algoritmos/logado-utfpr-ifam/logado-students/repos_logado/veronica2006sabrina-bot/aprovacao.json,aprovacao.json,var,2026-03-06 21:19:21,aprovacao.js,27,5,2026-04-01T08:13:07.912187
veronica2006sabrina-bot,/home/gilmar/Documents/algoritmos/logado-utfpr-ifam/logado-students/repos_logado/veronica2006sabrina-bot/aprovacao.json,aprovacao.json,var,2026-03-06 21:19:21,aprovacao.js,27,5,2026-04-01T08:13:07.912188
veronica2006sabrina-bot,/home/gilmar/Documents/algoritmos/logado-utfpr-ifam/logado-students/repos_logado/veronica2006sabrina-bot/aprovacao.json,aprovacao.json,prompt,2026-03-06 21:19:21,aprovacao.js,28,27,2026-04-01T08:13:07.912190
veronica2006sabrina-bot,/home/gilmar/Documents/algoritmos/logado-utfpr-ifam/logado-students/repos_logado/veronica2006sabrina-bot/aprovacao.json,aprovacao.json,var,2026-03-06 21:19:21,aprovacao.js,27,5,2026-04-01T08:13:07.912192
veronica2006sabrina-bot,/home/gilmar/Documents/algoritmos/logado-utfpr-ifam/logado-students/repos_logado/veronica2006sabrina-bot/aprovacao.json,aprovacao.json,prompt,2026-03-06 21:19:21,aprovacao.js,28,27,2026-04-01T08:13:07.912193
veronica2006sabrina-bot,/home/gilmar/Documents/algoritmos/logado-utfpr-ifam/logado-students/repos_logado/veronica2006sabrina-bot/aprovacao.json,aprovacao.json,var,2026-03-06 21:19:21,aprovacao.js,27,5,2026-04-01T08:13:07.912195
veronica2006sabrina-bot,/home/gilmar/Documents/algoritmos/logado-utfpr-ifam/logado-students/repos_logado/veronica2006sabrina-bot/aprovacao.json,aprovacao.json,alert,2026-03-06 21:19:21,aprovacao.js,31,3,2026-04-01T08:13:07.912196
veronica2006sabrina-bot,/home/gilmar/Documents/algoritmos/logado-utfpr-ifam/logado-students/repos_logado/veronica2006sabrina-bot/aprovacao.json,aprovacao.json,if,2026-03-06 21:19:21,aprovacao.js,32,1,2026-04-01T08:13:07.912197
veronica2006sabrina-bot,/home/gilmar/Documents/algoritmos/logado-utfpr-ifam/logado-students/repos_logado/veronica2006sabrina-bot/aprovacao.json,aprovacao.json,alert,2026-03-06 21:19:21,aprovacao.js,31,3,2026-04-01T08:13:07.912199
veronica2006sabrina-bot,/home/gilmar/Documents/algoritmos/logado-utfpr-ifam/logado-students/repos_logado/veronica2006sabrina-bot/aprovacao.json,aprovacao.json,else,2026-03-06 21:19:21,aprovacao.js,36,1,2026-04-01T08:13:07.912200
veronica2006sabrina-bot,/home/gilmar/Documents/algoritmos/logado-utfpr-ifam/logado-students/repos_logado/veronica2006sabrina-bot/aprovacao.json,aprovacao.json,if,2026-03-06 21:19:21,aprovacao.js,32,1,2026-04-01T08:13:07.912205
veronica2006sabrina-bot,/home/gilmar/Documents/algoritmos/logado-utfpr-ifam/logado-students/repos_logado/veronica2006sabrina-bot/aprovacao.json,aprovacao.json,alert,2026-03-06 21:19:21,aprovacao.js,31,3,2026-04-01T08:13:07.912207
veronica2006sabrina-bot,/home/gilmar/Documents/algoritmos/logado-utfpr-ifam/logado-students/repos_logado/veronica2006sabrina-bot/aprovacao.json,aprovacao.json,prompt,2026-03-06 21:19:21,aprovacao.js,28,27,2026-04-01T08:13:07.912210
veronica2006sabrina-bot,/home/gilmar/Documents/algoritmos/logado-utfpr-ifam/logado-students/repos_logado/veronica2006sabrina-bot/aprovacao.json,aprovacao.json,if,2026-03-06 21:19:21,aprovacao.js,32,1,2026-04-01T08:13:07.912212
veronica2006sabrina-bot,/home/gilmar/Documents/algoritmos/logado-utfpr-ifam/logado-students/repos_logado/veronica2006sabrina-bot/aprovacao.json,aprovacao.json,alert,2026-03-06 21:19:21,aprovacao.js,31,3,2026-04-01T08:13:07.912213
veronica2006sabrina-bot,/home/gilmar/Documents/algoritmos/logado-utfpr-ifam/logado-students/repos_logado/veronica2006sabrina-bot/aprovacao.json,aprovacao.json,else,2026-03-06 21:19:21,aprovacao.js,36,1,2026-04-01T08:13:07.912214
veronica2006sabrina-bot,/home/gilmar/Documents/algoritmos/logado-utfpr-ifam/logado-students/repos_logado/veronica2006sabrina-bot/aprovacao.json,aprovacao.json,alert,2026-03-06 21:19:21,aprovacao.js,31,3,2026-04-01T08:13:07.912216
veronica2006sabrina-bot,/home/gilmar/Documents/algoritmos/logado-utfpr-ifam/logado-students/repos_logado/veronica2006sabrina-bot/aprovacao.json,aprovacao.json,else,2026-03-06 21:19:21,aprovacao.js,36,1,2026-04-01T08:13:07.912217
veronica2006sabrina-bot,/home/gilmar/Documents/algoritmos/logado-utfpr-ifam/logado-students/repos_logado/veronica2006sabrina-bot/aprovacao.json,aprovacao.json,alert,2026-03-06 21:19:21,aprovacao.js,31,3,2026-04-01T08:13:07.912219
veronica2006sabrina-bot,/home/gilmar/Documents/algoritmos/logado-utfpr-ifam/logado-students/repos_logado/veronica2006sabrina-bot/aprovacao.json,aprovacao.json,while,2026-03-06 21:19:21,aprovacao.js,54,2,2026-04-01T08:13:07.912220
veronica2006sabrina-bot,/home/gilmar/Documents/algoritmos/logado-utfpr-ifam/logado-students/repos_logado/veronica2006sabrina-bot/aprovacao.json,aprovacao.json,alert,2026-03-06 21:19:21,aprovacao.js,31,3,2026-04-01T08:13:07.912221
veronica2006sabrina-bot,/home/gilmar/Documents/algoritmos/logado-utfpr-ifam/logado-students/repos_logado/veronica2006sabrina-bot/aprovacao.json,aprovacao.json,var,2026-03-06 21:32:24,aprovacao.js,27,5,2026-04-01T08:13:07.912223
veronica2006sabrina-bot,/home/gilmar/Documents/algoritmos/logado-utfpr-ifam/logado-students/repos_logado/veronica2006sabrina-bot/aprovacao.json,aprovacao.json,var,2026-03-06 21:32:26,aprovacao.js,28,5,2026-04-01T08:13:07.912226
veronica2006sabrina-bot,/home/gilmar/Documents/algoritmos/logado-utfpr-ifam/logado-students/repos_logado/veronica2006sabrina-bot/aprovacao.json,aprovacao.json,prompt,2026-03-06 21:32:26,aprovacao.js,28,27,2026-04-01T08:13:07.912228
veronica2006sabrina-bot,/home/gilmar/Documents/algoritmos/logado-utfpr-ifam/logado-students/repos_logado/veronica2006sabrina-bot/aprovacao.json,aprovacao.json,var,2026-03-06 21:32:28,aprovacao.js,30,5,2026-04-01T08:13:07.912229
veronica2006sabrina-bot,/home/gilmar/Documents/algoritmos/logado-utfpr-ifam/logado-students/repos_logado/veronica2006sabrina-bot/aprovacao.json,aprovacao.json,prompt,2026-03-06 21:32:28,aprovacao.js,30,27,2026-04-01T08:13:07.912231
veronica2006sabrina-bot,/home/gilmar/Documents/algoritmos/logado-utfpr-ifam/logado-students/repos_logado/veronica2006sabrina-bot/aprovacao.json,aprovacao.json,do,2026-03-06 21:37:07,aprovacao.js,3,5,2026-04-01T08:13:07.912232
veronica2006sabrina-bot,/home/gilmar/Documents/algoritmos/logado-utfpr-ifam/logado-students/repos_logado/veronica2006sabrina-bot/evento.json,evento.json,prompt,2026-03-24 20:41:56,evento.js,1,20,2026-04-01T08:13:07.912259
veronica2006sabrina-bot,/home/gilmar/Documents/algoritmos/logado-utfpr-ifam/logado-students/repos_logado/veronica2006sabrina-bot/evento.json,evento.json,prompt,2026-03-24 20:42:54,evento.js,2,14,2026-04-01T08:13:07.912261
veronica2006sabrina-bot,/home/gilmar/Documents/algoritmos/logado-utfpr-ifam/logado-students/repos_logado/veronica2006sabrina-bot/evento.json,evento.json,true,2026-03-24 21:20:52,evento.js,2,18,2026-04-01T08:13:07.912263
veronica2006sabrina-bot,/home/gilmar/Documents/algoritmos/logado-utfpr-ifam/logado-students/repos_logado/veronica2006sabrina-bot/evento.json,evento.json,if,2026-03-24 21:21:08,evento.js,3,1,2026-04-01T08:13:07.912264
veronica2006sabrina-bot,/home/gilmar/Documents/algoritmos/logado-utfpr-ifam/logado-students/repos_logado/veronica2006sabrina-bot/evento.json,evento.json,alert,2026-03-24 21:22:21,evento.js,4,5,2026-04-01T08:13:07.912266
veronica2006sabrina-bot,/home/gilmar/Documents/algoritmos/logado-utfpr-ifam/logado-students/repos_logado/veronica2006sabrina-bot/evento.json,evento.json,alert,2026-03-24 21:22:47,evento.js,6,5,2026-04-01T08:13:07.912269
veronica2006sabrina-bot,/home/gilmar/Documents/algoritmos/logado-utfpr-ifam/logado-students/repos_logado/veronica2006sabrina-bot/evento.json,evento.json,if,2026-03-24 21:29:04,evento.js,7,1,2026-04-01T08:13:07.912270
veronica2006sabrina-bot,/home/gilmar/Documents/algoritmos/logado-utfpr-ifam/logado-students/repos_logado/veronica2006sabrina-bot/evento.json,evento.json,if,2026-03-24 21:29:35,evento.js,7,6,2026-04-01T08:13:07.912272
veronica2006sabrina-bot,/home/gilmar/Documents/algoritmos/logado-utfpr-ifam/logado-students/repos_logado/veronica2006sabrina-bot/evento.json,evento.json,if,2026-03-24 21:30:51,evento.js,7,6,2026-04-01T08:13:07.912273
veronica2006sabrina-bot,/home/gilmar/Documents/algoritmos/logado-utfpr-ifam/logado-students/repos_logado/veronica2006sabrina-bot/maiorde3.json,maiorde3.json,while,2026-03-19 21:47:24,maiorde3.js,2,1,2026-04-01T08:13:07.912291
veronica2006sabrina-bot,/home/gilmar/Documents/algoritmos/logado-utfpr-ifam/logado-students/repos_logado/veronica2006sabrina-bot/maiorde3.json,maiorde3.json,alert,2026-03-19 21:53:42,maiorde3.js,3,5,2026-04-01T08:13:07.912293
veronica2006sabrina-bot,/home/gilmar/Documents/algoritmos/logado-utfpr-ifam/logado-students/repos_logado/veronica2006sabrina-bot/maiorde3.json,maiorde3.json,alert,2026-03-19 21:57:52,maiorde3.js,3,5,2026-04-01T08:13:07.912295
veronica2006sabrina-bot,/home/gilmar/Documents/algoritmos/logado-utfpr-ifam/logado-students/repos_logado/veronica2006sabrina-bot/maiorde3.json,maiorde3.json,alert,2026-03-19 21:58:40,maiorde3.js,5,5,2026-04-01T08:13:07.912296
veronica2006sabrina-bot,/home/gilmar/Documents/algoritmos/logado-utfpr-ifam/logado-students/repos_logado/veronica2006sabrina-bot/maiorde3.json,maiorde3.json,alert,2026-03-19 21:59:41,maiorde3.js,7,5,2026-04-01T08:13:07.912297
veronica2006sabrina-bot,/home/gilmar/Documents/algoritmos/logado-utfpr-ifam/logado-students/repos_logado/veronica2006sabrina-bot/maiorde3.json,maiorde3.json,alert,2026-03-19 22:00:17,maiorde3.js,9,5,2026-04-01T08:13:07.912299
veronica2006sabrina-bot,/home/gilmar/Documents/algoritmos/logado-utfpr-ifam/logado-students/repos_logado/veronica2006sabrina-bot/decremento.json,decremento.json,while,2026-03-06 21:55:45,decremento.js,2,1,2026-04-01T08:13:07.912313
veronica2006sabrina-bot,/home/gilmar/Documents/algoritmos/logado-utfpr-ifam/logado-students/repos_logado/veronica2006sabrina-bot/decremento.json,decremento.json,alert,2026-03-06 21:56:20,decremento.js,3,5,2026-04-01T08:13:07.912315
veronica2006sabrina-bot,/home/gilmar/Documents/algoritmos/logado-utfpr-ifam/logado-students/repos_logado/veronica2006sabrina-bot/espalhamento.json,espalhamento.json,alert,2026-03-19 22:28:42,espalhamento.js,2,1,2026-04-01T08:13:07.912332
veronica2006sabrina-bot,/home/gilmar/Documents/algoritmos/logado-utfpr-ifam/logado-students/repos_logado/veronica2006sabrina-bot/espalhamento.json,espalhamento.json,max,2026-03-19 22:28:52,espalhamento.js,2,12,2026-04-01T08:13:07.912334
veronica2006sabrina-bot,/home/gilmar/Documents/algoritmos/logado-utfpr-ifam/logado-students/repos_logado/veronica2006sabrina-bot/pan.json,pan.json,while,2026-03-06 22:23:33,pan.js,2,1,2026-04-01T08:13:07.912350
veronica2006sabrina-bot,/home/gilmar/Documents/algoritmos/logado-utfpr-ifam/logado-students/repos_logado/veronica2006sabrina-bot/pan.json,pan.json,alert,2026-03-06 22:29:25,pan.js,7,5,2026-04-01T08:13:07.912352
veronica2006sabrina-bot,/home/gilmar/Documents/algoritmos/logado-utfpr-ifam/logado-students/repos_logado/veronica2006sabrina-bot/vetor_par_impar.json,vetor_par_impar.json,for,2026-03-12 21:49:26,vetor_par_impar.js,4,1,2026-04-01T08:13:07.912371
veronica2006sabrina-bot,/home/gilmar/Documents/algoritmos/logado-utfpr-ifam/logado-students/repos_logado/veronica2006sabrina-bot/vetor_par_impar.json,vetor_par_impar.json,else,2026-03-12 21:55:46,vetor_par_impar.js,8,5,2026-04-01T08:13:07.912373
veronica2006sabrina-bot,/home/gilmar/Documents/algoritmos/logado-utfpr-ifam/logado-students/repos_logado/veronica2006sabrina-bot/vetor_par_impar.json,vetor_par_impar.json,for,2026-03-12 21:57:31,vetor_par_impar.js,12,1,2026-04-01T08:13:07.912375
veronica2006sabrina-bot,/home/gilmar/Documents/algoritmos/logado-utfpr-ifam/logado-students/repos_logado/veronica2006sabrina-bot/vetor_par_impar.json,vetor_par_impar.json,do,2026-03-12 22:03:08,vetor_par_impar.js,20,1,2026-04-01T08:13:07.912377
veronica2006sabrina-bot,/home/gilmar/Documents/algoritmos/logado-utfpr-ifam/logado-students/repos_logado/veronica2006sabrina-bot/vetor_par_impar.json,vetor_par_impar.json,for,2026-03-12 22:05:41,vetor_par_impar.js,21,1,2026-04-01T08:13:07.912379
veronica2006sabrina-bot,/home/gilmar/Documents/algoritmos/logado-utfpr-ifam/logado-students/repos_logado/veronica2006sabrina-bot/par-impar.json,par-impar.json,prompt,2026-02-27 20:19:36,par-impar.js,2,23,2026-04-01T08:13:07.912395
veronica2006sabrina-bot,/home/gilmar/Documents/algoritmos/logado-utfpr-ifam/logado-students/repos_logado/veronica2006sabrina-bot/par-impar.json,par-impar.json,for,2026-02-27 20:20:19,par-impar.js,3,1,2026-04-01T08:13:07.912397
veronica2006sabrina-bot,/home/gilmar/Documents/algoritmos/logado-utfpr-ifam/logado-students/repos_logado/veronica2006sabrina-bot/par-impar.json,par-impar.json,if,2026-02-27 20:21:56,par-impar.js,5,9,2026-04-01T08:13:07.912399
veronica2006sabrina-bot,/home/gilmar/Documents/algoritmos/logado-utfpr-ifam/logado-students/repos_logado/veronica2006sabrina-bot/par-impar.json,par-impar.json,else,2026-02-27 20:22:56,par-impar.js,8,13,2026-04-01T08:13:07.912400
veronica2006sabrina-bot,/home/gilmar/Documents/algoritmos/logado-utfpr-ifam/logado-students/repos_logado/veronica2006sabrina-bot/par-impar.json,par-impar.json,alert,2026-02-27 20:23:31,par-impar.js,11,5,2026-04-01T08:13:07.912401
veronica2006sabrina-bot,/home/gilmar/Documents/algoritmos/logado-utfpr-ifam/logado-students/repos_logado/veronica2006sabrina-bot/funcao_vetor.json,funcao_vetor.json,const,2026-03-26 20:27:27,funcao_vetor.js,8,1,2026-04-01T08:13:07.912426
veronica2006sabrina-bot,/home/gilmar/Documents/algoritmos/logado-utfpr-ifam/logado-students/repos_logado/veronica2006sabrina-bot/funcao_vetor.json,funcao_vetor.json,var,2026-03-26 20:27:27,funcao_vetor.js,9,1,2026-04-01T08:13:07.912428
veronica2006sabrina-bot,/home/gilmar/Documents/algoritmos/logado-utfpr-ifam/logado-students/repos_logado/veronica2006sabrina-bot/funcao_vetor.json,funcao_vetor.json,prompt,2026-03-26 20:27:27,funcao_vetor.js,9,23,2026-04-01T08:13:07.912429
veronica2006sabrina-bot,/home/gilmar/Documents/algoritmos/logado-utfpr-ifam/logado-students/repos_logado/veronica2006sabrina-bot/funcao_vetor.json,funcao_vetor.json,for,2026-03-26 20:27:27,funcao_vetor.js,10,1,2026-04-01T08:13:07.912431
veronica2006sabrina-bot,/home/gilmar/Documents/algoritmos/logado-utfpr-ifam/logado-students/repos_logado/veronica2006sabrina-bot/funcao_vetor.json,funcao_vetor.json,let,2026-03-26 20:27:27,funcao_vetor.js,10,5,2026-04-01T08:13:07.912432
veronica2006sabrina-bot,/home/gilmar/Documents/algoritmos/logado-utfpr-ifam/logado-students/repos_logado/veronica2006sabrina-bot/funcao_vetor.json,funcao_vetor.json,prompt,2026-03-26 20:27:27,funcao_vetor.js,9,23,2026-04-01T08:13:07.912434
veronica2006sabrina-bot,/home/gilmar/Documents/algoritmos/logado-utfpr-ifam/logado-students/repos_logado/veronica2006sabrina-bot/funcao_vetor.json,funcao_vetor.json,for,2026-03-26 20:27:27,funcao_vetor.js,10,1,2026-04-01T08:13:07.912435
veronica2006sabrina-bot,/home/gilmar/Documents/algoritmos/logado-utfpr-ifam/logado-students/repos_logado/veronica2006sabrina-bot/funcao_vetor.json,funcao_vetor.json,let,2026-03-26 20:27:27,funcao_vetor.js,10,5,2026-04-01T08:13:07.912437
veronica2006sabrina-bot,/home/gilmar/Documents/algoritmos/logado-utfpr-ifam/logado-students/repos_logado/veronica2006sabrina-bot/funcao_vetor.json,funcao_vetor.json,const,2026-03-26 20:27:52,funcao_vetor.js,1,1,2026-04-01T08:13:07.912438
veronica2006sabrina-bot,/home/gilmar/Documents/algoritmos/logado-utfpr-ifam/logado-students/repos_logado/veronica2006sabrina-bot/funcao_vetor.json,funcao_vetor.json,function,2026-03-26 20:28:07,funcao_vetor.js,1,1,2026-04-01T08:13:07.912440
veronica2006sabrina-bot,/home/gilmar/Documents/algoritmos/logado-utfpr-ifam/logado-students/repos_logado/veronica2006sabrina-bot/funcao_vetor.json,funcao_vetor.json,for,2026-03-26 20:43:12,funcao_vetor.js,4,6,2026-04-01T08:13:07.912441
veronica2006sabrina-bot,/home/gilmar/Documents/algoritmos/logado-utfpr-ifam/logado-students/repos_logado/veronica2006sabrina-bot/funcao_vetor.json,funcao_vetor.json,let,2026-03-26 20:43:12,funcao_vetor.js,4,10,2026-04-01T08:13:07.912442
veronica2006sabrina-bot,/home/gilmar/Documents/algoritmos/logado-utfpr-ifam/logado-students/repos_logado/veronica2006sabrina-bot/funcao_vetor.json,funcao_vetor.json,prompt,2026-03-26 20:48:44,funcao_vetor.js,2,23,2026-04-01T08:13:07.912444
veronica2006sabrina-bot,/home/gilmar/Documents/algoritmos/logado-utfpr-ifam/logado-students/repos_logado/veronica2006sabrina-bot/funcao_vetor.json,funcao_vetor.json,function,2026-03-26 20:50:19,funcao_vetor.js,7,1,2026-04-01T08:13:07.912449
veronica2006sabrina-bot,/home/gilmar/Documents/algoritmos/logado-utfpr-ifam/logado-students/repos_logado/veronica2006sabrina-bot/funcao_vetor.json,funcao_vetor.json,let,2026-03-26 20:50:50,funcao_vetor.js,8,8,2026-04-01T08:13:07.912450
veronica2006sabrina-bot,/home/gilmar/Documents/algoritmos/logado-utfpr-ifam/logado-students/repos_logado/veronica2006sabrina-bot/aprovacao2.json,aprovacao2.json,var,2026-03-06 21:34:18,aprovacao2.js,1,1,2026-04-01T08:13:07.912477
veronica2006sabrina-bot,/home/gilmar/Documents/algoritmos/logado-utfpr-ifam/logado-students/repos_logado/veronica2006sabrina-bot/aprovacao2.json,aprovacao2.json,do,2026-03-06 21:34:18,aprovacao2.js,1,49,2026-04-01T08:13:07.912479
veronica2006sabrina-bot,/home/gilmar/Documents/algoritmos/logado-utfpr-ifam/logado-students/repos_logado/veronica2006sabrina-bot/aprovacao2.json,aprovacao2.json,var,2026-03-06 21:34:18,aprovacao2.js,1,1,2026-04-01T08:13:07.912480
veronica2006sabrina-bot,/home/gilmar/Documents/algoritmos/logado-utfpr-ifam/logado-students/repos_logado/veronica2006sabrina-bot/aprovacao2.json,aprovacao2.json,prompt,2026-03-06 21:34:18,aprovacao2.js,3,27,2026-04-01T08:13:07.912482
veronica2006sabrina-bot,/home/gilmar/Documents/algoritmos/logado-utfpr-ifam/logado-students/repos_logado/veronica2006sabrina-bot/aprovacao2.json,aprovacao2.json,var,2026-03-06 21:34:18,aprovacao2.js,1,1,2026-04-01T08:13:07.912483
veronica2006sabrina-bot,/home/gilmar/Documents/algoritmos/logado-utfpr-ifam/logado-students/repos_logado/veronica2006sabrina-bot/aprovacao2.json,aprovacao2.json,prompt,2026-03-06 21:34:18,aprovacao2.js,3,27,2026-04-01T08:13:07.912485
veronica2006sabrina-bot,/home/gilmar/Documents/algoritmos/logado-utfpr-ifam/logado-students/repos_logado/veronica2006sabrina-bot/aprovacao2.json,aprovacao2.json,var,2026-03-06 21:34:18,aprovacao2.js,1,1,2026-04-01T08:13:07.912486
veronica2006sabrina-bot,/home/gilmar/Documents/algoritmos/logado-utfpr-ifam/logado-students/repos_logado/veronica2006sabrina-bot/aprovacao2.json,aprovacao2.json,alert,2026-03-06 21:34:18,aprovacao2.js,6,3,2026-04-01T08:13:07.912487
veronica2006sabrina-bot,/home/gilmar/Documents/algoritmos/logado-utfpr-ifam/logado-students/repos_logado/veronica2006sabrina-bot/aprovacao2.json,aprovacao2.json,if,2026-03-06 21:34:18,aprovacao2.js,7,1,2026-04-01T08:13:07.912489
veronica2006sabrina-bot,/home/gilmar/Documents/algoritmos/logado-utfpr-ifam/logado-students/repos_logado/veronica2006sabrina-bot/aprovacao2.json,aprovacao2.json,alert,2026-03-06 21:34:18,aprovacao2.js,6,3,2026-04-01T08:13:07.912490
veronica2006sabrina-bot,/home/gilmar/Documents/algoritmos/logado-utfpr-ifam/logado-students/repos_logado/veronica2006sabrina-bot/aprovacao2.json,aprovacao2.json,else,2026-03-06 21:34:18,aprovacao2.js,11,1,2026-04-01T08:13:07.912491
veronica2006sabrina-bot,/home/gilmar/Documents/algoritmos/logado-utfpr-ifam/logado-students/repos_logado/veronica2006sabrina-bot/aprovacao2.json,aprovacao2.json,if,2026-03-06 21:34:18,aprovacao2.js,7,1,2026-04-01T08:13:07.912493
veronica2006sabrina-bot,/home/gilmar/Documents/algoritmos/logado-utfpr-ifam/logado-students/repos_logado/veronica2006sabrina-bot/aprovacao2.json,aprovacao2.json,alert,2026-03-06 21:34:18,aprovacao2.js,6,3,2026-04-01T08:13:07.912494
veronica2006sabrina-bot,/home/gilmar/Documents/algoritmos/logado-utfpr-ifam/logado-students/repos_logado/veronica2006sabrina-bot/aprovacao2.json,aprovacao2.json,prompt,2026-03-06 21:34:18,aprovacao2.js,3,27,2026-04-01T08:13:07.912496
veronica2006sabrina-bot,/home/gilmar/Documents/algoritmos/logado-utfpr-ifam/logado-students/repos_logado/veronica2006sabrina-bot/aprovacao2.json,aprovacao2.json,if,2026-03-06 21:34:18,aprovacao2.js,7,1,2026-04-01T08:13:07.912497
veronica2006sabrina-bot,/home/gilmar/Documents/algoritmos/logado-utfpr-ifam/logado-students/repos_logado/veronica2006sabrina-bot/aprovacao2.json,aprovacao2.json,alert,2026-03-06 21:34:18,aprovacao2.js,6,3,2026-04-01T08:13:07.912499
veronica2006sabrina-bot,/home/gilmar/Documents/algoritmos/logado-utfpr-ifam/logado-students/repos_logado/veronica2006sabrina-bot/aprovacao2.json,aprovacao2.json,else,2026-03-06 21:34:18,aprovacao2.js,11,1,2026-04-01T08:13:07.912502
veronica2006sabrina-bot,/home/gilmar/Documents/algoritmos/logado-utfpr-ifam/logado-students/repos_logado/veronica2006sabrina-bot/aprovacao2.json,aprovacao2.json,alert,2026-03-06 21:34:18,aprovacao2.js,6,3,2026-04-01T08:13:07.912505
veronica2006sabrina-bot,/home/gilmar/Documents/algoritmos/logado-utfpr-ifam/logado-students/repos_logado/veronica2006sabrina-bot/aprovacao2.json,aprovacao2.json,else,2026-03-06 21:34:18,aprovacao2.js,11,1,2026-04-01T08:13:07.912506
veronica2006sabrina-bot,/home/gilmar/Documents/algoritmos/logado-utfpr-ifam/logado-students/repos_logado/veronica2006sabrina-bot/aprovacao2.json,aprovacao2.json,alert,2026-03-06 21:34:18,aprovacao2.js,6,3,2026-04-01T08:13:07.912507
veronica2006sabrina-bot,/home/gilmar/Documents/algoritmos/logado-utfpr-ifam/logado-students/repos_logado/veronica2006sabrina-bot/aprovacao2.json,aprovacao2.json,while,2026-03-06 21:34:18,aprovacao2.js,29,2,2026-04-01T08:13:07.912509
veronica2006sabrina-bot,/home/gilmar/Documents/algoritmos/logado-utfpr-ifam/logado-students/repos_logado/veronica2006sabrina-bot/aprovacao2.json,aprovacao2.json,alert,2026-03-06 21:34:18,aprovacao2.js,6,3,2026-04-01T08:13:07.912510
veronica2006sabrina-bot,/home/gilmar/Documents/algoritmos/logado-utfpr-ifam/logado-students/repos_logado/veronica2006sabrina-bot/time.json,time.json,while,2026-03-05 22:02:38,time.js,3,2,2026-04-01T08:13:07.912527
veronica2006sabrina-bot,/home/gilmar/Documents/algoritmos/logado-utfpr-ifam/logado-students/repos_logado/veronica2006sabrina-bot/time.json,time.json,let,2026-03-05 22:04:24,time.js,2,1,2026-04-01T08:13:07.912529
veronica2006sabrina-bot,/home/gilmar/Documents/algoritmos/logado-utfpr-ifam/logado-students/repos_logado/veronica2006sabrina-bot/time.json,time.json,prompt,2026-03-05 22:04:24,time.js,2,11,2026-04-01T08:13:07.912530
veronica2006sabrina-bot,/home/gilmar/Documents/algoritmos/logado-utfpr-ifam/logado-students/repos_logado/veronica2006sabrina-bot/time.json,time.json,alert,2026-03-05 22:05:34,time.js,3,1,2026-04-01T08:13:07.912532
veronica2006sabrina-bot,/home/gilmar/Documents/algoritmos/logado-utfpr-ifam/logado-students/repos_logado/veronica2006sabrina-bot/time.json,time.json,alert,2026-03-05 22:08:43,time.js,3,1,2026-04-01T08:13:07.912533
veronica2006sabrina-bot,/home/gilmar/Documents/algoritmos/logado-utfpr-ifam/logado-students/repos_logado/veronica2006sabrina-bot/supermercado.json,supermercado.json,prompt,2026-03-24 21:43:15,supermercado.js,1,24,2026-04-01T08:13:07.912547
veronica2006sabrina-bot,/home/gilmar/Documents/algoritmos/logado-utfpr-ifam/logado-students/repos_logado/veronica2006sabrina-bot/supermercado.json,supermercado.json,for,2026-03-24 21:45:25,supermercado.js,3,1,2026-04-01T08:13:07.912549
veronica2006sabrina-bot,/home/gilmar/Documents/algoritmos/logado-utfpr-ifam/logado-students/repos_logado/veronica2006sabrina-bot/supermercado.json,supermercado.json,alert,2026-03-24 21:48:32,supermercado.js,7,1,2026-04-01T08:13:07.912552
veronica2006sabrina-bot,/home/gilmar/Documents/algoritmos/logado-utfpr-ifam/logado-students/repos_logado/veronica2006sabrina-bot/Viagem.json,Viagem.json,console,2026-03-24 20:23:37,Viagem.js,4,1,2026-04-01T08:13:07.912570
veronica2006sabrina-bot,/home/gilmar/Documents/algoritmos/logado-utfpr-ifam/logado-students/repos_logado/veronica2006sabrina-bot/Viagem.json,Viagem.json,log,2026-03-24 20:23:43,Viagem.js,4,9,2026-04-01T08:13:07.912571
veronica2006sabrina-bot,/home/gilmar/Documents/algoritmos/logado-utfpr-ifam/logado-students/repos_logado/veronica2006sabrina-bot/Viagem.json,Viagem.json,console,2026-03-24 20:27:01,Viagem.js,4,1,2026-04-01T08:13:07.912573
veronica2006sabrina-bot,/home/gilmar/Documents/algoritmos/logado-utfpr-ifam/logado-students/repos_logado/veronica2006sabrina-bot/Viagem.json,Viagem.json,log,2026-03-24 20:27:10,Viagem.js,4,9,2026-04-01T08:13:07.912574
veronica2006sabrina-bot,/home/gilmar/Documents/algoritmos/logado-utfpr-ifam/logado-students/repos_logado/veronica2006sabrina-bot/Viagem.json,Viagem.json,alert,2026-03-24 20:30:05,Viagem.js,4,1,2026-04-01T08:13:07.912576
veronica2006sabrina-bot,/home/gilmar/Documents/algoritmos/logado-utfpr-ifam/logado-students/repos_logado/veronica2006sabrina-bot/troca.json,troca.json,alert,2026-03-20 20:35:01,troca.js,6,1,2026-04-01T08:13:07.912590
veronica2006sabrina-bot,/home/gilmar/Documents/algoritmos/logado-utfpr-ifam/logado-students/repos_logado/veronica2006sabrina-bot/vetor_jogos.json,vetor_jogos.json,for,2026-03-12 20:40:32,vetor_jogos.js,4,1,2026-04-01T08:13:07.912605
veronica2006sabrina-bot,/home/gilmar/Documents/algoritmos/logado-utfpr-ifam/logado-students/repos_logado/veronica2006sabrina-bot/vetor_jogos.json,vetor_jogos.json,for,2026-03-12 20:43:36,vetor_jogos.js,8,1,2026-04-01T08:13:07.912607
Tais-Araujo,/home/gilmar/Documents/algoritmos/logado-utfpr-ifam/logado-students/repos_logado/Tais-Araujo/evento_vip.json,evento_vip.json,console,2026-03-24 21:38:08,evento_vip.js,3,30,2026-04-01T08:13:07.912624
Tais-Araujo,/home/gilmar/Documents/algoritmos/logado-utfpr-ifam/logado-students/repos_logado/Tais-Araujo/evento_vip.json,evento_vip.json,log,2026-03-24 21:38:15,evento_vip.js,3,38,2026-04-01T08:13:07.912625
Tais-Araujo,/home/gilmar/Documents/algoritmos/logado-utfpr-ifam/logado-students/repos_logado/Tais-Araujo/evento_vip.json,evento_vip.json,alert,2026-03-24 21:40:37,evento_vip.js,3,30,2026-04-01T08:13:07.912627
Tais-Araujo,/home/gilmar/Documents/algoritmos/logado-utfpr-ifam/logado-students/repos_logado/Tais-Araujo/evento_vip.json,evento_vip.json,prompt,2026-03-24 21:40:54,evento_vip.js,5,8,2026-04-01T08:13:07.912628
Tais-Araujo,/home/gilmar/Documents/algoritmos/logado-utfpr-ifam/logado-students/repos_logado/Tais-Araujo/vaquinha.json,vaquinha.json,prompt,2026-03-12 19:48:13,vaquinha.js,3,5,2026-04-01T08:13:07.912644
Tais-Araujo,/home/gilmar/Documents/algoritmos/logado-utfpr-ifam/logado-students/repos_logado/Tais-Araujo/vaquinha.json,vaquinha.json,prompt,2026-03-12 19:56:59,vaquinha.js,5,26,2026-04-01T08:13:07.912646
Tais-Araujo,/home/gilmar/Documents/algoritmos/logado-utfpr-ifam/logado-students/repos_logado/Tais-Araujo/viagem_economica.json,viagem_economica.json,prompt,2026-03-24 20:21:44,viagem_economica.js,3,24,2026-04-01T08:13:07.912675
Tais-Araujo,/home/gilmar/Documents/algoritmos/logado-utfpr-ifam/logado-students/repos_logado/Tais-Araujo/viagem_economica.json,viagem_economica.json,alert,2026-03-24 20:24:34,viagem_economica.js,4,1,2026-04-01T08:13:07.912677
Tais-Araujo,/home/gilmar/Documents/algoritmos/logado-utfpr-ifam/logado-students/repos_logado/Tais-Araujo/viagem_economica.json,viagem_economica.json,console,2026-03-24 21:25:05,viagem_economica.js,4,1,2026-04-01T08:13:07.912679
Tais-Araujo,/home/gilmar/Documents/algoritmos/logado-utfpr-ifam/logado-students/repos_logado/Tais-Araujo/viagem_economica.json,viagem_economica.json,log,2026-03-24 21:25:11,viagem_economica.js,4,9,2026-04-01T08:13:07.912680
Tais-Araujo,/home/gilmar/Documents/algoritmos/logado-utfpr-ifam/logado-students/repos_logado/Tais-Araujo/insertion_sort.json,insertion_sort.json,function,2026-03-25 20:26:13,insertion_sort.js,1,1,2026-04-01T08:13:07.912696
Tais-Araujo,/home/gilmar/Documents/algoritmos/logado-utfpr-ifam/logado-students/repos_logado/Tais-Araujo/insertion_sort.json,insertion_sort.json,while,2026-03-25 20:32:27,insertion_sort.js,7,9,2026-04-01T08:13:07.912698
Tais-Araujo,/home/gilmar/Documents/algoritmos/logado-utfpr-ifam/logado-students/repos_logado/Tais-Araujo/insertion_sort.json,insertion_sort.json,console,2026-03-25 20:37:25,insertion_sort.js,17,1,2026-04-01T08:13:07.912700
Tais-Araujo,/home/gilmar/Documents/algoritmos/logado-utfpr-ifam/logado-students/repos_logado/Tais-Araujo/sundays.json,sundays.json,let,2026-02-27 20:19:31,sundays.js,2,5,2026-04-01T08:13:07.912719
Tais-Araujo,/home/gilmar/Documents/algoritmos/logado-utfpr-ifam/logado-students/repos_logado/Tais-Araujo/sundays.json,sundays.json,for,2026-02-27 20:52:14,sundays.js,5,1,2026-04-01T08:13:07.912720
Tais-Araujo,/home/gilmar/Documents/algoritmos/logado-utfpr-ifam/logado-students/repos_logado/Tais-Araujo/sundays.json,sundays.json,for,2026-02-27 20:55:05,sundays.js,8,1,2026-04-01T08:13:07.912721
Tais-Araujo,/home/gilmar/Documents/algoritmos/logado-utfpr-ifam/logado-students/repos_logado/Tais-Araujo/sundays.json,sundays.json,for,2026-02-27 22:24:07,sundays.js,11,1,2026-04-01T08:13:07.912723
Tais-Araujo,/home/gilmar/Documents/algoritmos/logado-utfpr-ifam/logado-students/repos_logado/Tais-Araujo/sundays.json,sundays.json,alert,2026-02-27 22:27:05,sundays.js,13,5,2026-04-01T08:13:07.912724
Tais-Araujo,/home/gilmar/Documents/algoritmos/logado-utfpr-ifam/logado-students/repos_logado/Tais-Araujo/sistema_login.json,sistema_login.json,if,2026-03-24 21:49:04,sistema_login.js,4,5,2026-04-01T08:13:07.912740
Tais-Araujo,/home/gilmar/Documents/algoritmos/logado-utfpr-ifam/logado-students/repos_logado/Tais-Araujo/sistema_login.json,sistema_login.json,while,2026-03-24 21:50:45,sistema_login.js,6,2,2026-04-01T08:13:07.912741
Tais-Araujo,/home/gilmar/Documents/algoritmos/logado-utfpr-ifam/logado-students/repos_logado/Tais-Araujo/jogos.json,jogos.json,alert,2026-02-26 20:43:07,jogos.js,11,1,2026-04-01T08:13:07.912755
Tais-Araujo,/home/gilmar/Documents/algoritmos/logado-utfpr-ifam/logado-students/repos_logado/Tais-Araujo/jogos.json,jogos.json,alert,2026-02-26 20:45:31,jogos.js,11,1,2026-04-01T08:13:07.912756
Tais-Araujo,/home/gilmar/Documents/algoritmos/logado-utfpr-ifam/logado-students/repos_logado/Tais-Araujo/maior-de-tres-math.json,maior-de-tres-math.json,alert,2026-03-19 22:14:26,maior-de-tres-math.js,2,1,2026-04-01T08:13:07.912771
Tais-Araujo,/home/gilmar/Documents/algoritmos/logado-utfpr-ifam/logado-students/repos_logado/Tais-Araujo/maior-de-tres-math.json,maior-de-tres-math.json,max,2026-03-19 22:15:03,maior-de-tres-math.js,2,12,2026-04-01T08:13:07.912773
Tais-Araujo,/home/gilmar/Documents/algoritmos/logado-utfpr-ifam/logado-students/repos_logado/Tais-Araujo/revisaovetor.json,revisaovetor.json,prompt,2026-03-26 19:44:50,revisaovetor.js,1,11,2026-04-01T08:13:07.912791
Tais-Araujo,/home/gilmar/Documents/algoritmos/logado-utfpr-ifam/logado-students/repos_logado/Tais-Araujo/revisaovetor.json,revisaovetor.json,prompt,2026-03-26 19:49:37,revisaovetor.js,1,11,2026-04-01T08:13:07.912793
Tais-Araujo,/home/gilmar/Documents/algoritmos/logado-utfpr-ifam/logado-students/repos_logado/Tais-Araujo/revisaovetor.json,revisaovetor.json,prompt,2026-03-26 19:59:40,revisaovetor.js,4,26,2026-04-01T08:13:07.912795
Tais-Araujo,/home/gilmar/Documents/algoritmos/logado-utfpr-ifam/logado-students/repos_logado/Tais-Araujo/revisaovetor.json,revisaovetor.json,for,2026-03-26 20:00:30,revisaovetor.js,6,1,2026-04-01T08:13:07.912796
Tais-Araujo,/home/gilmar/Documents/algoritmos/logado-utfpr-ifam/logado-students/repos_logado/Tais-Araujo/funcao_soma.json,funcao_soma.json,function,2026-03-25 21:17:08,funcao_soma.js,1,1,2026-04-01T08:13:07.912822
Tais-Araujo,/home/gilmar/Documents/algoritmos/logado-utfpr-ifam/logado-students/repos_logado/Tais-Araujo/funcao_soma.json,funcao_soma.json,return,2026-03-25 21:18:24,funcao_soma.js,2,5,2026-04-01T08:13:07.912824
Tais-Araujo,/home/gilmar/Documents/algoritmos/logado-utfpr-ifam/logado-students/repos_logado/Tais-Araujo/funcao_soma.json,funcao_soma.json,prompt,2026-03-25 21:19:26,funcao_soma.js,5,18,2026-04-01T08:13:07.912825
Tais-Araujo,/home/gilmar/Documents/algoritmos/logado-utfpr-ifam/logado-students/repos_logado/Tais-Araujo/funcao_soma.json,funcao_soma.json,prompt,2026-03-25 21:19:40,funcao_soma.js,6,18,2026-04-01T08:13:07.912827
Tais-Araujo,/home/gilmar/Documents/algoritmos/logado-utfpr-ifam/logado-students/repos_logado/Tais-Araujo/funcao_soma.json,funcao_soma.json,alert,2026-03-25 21:19:52,funcao_soma.js,7,1,2026-04-01T08:13:07.912828
Tais-Araujo,/home/gilmar/Documents/algoritmos/logado-utfpr-ifam/logado-students/repos_logado/Tais-Araujo/funcao_soma.json,funcao_soma.json,var,2026-03-25 21:32:59,funcao_soma.js,8,1,2026-04-01T08:13:07.912830
Tais-Araujo,/home/gilmar/Documents/algoritmos/logado-utfpr-ifam/logado-students/repos_logado/Tais-Araujo/funcao_soma.json,funcao_soma.json,prompt,2026-03-25 21:33:15,funcao_soma.js,8,14,2026-04-01T08:13:07.912831
Tais-Araujo,/home/gilmar/Documents/algoritmos/logado-utfpr-ifam/logado-students/repos_logado/Tais-Araujo/funcao_soma.json,funcao_soma.json,var,2026-03-25 21:34:27,funcao_soma.js,8,1,2026-04-01T08:13:07.912833
Tais-Araujo,/home/gilmar/Documents/algoritmos/logado-utfpr-ifam/logado-students/repos_logado/Tais-Araujo/funcao_soma.json,funcao_soma.json,function,2026-03-25 21:41:22,funcao_soma.js,8,1,2026-04-01T08:13:07.912835
Tais-Araujo,/home/gilmar/Documents/algoritmos/logado-utfpr-ifam/logado-students/repos_logado/Tais-Araujo/funcao_soma.json,funcao_soma.json,return,2026-03-25 21:50:31,funcao_soma.js,9,5,2026-04-01T08:13:07.912836
Tais-Araujo,/home/gilmar/Documents/algoritmos/logado-utfpr-ifam/logado-students/repos_logado/Tais-Araujo/funcao_soma.json,funcao_soma.json,function,2026-03-25 21:51:11,funcao_soma.js,11,1,2026-04-01T08:13:07.912839
Tais-Araujo,/home/gilmar/Documents/algoritmos/logado-utfpr-ifam/logado-students/repos_logado/Tais-Araujo/funcao_soma.json,funcao_soma.json,return,2026-03-25 21:52:14,funcao_soma.js,12,5,2026-04-01T08:13:07.912840
Tais-Araujo,/home/gilmar/Documents/algoritmos/logado-utfpr-ifam/logado-students/repos_logado/Tais-Araujo/funcao_soma.json,funcao_soma.json,function,2026-03-25 21:52:48,funcao_soma.js,14,1,2026-04-01T08:13:07.912841
Tais-Araujo,/home/gilmar/Documents/algoritmos/logado-utfpr-ifam/logado-students/repos_logado/Tais-Araujo/funcao_soma.json,funcao_soma.json,return,2026-03-25 21:53:24,funcao_soma.js,15,5,2026-04-01T08:13:07.912843
Tais-Araujo,/home/gilmar/Documents/algoritmos/logado-utfpr-ifam/logado-students/repos_logado/Tais-Araujo/funcao_soma.json,funcao_soma.json,switch,2026-03-25 22:00:18,funcao_soma.js,20,1,2026-04-01T08:13:07.912844
Tais-Araujo,/home/gilmar/Documents/algoritmos/logado-utfpr-ifam/logado-students/repos_logado/Tais-Araujo/funcao_soma.json,funcao_soma.json,break,2026-03-25 22:02:08,funcao_soma.js,22,31,2026-04-01T08:13:07.912846
Tais-Araujo,/home/gilmar/Documents/algoritmos/logado-utfpr-ifam/logado-students/repos_logado/Tais-Araujo/funcao_soma.json,funcao_soma.json,break,2026-03-25 22:03:50,funcao_soma.js,24,36,2026-04-01T08:13:07.912848
Tais-Araujo,/home/gilmar/Documents/algoritmos/logado-utfpr-ifam/logado-students/repos_logado/Tais-Araujo/funcao_soma.json,funcao_soma.json,alert,2026-03-25 22:04:17,funcao_soma.js,26,9,2026-04-01T08:13:07.912849
Tais-Araujo,/home/gilmar/Documents/algoritmos/logado-utfpr-ifam/logado-students/repos_logado/Tais-Araujo/Exercicio_06.json,Exercicio_06.json,prompt,2026-03-10 21:47:10,Exercicio_06.js,1,23,2026-04-01T08:13:07.912866
Tais-Araujo,/home/gilmar/Documents/algoritmos/logado-utfpr-ifam/logado-students/repos_logado/Tais-Araujo/Exercicio_06.json,Exercicio_06.json,while,2026-03-10 21:47:39,Exercicio_06.js,3,1,2026-04-01T08:13:07.912868
Tais-Araujo,/home/gilmar/Documents/algoritmos/logado-utfpr-ifam/logado-students/repos_logado/Tais-Araujo/Exercicio_06.json,Exercicio_06.json,alert,2026-03-10 21:48:18,Exercicio_06.js,7,1,2026-04-01T08:13:07.912869
Tais-Araujo,/home/gilmar/Documents/algoritmos/logado-utfpr-ifam/logado-students/repos_logado/Tais-Araujo/vetor_tabuada.json,vetor_tabuada.json,prompt,2026-03-13 19:41:29,vetor_tabuada.js,2,22,2026-04-01T08:13:07.912884
Tais-Araujo,/home/gilmar/Documents/algoritmos/logado-utfpr-ifam/logado-students/repos_logado/Tais-Araujo/aprovacao.json,aprovacao.json,if,2026-03-05 20:13:17,aprovacao.js,5,1,2026-04-01T08:13:07.912905
Tais-Araujo,/home/gilmar/Documents/algoritmos/logado-utfpr-ifam/logado-students/repos_logado/Tais-Araujo/aprovacao.json,aprovacao.json,alert,2026-03-05 20:24:13,aprovacao.js,6,5,2026-04-01T08:13:07.912907
Tais-Araujo,/home/gilmar/Documents/algoritmos/logado-utfpr-ifam/logado-students/repos_logado/Tais-Araujo/aprovacao.json,aprovacao.json,else,2026-03-05 20:34:41,aprovacao.js,7,1,2026-04-01T08:13:07.912909
Tais-Araujo,/home/gilmar/Documents/algoritmos/logado-utfpr-ifam/logado-students/repos_logado/Tais-Araujo/aprovacao.json,aprovacao.json,alert,2026-03-05 20:51:21,aprovacao.js,7,1,2026-04-01T08:13:07.912910
Tais-Araujo,/home/gilmar/Documents/algoritmos/logado-utfpr-ifam/logado-students/repos_logado/Tais-Araujo/aprovacao.json,aprovacao.json,if,2026-03-05 21:25:35,aprovacao.js,4,1,2026-04-01T08:13:07.912911
Tais-Araujo,/home/gilmar/Documents/algoritmos/logado-utfpr-ifam/logado-students/repos_logado/Tais-Araujo/aprovacao.json,aprovacao.json,if,2026-03-05 21:30:51,aprovacao.js,10,1,2026-04-01T08:13:07.912914
Tais-Araujo,/home/gilmar/Documents/algoritmos/logado-utfpr-ifam/logado-students/repos_logado/Tais-Araujo/aprovacao.json,aprovacao.json,alert,2026-03-05 21:31:07,aprovacao.js,11,5,2026-04-01T08:13:07.912915
Tais-Araujo,/home/gilmar/Documents/algoritmos/logado-utfpr-ifam/logado-students/repos_logado/Tais-Araujo/aprovacao.json,aprovacao.json,else,2026-03-05 21:31:37,aprovacao.js,12,1,2026-04-01T08:13:07.912918
Tais-Araujo,/home/gilmar/Documents/algoritmos/logado-utfpr-ifam/logado-students/repos_logado/Tais-Araujo/copa.json,copa.json,if,2026-02-26 21:46:17,copa.js,3,5,2026-04-01T08:13:07.912933
Tais-Araujo,/home/gilmar/Documents/algoritmos/logado-utfpr-ifam/logado-students/repos_logado/Tais-Araujo/maior-de-tres.json,maior-de-tres.json,alert,2026-03-19 22:01:50,maior-de-tres.js,3,5,2026-04-01T08:13:07.912948
Tais-Araujo,/home/gilmar/Documents/algoritmos/logado-utfpr-ifam/logado-students/repos_logado/Tais-Araujo/maior-de-tres.json,maior-de-tres.json,if,2026-03-19 22:02:07,maior-de-tres.js,4,6,2026-04-01T08:13:07.912950
Tais-Araujo,/home/gilmar/Documents/algoritmos/logado-utfpr-ifam/logado-students/repos_logado/Tais-Araujo/maior-de-tres.json,maior-de-tres.json,if,2026-03-19 22:03:48,maior-de-tres.js,6,6,2026-04-01T08:13:07.912951
Tais-Araujo,/home/gilmar/Documents/algoritmos/logado-utfpr-ifam/logado-students/repos_logado/Tais-Araujo/maior-de-tres.json,maior-de-tres.json,else,2026-03-19 22:05:16,maior-de-tres.js,8,1,2026-04-01T08:13:07.912953
Tais-Araujo,/home/gilmar/Documents/algoritmos/logado-utfpr-ifam/logado-students/repos_logado/Tais-Araujo/for.json,for.json,for,2026-02-20 21:36:46,for.js,9,1,2026-04-01T08:13:07.912966
Tais-Araujo,/home/gilmar/Documents/algoritmos/logado-utfpr-ifam/logado-students/repos_logado/Tais-Araujo/espalhamento.json,espalhamento.json,alert,2026-03-19 22:28:35,espalhamento.js,2,1,2026-04-01T08:13:07.912994
Tais-Araujo,/home/gilmar/Documents/algoritmos/logado-utfpr-ifam/logado-students/repos_logado/Tais-Araujo/espalhamento.json,espalhamento.json,max,2026-03-19 22:28:45,espalhamento.js,2,12,2026-04-01T08:13:07.912995
Tais-Araujo,/home/gilmar/Documents/algoritmos/logado-utfpr-ifam/logado-students/repos_logado/Tais-Araujo/vetor_par_impar.json,vetor_par_impar.json,prompt,2026-03-12 21:36:50,vetor_par_impar.js,4,22,2026-04-01T08:13:07.913013
Tais-Araujo,/home/gilmar/Documents/algoritmos/logado-utfpr-ifam/logado-students/repos_logado/Tais-Araujo/vetor_par_impar.json,vetor_par_impar.json,let,2026-03-12 21:55:35,vetor_par_impar.js,3,1,2026-04-01T08:13:07.913015
Tais-Araujo,/home/gilmar/Documents/algoritmos/logado-utfpr-ifam/logado-students/repos_logado/Tais-Araujo/vetor_par_impar.json,vetor_par_impar.json,if,2026-03-12 22:00:50,vetor_par_impar.js,6,5,2026-04-01T08:13:07.913016
Tais-Araujo,/home/gilmar/Documents/algoritmos/logado-utfpr-ifam/logado-students/repos_logado/Tais-Araujo/Exercicio_04.json,Exercicio_04.json,console,2026-03-03 20:30:46,Exercicio_04.js,3,5,2026-04-01T08:13:07.913033
Tais-Araujo,/home/gilmar/Documents/algoritmos/logado-utfpr-ifam/logado-students/repos_logado/Tais-Araujo/Exercicio_04.json,Exercicio_04.json,console,2026-03-03 20:32:00,Exercicio_04.js,5,5,2026-04-01T08:13:07.913035
Tais-Araujo,/home/gilmar/Documents/algoritmos/logado-utfpr-ifam/logado-students/repos_logado/Tais-Araujo/Exercicio_04.json,Exercicio_04.json,alert,2026-03-03 21:15:01,Exercicio_04.js,3,5,2026-04-01T08:13:07.913036
Tais-Araujo,/home/gilmar/Documents/algoritmos/logado-utfpr-ifam/logado-students/repos_logado/Tais-Araujo/Exercicio_04.json,Exercicio_04.json,if,2026-03-03 21:18:17,Exercicio_04.js,5,5,2026-04-01T08:13:07.913037
Tais-Araujo,/home/gilmar/Documents/algoritmos/logado-utfpr-ifam/logado-students/repos_logado/Tais-Araujo/par-impar.json,par-impar.json,else,2026-02-27 19:44:10,par-impar.js,8,13,2026-04-01T08:13:07.913052
Tais-Araujo,/home/gilmar/Documents/algoritmos/logado-utfpr-ifam/logado-students/repos_logado/Tais-Araujo/funcao_vetor.json,funcao_vetor.json,function,2026-03-26 20:16:56,funcao_vetor.js,1,1,2026-04-01T08:13:07.913083
Tais-Araujo,/home/gilmar/Documents/algoritmos/logado-utfpr-ifam/logado-students/repos_logado/Tais-Araujo/funcao_vetor.json,funcao_vetor.json,function,2026-03-26 20:35:25,funcao_vetor.js,1,1,2026-04-01T08:13:07.913085
Tais-Araujo,/home/gilmar/Documents/algoritmos/logado-utfpr-ifam/logado-students/repos_logado/Tais-Araujo/funcao_vetor.json,funcao_vetor.json,function,2026-03-26 20:36:30,funcao_vetor.js,1,1,2026-04-01T08:13:07.913087
Tais-Araujo,/home/gilmar/Documents/algoritmos/logado-utfpr-ifam/logado-students/repos_logado/Tais-Araujo/funcao_vetor.json,funcao_vetor.json,function,2026-03-26 20:39:08,funcao_vetor.js,1,1,2026-04-01T08:13:07.913091
Tais-Araujo,/home/gilmar/Documents/algoritmos/logado-utfpr-ifam/logado-students/repos_logado/Tais-Araujo/funcao_vetor.json,funcao_vetor.json,for,2026-03-26 20:50:06,funcao_vetor.js,4,5,2026-04-01T08:13:07.913092
Tais-Araujo,/home/gilmar/Documents/algoritmos/logado-utfpr-ifam/logado-students/repos_logado/Tais-Araujo/funcao_vetor.json,funcao_vetor.json,for,2026-03-26 20:53:03,funcao_vetor.js,8,9,2026-04-01T08:13:07.913094
Tais-Araujo,/home/gilmar/Documents/algoritmos/logado-utfpr-ifam/logado-students/repos_logado/Tais-Araujo/desempenho_turma.json,desempenho_turma.json,prompt,2026-03-24 22:13:49,desempenho_turma.js,1,22,2026-04-01T08:13:07.913113
Tais-Araujo,/home/gilmar/Documents/algoritmos/logado-utfpr-ifam/logado-students/repos_logado/Tais-Araujo/desempenho_turma.json,desempenho_turma.json,alert,2026-03-24 22:19:53,desempenho_turma.js,8,1,2026-04-01T08:13:07.913114
Tais-Araujo,/home/gilmar/Documents/algoritmos/logado-utfpr-ifam/logado-students/repos_logado/Tais-Araujo/desempenho_turma.json,desempenho_turma.json,alert,2026-03-24 22:23:29,desempenho_turma.js,8,1,2026-04-01T08:13:07.913116
Tais-Araujo,/home/gilmar/Documents/algoritmos/logado-utfpr-ifam/logado-students/repos_logado/Tais-Araujo/desempenho_turma.json,desempenho_turma.json,if,2026-03-24 22:24:58,desempenho_turma.js,9,1,2026-04-01T08:13:07.913118
Tais-Araujo,/home/gilmar/Documents/algoritmos/logado-utfpr-ifam/logado-students/repos_logado/Tais-Araujo/desempenho_turma.json,desempenho_turma.json,alert,2026-03-24 22:26:17,desempenho_turma.js,12,5,2026-04-01T08:13:07.913119
Tais-Araujo,/home/gilmar/Documents/algoritmos/logado-utfpr-ifam/logado-students/repos_logado/Tais-Araujo/Exercicio_03.json,Exercicio_03.json,alert,2026-03-03 20:15:46,Exercicio_03.js,6,5,2026-04-01T08:13:07.913133
Tais-Araujo,/home/gilmar/Documents/algoritmos/logado-utfpr-ifam/logado-students/repos_logado/Tais-Araujo/Exercicio_07.json,Exercicio_07.json,while,2026-03-10 21:59:43,Exercicio_07.js,3,2,2026-04-01T08:13:07.913148
Tais-Araujo,/home/gilmar/Documents/algoritmos/logado-utfpr-ifam/logado-students/repos_logado/Tais-Araujo/Exercicio_05.json,Exercicio_05.json,if,2026-03-10 19:42:58,Exercicio_05.js,2,1,2026-04-01T08:13:07.913164
Tais-Araujo,/home/gilmar/Documents/algoritmos/logado-utfpr-ifam/logado-students/repos_logado/Tais-Araujo/Exercicio_05.json,Exercicio_05.json,else,2026-03-10 19:43:33,Exercicio_05.js,3,2,2026-04-01T08:13:07.913166
Tais-Araujo,/home/gilmar/Documents/algoritmos/logado-utfpr-ifam/logado-students/repos_logado/Tais-Araujo/Exercicio_05.json,Exercicio_05.json,if,2026-03-10 19:45:22,Exercicio_05.js,4,7,2026-04-01T08:13:07.913167
Tais-Araujo,/home/gilmar/Documents/algoritmos/logado-utfpr-ifam/logado-students/repos_logado/Tais-Araujo/Exercicio_05.json,Exercicio_05.json,alert,2026-03-10 19:50:29,Exercicio_05.js,5,5,2026-04-01T08:13:07.913169
Tais-Araujo,/home/gilmar/Documents/algoritmos/logado-utfpr-ifam/logado-students/repos_logado/Tais-Araujo/Exercicio_05.json,Exercicio_05.json,if,2026-03-10 20:38:14,Exercicio_05.js,4,1,2026-04-01T08:13:07.913170
Tais-Araujo,/home/gilmar/Documents/algoritmos/logado-utfpr-ifam/logado-students/repos_logado/Tais-Araujo/Exercicio_05.json,Exercicio_05.json,prompt,2026-03-10 20:46:02,Exercicio_05.js,2,34,2026-04-01T08:13:07.913172
Tais-Araujo,/home/gilmar/Documents/algoritmos/logado-utfpr-ifam/logado-students/repos_logado/Tais-Araujo/time.json,time.json,do,2026-03-05 22:05:50,time.js,1,1,2026-04-01T08:13:07.913202
Tais-Araujo,/home/gilmar/Documents/algoritmos/logado-utfpr-ifam/logado-students/repos_logado/Tais-Araujo/time.json,time.json,while,2026-03-05 22:06:07,time.js,3,2,2026-04-01T08:13:07.913204
Tais-Araujo,/home/gilmar/Documents/algoritmos/logado-utfpr-ifam/logado-students/repos_logado/Tais-Araujo/time.json,time.json,alert,2026-03-05 22:07:39,time.js,3,1,2026-04-01T08:13:07.913206
Tais-Araujo,/home/gilmar/Documents/algoritmos/logado-utfpr-ifam/logado-students/repos_logado/Tais-Araujo/troca.json,troca.json,alert,2026-03-20 20:21:41,troca.js,2,1,2026-04-01T08:13:07.913222
Tais-Araujo,/home/gilmar/Documents/algoritmos/logado-utfpr-ifam/logado-students/repos_logado/Tais-Araujo/troca.json,troca.json,alert,2026-03-20 20:34:01,troca.js,2,1,2026-04-01T08:13:07.913224
Tais-Araujo,/home/gilmar/Documents/algoritmos/logado-utfpr-ifam/logado-students/repos_logado/Tais-Araujo/teste.json,teste.json,alert,2026-03-19 20:10:19,teste.js,1,1,2026-04-01T08:13:07.913238
Tais-Araujo,/home/gilmar/Documents/algoritmos/logado-utfpr-ifam/logado-students/repos_logado/Tais-Araujo/vetor_jogos.json,vetor_jogos.json,alert,2026-03-12 20:31:05,vetor_jogos.js,8,1,2026-04-01T08:13:07.913253
Tais-Araujo,/home/gilmar/Documents/algoritmos/logado-utfpr-ifam/logado-students/repos_logado/Tais-Araujo/vetor_jogos.json,vetor_jogos.json,for,2026-03-12 20:42:13,vetor_jogos.js,4,1,2026-04-01T08:13:07.913255
Tais-Araujo,/home/gilmar/Documents/algoritmos/logado-utfpr-ifam/logado-students/repos_logado/Tais-Araujo/vetor_jogos.json,vetor_jogos.json,for,2026-03-12 20:44:28,vetor_jogos.js,8,1,2026-04-01T08:13:07.913256
mel13-source,/home/gilmar/Documents/algoritmos/logado-utfpr-ifam/logado-students/repos_logado/mel13-source/domingos.json,domingos.json,prompt,2026-02-27 20:47:36,domingos.js,1,32,2026-04-01T08:13:07.913277
mel13-source,/home/gilmar/Documents/algoritmos/logado-utfpr-ifam/logado-students/repos_logado/mel13-source/domingos.json,domingos.json,prompt,2026-02-27 20:49:15,domingos.js,2,32,2026-04-01T08:13:07.913279
mel13-source,/home/gilmar/Documents/algoritmos/logado-utfpr-ifam/logado-students/repos_logado/mel13-source/domingos.json,domingos.json,for,2026-02-27 20:51:00,domingos.js,7,1,2026-04-01T08:13:07.913280
mel13-source,/home/gilmar/Documents/algoritmos/logado-utfpr-ifam/logado-students/repos_logado/mel13-source/domingos.json,domingos.json,for,2026-02-27 21:48:35,domingos.js,12,1,2026-04-01T08:13:07.913282
mel13-source,/home/gilmar/Documents/algoritmos/logado-utfpr-ifam/logado-students/repos_logado/mel13-source/revisao1.json,revisao1.json,prompt,2026-03-24 20:45:48,revisao1.js,1,28,2026-04-01T08:13:07.913300
mel13-source,/home/gilmar/Documents/algoritmos/logado-utfpr-ifam/logado-students/repos_logado/mel13-source/revisao1.json,revisao1.json,prompt,2026-03-24 20:47:51,revisao1.js,2,18,2026-04-01T08:13:07.913301
mel13-source,/home/gilmar/Documents/algoritmos/logado-utfpr-ifam/logado-students/repos_logado/mel13-source/revisao1.json,revisao1.json,prompt,2026-03-24 20:47:58,revisao1.js,2,29,2026-04-01T08:13:07.913303
mel13-source,/home/gilmar/Documents/algoritmos/logado-utfpr-ifam/logado-students/repos_logado/mel13-source/revisao1.json,revisao1.json,alert,2026-03-24 21:20:46,revisao1.js,4,1,2026-04-01T08:13:07.913304
mel13-source,/home/gilmar/Documents/algoritmos/logado-utfpr-ifam/logado-students/repos_logado/mel13-source/exercicio-02.json,exercicio-02.json,prompt,2026-03-03 21:30:36,exercicio-02.js,2,34,2026-04-01T08:13:07.913322
mel13-source,/home/gilmar/Documents/algoritmos/logado-utfpr-ifam/logado-students/repos_logado/mel13-source/exercicio-02.json,exercicio-02.json,alert,2026-03-03 21:35:18,exercicio-02.js,5,5,2026-04-01T08:13:07.913324
mel13-source,/home/gilmar/Documents/algoritmos/logado-utfpr-ifam/logado-students/repos_logado/mel13-source/functionvetor.json,functionvetor.json,const,2026-03-26 20:19:16,functionvetor.js,1,1,2026-04-01T08:13:07.913352
mel13-source,/home/gilmar/Documents/algoritmos/logado-utfpr-ifam/logado-students/repos_logado/mel13-source/functionvetor.json,functionvetor.json,var,2026-03-26 20:19:16,functionvetor.js,2,1,2026-04-01T08:13:07.913354
mel13-source,/home/gilmar/Documents/algoritmos/logado-utfpr-ifam/logado-students/repos_logado/mel13-source/functionvetor.json,functionvetor.json,prompt,2026-03-26 20:19:16,functionvetor.js,2,24,2026-04-01T08:13:07.913355
mel13-source,/home/gilmar/Documents/algoritmos/logado-utfpr-ifam/logado-students/repos_logado/mel13-source/functionvetor.json,functionvetor.json,for,2026-03-26 20:19:16,functionvetor.js,3,1,2026-04-01T08:13:07.913357
mel13-source,/home/gilmar/Documents/algoritmos/logado-utfpr-ifam/logado-students/repos_logado/mel13-source/functionvetor.json,functionvetor.json,let,2026-03-26 20:19:16,functionvetor.js,3,6,2026-04-01T08:13:07.913360
mel13-source,/home/gilmar/Documents/algoritmos/logado-utfpr-ifam/logado-students/repos_logado/mel13-source/functionvetor.json,functionvetor.json,prompt,2026-03-26 20:19:16,functionvetor.js,2,24,2026-04-01T08:13:07.913362
mel13-source,/home/gilmar/Documents/algoritmos/logado-utfpr-ifam/logado-students/repos_logado/mel13-source/functionvetor.json,functionvetor.json,for,2026-03-26 20:19:16,functionvetor.js,3,1,2026-04-01T08:13:07.913363
mel13-source,/home/gilmar/Documents/algoritmos/logado-utfpr-ifam/logado-students/repos_logado/mel13-source/functionvetor.json,functionvetor.json,let,2026-03-26 20:19:16,functionvetor.js,3,6,2026-04-01T08:13:07.913365
mel13-source,/home/gilmar/Documents/algoritmos/logado-utfpr-ifam/logado-students/repos_logado/mel13-source/functionvetor.json,functionvetor.json,function,2026-03-26 20:25:13,functionvetor.js,1,1,2026-04-01T08:13:07.913366
mel13-source,/home/gilmar/Documents/algoritmos/logado-utfpr-ifam/logado-students/repos_logado/mel13-source/functionvetor.json,functionvetor.json,const,2026-03-26 20:25:13,functionvetor.js,2,1,2026-04-01T08:13:07.913368
mel13-source,/home/gilmar/Documents/algoritmos/logado-utfpr-ifam/logado-students/repos_logado/mel13-source/functionvetor.json,functionvetor.json,var,2026-03-26 20:25:13,functionvetor.js,3,1,2026-04-01T08:13:07.913369
mel13-source,/home/gilmar/Documents/algoritmos/logado-utfpr-ifam/logado-students/repos_logado/mel13-source/functionvetor.json,functionvetor.json,prompt,2026-03-26 20:25:13,functionvetor.js,3,24,2026-04-01T08:13:07.913370
mel13-source,/home/gilmar/Documents/algoritmos/logado-utfpr-ifam/logado-students/repos_logado/mel13-source/functionvetor.json,functionvetor.json,for,2026-03-26 20:25:13,functionvetor.js,5,1,2026-04-01T08:13:07.913372
mel13-source,/home/gilmar/Documents/algoritmos/logado-utfpr-ifam/logado-students/repos_logado/mel13-source/functionvetor.json,functionvetor.json,let,2026-03-26 20:25:13,functionvetor.js,5,6,2026-04-01T08:13:07.913373
mel13-source,/home/gilmar/Documents/algoritmos/logado-utfpr-ifam/logado-students/repos_logado/mel13-source/functionvetor.json,functionvetor.json,prompt,2026-03-26 20:25:13,functionvetor.js,3,24,2026-04-01T08:13:07.913374
mel13-source,/home/gilmar/Documents/algoritmos/logado-utfpr-ifam/logado-students/repos_logado/mel13-source/functionvetor.json,functionvetor.json,return,2026-03-26 20:25:13,functionvetor.js,9,1,2026-04-01T08:13:07.913376
mel13-source,/home/gilmar/Documents/algoritmos/logado-utfpr-ifam/logado-students/repos_logado/mel13-source/functionvetor.json,functionvetor.json,function,2026-03-26 20:25:13,functionvetor.js,1,1,2026-04-01T08:13:07.913377
mel13-source,/home/gilmar/Documents/algoritmos/logado-utfpr-ifam/logado-students/repos_logado/mel13-source/functionvetor.json,functionvetor.json,for,2026-03-26 20:25:13,functionvetor.js,5,1,2026-04-01T08:13:07.913379
mel13-source,/home/gilmar/Documents/algoritmos/logado-utfpr-ifam/logado-students/repos_logado/mel13-source/functionvetor.json,functionvetor.json,let,2026-03-26 20:25:13,functionvetor.js,5,6,2026-04-01T08:13:07.913380
mel13-source,/home/gilmar/Documents/algoritmos/logado-utfpr-ifam/logado-students/repos_logado/mel13-source/functionvetor.json,functionvetor.json,length,2026-03-26 20:25:13,functionvetor.js,13,27,2026-04-01T08:13:07.913382
mel13-source,/home/gilmar/Documents/algoritmos/logado-utfpr-ifam/logado-students/repos_logado/mel13-source/functionvetor.json,functionvetor.json,const,2026-03-26 20:25:13,functionvetor.js,2,1,2026-04-01T08:13:07.913383
mel13-source,/home/gilmar/Documents/algoritmos/logado-utfpr-ifam/logado-students/repos_logado/mel13-source/main.json,main.json,alert,2026-02-20 20:36:43,main.js,1,1,2026-04-01T08:13:07.913400
mel13-source,/home/gilmar/Documents/algoritmos/logado-utfpr-ifam/logado-students/repos_logado/mel13-source/main.json,main.json,prompt,2026-02-20 20:40:51,main.js,1,12,2026-04-01T08:13:07.913402
mel13-source,/home/gilmar/Documents/algoritmos/logado-utfpr-ifam/logado-students/repos_logado/mel13-source/main.json,main.json,alert,2026-02-20 20:42:17,main.js,2,1,2026-04-01T08:13:07.913404
mel13-source,/home/gilmar/Documents/algoritmos/logado-utfpr-ifam/logado-students/repos_logado/mel13-source/exercicio-04.json,exercicio-04.json,prompt,2026-03-03 22:06:45,exercicio-04.js,3,15,2026-04-01T08:13:07.913418
mel13-source,/home/gilmar/Documents/algoritmos/logado-utfpr-ifam/logado-students/repos_logado/mel13-source/exercicio-04.json,exercicio-04.json,alert,2026-03-03 22:09:41,exercicio-04.js,5,5,2026-04-01T08:13:07.913420
mel13-source,/home/gilmar/Documents/algoritmos/logado-utfpr-ifam/logado-students/repos_logado/mel13-source/newFile.json,newFile.json,const,2026-02-20 21:43:12,newFile.js,1,1,2026-04-01T08:13:07.913435
mel13-source,/home/gilmar/Documents/algoritmos/logado-utfpr-ifam/logado-students/repos_logado/mel13-source/newFile.json,newFile.json,for,2026-02-20 21:43:12,newFile.js,1,26,2026-04-01T08:13:07.913436
mel13-source,/home/gilmar/Documents/algoritmos/logado-utfpr-ifam/logado-students/repos_logado/mel13-source/newFile.json,newFile.json,for,2026-02-20 21:43:12,newFile.js,1,26,2026-04-01T08:13:07.913438
mel13-source,/home/gilmar/Documents/algoritmos/logado-utfpr-ifam/logado-students/repos_logado/mel13-source/newFile.json,newFile.json,let,2026-02-20 21:43:12,newFile.js,3,6,2026-04-01T08:13:07.913439
mel13-source,/home/gilmar/Documents/algoritmos/logado-utfpr-ifam/logado-students/repos_logado/mel13-source/revisao2.json,revisao2.json,let,2026-03-24 21:34:56,revisao2.js,2,1,2026-04-01T08:13:07.913457
mel13-source,/home/gilmar/Documents/algoritmos/logado-utfpr-ifam/logado-students/repos_logado/mel13-source/revisao2.json,revisao2.json,prompt,2026-03-24 21:34:56,revisao2.js,2,22,2026-04-01T08:13:07.913460
mel13-source,/home/gilmar/Documents/algoritmos/logado-utfpr-ifam/logado-students/repos_logado/mel13-source/revisao2.json,revisao2.json,if,2026-03-24 21:34:56,revisao2.js,3,1,2026-04-01T08:13:07.913461
mel13-source,/home/gilmar/Documents/algoritmos/logado-utfpr-ifam/logado-students/repos_logado/mel13-source/revisao2.json,revisao2.json,alert,2026-03-24 21:34:56,revisao2.js,4,5,2026-04-01T08:13:07.913463
mel13-source,/home/gilmar/Documents/algoritmos/logado-utfpr-ifam/logado-students/repos_logado/mel13-source/revisao2.json,revisao2.json,else,2026-03-24 21:34:56,revisao2.js,5,3,2026-04-01T08:13:07.913464
mel13-source,/home/gilmar/Documents/algoritmos/logado-utfpr-ifam/logado-students/repos_logado/mel13-source/revisao2.json,revisao2.json,alert,2026-03-24 21:34:56,revisao2.js,4,5,2026-04-01T08:13:07.913466
mel13-source,/home/gilmar/Documents/algoritmos/logado-utfpr-ifam/logado-students/repos_logado/mel13-source/revisao2.json,revisao2.json,prompt,2026-03-24 21:44:39,revisao2.js,1,23,2026-04-01T08:13:07.913468
mel13-source,/home/gilmar/Documents/algoritmos/logado-utfpr-ifam/logado-students/repos_logado/mel13-source/revisao2.json,revisao2.json,prompt,2026-03-24 21:45:15,revisao2.js,2,19,2026-04-01T08:13:07.913470
mel13-source,/home/gilmar/Documents/algoritmos/logado-utfpr-ifam/logado-students/repos_logado/mel13-source/revisao2.json,revisao2.json,true,2026-03-24 21:46:49,revisao2.js,2,58,2026-04-01T08:13:07.913472
mel13-source,/home/gilmar/Documents/algoritmos/logado-utfpr-ifam/logado-students/repos_logado/mel13-source/revisao2.json,revisao2.json,alert,2026-03-24 21:47:39,revisao2.js,4,5,2026-04-01T08:13:07.913473
mel13-source,/home/gilmar/Documents/algoritmos/logado-utfpr-ifam/logado-students/repos_logado/mel13-source/exercicio-05.json,exercicio-05.json,prompt,2026-03-10 19:41:50,exercicio-05.js,3,15,2026-04-01T08:13:07.913491
mel13-source,/home/gilmar/Documents/algoritmos/logado-utfpr-ifam/logado-students/repos_logado/mel13-source/exercicio-05.json,exercicio-05.json,prompt,2026-03-10 19:49:24,exercicio-05.js,1,23,2026-04-01T08:13:07.913493
mel13-source,/home/gilmar/Documents/algoritmos/logado-utfpr-ifam/logado-students/repos_logado/mel13-source/exercicio-03.json,exercicio-03.json,prompt,2026-03-03 21:44:22,exercicio-03.js,1,22,2026-04-01T08:13:07.913509
mel13-source,/home/gilmar/Documents/algoritmos/logado-utfpr-ifam/logado-students/repos_logado/mel13-source/revisaovetor.json,revisaovetor.json,let,2026-03-26 19:50:04,revisaovetor.js,1,1,2026-04-01T08:13:07.913524
mel13-source,/home/gilmar/Documents/algoritmos/logado-utfpr-ifam/logado-students/repos_logado/mel13-source/revisaovetor.json,revisaovetor.json,prompt,2026-03-26 19:56:48,revisaovetor.js,2,24,2026-04-01T08:13:07.913526
mel13-source,/home/gilmar/Documents/algoritmos/logado-utfpr-ifam/logado-students/repos_logado/mel13-source/revisaovetor.json,revisaovetor.json,prompt,2026-03-26 20:02:52,revisaovetor.js,4,28,2026-04-01T08:13:07.913527
mel13-source,/home/gilmar/Documents/algoritmos/logado-utfpr-ifam/logado-students/repos_logado/mel13-source/maiorde-tres.json,maiorde-tres.json,prompt,2026-03-19 21:45:15,maiorde-tres.js,2,23,2026-04-01T08:13:07.913542
mel13-source,/home/gilmar/Documents/algoritmos/logado-utfpr-ifam/logado-students/repos_logado/mel13-source/maiorde-tres.json,maiorde-tres.json,for,2026-03-19 21:45:15,maiorde-tres.js,3,1,2026-04-01T08:13:07.913543
mel13-source,/home/gilmar/Documents/algoritmos/logado-utfpr-ifam/logado-students/repos_logado/mel13-source/maiorde-tres.json,maiorde-tres.json,let,2026-03-19 21:45:15,maiorde-tres.js,3,6,2026-04-01T08:13:07.913545
mel13-source,/home/gilmar/Documents/algoritmos/logado-utfpr-ifam/logado-students/repos_logado/mel13-source/maiorde-tres.json,maiorde-tres.json,alert,2026-03-19 22:01:46,maiorde-tres.js,3,1,2026-04-01T08:13:07.913546
mel13-source,/home/gilmar/Documents/algoritmos/logado-utfpr-ifam/logado-students/repos_logado/mel13-source/maiorde-tres.json,maiorde-tres.json,else,2026-03-19 22:06:40,maiorde-tres.js,8,1,2026-04-01T08:13:07.913548
mel13-source,/home/gilmar/Documents/algoritmos/logado-utfpr-ifam/logado-students/repos_logado/mel13-source/revisao3.json,revisao3.json,prompt,2026-03-24 21:57:01,revisao3.js,1,26,2026-04-01T08:13:07.913564
mel13-source,/home/gilmar/Documents/algoritmos/logado-utfpr-ifam/logado-students/repos_logado/mel13-source/revisao3.json,revisao3.json,prompt,2026-03-24 22:00:30,revisao3.js,4,21,2026-04-01T08:13:07.913566
mel13-source,/home/gilmar/Documents/algoritmos/logado-utfpr-ifam/logado-students/repos_logado/mel13-source/revisao3.json,revisao3.json,alert,2026-03-24 22:01:45,revisao3.js,6,1,2026-04-01T08:13:07.913568
mel13-source,/home/gilmar/Documents/algoritmos/logado-utfpr-ifam/logado-students/repos_logado/mel13-source/functionsoma.json,functionsoma.json,function,2026-03-25 21:18:38,functionsoma.js,1,1,2026-04-01T08:13:07.913598
mel13-source,/home/gilmar/Documents/algoritmos/logado-utfpr-ifam/logado-students/repos_logado/mel13-source/functionsoma.json,functionsoma.json,return,2026-03-25 21:19:45,functionsoma.js,2,5,2026-04-01T08:13:07.913599
mel13-source,/home/gilmar/Documents/algoritmos/logado-utfpr-ifam/logado-students/repos_logado/mel13-source/functionsoma.json,functionsoma.json,prompt,2026-03-25 21:20:15,functionsoma.js,4,18,2026-04-01T08:13:07.913601
mel13-source,/home/gilmar/Documents/algoritmos/logado-utfpr-ifam/logado-students/repos_logado/mel13-source/functionsoma.json,functionsoma.json,prompt,2026-03-25 21:20:57,functionsoma.js,5,18,2026-04-01T08:13:07.913602
mel13-source,/home/gilmar/Documents/algoritmos/logado-utfpr-ifam/logado-students/repos_logado/mel13-source/functionsoma.json,functionsoma.json,alert,2026-03-25 21:21:28,functionsoma.js,6,1,2026-04-01T08:13:07.913604
mel13-source,/home/gilmar/Documents/algoritmos/logado-utfpr-ifam/logado-students/repos_logado/mel13-source/functionsoma.json,functionsoma.json,function,2026-03-25 21:41:43,functionsoma.js,6,1,2026-04-01T08:13:07.913605
mel13-source,/home/gilmar/Documents/algoritmos/logado-utfpr-ifam/logado-students/repos_logado/mel13-source/functionsoma.json,functionsoma.json,return,2026-03-25 21:41:43,functionsoma.js,7,5,2026-04-01T08:13:07.913607
mel13-source,/home/gilmar/Documents/algoritmos/logado-utfpr-ifam/logado-students/repos_logado/mel13-source/functionsoma.json,functionsoma.json,function,2026-03-25 21:49:55,functionsoma.js,10,1,2026-04-01T08:13:07.913608
mel13-source,/home/gilmar/Documents/algoritmos/logado-utfpr-ifam/logado-students/repos_logado/mel13-source/functionsoma.json,functionsoma.json,return,2026-03-25 21:49:55,functionsoma.js,11,5,2026-04-01T08:13:07.913611
mel13-source,/home/gilmar/Documents/algoritmos/logado-utfpr-ifam/logado-students/repos_logado/mel13-source/functionsoma.json,functionsoma.json,function,2026-03-25 21:50:46,functionsoma.js,14,1,2026-04-01T08:13:07.913612
mel13-source,/home/gilmar/Documents/algoritmos/logado-utfpr-ifam/logado-students/repos_logado/mel13-source/functionsoma.json,functionsoma.json,return,2026-03-25 21:50:46,functionsoma.js,15,5,2026-04-01T08:13:07.913614
mel13-source,/home/gilmar/Documents/algoritmos/logado-utfpr-ifam/logado-students/repos_logado/mel13-source/functionsoma.json,functionsoma.json,prompt,2026-03-25 21:51:45,functionsoma.js,17,13,2026-04-01T08:13:07.913615
mel13-source,/home/gilmar/Documents/algoritmos/logado-utfpr-ifam/logado-students/repos_logado/mel13-source/functionsoma.json,functionsoma.json,switch,2026-03-25 21:53:44,functionsoma.js,20,1,2026-04-01T08:13:07.913616
mel13-source,/home/gilmar/Documents/algoritmos/logado-utfpr-ifam/logado-students/repos_logado/mel13-source/functionsoma.json,functionsoma.json,break,2026-03-25 21:55:35,functionsoma.js,22,25,2026-04-01T08:13:07.913618
mel13-source,/home/gilmar/Documents/algoritmos/logado-utfpr-ifam/logado-students/repos_logado/mel13-source/functionsoma.json,functionsoma.json,alert,2026-03-25 21:56:08,functionsoma.js,22,5,2026-04-01T08:13:07.913619
mel13-source,/home/gilmar/Documents/algoritmos/logado-utfpr-ifam/logado-students/repos_logado/mel13-source/functionsoma.json,functionsoma.json,case,2026-03-25 21:56:41,functionsoma.js,23,5,2026-04-01T08:13:07.913621
mel13-source,/home/gilmar/Documents/algoritmos/logado-utfpr-ifam/logado-students/repos_logado/mel13-source/functionsoma.json,functionsoma.json,alert,2026-03-25 21:56:41,functionsoma.js,24,5,2026-04-01T08:13:07.913622
mel13-source,/home/gilmar/Documents/algoritmos/logado-utfpr-ifam/logado-students/repos_logado/mel13-source/functionsoma.json,functionsoma.json,break,2026-03-25 21:56:41,functionsoma.js,24,24,2026-04-01T08:13:07.913624
mel13-source,/home/gilmar/Documents/algoritmos/logado-utfpr-ifam/logado-students/repos_logado/mel13-source/functionsoma.json,functionsoma.json,case,2026-03-25 21:57:15,functionsoma.js,25,5,2026-04-01T08:13:07.913625
mel13-source,/home/gilmar/Documents/algoritmos/logado-utfpr-ifam/logado-students/repos_logado/mel13-source/functionsoma.json,functionsoma.json,alert,2026-03-25 21:57:15,functionsoma.js,26,5,2026-04-01T08:13:07.913626
mel13-source,/home/gilmar/Documents/algoritmos/logado-utfpr-ifam/logado-students/repos_logado/mel13-source/functionsoma.json,functionsoma.json,break,2026-03-25 21:57:15,functionsoma.js,26,24,2026-04-01T08:13:07.913628
mel13-source,/home/gilmar/Documents/algoritmos/logado-utfpr-ifam/logado-students/repos_logado/mel13-source/functionsoma.json,functionsoma.json,case,2026-03-25 21:57:50,functionsoma.js,27,5,2026-04-01T08:13:07.913629
mel13-source,/home/gilmar/Documents/algoritmos/logado-utfpr-ifam/logado-students/repos_logado/mel13-source/functionsoma.json,functionsoma.json,alert,2026-03-25 21:57:50,functionsoma.js,28,5,2026-04-01T08:13:07.913631
mel13-source,/home/gilmar/Documents/algoritmos/logado-utfpr-ifam/logado-students/repos_logado/mel13-source/functionsoma.json,functionsoma.json,break,2026-03-25 21:57:50,functionsoma.js,28,24,2026-04-01T08:13:07.913632
mel13-source,/home/gilmar/Documents/algoritmos/logado-utfpr-ifam/logado-students/repos_logado/mel13-source/functionsoma.json,functionsoma.json,break,2026-03-25 22:00:39,functionsoma.js,28,37,2026-04-01T08:13:07.913634
mel13-source,/home/gilmar/Documents/algoritmos/logado-utfpr-ifam/logado-students/repos_logado/mel13-source/aprovacao.json,aprovacao.json,prompt,2026-03-05 19:51:29,aprovacao.js,4,22,2026-04-01T08:13:07.913666
mel13-source,/home/gilmar/Documents/algoritmos/logado-utfpr-ifam/logado-students/repos_logado/mel13-source/aprovacao.json,aprovacao.json,prompt,2026-03-05 19:52:24,aprovacao.js,4,22,2026-04-01T08:13:07.913668
mel13-source,/home/gilmar/Documents/algoritmos/logado-utfpr-ifam/logado-students/repos_logado/mel13-source/aprovacao.json,aprovacao.json,prompt,2026-03-05 19:59:09,aprovacao.js,2,20,2026-04-01T08:13:07.913670
mel13-source,/home/gilmar/Documents/algoritmos/logado-utfpr-ifam/logado-students/repos_logado/mel13-source/aprovacao.json,aprovacao.json,prompt,2026-03-05 20:00:18,aprovacao.js,3,21,2026-04-01T08:13:07.913673
mel13-source,/home/gilmar/Documents/algoritmos/logado-utfpr-ifam/logado-students/repos_logado/mel13-source/aprovacao.json,aprovacao.json,alert,2026-03-05 20:13:46,aprovacao.js,7,5,2026-04-01T08:13:07.913674
mel13-source,/home/gilmar/Documents/algoritmos/logado-utfpr-ifam/logado-students/repos_logado/mel13-source/aprovacao.json,aprovacao.json,if,2026-03-05 20:29:03,aprovacao.js,9,6,2026-04-01T08:13:07.913676
mel13-source,/home/gilmar/Documents/algoritmos/logado-utfpr-ifam/logado-students/repos_logado/mel13-source/aprovacao.json,aprovacao.json,if,2026-03-05 20:38:50,aprovacao.js,9,6,2026-04-01T08:13:07.913677
mel13-source,/home/gilmar/Documents/algoritmos/logado-utfpr-ifam/logado-students/repos_logado/mel13-source/aprovacao.json,aprovacao.json,else,2026-03-05 20:42:28,aprovacao.js,7,5,2026-04-01T08:13:07.913679
mel13-source,/home/gilmar/Documents/algoritmos/logado-utfpr-ifam/logado-students/repos_logado/mel13-source/aprovacao.json,aprovacao.json,else,2026-03-05 20:42:29,aprovacao.js,10,1,2026-04-01T08:13:07.913680
mel13-source,/home/gilmar/Documents/algoritmos/logado-utfpr-ifam/logado-students/repos_logado/mel13-source/aprovacao.json,aprovacao.json,prompt,2026-03-05 21:28:39,aprovacao.js,15,29,2026-04-01T08:13:07.913682
mel13-source,/home/gilmar/Documents/algoritmos/logado-utfpr-ifam/logado-students/repos_logado/mel13-source/aprovacao.json,aprovacao.json,alert,2026-03-05 21:31:18,aprovacao.js,18,5,2026-04-01T08:13:07.913683
mel13-source,/home/gilmar/Documents/algoritmos/logado-utfpr-ifam/logado-students/repos_logado/mel13-source/aprovacao.json,aprovacao.json,else,2026-03-05 21:31:33,aprovacao.js,19,1,2026-04-01T08:13:07.913685
mel13-source,/home/gilmar/Documents/algoritmos/logado-utfpr-ifam/logado-students/repos_logado/mel13-source/aprovacao.json,aprovacao.json,else,2026-03-05 21:32:03,aprovacao.js,22,1,2026-04-01T08:13:07.913686
mel13-source,/home/gilmar/Documents/algoritmos/logado-utfpr-ifam/logado-students/repos_logado/mel13-source/exercicio-01.json,exercicio-01.json,let,2026-03-03 20:44:53,exercicio-01.js,3,1,2026-04-01T08:13:07.913712
mel13-source,/home/gilmar/Documents/algoritmos/logado-utfpr-ifam/logado-students/repos_logado/mel13-source/exercicio-01.json,exercicio-01.json,prompt,2026-03-03 20:44:53,exercicio-01.js,3,22,2026-04-01T08:13:07.913713
mel13-source,/home/gilmar/Documents/algoritmos/logado-utfpr-ifam/logado-students/repos_logado/mel13-source/exercicio-01.json,exercicio-01.json,if,2026-03-03 20:44:53,exercicio-01.js,1,7,2026-04-01T08:13:07.913715
mel13-source,/home/gilmar/Documents/algoritmos/logado-utfpr-ifam/logado-students/repos_logado/mel13-source/exercicio-01.json,exercicio-01.json,alert,2026-03-03 20:44:53,exercicio-01.js,5,5,2026-04-01T08:13:07.913716
mel13-source,/home/gilmar/Documents/algoritmos/logado-utfpr-ifam/logado-students/repos_logado/mel13-source/exercicio-01.json,exercicio-01.json,else,2026-03-03 20:44:53,exercicio-01.js,6,3,2026-04-01T08:13:07.913718
mel13-source,/home/gilmar/Documents/algoritmos/logado-utfpr-ifam/logado-students/repos_logado/mel13-source/exercicio-01.json,exercicio-01.json,alert,2026-03-03 20:44:53,exercicio-01.js,5,5,2026-04-01T08:13:07.913719
mel13-source,/home/gilmar/Documents/algoritmos/logado-utfpr-ifam/logado-students/repos_logado/mel13-source/copa.json,copa.json,alert,2026-02-26 19:40:42,copa.js,5,1,2026-04-01T08:13:07.913744
mel13-source,/home/gilmar/Documents/algoritmos/logado-utfpr-ifam/logado-students/repos_logado/mel13-source/copa.json,copa.json,for,2026-02-26 20:09:24,copa.js,4,5,2026-04-01T08:13:07.913745
mel13-source,/home/gilmar/Documents/algoritmos/logado-utfpr-ifam/logado-students/repos_logado/mel13-source/copa.json,copa.json,let,2026-02-26 20:09:24,copa.js,4,10,2026-04-01T08:13:07.913747
mel13-source,/home/gilmar/Documents/algoritmos/logado-utfpr-ifam/logado-students/repos_logado/mel13-source/copa.json,copa.json,for,2026-02-26 20:13:44,copa.js,3,1,2026-04-01T08:13:07.913750
mel13-source,/home/gilmar/Documents/algoritmos/logado-utfpr-ifam/logado-students/repos_logado/mel13-source/copa.json,copa.json,let,2026-02-26 20:13:44,copa.js,3,6,2026-04-01T08:13:07.913752
mel13-source,/home/gilmar/Documents/algoritmos/logado-utfpr-ifam/logado-students/repos_logado/mel13-source/copa.json,copa.json,alert,2026-02-26 20:27:33,copa.js,5,1,2026-04-01T08:13:07.913753
mel13-source,/home/gilmar/Documents/algoritmos/logado-utfpr-ifam/logado-students/repos_logado/mel13-source/copa.json,copa.json,alert,2026-02-26 20:27:54,copa.js,9,1,2026-04-01T08:13:07.913755
mel13-source,/home/gilmar/Documents/algoritmos/logado-utfpr-ifam/logado-students/repos_logado/mel13-source/copa.json,copa.json,for,2026-02-26 20:29:58,copa.js,4,4,2026-04-01T08:13:07.913756
mel13-source,/home/gilmar/Documents/algoritmos/logado-utfpr-ifam/logado-students/repos_logado/mel13-source/copa.json,copa.json,let,2026-02-26 20:29:58,copa.js,4,9,2026-04-01T08:13:07.913757
mel13-source,/home/gilmar/Documents/algoritmos/logado-utfpr-ifam/logado-students/repos_logado/mel13-source/copa.json,copa.json,for,2026-02-26 20:30:29,copa.js,9,5,2026-04-01T08:13:07.913759
mel13-source,/home/gilmar/Documents/algoritmos/logado-utfpr-ifam/logado-students/repos_logado/mel13-source/copa.json,copa.json,let,2026-02-26 20:30:29,copa.js,9,10,2026-04-01T08:13:07.913761
mel13-source,/home/gilmar/Documents/algoritmos/logado-utfpr-ifam/logado-students/repos_logado/mel13-source/copa.json,copa.json,alert,2026-02-26 20:45:19,copa.js,6,1,2026-04-01T08:13:07.913762
mel13-source,/home/gilmar/Documents/algoritmos/logado-utfpr-ifam/logado-students/repos_logado/mel13-source/for.json,for.json,exp,2026-02-20 21:43:12,for.js,5,1,2026-04-01T08:13:07.913778
mel13-source,/home/gilmar/Documents/algoritmos/logado-utfpr-ifam/logado-students/repos_logado/mel13-source/par-impar.json,par-impar.json,prompt,2026-02-26 22:09:19,par-impar.js,2,23,2026-04-01T08:13:07.913812
mel13-source,/home/gilmar/Documents/algoritmos/logado-utfpr-ifam/logado-students/repos_logado/mel13-source/par-impar.json,par-impar.json,prompt,2026-02-26 22:25:56,par-impar.js,5,21,2026-04-01T08:13:07.913813
mel13-source,/home/gilmar/Documents/algoritmos/logado-utfpr-ifam/logado-students/repos_logado/mel13-source/par-impar.json,par-impar.json,else,2026-02-26 22:29:00,par-impar.js,9,1,2026-04-01T08:13:07.913815
mel13-source,/home/gilmar/Documents/algoritmos/logado-utfpr-ifam/logado-students/repos_logado/mel13-source/time.json,time.json,prompt,2026-03-05 21:55:12,time.js,3,12,2026-04-01T08:13:07.913830
mel13-source,/home/gilmar/Documents/algoritmos/logado-utfpr-ifam/logado-students/repos_logado/mel13-source/time.json,time.json,do,2026-03-05 22:07:07,time.js,1,1,2026-04-01T08:13:07.913832
mel13-source,/home/gilmar/Documents/algoritmos/logado-utfpr-ifam/logado-students/repos_logado/mel13-source/time.json,time.json,prompt,2026-03-05 22:08:59,time.js,2,12,2026-04-01T08:13:07.913834
mel13-source,/home/gilmar/Documents/algoritmos/logado-utfpr-ifam/logado-students/repos_logado/mel13-source/time.json,time.json,while,2026-03-05 22:10:38,time.js,4,3,2026-04-01T08:13:07.913835
mel13-source,/home/gilmar/Documents/algoritmos/logado-utfpr-ifam/logado-students/repos_logado/mel13-source/tabuadavetor.json,tabuadavetor.json,prompt,2026-03-13 19:43:02,tabuadavetor.js,2,8,2026-04-01T08:13:07.913851
mel13-source,/home/gilmar/Documents/algoritmos/logado-utfpr-ifam/logado-students/repos_logado/mel13-source/tabuadavetor.json,tabuadavetor.json,prompt,2026-03-13 19:43:59,tabuadavetor.js,2,18,2026-04-01T08:13:07.913853
mel13-source,/home/gilmar/Documents/algoritmos/logado-utfpr-ifam/logado-students/repos_logado/mel13-source/maiorde-tres-math.json,maiorde-tres-math.json,max,2026-03-19 22:15:44,maiorde-tres-math.js,2,13,2026-04-01T08:13:07.913882
ericasilvacosta25,/home/gilmar/Documents/algoritmos/logado-utfpr-ifam/logado-students/repos_logado/ericasilvacosta25/aprovacao1.json,aprovacao1.json,do,2026-03-06 21:15:32,aprovacao1.js,1,1,2026-04-01T08:13:07.913930
ericasilvacosta25,/home/gilmar/Documents/algoritmos/logado-utfpr-ifam/logado-students/repos_logado/ericasilvacosta25/aprovacao1.json,aprovacao1.json,var,2026-03-06 21:15:32,aprovacao1.js,2,5,2026-04-01T08:13:07.913932
ericasilvacosta25,/home/gilmar/Documents/algoritmos/logado-utfpr-ifam/logado-students/repos_logado/ericasilvacosta25/aprovacao1.json,aprovacao1.json,var,2026-03-06 21:15:32,aprovacao1.js,2,5,2026-04-01T08:13:07.913933
ericasilvacosta25,/home/gilmar/Documents/algoritmos/logado-utfpr-ifam/logado-students/repos_logado/ericasilvacosta25/aprovacao1.json,aprovacao1.json,prompt,2026-03-06 21:15:32,aprovacao1.js,3,27,2026-04-01T08:13:07.913935
ericasilvacosta25,/home/gilmar/Documents/algoritmos/logado-utfpr-ifam/logado-students/repos_logado/ericasilvacosta25/aprovacao1.json,aprovacao1.json,var,2026-03-06 21:15:32,aprovacao1.js,2,5,2026-04-01T08:13:07.913936
ericasilvacosta25,/home/gilmar/Documents/algoritmos/logado-utfpr-ifam/logado-students/repos_logado/ericasilvacosta25/aprovacao1.json,aprovacao1.json,prompt,2026-03-06 21:15:32,aprovacao1.js,3,27,2026-04-01T08:13:07.913938
ericasilvacosta25,/home/gilmar/Documents/algoritmos/logado-utfpr-ifam/logado-students/repos_logado/ericasilvacosta25/aprovacao1.json,aprovacao1.json,var,2026-03-06 21:15:32,aprovacao1.js,2,5,2026-04-01T08:13:07.913940
ericasilvacosta25,/home/gilmar/Documents/algoritmos/logado-utfpr-ifam/logado-students/repos_logado/ericasilvacosta25/aprovacao1.json,aprovacao1.json,alert,2026-03-06 21:15:32,aprovacao1.js,6,3,2026-04-01T08:13:07.913941
ericasilvacosta25,/home/gilmar/Documents/algoritmos/logado-utfpr-ifam/logado-students/repos_logado/ericasilvacosta25/aprovacao1.json,aprovacao1.json,if,2026-03-06 21:15:32,aprovacao1.js,7,1,2026-04-01T08:13:07.913943
ericasilvacosta25,/home/gilmar/Documents/algoritmos/logado-utfpr-ifam/logado-students/repos_logado/ericasilvacosta25/aprovacao1.json,aprovacao1.json,alert,2026-03-06 21:15:32,aprovacao1.js,6,3,2026-04-01T08:13:07.913946
ericasilvacosta25,/home/gilmar/Documents/algoritmos/logado-utfpr-ifam/logado-students/repos_logado/ericasilvacosta25/aprovacao1.json,aprovacao1.json,else,2026-03-06 21:15:32,aprovacao1.js,11,1,2026-04-01T08:13:07.913947
ericasilvacosta25,/home/gilmar/Documents/algoritmos/logado-utfpr-ifam/logado-students/repos_logado/ericasilvacosta25/aprovacao1.json,aprovacao1.json,if,2026-03-06 21:15:32,aprovacao1.js,7,1,2026-04-01T08:13:07.913948
ericasilvacosta25,/home/gilmar/Documents/algoritmos/logado-utfpr-ifam/logado-students/repos_logado/ericasilvacosta25/aprovacao1.json,aprovacao1.json,alert,2026-03-06 21:15:32,aprovacao1.js,6,3,2026-04-01T08:13:07.913950
ericasilvacosta25,/home/gilmar/Documents/algoritmos/logado-utfpr-ifam/logado-students/repos_logado/ericasilvacosta25/aprovacao1.json,aprovacao1.json,prompt,2026-03-06 21:15:32,aprovacao1.js,3,27,2026-04-01T08:13:07.913951
ericasilvacosta25,/home/gilmar/Documents/algoritmos/logado-utfpr-ifam/logado-students/repos_logado/ericasilvacosta25/aprovacao1.json,aprovacao1.json,if,2026-03-06 21:15:32,aprovacao1.js,7,1,2026-04-01T08:13:07.913953
ericasilvacosta25,/home/gilmar/Documents/algoritmos/logado-utfpr-ifam/logado-students/repos_logado/ericasilvacosta25/aprovacao1.json,aprovacao1.json,alert,2026-03-06 21:15:32,aprovacao1.js,6,3,2026-04-01T08:13:07.913955
ericasilvacosta25,/home/gilmar/Documents/algoritmos/logado-utfpr-ifam/logado-students/repos_logado/ericasilvacosta25/aprovacao1.json,aprovacao1.json,else,2026-03-06 21:15:32,aprovacao1.js,11,1,2026-04-01T08:13:07.913956
ericasilvacosta25,/home/gilmar/Documents/algoritmos/logado-utfpr-ifam/logado-students/repos_logado/ericasilvacosta25/aprovacao1.json,aprovacao1.json,alert,2026-03-06 21:15:32,aprovacao1.js,6,3,2026-04-01T08:13:07.913958
ericasilvacosta25,/home/gilmar/Documents/algoritmos/logado-utfpr-ifam/logado-students/repos_logado/ericasilvacosta25/aprovacao1.json,aprovacao1.json,else,2026-03-06 21:15:32,aprovacao1.js,11,1,2026-04-01T08:13:07.913959
ericasilvacosta25,/home/gilmar/Documents/algoritmos/logado-utfpr-ifam/logado-students/repos_logado/ericasilvacosta25/aprovacao1.json,aprovacao1.json,alert,2026-03-06 21:15:32,aprovacao1.js,6,3,2026-04-01T08:13:07.913963
ericasilvacosta25,/home/gilmar/Documents/algoritmos/logado-utfpr-ifam/logado-students/repos_logado/ericasilvacosta25/aprovacao1.json,aprovacao1.json,while,2026-03-06 21:15:32,aprovacao1.js,29,2,2026-04-01T08:13:07.913965
ericasilvacosta25,/home/gilmar/Documents/algoritmos/logado-utfpr-ifam/logado-students/repos_logado/ericasilvacosta25/aprovacao1.json,aprovacao1.json,alert,2026-03-06 21:15:32,aprovacao1.js,6,3,2026-04-01T08:13:07.913967
ericasilvacosta25,/home/gilmar/Documents/algoritmos/logado-utfpr-ifam/logado-students/repos_logado/ericasilvacosta25/aprovacao1.json,aprovacao1.json,var,2026-03-06 21:32:25,aprovacao1.js,1,1,2026-04-01T08:13:07.913968
ericasilvacosta25,/home/gilmar/Documents/algoritmos/logado-utfpr-ifam/logado-students/repos_logado/ericasilvacosta25/aprovacao1.json,aprovacao1.json,var,2026-03-06 21:32:26,aprovacao1.js,2,1,2026-04-01T08:13:07.913970
ericasilvacosta25,/home/gilmar/Documents/algoritmos/logado-utfpr-ifam/logado-students/repos_logado/ericasilvacosta25/aprovacao1.json,aprovacao1.json,prompt,2026-03-06 21:32:26,aprovacao1.js,2,23,2026-04-01T08:13:07.913971
ericasilvacosta25,/home/gilmar/Documents/algoritmos/logado-utfpr-ifam/logado-students/repos_logado/ericasilvacosta25/aprovacao1.json,aprovacao1.json,var,2026-03-06 21:32:27,aprovacao1.js,3,1,2026-04-01T08:13:07.913973
ericasilvacosta25,/home/gilmar/Documents/algoritmos/logado-utfpr-ifam/logado-students/repos_logado/ericasilvacosta25/aprovacao1.json,aprovacao1.json,prompt,2026-03-06 21:32:27,aprovacao1.js,3,23,2026-04-01T08:13:07.913974
ericasilvacosta25,/home/gilmar/Documents/algoritmos/logado-utfpr-ifam/logado-students/repos_logado/ericasilvacosta25/aprovacao1.json,aprovacao1.json,var,2026-03-06 21:32:28,aprovacao1.js,5,1,2026-04-01T08:13:07.913976
ericasilvacosta25,/home/gilmar/Documents/algoritmos/logado-utfpr-ifam/logado-students/repos_logado/ericasilvacosta25/aprovacao1.json,aprovacao1.json,prompt,2026-03-06 21:32:28,aprovacao1.js,5,23,2026-04-01T08:13:07.913978
ericasilvacosta25,/home/gilmar/Documents/algoritmos/logado-utfpr-ifam/logado-students/repos_logado/ericasilvacosta25/aprovacao1.json,aprovacao1.json,var,2026-03-06 21:32:28,aprovacao1.js,4,1,2026-04-01T08:13:07.913979
ericasilvacosta25,/home/gilmar/Documents/algoritmos/logado-utfpr-ifam/logado-students/repos_logado/ericasilvacosta25/aprovacao1.json,aprovacao1.json,prompt,2026-03-06 21:32:28,aprovacao1.js,4,23,2026-04-01T08:13:07.913981
ericasilvacosta25,/home/gilmar/Documents/algoritmos/logado-utfpr-ifam/logado-students/repos_logado/ericasilvacosta25/domingos.json,domingos.json,for,2026-02-27 20:02:21,domingos.js,2,1,2026-04-01T08:13:07.914007
ericasilvacosta25,/home/gilmar/Documents/algoritmos/logado-utfpr-ifam/logado-students/repos_logado/ericasilvacosta25/domingos.json,domingos.json,for,2026-02-27 20:03:05,domingos.js,2,1,2026-04-01T08:13:07.914009
ericasilvacosta25,/home/gilmar/Documents/algoritmos/logado-utfpr-ifam/logado-students/repos_logado/ericasilvacosta25/domingos.json,domingos.json,prompt,2026-02-27 20:10:37,domingos.js,1,23,2026-04-01T08:13:07.914010
ericasilvacosta25,/home/gilmar/Documents/algoritmos/logado-utfpr-ifam/logado-students/repos_logado/ericasilvacosta25/domingos.json,domingos.json,for,2026-02-27 20:50:52,domingos.js,7,1,2026-04-01T08:13:07.914012
ericasilvacosta25,/home/gilmar/Documents/algoritmos/logado-utfpr-ifam/logado-students/repos_logado/ericasilvacosta25/domingos.json,domingos.json,for,2026-02-27 22:25:39,domingos.js,11,5,2026-04-01T08:13:07.914014
ericasilvacosta25,/home/gilmar/Documents/algoritmos/logado-utfpr-ifam/logado-students/repos_logado/ericasilvacosta25/domingos.json,domingos.json,alert,2026-02-27 22:27:33,domingos.js,14,1,2026-04-01T08:13:07.914015
ericasilvacosta25,/home/gilmar/Documents/algoritmos/logado-utfpr-ifam/logado-students/repos_logado/ericasilvacosta25/vaquinha.json,vaquinha.json,for,2026-03-12 19:46:35,vaquinha.js,4,1,2026-04-01T08:13:07.914037
ericasilvacosta25,/home/gilmar/Documents/algoritmos/logado-utfpr-ifam/logado-students/repos_logado/ericasilvacosta25/vaquinha.json,vaquinha.json,alert,2026-03-12 19:55:07,vaquinha.js,8,1,2026-04-01T08:13:07.914039
ericasilvacosta25,/home/gilmar/Documents/algoritmos/logado-utfpr-ifam/logado-students/repos_logado/ericasilvacosta25/vaquinha.json,vaquinha.json,for,2026-03-12 20:06:37,vaquinha.js,9,1,2026-04-01T08:13:07.914042
ericasilvacosta25,/home/gilmar/Documents/algoritmos/logado-utfpr-ifam/logado-students/repos_logado/ericasilvacosta25/funcaosoma.json,funcaosoma.json,function,2026-03-25 21:18:09,funcaosoma.js,1,1,2026-04-01T08:13:07.914077
ericasilvacosta25,/home/gilmar/Documents/algoritmos/logado-utfpr-ifam/logado-students/repos_logado/ericasilvacosta25/funcaosoma.json,funcaosoma.json,break,2026-03-25 21:19:16,funcaosoma.js,2,14,2026-04-01T08:13:07.914079
ericasilvacosta25,/home/gilmar/Documents/algoritmos/logado-utfpr-ifam/logado-students/repos_logado/ericasilvacosta25/funcaosoma.json,funcaosoma.json,alert,2026-03-25 21:21:37,funcaosoma.js,6,1,2026-04-01T08:13:07.914080
ericasilvacosta25,/home/gilmar/Documents/algoritmos/logado-utfpr-ifam/logado-students/repos_logado/ericasilvacosta25/funcaosoma.json,funcaosoma.json,function,2026-03-25 21:33:05,funcaosoma.js,4,1,2026-04-01T08:13:07.914082
ericasilvacosta25,/home/gilmar/Documents/algoritmos/logado-utfpr-ifam/logado-students/repos_logado/ericasilvacosta25/funcaosoma.json,funcaosoma.json,function,2026-03-25 21:33:55,funcaosoma.js,7,1,2026-04-01T08:13:07.914083
ericasilvacosta25,/home/gilmar/Documents/algoritmos/logado-utfpr-ifam/logado-students/repos_logado/ericasilvacosta25/funcaosoma.json,funcaosoma.json,function,2026-03-25 21:40:40,funcaosoma.js,4,1,2026-04-01T08:13:07.914085
ericasilvacosta25,/home/gilmar/Documents/algoritmos/logado-utfpr-ifam/logado-students/repos_logado/ericasilvacosta25/funcaosoma.json,funcaosoma.json,return,2026-03-25 21:40:40,funcaosoma.js,5,5,2026-04-01T08:13:07.914086
ericasilvacosta25,/home/gilmar/Documents/algoritmos/logado-utfpr-ifam/logado-students/repos_logado/ericasilvacosta25/funcaosoma.json,funcaosoma.json,function,2026-03-25 21:40:40,funcaosoma.js,4,1,2026-04-01T08:13:07.914088
ericasilvacosta25,/home/gilmar/Documents/algoritmos/logado-utfpr-ifam/logado-students/repos_logado/ericasilvacosta25/funcaosoma.json,funcaosoma.json,return,2026-03-25 21:40:40,funcaosoma.js,5,5,2026-04-01T08:13:07.914089
ericasilvacosta25,/home/gilmar/Documents/algoritmos/logado-utfpr-ifam/logado-students/repos_logado/ericasilvacosta25/funcaosoma.json,funcaosoma.json,prompt,2026-03-25 21:50:04,funcaosoma.js,13,13,2026-04-01T08:13:07.914091
ericasilvacosta25,/home/gilmar/Documents/algoritmos/logado-utfpr-ifam/logado-students/repos_logado/ericasilvacosta25/funcaosoma.json,funcaosoma.json,switch,2026-03-25 21:55:24,funcaosoma.js,16,1,2026-04-01T08:13:07.914093
ericasilvacosta25,/home/gilmar/Documents/algoritmos/logado-utfpr-ifam/logado-students/repos_logado/ericasilvacosta25/funcaosoma.json,funcaosoma.json,alert,2026-03-25 21:56:43,funcaosoma.js,18,9,2026-04-01T08:13:07.914094
ericasilvacosta25,/home/gilmar/Documents/algoritmos/logado-utfpr-ifam/logado-students/repos_logado/ericasilvacosta25/funcaosoma.json,funcaosoma.json,break,2026-03-25 21:57:04,funcaosoma.js,18,26,2026-04-01T08:13:07.914095
ericasilvacosta25,/home/gilmar/Documents/algoritmos/logado-utfpr-ifam/logado-students/repos_logado/ericasilvacosta25/funcaosoma.json,funcaosoma.json,alert,2026-03-25 21:57:47,funcaosoma.js,20,9,2026-04-01T08:13:07.914097
ericasilvacosta25,/home/gilmar/Documents/algoritmos/logado-utfpr-ifam/logado-students/repos_logado/ericasilvacosta25/funcaosoma.json,funcaosoma.json,break,2026-03-25 21:58:08,funcaosoma.js,20,29,2026-04-01T08:13:07.914098
ericasilvacosta25,/home/gilmar/Documents/algoritmos/logado-utfpr-ifam/logado-students/repos_logado/ericasilvacosta25/funcaosoma.json,funcaosoma.json,alert,2026-03-25 21:58:34,funcaosoma.js,22,9,2026-04-01T08:13:07.914100
ericasilvacosta25,/home/gilmar/Documents/algoritmos/logado-utfpr-ifam/logado-students/repos_logado/ericasilvacosta25/funcaosoma.json,funcaosoma.json,break,2026-03-25 21:58:57,funcaosoma.js,22,35,2026-04-01T08:13:07.914101
ericasilvacosta25,/home/gilmar/Documents/algoritmos/logado-utfpr-ifam/logado-students/repos_logado/ericasilvacosta25/funcaosoma.json,funcaosoma.json,alert,2026-03-25 21:59:16,funcaosoma.js,24,9,2026-04-01T08:13:07.914103
ericasilvacosta25,/home/gilmar/Documents/algoritmos/logado-utfpr-ifam/logado-students/repos_logado/ericasilvacosta25/funcaosoma.json,funcaosoma.json,break,2026-03-25 21:59:37,funcaosoma.js,24,31,2026-04-01T08:13:07.914106
ericasilvacosta25,/home/gilmar/Documents/algoritmos/logado-utfpr-ifam/logado-students/repos_logado/ericasilvacosta25/funcaosoma.json,funcaosoma.json,alert,2026-03-25 22:00:57,funcaosoma.js,26,9,2026-04-01T08:13:07.914108
ericasilvacosta25,/home/gilmar/Documents/algoritmos/logado-utfpr-ifam/logado-students/repos_logado/ericasilvacosta25/vetorpar_impar.json,vetorpar_impar.json,for,2026-03-12 21:35:16,vetorpar_impar.js,5,1,2026-04-01T08:13:07.914143
ericasilvacosta25,/home/gilmar/Documents/algoritmos/logado-utfpr-ifam/logado-students/repos_logado/ericasilvacosta25/vetorpar_impar.json,vetorpar_impar.json,let,2026-03-12 21:36:01,vetorpar_impar.js,5,4,2026-04-01T08:13:07.914145
ericasilvacosta25,/home/gilmar/Documents/algoritmos/logado-utfpr-ifam/logado-students/repos_logado/ericasilvacosta25/vetorpar_impar.json,vetorpar_impar.json,prompt,2026-03-12 21:36:01,vetorpar_impar.js,6,24,2026-04-01T08:13:07.914146
ericasilvacosta25,/home/gilmar/Documents/algoritmos/logado-utfpr-ifam/logado-students/repos_logado/ericasilvacosta25/vetorpar_impar.json,vetorpar_impar.json,if,2026-03-12 21:36:01,vetorpar_impar.js,7,5,2026-04-01T08:13:07.914148
ericasilvacosta25,/home/gilmar/Documents/algoritmos/logado-utfpr-ifam/logado-students/repos_logado/ericasilvacosta25/vetorpar_impar.json,vetorpar_impar.json,else,2026-03-12 21:36:01,vetorpar_impar.js,10,5,2026-04-01T08:13:07.914149
ericasilvacosta25,/home/gilmar/Documents/algoritmos/logado-utfpr-ifam/logado-students/repos_logado/ericasilvacosta25/vetorpar_impar.json,vetorpar_impar.json,alert,2026-03-12 21:36:01,vetorpar_impar.js,12,2,2026-04-01T08:13:07.914151
ericasilvacosta25,/home/gilmar/Documents/algoritmos/logado-utfpr-ifam/logado-students/repos_logado/ericasilvacosta25/vetorpar_impar.json,vetorpar_impar.json,prompt,2026-03-12 21:39:16,vetorpar_impar.js,4,20,2026-04-01T08:13:07.914152
ericasilvacosta25,/home/gilmar/Documents/algoritmos/logado-utfpr-ifam/logado-students/repos_logado/ericasilvacosta25/vetorpar_impar.json,vetorpar_impar.json,for,2026-03-12 21:47:49,vetorpar_impar.js,7,1,2026-04-01T08:13:07.914154
ericasilvacosta25,/home/gilmar/Documents/algoritmos/logado-utfpr-ifam/logado-students/repos_logado/ericasilvacosta25/vetorpar_impar.json,vetorpar_impar.json,if,2026-03-12 21:53:14,vetorpar_impar.js,10,5,2026-04-01T08:13:07.914157
ericasilvacosta25,/home/gilmar/Documents/algoritmos/logado-utfpr-ifam/logado-students/repos_logado/ericasilvacosta25/vetorpar_impar.json,vetorpar_impar.json,if,2026-03-12 21:55:58,vetorpar_impar.js,6,4,2026-04-01T08:13:07.914158
ericasilvacosta25,/home/gilmar/Documents/algoritmos/logado-utfpr-ifam/logado-students/repos_logado/ericasilvacosta25/vetorpar_impar.json,vetorpar_impar.json,else,2026-03-12 21:56:53,vetorpar_impar.js,8,1,2026-04-01T08:13:07.914160
ericasilvacosta25,/home/gilmar/Documents/algoritmos/logado-utfpr-ifam/logado-students/repos_logado/ericasilvacosta25/vetorpar_impar.json,vetorpar_impar.json,for,2026-03-12 22:01:31,vetorpar_impar.js,18,5,2026-04-01T08:13:07.914162
ericasilvacosta25,/home/gilmar/Documents/algoritmos/logado-utfpr-ifam/logado-students/repos_logado/ericasilvacosta25/espalhamentominimo.json,espalhamentominimo.json,alert,2026-03-20 19:45:13,espalhamentominimo.js,2,1,2026-04-01T08:13:07.914189
ericasilvacosta25,/home/gilmar/Documents/algoritmos/logado-utfpr-ifam/logado-students/repos_logado/ericasilvacosta25/espalhamentominimo.json,espalhamentominimo.json,for,2026-03-20 19:45:46,espalhamentominimo.js,2,1,2026-04-01T08:13:07.914191
ericasilvacosta25,/home/gilmar/Documents/algoritmos/logado-utfpr-ifam/logado-students/repos_logado/ericasilvacosta25/espalhamentominimo.json,espalhamentominimo.json,alert,2026-03-20 19:46:17,espalhamentominimo.js,2,1,2026-04-01T08:13:07.914193
ericasilvacosta25,/home/gilmar/Documents/algoritmos/logado-utfpr-ifam/logado-students/repos_logado/ericasilvacosta25/espalhamentominimo.json,espalhamentominimo.json,max,2026-03-20 19:47:43,espalhamentominimo.js,2,12,2026-04-01T08:13:07.914195
ericasilvacosta25,/home/gilmar/Documents/algoritmos/logado-utfpr-ifam/logado-students/repos_logado/ericasilvacosta25/espalhamentominimo.json,espalhamentominimo.json,min,2026-03-20 19:48:57,espalhamentominimo.js,2,12,2026-04-01T08:13:07.914197
ericasilvacosta25,/home/gilmar/Documents/algoritmos/logado-utfpr-ifam/logado-students/repos_logado/ericasilvacosta25/espalhamentominimo.json,espalhamentominimo.json,min,2026-03-20 19:49:39,espalhamentominimo.js,2,12,2026-04-01T08:13:07.914199
ericasilvacosta25,/home/gilmar/Documents/algoritmos/logado-utfpr-ifam/logado-students/repos_logado/ericasilvacosta25/jogos.json,jogos.json,for,2026-02-26 19:38:23,jogos.js,3,1,2026-04-01T08:13:07.914238
ericasilvacosta25,/home/gilmar/Documents/algoritmos/logado-utfpr-ifam/logado-students/repos_logado/ericasilvacosta25/jogos.json,jogos.json,for,2026-02-26 20:12:08,jogos.js,8,1,2026-04-01T08:13:07.914240
ericasilvacosta25,/home/gilmar/Documents/algoritmos/logado-utfpr-ifam/logado-students/repos_logado/ericasilvacosta25/jogos.json,jogos.json,for,2026-02-26 20:35:43,jogos.js,8,1,2026-04-01T08:13:07.914241
ericasilvacosta25,/home/gilmar/Documents/algoritmos/logado-utfpr-ifam/logado-students/repos_logado/ericasilvacosta25/jogos.json,jogos.json,alert,2026-02-26 20:35:43,jogos.js,10,5,2026-04-01T08:13:07.914243
ericasilvacosta25,/home/gilmar/Documents/algoritmos/logado-utfpr-ifam/logado-students/repos_logado/ericasilvacosta25/main.json,main.json,alert,2026-02-20 20:36:45,main.js,1,1,2026-04-01T08:13:07.914260
ericasilvacosta25,/home/gilmar/Documents/algoritmos/logado-utfpr-ifam/logado-students/repos_logado/ericasilvacosta25/main.json,main.json,alert,2026-02-20 20:40:35,main.js,2,1,2026-04-01T08:13:07.914262
ericasilvacosta25,/home/gilmar/Documents/algoritmos/logado-utfpr-ifam/logado-students/repos_logado/ericasilvacosta25/revisaovetor.json,revisaovetor.json,while,2026-03-26 19:39:59,revisaovetor.js,4,1,2026-04-01T08:13:07.914294
ericasilvacosta25,/home/gilmar/Documents/algoritmos/logado-utfpr-ifam/logado-students/repos_logado/ericasilvacosta25/revisaovetor.json,revisaovetor.json,while,2026-03-26 19:42:33,revisaovetor.js,4,1,2026-04-01T08:13:07.914296
ericasilvacosta25,/home/gilmar/Documents/algoritmos/logado-utfpr-ifam/logado-students/repos_logado/ericasilvacosta25/revisaovetor.json,revisaovetor.json,while,2026-03-26 19:46:24,revisaovetor.js,4,1,2026-04-01T08:13:07.914298
ericasilvacosta25,/home/gilmar/Documents/algoritmos/logado-utfpr-ifam/logado-students/repos_logado/ericasilvacosta25/revisaovetor.json,revisaovetor.json,alert,2026-03-26 19:48:10,revisaovetor.js,5,5,2026-04-01T08:13:07.914299
ericasilvacosta25,/home/gilmar/Documents/algoritmos/logado-utfpr-ifam/logado-students/repos_logado/ericasilvacosta25/revisaovetor.json,revisaovetor.json,for,2026-03-26 19:54:13,revisaovetor.js,3,1,2026-04-01T08:13:07.914301
ericasilvacosta25,/home/gilmar/Documents/algoritmos/logado-utfpr-ifam/logado-students/repos_logado/ericasilvacosta25/revisaovetor.json,revisaovetor.json,for,2026-03-26 19:56:34,revisaovetor.js,6,1,2026-04-01T08:13:07.914302
ericasilvacosta25,/home/gilmar/Documents/algoritmos/logado-utfpr-ifam/logado-students/repos_logado/ericasilvacosta25/revisaovetor.json,revisaovetor.json,var,2026-03-26 20:48:05,revisaovetor.js,2,1,2026-04-01T08:13:07.914304
ericasilvacosta25,/home/gilmar/Documents/algoritmos/logado-utfpr-ifam/logado-students/repos_logado/ericasilvacosta25/aprovacao.json,aprovacao.json,if,2026-03-05 19:54:06,aprovacao.js,6,1,2026-04-01T08:13:07.914345
ericasilvacosta25,/home/gilmar/Documents/algoritmos/logado-utfpr-ifam/logado-students/repos_logado/ericasilvacosta25/aprovacao.json,aprovacao.json,while,2026-03-05 19:57:37,aprovacao.js,7,2,2026-04-01T08:13:07.914346
ericasilvacosta25,/home/gilmar/Documents/algoritmos/logado-utfpr-ifam/logado-students/repos_logado/ericasilvacosta25/aprovacao.json,aprovacao.json,alert,2026-03-05 20:00:02,aprovacao.js,7,5,2026-04-01T08:13:07.914348
ericasilvacosta25,/home/gilmar/Documents/algoritmos/logado-utfpr-ifam/logado-students/repos_logado/ericasilvacosta25/aprovacao.json,aprovacao.json,prompt,2026-03-05 20:03:19,aprovacao.js,1,24,2026-04-01T08:13:07.914350
ericasilvacosta25,/home/gilmar/Documents/algoritmos/logado-utfpr-ifam/logado-students/repos_logado/ericasilvacosta25/aprovacao.json,aprovacao.json,prompt,2026-03-05 20:03:36,aprovacao.js,2,24,2026-04-01T08:13:07.914351
ericasilvacosta25,/home/gilmar/Documents/algoritmos/logado-utfpr-ifam/logado-students/repos_logado/ericasilvacosta25/aprovacao.json,aprovacao.json,alert,2026-03-05 20:06:17,aprovacao.js,4,1,2026-04-01T08:13:07.914355
ericasilvacosta25,/home/gilmar/Documents/algoritmos/logado-utfpr-ifam/logado-students/repos_logado/ericasilvacosta25/aprovacao.json,aprovacao.json,if,2026-03-05 20:17:05,aprovacao.js,7,6,2026-04-01T08:13:07.914358
ericasilvacosta25,/home/gilmar/Documents/algoritmos/logado-utfpr-ifam/logado-students/repos_logado/ericasilvacosta25/aprovacao.json,aprovacao.json,alert,2026-03-05 20:17:49,aprovacao.js,8,5,2026-04-01T08:13:07.914359
ericasilvacosta25,/home/gilmar/Documents/algoritmos/logado-utfpr-ifam/logado-students/repos_logado/ericasilvacosta25/aprovacao.json,aprovacao.json,if,2026-03-05 20:19:51,aprovacao.js,7,6,2026-04-01T08:13:07.914361
ericasilvacosta25,/home/gilmar/Documents/algoritmos/logado-utfpr-ifam/logado-students/repos_logado/ericasilvacosta25/aprovacao.json,aprovacao.json,alert,2026-03-05 20:23:48,aprovacao.js,8,5,2026-04-01T08:13:07.914362
ericasilvacosta25,/home/gilmar/Documents/algoritmos/logado-utfpr-ifam/logado-students/repos_logado/ericasilvacosta25/aprovacao.json,aprovacao.json,while,2026-03-05 20:25:45,aprovacao.js,11,5,2026-04-01T08:13:07.914364
ericasilvacosta25,/home/gilmar/Documents/algoritmos/logado-utfpr-ifam/logado-students/repos_logado/ericasilvacosta25/aprovacao.json,aprovacao.json,do,2026-03-05 20:26:20,aprovacao.js,9,2,2026-04-01T08:13:07.914365
ericasilvacosta25,/home/gilmar/Documents/algoritmos/logado-utfpr-ifam/logado-students/repos_logado/ericasilvacosta25/aprovacao.json,aprovacao.json,else,2026-03-05 20:27:04,aprovacao.js,10,1,2026-04-01T08:13:07.914366
ericasilvacosta25,/home/gilmar/Documents/algoritmos/logado-utfpr-ifam/logado-students/repos_logado/ericasilvacosta25/aprovacao.json,aprovacao.json,alert,2026-03-05 20:27:24,aprovacao.js,11,5,2026-04-01T08:13:07.914368
ericasilvacosta25,/home/gilmar/Documents/algoritmos/logado-utfpr-ifam/logado-students/repos_logado/ericasilvacosta25/aprovacao.json,aprovacao.json,if,2026-03-05 20:27:57,aprovacao.js,10,1,2026-04-01T08:13:07.914369
ericasilvacosta25,/home/gilmar/Documents/algoritmos/logado-utfpr-ifam/logado-students/repos_logado/ericasilvacosta25/aprovacao.json,aprovacao.json,alert,2026-03-05 20:28:30,aprovacao.js,11,5,2026-04-01T08:13:07.914371
ericasilvacosta25,/home/gilmar/Documents/algoritmos/logado-utfpr-ifam/logado-students/repos_logado/ericasilvacosta25/aprovacao.json,aprovacao.json,else,2026-03-05 20:29:23,aprovacao.js,12,1,2026-04-01T08:13:07.914373
ericasilvacosta25,/home/gilmar/Documents/algoritmos/logado-utfpr-ifam/logado-students/repos_logado/ericasilvacosta25/aprovacao.json,aprovacao.json,else,2026-03-05 20:30:11,aprovacao.js,12,1,2026-04-01T08:13:07.914374
ericasilvacosta25,/home/gilmar/Documents/algoritmos/logado-utfpr-ifam/logado-students/repos_logado/ericasilvacosta25/aprovacao.json,aprovacao.json,alert,2026-03-05 20:32:50,aprovacao.js,10,1,2026-04-01T08:13:07.914376
ericasilvacosta25,/home/gilmar/Documents/algoritmos/logado-utfpr-ifam/logado-students/repos_logado/ericasilvacosta25/aprovacao.json,aprovacao.json,while,2026-03-05 20:44:22,aprovacao.js,16,1,2026-04-01T08:13:07.914377
ericasilvacosta25,/home/gilmar/Documents/algoritmos/logado-utfpr-ifam/logado-students/repos_logado/ericasilvacosta25/aprovacao.json,aprovacao.json,while,2026-03-05 20:44:48,aprovacao.js,16,1,2026-04-01T08:13:07.914379
ericasilvacosta25,/home/gilmar/Documents/algoritmos/logado-utfpr-ifam/logado-students/repos_logado/ericasilvacosta25/aprovacao.json,aprovacao.json,else,2026-03-05 21:28:52,aprovacao.js,17,1,2026-04-01T08:13:07.914380
ericasilvacosta25,/home/gilmar/Documents/algoritmos/logado-utfpr-ifam/logado-students/repos_logado/ericasilvacosta25/aprovacao.json,aprovacao.json,alert,2026-03-05 21:28:58,aprovacao.js,18,5,2026-04-01T08:13:07.914382
ericasilvacosta25,/home/gilmar/Documents/algoritmos/logado-utfpr-ifam/logado-students/repos_logado/ericasilvacosta25/aprovacao.json,aprovacao.json,while,2026-03-06 19:51:43,aprovacao.js,25,2,2026-04-01T08:13:07.914383
ericasilvacosta25,/home/gilmar/Documents/algoritmos/logado-utfpr-ifam/logado-students/repos_logado/ericasilvacosta25/aprovacao.json,aprovacao.json,while,2026-03-06 19:52:17,aprovacao.js,25,2,2026-04-01T08:13:07.914385
ericasilvacosta25,/home/gilmar/Documents/algoritmos/logado-utfpr-ifam/logado-students/repos_logado/ericasilvacosta25/copa.json,copa.json,for,2026-02-26 21:29:57,copa.js,2,1,2026-04-01T08:13:07.914409
ericasilvacosta25,/home/gilmar/Documents/algoritmos/logado-utfpr-ifam/logado-students/repos_logado/ericasilvacosta25/copa.json,copa.json,alert,2026-02-26 21:33:43,copa.js,4,5,2026-04-01T08:13:07.914411
ericasilvacosta25,/home/gilmar/Documents/algoritmos/logado-utfpr-ifam/logado-students/repos_logado/ericasilvacosta25/copa.json,copa.json,if,2026-02-26 21:44:33,copa.js,3,5,2026-04-01T08:13:07.914412
ericasilvacosta25,/home/gilmar/Documents/algoritmos/logado-utfpr-ifam/logado-students/repos_logado/ericasilvacosta25/for.json,for.json,for,2026-02-20 21:23:06,for.js,2,1,2026-04-01T08:13:07.914431
ericasilvacosta25,/home/gilmar/Documents/algoritmos/logado-utfpr-ifam/logado-students/repos_logado/ericasilvacosta25/for.json,for.json,for,2026-02-20 21:29:58,for.js,4,1,2026-04-01T08:13:07.914432
ericasilvacosta25,/home/gilmar/Documents/algoritmos/logado-utfpr-ifam/logado-students/repos_logado/ericasilvacosta25/for.json,for.json,for,2026-02-20 21:36:07,for.js,8,5,2026-04-01T08:13:07.914434
ericasilvacosta25,/home/gilmar/Documents/algoritmos/logado-utfpr-ifam/logado-students/repos_logado/ericasilvacosta25/decremento.json,decremento.json,while,2026-03-06 21:55:24,decremento.js,2,1,2026-04-01T08:13:07.914450
ericasilvacosta25,/home/gilmar/Documents/algoritmos/logado-utfpr-ifam/logado-students/repos_logado/ericasilvacosta25/decremento.json,decremento.json,alert,2026-03-06 21:59:59,decremento.js,3,5,2026-04-01T08:13:07.914452
ericasilvacosta25,/home/gilmar/Documents/algoritmos/logado-utfpr-ifam/logado-students/repos_logado/ericasilvacosta25/espalhamento.json,espalhamento.json,alert,2026-03-19 22:28:42,espalhamento.js,2,1,2026-04-01T08:13:07.914468
ericasilvacosta25,/home/gilmar/Documents/algoritmos/logado-utfpr-ifam/logado-students/repos_logado/ericasilvacosta25/funcaovetor.json,funcaovetor.json,function,2026-03-25 22:16:47,funcaovetor.js,1,1,2026-04-01T08:13:07.914520
ericasilvacosta25,/home/gilmar/Documents/algoritmos/logado-utfpr-ifam/logado-students/repos_logado/ericasilvacosta25/funcaovetor.json,funcaovetor.json,function,2026-03-25 22:21:46,funcaovetor.js,4,1,2026-04-01T08:13:07.914523
ericasilvacosta25,/home/gilmar/Documents/algoritmos/logado-utfpr-ifam/logado-students/repos_logado/ericasilvacosta25/funcaovetor.json,funcaovetor.json,return,2026-03-25 22:26:38,funcaovetor.js,2,5,2026-04-01T08:13:07.914524
ericasilvacosta25,/home/gilmar/Documents/algoritmos/logado-utfpr-ifam/logado-students/repos_logado/ericasilvacosta25/funcaovetor.json,funcaovetor.json,prompt,2026-03-26 20:18:29,funcaovetor.js,2,23,2026-04-01T08:13:07.914526
ericasilvacosta25,/home/gilmar/Documents/algoritmos/logado-utfpr-ifam/logado-students/repos_logado/ericasilvacosta25/funcaovetor.json,funcaovetor.json,return,2026-03-26 20:20:06,funcaovetor.js,2,5,2026-04-01T08:13:07.914528
ericasilvacosta25,/home/gilmar/Documents/algoritmos/logado-utfpr-ifam/logado-students/repos_logado/ericasilvacosta25/funcaovetor.json,funcaovetor.json,prompt,2026-03-26 20:21:53,funcaovetor.js,8,27,2026-04-01T08:13:07.914530
ericasilvacosta25,/home/gilmar/Documents/algoritmos/logado-utfpr-ifam/logado-students/repos_logado/ericasilvacosta25/funcaovetor.json,funcaovetor.json,function,2026-03-26 20:24:30,funcaovetor.js,4,1,2026-04-01T08:13:07.914532
ericasilvacosta25,/home/gilmar/Documents/algoritmos/logado-utfpr-ifam/logado-students/repos_logado/ericasilvacosta25/funcaovetor.json,funcaovetor.json,return,2026-03-26 20:24:35,funcaovetor.js,5,5,2026-04-01T08:13:07.914533
ericasilvacosta25,/home/gilmar/Documents/algoritmos/logado-utfpr-ifam/logado-students/repos_logado/ericasilvacosta25/funcaovetor.json,funcaovetor.json,var,2026-03-26 20:24:36,funcaovetor.js,6,5,2026-04-01T08:13:07.914535
ericasilvacosta25,/home/gilmar/Documents/algoritmos/logado-utfpr-ifam/logado-students/repos_logado/ericasilvacosta25/funcaovetor.json,funcaovetor.json,prompt,2026-03-26 20:24:36,funcaovetor.js,6,22,2026-04-01T08:13:07.914536
ericasilvacosta25,/home/gilmar/Documents/algoritmos/logado-utfpr-ifam/logado-students/repos_logado/ericasilvacosta25/funcaovetor.json,funcaovetor.json,var,2026-03-26 20:24:40,funcaovetor.js,6,5,2026-04-01T08:13:07.914538
ericasilvacosta25,/home/gilmar/Documents/algoritmos/logado-utfpr-ifam/logado-students/repos_logado/ericasilvacosta25/funcaovetor.json,funcaovetor.json,prompt,2026-03-26 20:24:40,funcaovetor.js,6,22,2026-04-01T08:13:07.914542
ericasilvacosta25,/home/gilmar/Documents/algoritmos/logado-utfpr-ifam/logado-students/repos_logado/ericasilvacosta25/funcaovetor.json,funcaovetor.json,var,2026-03-26 20:24:50,funcaovetor.js,13,1,2026-04-01T08:13:07.914543
ericasilvacosta25,/home/gilmar/Documents/algoritmos/logado-utfpr-ifam/logado-students/repos_logado/ericasilvacosta25/funcaovetor.json,funcaovetor.json,prompt,2026-03-26 20:24:50,funcaovetor.js,13,1,2026-04-01T08:13:07.914545
ericasilvacosta25,/home/gilmar/Documents/algoritmos/logado-utfpr-ifam/logado-students/repos_logado/ericasilvacosta25/funcaovetor.json,funcaovetor.json,var,2026-03-26 20:24:50,funcaovetor.js,11,5,2026-04-01T08:13:07.914547
ericasilvacosta25,/home/gilmar/Documents/algoritmos/logado-utfpr-ifam/logado-students/repos_logado/ericasilvacosta25/funcaovetor.json,funcaovetor.json,prompt,2026-03-26 20:24:50,funcaovetor.js,11,22,2026-04-01T08:13:07.914548
ericasilvacosta25,/home/gilmar/Documents/algoritmos/logado-utfpr-ifam/logado-students/repos_logado/ericasilvacosta25/funcaovetor.json,funcaovetor.json,for,2026-03-26 20:25:43,funcaovetor.js,9,1,2026-04-01T08:13:07.914553
ericasilvacosta25,/home/gilmar/Documents/algoritmos/logado-utfpr-ifam/logado-students/repos_logado/ericasilvacosta25/funcaovetor.json,funcaovetor.json,let,2026-03-26 20:25:43,funcaovetor.js,9,5,2026-04-01T08:13:07.914554
ericasilvacosta25,/home/gilmar/Documents/algoritmos/logado-utfpr-ifam/logado-students/repos_logado/ericasilvacosta25/funcaovetor.json,funcaovetor.json,alert,2026-03-26 20:27:06,funcaovetor.js,10,5,2026-04-01T08:13:07.914556
ericasilvacosta25,/home/gilmar/Documents/algoritmos/logado-utfpr-ifam/logado-students/repos_logado/ericasilvacosta25/funcaovetor.json,funcaovetor.json,for,2026-03-26 20:35:54,funcaovetor.js,9,1,2026-04-01T08:13:07.914561
ericasilvacosta25,/home/gilmar/Documents/algoritmos/logado-utfpr-ifam/logado-students/repos_logado/ericasilvacosta25/funcaovetor.json,funcaovetor.json,for,2026-03-26 20:36:41,funcaovetor.js,9,1,2026-04-01T08:13:07.914563
ericasilvacosta25,/home/gilmar/Documents/algoritmos/logado-utfpr-ifam/logado-students/repos_logado/ericasilvacosta25/funcaovetor.json,funcaovetor.json,let,2026-03-26 20:36:41,funcaovetor.js,9,5,2026-04-01T08:13:07.914565
ericasilvacosta25,/home/gilmar/Documents/algoritmos/logado-utfpr-ifam/logado-students/repos_logado/ericasilvacosta25/funcaovetor.json,funcaovetor.json,prompt,2026-03-26 20:37:40,funcaovetor.js,3,21,2026-04-01T08:13:07.914566
ericasilvacosta25,/home/gilmar/Documents/algoritmos/logado-utfpr-ifam/logado-students/repos_logado/ericasilvacosta25/funcaovetor.json,funcaovetor.json,prompt,2026-03-26 20:37:59,funcaovetor.js,4,17,2026-04-01T08:13:07.914569
ericasilvacosta25,/home/gilmar/Documents/algoritmos/logado-utfpr-ifam/logado-students/repos_logado/ericasilvacosta25/funcaovetor.json,funcaovetor.json,return,2026-03-26 20:41:15,funcaovetor.js,1,1,2026-04-01T08:13:07.914570
ericasilvacosta25,/home/gilmar/Documents/algoritmos/logado-utfpr-ifam/logado-students/repos_logado/ericasilvacosta25/funcaovetor.json,funcaovetor.json,const,2026-03-26 20:41:17,funcaovetor.js,3,1,2026-04-01T08:13:07.914572
ericasilvacosta25,/home/gilmar/Documents/algoritmos/logado-utfpr-ifam/logado-students/repos_logado/ericasilvacosta25/funcaovetor.json,funcaovetor.json,prompt,2026-03-26 20:41:17,funcaovetor.js,3,20,2026-04-01T08:13:07.914573
ericasilvacosta25,/home/gilmar/Documents/algoritmos/logado-utfpr-ifam/logado-students/repos_logado/ericasilvacosta25/funcaovetor.json,funcaovetor.json,const,2026-03-26 20:41:21,funcaovetor.js,2,1,2026-04-01T08:13:07.914576
ericasilvacosta25,/home/gilmar/Documents/algoritmos/logado-utfpr-ifam/logado-students/repos_logado/ericasilvacosta25/funcaovetor.json,funcaovetor.json,prompt,2026-03-26 20:41:21,funcaovetor.js,2,20,2026-04-01T08:13:07.914578
ericasilvacosta25,/home/gilmar/Documents/algoritmos/logado-utfpr-ifam/logado-students/repos_logado/ericasilvacosta25/funcaovetor.json,funcaovetor.json,function,2026-03-26 20:41:23,funcaovetor.js,3,1,2026-04-01T08:13:07.914579
ericasilvacosta25,/home/gilmar/Documents/algoritmos/logado-utfpr-ifam/logado-students/repos_logado/ericasilvacosta25/funcaovetor.json,funcaovetor.json,return,2026-03-26 20:41:54,funcaovetor.js,10,2,2026-04-01T08:13:07.914581
ericasilvacosta25,/home/gilmar/Documents/algoritmos/logado-utfpr-ifam/logado-students/repos_logado/ericasilvacosta25/funcaovetor.json,funcaovetor.json,function,2026-03-26 20:41:54,funcaovetor.js,8,5,2026-04-01T08:13:07.914584
ericasilvacosta25,/home/gilmar/Documents/algoritmos/logado-utfpr-ifam/logado-students/repos_logado/ericasilvacosta25/funcaovetor.json,funcaovetor.json,return,2026-03-26 20:48:20,funcaovetor.js,6,2,2026-04-01T08:13:07.914586
ericasilvacosta25,/home/gilmar/Documents/algoritmos/logado-utfpr-ifam/logado-students/repos_logado/ericasilvacosta25/funcaovetor.json,funcaovetor.json,function,2026-03-26 20:48:21,funcaovetor.js,4,5,2026-04-01T08:13:07.914588
ericasilvacosta25,/home/gilmar/Documents/algoritmos/logado-utfpr-ifam/logado-students/repos_logado/ericasilvacosta25/funcaovetor.json,funcaovetor.json,return,2026-03-26 20:48:59,funcaovetor.js,10,2,2026-04-01T08:13:07.914589
ericasilvacosta25,/home/gilmar/Documents/algoritmos/logado-utfpr-ifam/logado-students/repos_logado/ericasilvacosta25/funcaovetor.json,funcaovetor.json,function,2026-03-26 20:48:59,funcaovetor.js,8,5,2026-04-01T08:13:07.914591
ericasilvacosta25,/home/gilmar/Documents/algoritmos/logado-utfpr-ifam/logado-students/repos_logado/ericasilvacosta25/funcaovetor.json,funcaovetor.json,return,2026-03-26 20:49:00,funcaovetor.js,7,2,2026-04-01T08:13:07.914592
ericasilvacosta25,/home/gilmar/Documents/algoritmos/logado-utfpr-ifam/logado-students/repos_logado/ericasilvacosta25/funcaovetor.json,funcaovetor.json,function,2026-03-26 20:49:01,funcaovetor.js,5,5,2026-04-01T08:13:07.914594
ericasilvacosta25,/home/gilmar/Documents/algoritmos/logado-utfpr-ifam/logado-students/repos_logado/ericasilvacosta25/funcaovetor.json,funcaovetor.json,function,2026-03-26 20:49:04,funcaovetor.js,3,1,2026-04-01T08:13:07.914595
ericasilvacosta25,/home/gilmar/Documents/algoritmos/logado-utfpr-ifam/logado-students/repos_logado/ericasilvacosta25/funcaovetor.json,funcaovetor.json,prompt,2026-03-26 20:49:55,funcaovetor.js,5,26,2026-04-01T08:13:07.914597
ericasilvacosta25,/home/gilmar/Documents/algoritmos/logado-utfpr-ifam/logado-students/repos_logado/ericasilvacosta25/funcaovetor.json,funcaovetor.json,for,2026-03-26 20:51:55,funcaovetor.js,9,5,2026-04-01T08:13:07.914598
ericasilvacosta25,/home/gilmar/Documents/algoritmos/logado-utfpr-ifam/logado-students/repos_logado/ericasilvacosta25/funcaovetor.json,funcaovetor.json,let,2026-03-26 20:51:55,funcaovetor.js,9,9,2026-04-01T08:13:07.914600
ericasilvacosta25,/home/gilmar/Documents/algoritmos/logado-utfpr-ifam/logado-students/repos_logado/ericasilvacosta25/funcaovetor.json,funcaovetor.json,for,2026-03-26 21:14:46,funcaovetor.js,4,5,2026-04-01T08:13:07.914603
ericasilvacosta25,/home/gilmar/Documents/algoritmos/logado-utfpr-ifam/logado-students/repos_logado/ericasilvacosta25/funcaovetor.json,funcaovetor.json,let,2026-03-26 21:14:46,funcaovetor.js,4,9,2026-04-01T08:13:07.914604
ericasilvacosta25,/home/gilmar/Documents/algoritmos/logado-utfpr-ifam/logado-students/repos_logado/ericasilvacosta25/insertionsort.json,insertionsort.json,function,2026-03-20 21:57:17,insertionsort.js,1,1,2026-04-01T08:13:07.914758
ericasilvacosta25,/home/gilmar/Documents/algoritmos/logado-utfpr-ifam/logado-students/repos_logado/ericasilvacosta25/insertionsort.json,insertionsort.json,for,2026-03-20 21:57:17,insertionsort.js,2,5,2026-04-01T08:13:07.914761
ericasilvacosta25,/home/gilmar/Documents/algoritmos/logado-utfpr-ifam/logado-students/repos_logado/ericasilvacosta25/insertionsort.json,insertionsort.json,let,2026-03-20 21:57:17,insertionsort.js,2,10,2026-04-01T08:13:07.914763
ericasilvacosta25,/home/gilmar/Documents/algoritmos/logado-utfpr-ifam/logado-students/repos_logado/ericasilvacosta25/insertionsort.json,insertionsort.json,length,2026-03-20 21:57:17,insertionsort.js,2,31,2026-04-01T08:13:07.914764
ericasilvacosta25,/home/gilmar/Documents/algoritmos/logado-utfpr-ifam/logado-students/repos_logado/ericasilvacosta25/insertionsort.json,insertionsort.json,let,2026-03-20 21:57:17,insertionsort.js,2,10,2026-04-01T08:13:07.914766
ericasilvacosta25,/home/gilmar/Documents/algoritmos/logado-utfpr-ifam/logado-students/repos_logado/ericasilvacosta25/insertionsort.json,insertionsort.json,let,2026-03-20 21:57:17,insertionsort.js,2,10,2026-04-01T08:13:07.914768
ericasilvacosta25,/home/gilmar/Documents/algoritmos/logado-utfpr-ifam/logado-students/repos_logado/ericasilvacosta25/insertionsort.json,insertionsort.json,while,2026-03-20 21:57:17,insertionsort.js,6,9,2026-04-01T08:13:07.914771
ericasilvacosta25,/home/gilmar/Documents/algoritmos/logado-utfpr-ifam/logado-students/repos_logado/ericasilvacosta25/insertionsort.json,insertionsort.json,console,2026-03-20 21:57:17,insertionsort.js,14,9,2026-04-01T08:13:07.914773
ericasilvacosta25,/home/gilmar/Documents/algoritmos/logado-utfpr-ifam/logado-students/repos_logado/ericasilvacosta25/insertionsort.json,insertionsort.json,log,2026-03-20 21:57:17,insertionsort.js,14,17,2026-04-01T08:13:07.914774
ericasilvacosta25,/home/gilmar/Documents/algoritmos/logado-utfpr-ifam/logado-students/repos_logado/ericasilvacosta25/insertionsort.json,insertionsort.json,return,2026-03-20 21:57:17,insertionsort.js,17,5,2026-04-01T08:13:07.914776
ericasilvacosta25,/home/gilmar/Documents/algoritmos/logado-utfpr-ifam/logado-students/repos_logado/ericasilvacosta25/insertionsort.json,insertionsort.json,let,2026-03-20 21:57:17,insertionsort.js,2,10,2026-04-01T08:13:07.914777
ericasilvacosta25,/home/gilmar/Documents/algoritmos/logado-utfpr-ifam/logado-students/repos_logado/ericasilvacosta25/insertionsort.json,insertionsort.json,console,2026-03-20 21:57:17,insertionsort.js,14,9,2026-04-01T08:13:07.914779
ericasilvacosta25,/home/gilmar/Documents/algoritmos/logado-utfpr-ifam/logado-students/repos_logado/ericasilvacosta25/insertionsort.json,insertionsort.json,log,2026-03-20 21:57:17,insertionsort.js,14,17,2026-04-01T08:13:07.914781
ericasilvacosta25,/home/gilmar/Documents/algoritmos/logado-utfpr-ifam/logado-students/repos_logado/ericasilvacosta25/insertionsort.json,insertionsort.json,let,2026-03-20 21:57:17,insertionsort.js,2,10,2026-04-01T08:13:07.914782
ericasilvacosta25,/home/gilmar/Documents/algoritmos/logado-utfpr-ifam/logado-students/repos_logado/ericasilvacosta25/insertionsort.json,insertionsort.json,console,2026-03-20 21:57:17,insertionsort.js,14,9,2026-04-01T08:13:07.914784
ericasilvacosta25,/home/gilmar/Documents/algoritmos/logado-utfpr-ifam/logado-students/repos_logado/ericasilvacosta25/insertionsort.json,insertionsort.json,log,2026-03-20 21:57:17,insertionsort.js,14,17,2026-04-01T08:13:07.914785
ericasilvacosta25,/home/gilmar/Documents/algoritmos/logado-utfpr-ifam/logado-students/repos_logado/ericasilvacosta25/insertionsort.json,insertionsort.json,let,2026-03-20 22:01:53,insertionsort.js,1,1,2026-04-01T08:13:07.914787
ericasilvacosta25,/home/gilmar/Documents/algoritmos/logado-utfpr-ifam/logado-students/repos_logado/ericasilvacosta25/insertionsort.json,insertionsort.json,function,2026-03-20 22:07:25,insertionsort.js,1,1,2026-04-01T08:13:07.914788
ericasilvacosta25,/home/gilmar/Documents/algoritmos/logado-utfpr-ifam/logado-students/repos_logado/ericasilvacosta25/insertionsort.json,insertionsort.json,const,2026-03-20 22:07:25,insertionsort.js,2,3,2026-04-01T08:13:07.914789
ericasilvacosta25,/home/gilmar/Documents/algoritmos/logado-utfpr-ifam/logado-students/repos_logado/ericasilvacosta25/insertionsort.json,insertionsort.json,push,2026-03-20 22:07:25,insertionsort.js,3,9,2026-04-01T08:13:07.914791
ericasilvacosta25,/home/gilmar/Documents/algoritmos/logado-utfpr-ifam/logado-students/repos_logado/ericasilvacosta25/insertionsort.json,insertionsort.json,join,2026-03-20 22:07:25,insertionsort.js,3,37,2026-04-01T08:13:07.914793
ericasilvacosta25,/home/gilmar/Documents/algoritmos/logado-utfpr-ifam/logado-students/repos_logado/ericasilvacosta25/insertionsort.json,insertionsort.json,for,2026-03-20 22:07:25,insertionsort.js,5,3,2026-04-01T08:13:07.914795
ericasilvacosta25,/home/gilmar/Documents/algoritmos/logado-utfpr-ifam/logado-students/repos_logado/ericasilvacosta25/insertionsort.json,insertionsort.json,let,2026-03-20 22:07:25,insertionsort.js,5,8,2026-04-01T08:13:07.914796
ericasilvacosta25,/home/gilmar/Documents/algoritmos/logado-utfpr-ifam/logado-students/repos_logado/ericasilvacosta25/insertionsort.json,insertionsort.json,length,2026-03-20 22:07:25,insertionsort.js,5,27,2026-04-01T08:13:07.914798
ericasilvacosta25,/home/gilmar/Documents/algoritmos/logado-utfpr-ifam/logado-students/repos_logado/ericasilvacosta25/insertionsort.json,insertionsort.json,let,2026-03-20 22:07:25,insertionsort.js,5,8,2026-04-01T08:13:07.914802
ericasilvacosta25,/home/gilmar/Documents/algoritmos/logado-utfpr-ifam/logado-students/repos_logado/ericasilvacosta25/insertionsort.json,insertionsort.json,let,2026-03-20 22:07:25,insertionsort.js,5,8,2026-04-01T08:13:07.914803
ericasilvacosta25,/home/gilmar/Documents/algoritmos/logado-utfpr-ifam/logado-students/repos_logado/ericasilvacosta25/insertionsort.json,insertionsort.json,push,2026-03-20 22:07:25,insertionsort.js,3,9,2026-04-01T08:13:07.914806
ericasilvacosta25,/home/gilmar/Documents/algoritmos/logado-utfpr-ifam/logado-students/repos_logado/ericasilvacosta25/insertionsort.json,insertionsort.json,push,2026-03-20 22:07:25,insertionsort.js,3,9,2026-04-01T08:13:07.914808
ericasilvacosta25,/home/gilmar/Documents/algoritmos/logado-utfpr-ifam/logado-students/repos_logado/ericasilvacosta25/insertionsort.json,insertionsort.json,push,2026-03-20 22:07:25,insertionsort.js,3,9,2026-04-01T08:13:07.914809
ericasilvacosta25,/home/gilmar/Documents/algoritmos/logado-utfpr-ifam/logado-students/repos_logado/ericasilvacosta25/insertionsort.json,insertionsort.json,join,2026-03-20 22:07:25,insertionsort.js,3,37,2026-04-01T08:13:07.914811
ericasilvacosta25,/home/gilmar/Documents/algoritmos/logado-utfpr-ifam/logado-students/repos_logado/ericasilvacosta25/insertionsort.json,insertionsort.json,while,2026-03-20 22:07:25,insertionsort.js,13,5,2026-04-01T08:13:07.914813
ericasilvacosta25,/home/gilmar/Documents/algoritmos/logado-utfpr-ifam/logado-students/repos_logado/ericasilvacosta25/insertionsort.json,insertionsort.json,push,2026-03-20 22:07:25,insertionsort.js,3,9,2026-04-01T08:13:07.914814
ericasilvacosta25,/home/gilmar/Documents/algoritmos/logado-utfpr-ifam/logado-students/repos_logado/ericasilvacosta25/insertionsort.json,insertionsort.json,join,2026-03-20 22:07:25,insertionsort.js,3,37,2026-04-01T08:13:07.914816
ericasilvacosta25,/home/gilmar/Documents/algoritmos/logado-utfpr-ifam/logado-students/repos_logado/ericasilvacosta25/insertionsort.json,insertionsort.json,return,2026-03-20 22:07:25,insertionsort.js,22,3,2026-04-01T08:13:07.914817
ericasilvacosta25,/home/gilmar/Documents/algoritmos/logado-utfpr-ifam/logado-students/repos_logado/ericasilvacosta25/insertionsort.json,insertionsort.json,const,2026-03-20 22:07:25,insertionsort.js,2,3,2026-04-01T08:13:07.914819
ericasilvacosta25,/home/gilmar/Documents/algoritmos/logado-utfpr-ifam/logado-students/repos_logado/ericasilvacosta25/insertionsort.json,insertionsort.json,const,2026-03-20 22:07:25,insertionsort.js,2,3,2026-04-01T08:13:07.914822
ericasilvacosta25,/home/gilmar/Documents/algoritmos/logado-utfpr-ifam/logado-students/repos_logado/ericasilvacosta25/insertionsort.json,insertionsort.json,console,2026-03-20 22:07:25,insertionsort.js,29,1,2026-04-01T08:13:07.914823
ericasilvacosta25,/home/gilmar/Documents/algoritmos/logado-utfpr-ifam/logado-students/repos_logado/ericasilvacosta25/insertionsort.json,insertionsort.json,log,2026-03-20 22:07:25,insertionsort.js,29,9,2026-04-01T08:13:07.914825
ericasilvacosta25,/home/gilmar/Documents/algoritmos/logado-utfpr-ifam/logado-students/repos_logado/ericasilvacosta25/insertionsort.json,insertionsort.json,console,2026-03-20 22:07:25,insertionsort.js,29,1,2026-04-01T08:13:07.914828
ericasilvacosta25,/home/gilmar/Documents/algoritmos/logado-utfpr-ifam/logado-students/repos_logado/ericasilvacosta25/insertionsort.json,insertionsort.json,log,2026-03-20 22:07:25,insertionsort.js,29,9,2026-04-01T08:13:07.914829
ericasilvacosta25,/home/gilmar/Documents/algoritmos/logado-utfpr-ifam/logado-students/repos_logado/ericasilvacosta25/insertionsort.json,insertionsort.json,console,2026-03-20 22:07:25,insertionsort.js,29,1,2026-04-01T08:13:07.914831
ericasilvacosta25,/home/gilmar/Documents/algoritmos/logado-utfpr-ifam/logado-students/repos_logado/ericasilvacosta25/insertionsort.json,insertionsort.json,log,2026-03-20 22:07:25,insertionsort.js,29,9,2026-04-01T08:13:07.914832
ericasilvacosta25,/home/gilmar/Documents/algoritmos/logado-utfpr-ifam/logado-students/repos_logado/ericasilvacosta25/insertionsort.json,insertionsort.json,console,2026-03-20 22:07:25,insertionsort.js,29,1,2026-04-01T08:13:07.914834
ericasilvacosta25,/home/gilmar/Documents/algoritmos/logado-utfpr-ifam/logado-students/repos_logado/ericasilvacosta25/insertionsort.json,insertionsort.json,log,2026-03-20 22:07:25,insertionsort.js,29,9,2026-04-01T08:13:07.914836
ericasilvacosta25,/home/gilmar/Documents/algoritmos/logado-utfpr-ifam/logado-students/repos_logado/ericasilvacosta25/insertionsort.json,insertionsort.json,join,2026-03-20 22:07:25,insertionsort.js,3,37,2026-04-01T08:13:07.914837
ericasilvacosta25,/home/gilmar/Documents/algoritmos/logado-utfpr-ifam/logado-students/repos_logado/ericasilvacosta25/insertionsort.json,insertionsort.json,function,2026-03-20 22:08:34,insertionsort.js,3,1,2026-04-01T08:13:07.914840
ericasilvacosta25,/home/gilmar/Documents/algoritmos/logado-utfpr-ifam/logado-students/repos_logado/ericasilvacosta25/insertionsort.json,insertionsort.json,for,2026-03-20 22:08:34,insertionsort.js,4,5,2026-04-01T08:13:07.914842
ericasilvacosta25,/home/gilmar/Documents/algoritmos/logado-utfpr-ifam/logado-students/repos_logado/ericasilvacosta25/insertionsort.json,insertionsort.json,let,2026-03-20 22:08:34,insertionsort.js,4,10,2026-04-01T08:13:07.914843
ericasilvacosta25,/home/gilmar/Documents/algoritmos/logado-utfpr-ifam/logado-students/repos_logado/ericasilvacosta25/insertionsort.json,insertionsort.json,length,2026-03-20 22:08:34,insertionsort.js,4,29,2026-04-01T08:13:07.914845
ericasilvacosta25,/home/gilmar/Documents/algoritmos/logado-utfpr-ifam/logado-students/repos_logado/ericasilvacosta25/insertionsort.json,insertionsort.json,let,2026-03-20 22:08:34,insertionsort.js,4,10,2026-04-01T08:13:07.914846
ericasilvacosta25,/home/gilmar/Documents/algoritmos/logado-utfpr-ifam/logado-students/repos_logado/ericasilvacosta25/insertionsort.json,insertionsort.json,let,2026-03-20 22:08:34,insertionsort.js,4,10,2026-04-01T08:13:07.914847
ericasilvacosta25,/home/gilmar/Documents/algoritmos/logado-utfpr-ifam/logado-students/repos_logado/ericasilvacosta25/insertionsort.json,insertionsort.json,while,2026-03-20 22:08:34,insertionsort.js,9,9,2026-04-01T08:13:07.914849
ericasilvacosta25,/home/gilmar/Documents/algoritmos/logado-utfpr-ifam/logado-students/repos_logado/ericasilvacosta25/insertionsort.json,insertionsort.json,console,2026-03-20 22:08:34,insertionsort.js,12,13,2026-04-01T08:13:07.914851
ericasilvacosta25,/home/gilmar/Documents/algoritmos/logado-utfpr-ifam/logado-students/repos_logado/ericasilvacosta25/insertionsort.json,insertionsort.json,log,2026-03-20 22:08:34,insertionsort.js,12,21,2026-04-01T08:13:07.914852
ericasilvacosta25,/home/gilmar/Documents/algoritmos/logado-utfpr-ifam/logado-students/repos_logado/ericasilvacosta25/insertionsort.json,insertionsort.json,console,2026-03-20 22:08:34,insertionsort.js,12,13,2026-04-01T08:13:07.914853
ericasilvacosta25,/home/gilmar/Documents/algoritmos/logado-utfpr-ifam/logado-students/repos_logado/ericasilvacosta25/insertionsort.json,insertionsort.json,log,2026-03-20 22:08:34,insertionsort.js,12,21,2026-04-01T08:13:07.914855
ericasilvacosta25,/home/gilmar/Documents/algoritmos/logado-utfpr-ifam/logado-students/repos_logado/ericasilvacosta25/insertionsort.json,insertionsort.json,return,2026-03-20 22:08:34,insertionsort.js,17,5,2026-04-01T08:13:07.914856
ericasilvacosta25,/home/gilmar/Documents/algoritmos/logado-utfpr-ifam/logado-students/repos_logado/ericasilvacosta25/insertionsort.json,insertionsort.json,const,2026-03-20 22:08:34,insertionsort.js,20,1,2026-04-01T08:13:07.914858
ericasilvacosta25,/home/gilmar/Documents/algoritmos/logado-utfpr-ifam/logado-students/repos_logado/ericasilvacosta25/insertionsort.json,insertionsort.json,console,2026-03-20 22:08:34,insertionsort.js,12,13,2026-04-01T08:13:07.914859
ericasilvacosta25,/home/gilmar/Documents/algoritmos/logado-utfpr-ifam/logado-students/repos_logado/ericasilvacosta25/insertionsort.json,insertionsort.json,log,2026-03-20 22:08:34,insertionsort.js,12,21,2026-04-01T08:13:07.914861
ericasilvacosta25,/home/gilmar/Documents/algoritmos/logado-utfpr-ifam/logado-students/repos_logado/ericasilvacosta25/insertionsort.json,insertionsort.json,const,2026-03-20 22:08:34,insertionsort.js,20,1,2026-04-01T08:13:07.914863
ericasilvacosta25,/home/gilmar/Documents/algoritmos/logado-utfpr-ifam/logado-students/repos_logado/ericasilvacosta25/insertionsort.json,insertionsort.json,console,2026-03-20 22:08:34,insertionsort.js,12,13,2026-04-01T08:13:07.914864
ericasilvacosta25,/home/gilmar/Documents/algoritmos/logado-utfpr-ifam/logado-students/repos_logado/ericasilvacosta25/insertionsort.json,insertionsort.json,log,2026-03-20 22:08:34,insertionsort.js,12,21,2026-04-01T08:13:07.914866
ericasilvacosta25,/home/gilmar/Documents/algoritmos/logado-utfpr-ifam/logado-students/repos_logado/ericasilvacosta25/insertionsort.json,insertionsort.json,for,2026-03-25 19:42:04,insertionsort.js,3,3,2026-04-01T08:13:07.914868
ericasilvacosta25,/home/gilmar/Documents/algoritmos/logado-utfpr-ifam/logado-students/repos_logado/ericasilvacosta25/insertionsort.json,insertionsort.json,length,2026-03-25 19:42:04,insertionsort.js,3,29,2026-04-01T08:13:07.914870
ericasilvacosta25,/home/gilmar/Documents/algoritmos/logado-utfpr-ifam/logado-students/repos_logado/ericasilvacosta25/insertionsort.json,insertionsort.json,while,2026-03-25 19:42:04,insertionsort.js,8,4,2026-04-01T08:13:07.914874
ericasilvacosta25,/home/gilmar/Documents/algoritmos/logado-utfpr-ifam/logado-students/repos_logado/ericasilvacosta25/insertionsort.json,insertionsort.json,function,2026-03-25 19:42:30,insertionsort.js,1,1,2026-04-01T08:13:07.914875
ericasilvacosta25,/home/gilmar/Documents/algoritmos/logado-utfpr-ifam/logado-students/repos_logado/ericasilvacosta25/insertionsort.json,insertionsort.json,for,2026-03-25 19:42:31,insertionsort.js,2,5,2026-04-01T08:13:07.914877
ericasilvacosta25,/home/gilmar/Documents/algoritmos/logado-utfpr-ifam/logado-students/repos_logado/ericasilvacosta25/insertionsort.json,insertionsort.json,let,2026-03-25 19:42:31,insertionsort.js,2,10,2026-04-01T08:13:07.914878
ericasilvacosta25,/home/gilmar/Documents/algoritmos/logado-utfpr-ifam/logado-students/repos_logado/ericasilvacosta25/insertionsort.json,insertionsort.json,length,2026-03-25 19:42:31,insertionsort.js,2,29,2026-04-01T08:13:07.914880
ericasilvacosta25,/home/gilmar/Documents/algoritmos/logado-utfpr-ifam/logado-students/repos_logado/ericasilvacosta25/insertionsort.json,insertionsort.json,let,2026-03-25 19:42:31,insertionsort.js,2,10,2026-04-01T08:13:07.914882
ericasilvacosta25,/home/gilmar/Documents/algoritmos/logado-utfpr-ifam/logado-students/repos_logado/ericasilvacosta25/insertionsort.json,insertionsort.json,let,2026-03-25 19:42:31,insertionsort.js,2,10,2026-04-01T08:13:07.914883
ericasilvacosta25,/home/gilmar/Documents/algoritmos/logado-utfpr-ifam/logado-students/repos_logado/ericasilvacosta25/insertionsort.json,insertionsort.json,while,2026-03-25 19:42:31,insertionsort.js,5,9,2026-04-01T08:13:07.914884
ericasilvacosta25,/home/gilmar/Documents/algoritmos/logado-utfpr-ifam/logado-students/repos_logado/ericasilvacosta25/insertionsort.json,insertionsort.json,console,2026-03-25 19:42:31,insertionsort.js,8,13,2026-04-01T08:13:07.914886
ericasilvacosta25,/home/gilmar/Documents/algoritmos/logado-utfpr-ifam/logado-students/repos_logado/ericasilvacosta25/insertionsort.json,insertionsort.json,log,2026-03-25 19:42:31,insertionsort.js,8,21,2026-04-01T08:13:07.914887
ericasilvacosta25,/home/gilmar/Documents/algoritmos/logado-utfpr-ifam/logado-students/repos_logado/ericasilvacosta25/insertionsort.json,insertionsort.json,console,2026-03-25 19:42:31,insertionsort.js,8,13,2026-04-01T08:13:07.914890
ericasilvacosta25,/home/gilmar/Documents/algoritmos/logado-utfpr-ifam/logado-students/repos_logado/ericasilvacosta25/insertionsort.json,insertionsort.json,log,2026-03-25 19:42:31,insertionsort.js,8,21,2026-04-01T08:13:07.914892
ericasilvacosta25,/home/gilmar/Documents/algoritmos/logado-utfpr-ifam/logado-students/repos_logado/ericasilvacosta25/insertionsort.json,insertionsort.json,return,2026-03-25 19:42:31,insertionsort.js,13,5,2026-04-01T08:13:07.914893
ericasilvacosta25,/home/gilmar/Documents/algoritmos/logado-utfpr-ifam/logado-students/repos_logado/ericasilvacosta25/insertionsort.json,insertionsort.json,const,2026-03-25 19:42:31,insertionsort.js,15,1,2026-04-01T08:13:07.914896
ericasilvacosta25,/home/gilmar/Documents/algoritmos/logado-utfpr-ifam/logado-students/repos_logado/ericasilvacosta25/insertionsort.json,insertionsort.json,console,2026-03-25 19:42:31,insertionsort.js,8,13,2026-04-01T08:13:07.914897
ericasilvacosta25,/home/gilmar/Documents/algoritmos/logado-utfpr-ifam/logado-students/repos_logado/ericasilvacosta25/insertionsort.json,insertionsort.json,log,2026-03-25 19:42:31,insertionsort.js,8,21,2026-04-01T08:13:07.914899
ericasilvacosta25,/home/gilmar/Documents/algoritmos/logado-utfpr-ifam/logado-students/repos_logado/ericasilvacosta25/insertionsort.json,insertionsort.json,const,2026-03-25 19:42:31,insertionsort.js,15,1,2026-04-01T08:13:07.914900
ericasilvacosta25,/home/gilmar/Documents/algoritmos/logado-utfpr-ifam/logado-students/repos_logado/ericasilvacosta25/insertionsort.json,insertionsort.json,console,2026-03-25 19:42:31,insertionsort.js,8,13,2026-04-01T08:13:07.914902
ericasilvacosta25,/home/gilmar/Documents/algoritmos/logado-utfpr-ifam/logado-students/repos_logado/ericasilvacosta25/insertionsort.json,insertionsort.json,log,2026-03-25 19:42:31,insertionsort.js,8,21,2026-04-01T08:13:07.914903
ericasilvacosta25,/home/gilmar/Documents/algoritmos/logado-utfpr-ifam/logado-students/repos_logado/ericasilvacosta25/insertionsort.json,insertionsort.json,function,2026-03-25 20:07:55,insertionsort.js,1,1,2026-04-01T08:13:07.914907
ericasilvacosta25,/home/gilmar/Documents/algoritmos/logado-utfpr-ifam/logado-students/repos_logado/ericasilvacosta25/insertionsort.json,insertionsort.json,for,2026-03-25 20:07:55,insertionsort.js,2,5,2026-04-01T08:13:07.914908
ericasilvacosta25,/home/gilmar/Documents/algoritmos/logado-utfpr-ifam/logado-students/repos_logado/ericasilvacosta25/insertionsort.json,insertionsort.json,let,2026-03-25 20:07:55,insertionsort.js,2,10,2026-04-01T08:13:07.914910
ericasilvacosta25,/home/gilmar/Documents/algoritmos/logado-utfpr-ifam/logado-students/repos_logado/ericasilvacosta25/insertionsort.json,insertionsort.json,length,2026-03-25 20:07:55,insertionsort.js,2,31,2026-04-01T08:13:07.914911
ericasilvacosta25,/home/gilmar/Documents/algoritmos/logado-utfpr-ifam/logado-students/repos_logado/ericasilvacosta25/insertionsort.json,insertionsort.json,let,2026-03-25 20:07:55,insertionsort.js,2,10,2026-04-01T08:13:07.914913
ericasilvacosta25,/home/gilmar/Documents/algoritmos/logado-utfpr-ifam/logado-students/repos_logado/ericasilvacosta25/insertionsort.json,insertionsort.json,let,2026-03-25 20:07:55,insertionsort.js,2,10,2026-04-01T08:13:07.914914
ericasilvacosta25,/home/gilmar/Documents/algoritmos/logado-utfpr-ifam/logado-students/repos_logado/ericasilvacosta25/insertionsort.json,insertionsort.json,while,2026-03-25 20:07:55,insertionsort.js,6,9,2026-04-01T08:13:07.914916
ericasilvacosta25,/home/gilmar/Documents/algoritmos/logado-utfpr-ifam/logado-students/repos_logado/ericasilvacosta25/insertionsort.json,insertionsort.json,return,2026-03-25 20:07:55,insertionsort.js,14,5,2026-04-01T08:13:07.914917
ericasilvacosta25,/home/gilmar/Documents/algoritmos/logado-utfpr-ifam/logado-students/repos_logado/ericasilvacosta25/insertionsort.json,insertionsort.json,let,2026-03-25 20:07:55,insertionsort.js,2,10,2026-04-01T08:13:07.914919
ericasilvacosta25,/home/gilmar/Documents/algoritmos/logado-utfpr-ifam/logado-students/repos_logado/ericasilvacosta25/insertionsort.json,insertionsort.json,console,2026-03-25 20:07:55,insertionsort.js,19,1,2026-04-01T08:13:07.914921
ericasilvacosta25,/home/gilmar/Documents/algoritmos/logado-utfpr-ifam/logado-students/repos_logado/ericasilvacosta25/insertionsort.json,insertionsort.json,log,2026-03-25 20:07:55,insertionsort.js,19,9,2026-04-01T08:13:07.914922
ericasilvacosta25,/home/gilmar/Documents/algoritmos/logado-utfpr-ifam/logado-students/repos_logado/ericasilvacosta25/insertionsort.json,insertionsort.json,let,2026-03-25 20:09:55,insertionsort.js,1,1,2026-04-01T08:13:07.914924
ericasilvacosta25,/home/gilmar/Documents/algoritmos/logado-utfpr-ifam/logado-students/repos_logado/ericasilvacosta25/insertionsort.json,insertionsort.json,let,2026-03-25 20:09:55,insertionsort.js,1,1,2026-04-01T08:13:07.914925
ericasilvacosta25,/home/gilmar/Documents/algoritmos/logado-utfpr-ifam/logado-students/repos_logado/ericasilvacosta25/insertionsort.json,insertionsort.json,alert,2026-03-25 20:09:55,insertionsort.js,4,49,2026-04-01T08:13:07.914927
ericasilvacosta25,/home/gilmar/Documents/algoritmos/logado-utfpr-ifam/logado-students/repos_logado/ericasilvacosta25/insertionsort.json,insertionsort.json,let,2026-03-25 20:09:55,insertionsort.js,1,1,2026-04-01T08:13:07.914928
ericasilvacosta25,/home/gilmar/Documents/algoritmos/logado-utfpr-ifam/logado-students/repos_logado/ericasilvacosta25/insertionsort.json,insertionsort.json,let,2026-03-25 20:09:55,insertionsort.js,1,1,2026-04-01T08:13:07.914932
ericasilvacosta25,/home/gilmar/Documents/algoritmos/logado-utfpr-ifam/logado-students/repos_logado/ericasilvacosta25/insertionsort.json,insertionsort.json,while,2026-03-25 20:09:55,insertionsort.js,7,1,2026-04-01T08:13:07.914933
ericasilvacosta25,/home/gilmar/Documents/algoritmos/logado-utfpr-ifam/logado-students/repos_logado/ericasilvacosta25/insertionsort.json,insertionsort.json,undefined,2026-03-25 20:09:55,insertionsort.js,7,25,2026-04-01T08:13:07.914935
ericasilvacosta25,/home/gilmar/Documents/algoritmos/logado-utfpr-ifam/logado-students/repos_logado/ericasilvacosta25/insertionsort.json,insertionsort.json,if,2026-03-25 20:09:55,insertionsort.js,8,5,2026-04-01T08:13:07.914936
ericasilvacosta25,/home/gilmar/Documents/algoritmos/logado-utfpr-ifam/logado-students/repos_logado/ericasilvacosta25/insertionsort.json,insertionsort.json,alert,2026-03-25 20:09:55,insertionsort.js,4,49,2026-04-01T08:13:07.914938
ericasilvacosta25,/home/gilmar/Documents/algoritmos/logado-utfpr-ifam/logado-students/repos_logado/ericasilvacosta25/insertionsort.json,insertionsort.json,function,2026-03-25 20:23:29,insertionsort.js,2,1,2026-04-01T08:13:07.914940
ericasilvacosta25,/home/gilmar/Documents/algoritmos/logado-utfpr-ifam/logado-students/repos_logado/ericasilvacosta25/insertionsort.json,insertionsort.json,let,2026-03-25 20:23:29,insertionsort.js,3,5,2026-04-01T08:13:07.914942
ericasilvacosta25,/home/gilmar/Documents/algoritmos/logado-utfpr-ifam/logado-students/repos_logado/ericasilvacosta25/insertionsort.json,insertionsort.json,while,2026-03-25 20:23:29,insertionsort.js,4,5,2026-04-01T08:13:07.914944
ericasilvacosta25,/home/gilmar/Documents/algoritmos/logado-utfpr-ifam/logado-students/repos_logado/ericasilvacosta25/insertionsort.json,insertionsort.json,undefined,2026-03-25 20:23:29,insertionsort.js,4,25,2026-04-01T08:13:07.914945
ericasilvacosta25,/home/gilmar/Documents/algoritmos/logado-utfpr-ifam/logado-students/repos_logado/ericasilvacosta25/insertionsort.json,insertionsort.json,for,2026-03-25 20:23:29,insertionsort.js,6,5,2026-04-01T08:13:07.914947
ericasilvacosta25,/home/gilmar/Documents/algoritmos/logado-utfpr-ifam/logado-students/repos_logado/ericasilvacosta25/insertionsort.json,insertionsort.json,let,2026-03-25 20:23:29,insertionsort.js,3,5,2026-04-01T08:13:07.914948
ericasilvacosta25,/home/gilmar/Documents/algoritmos/logado-utfpr-ifam/logado-students/repos_logado/ericasilvacosta25/insertionsort.json,insertionsort.json,let,2026-03-25 20:23:29,insertionsort.js,3,5,2026-04-01T08:13:07.914949
ericasilvacosta25,/home/gilmar/Documents/algoritmos/logado-utfpr-ifam/logado-students/repos_logado/ericasilvacosta25/insertionsort.json,insertionsort.json,while,2026-03-25 20:23:29,insertionsort.js,4,5,2026-04-01T08:13:07.914951
ericasilvacosta25,/home/gilmar/Documents/algoritmos/logado-utfpr-ifam/logado-students/repos_logado/ericasilvacosta25/insertionsort.json,insertionsort.json,return,2026-03-25 20:23:29,insertionsort.js,14,5,2026-04-01T08:13:07.914953
ericasilvacosta25,/home/gilmar/Documents/algoritmos/logado-utfpr-ifam/logado-students/repos_logado/ericasilvacosta25/insertionsort.json,insertionsort.json,let,2026-03-25 20:23:29,insertionsort.js,3,5,2026-04-01T08:13:07.914954
ericasilvacosta25,/home/gilmar/Documents/algoritmos/logado-utfpr-ifam/logado-students/repos_logado/ericasilvacosta25/insertionsort.json,insertionsort.json,let,2026-03-25 20:23:29,insertionsort.js,3,5,2026-04-01T08:13:07.914956
ericasilvacosta25,/home/gilmar/Documents/algoritmos/logado-utfpr-ifam/logado-students/repos_logado/ericasilvacosta25/insertionsort.json,insertionsort.json,let,2026-03-25 20:23:29,insertionsort.js,3,5,2026-04-01T08:13:07.914957
ericasilvacosta25,/home/gilmar/Documents/algoritmos/logado-utfpr-ifam/logado-students/repos_logado/ericasilvacosta25/insertionsort.json,insertionsort.json,while,2026-03-25 20:23:29,insertionsort.js,4,5,2026-04-01T08:13:07.914959
ericasilvacosta25,/home/gilmar/Documents/algoritmos/logado-utfpr-ifam/logado-students/repos_logado/ericasilvacosta25/insertionsort.json,insertionsort.json,undefined,2026-03-25 20:23:29,insertionsort.js,4,25,2026-04-01T08:13:07.914960
ericasilvacosta25,/home/gilmar/Documents/algoritmos/logado-utfpr-ifam/logado-students/repos_logado/ericasilvacosta25/insertionsort.json,insertionsort.json,alert,2026-03-25 20:23:29,insertionsort.js,25,1,2026-04-01T08:13:07.914962
ericasilvacosta25,/home/gilmar/Documents/algoritmos/logado-utfpr-ifam/logado-students/repos_logado/ericasilvacosta25/insertionsort.json,insertionsort.json,undefined,2026-03-25 20:36:56,insertionsort.js,3,25,2026-04-01T08:13:07.914973
ericasilvacosta25,/home/gilmar/Documents/algoritmos/logado-utfpr-ifam/logado-students/repos_logado/ericasilvacosta25/insertionsort.json,insertionsort.json,let,2026-03-25 20:45:16,insertionsort.js,1,1,2026-04-01T08:13:07.914974
ericasilvacosta25,/home/gilmar/Documents/algoritmos/logado-utfpr-ifam/logado-students/repos_logado/ericasilvacosta25/insertionsort.json,insertionsort.json,let,2026-03-25 20:45:16,insertionsort.js,1,1,2026-04-01T08:13:07.914976
ericasilvacosta25,/home/gilmar/Documents/algoritmos/logado-utfpr-ifam/logado-students/repos_logado/ericasilvacosta25/insertionsort.json,insertionsort.json,let,2026-03-25 20:46:34,insertionsort.js,16,1,2026-04-01T08:13:07.914977
ericasilvacosta25,/home/gilmar/Documents/algoritmos/logado-utfpr-ifam/logado-students/repos_logado/ericasilvacosta25/insertionsort.json,insertionsort.json,let,2026-03-25 20:46:46,insertionsort.js,3,1,2026-04-01T08:13:07.914980
ericasilvacosta25,/home/gilmar/Documents/algoritmos/logado-utfpr-ifam/logado-students/repos_logado/ericasilvacosta25/time.json,time.json,while,2026-03-05 21:56:06,time.js,4,2,2026-04-01T08:13:07.915040
ericasilvacosta25,/home/gilmar/Documents/algoritmos/logado-utfpr-ifam/logado-students/repos_logado/ericasilvacosta25/time.json,time.json,do,2026-03-05 21:59:13,time.js,1,1,2026-04-01T08:13:07.915042
ericasilvacosta25,/home/gilmar/Documents/algoritmos/logado-utfpr-ifam/logado-students/repos_logado/ericasilvacosta25/time.json,time.json,alert,2026-03-05 22:11:30,time.js,4,1,2026-04-01T08:13:07.915044
ericasilvacosta25,/home/gilmar/Documents/algoritmos/logado-utfpr-ifam/logado-students/repos_logado/ericasilvacosta25/time.json,time.json,alert,2026-03-05 22:13:47,time.js,3,1,2026-04-01T08:13:07.915046
ericasilvacosta25,/home/gilmar/Documents/algoritmos/logado-utfpr-ifam/logado-students/repos_logado/ericasilvacosta25/time.json,time.json,alert,2026-03-05 22:14:12,time.js,5,1,2026-04-01T08:13:07.915047
ericasilvacosta25,/home/gilmar/Documents/algoritmos/logado-utfpr-ifam/logado-students/repos_logado/ericasilvacosta25/time.json,time.json,alert,2026-03-05 22:26:03,time.js,3,1,2026-04-01T08:13:07.915050
ericasilvacosta25,/home/gilmar/Documents/algoritmos/logado-utfpr-ifam/logado-students/repos_logado/ericasilvacosta25/jogos1.json,jogos1.json,while,2026-03-06 22:11:35,jogos1.js,2,1,2026-04-01T08:13:07.915079
ericasilvacosta25,/home/gilmar/Documents/algoritmos/logado-utfpr-ifam/logado-students/repos_logado/ericasilvacosta25/jogos1.json,jogos1.json,prompt,2026-03-06 22:17:08,jogos1.js,2,13,2026-04-01T08:13:07.915080
ericasilvacosta25,/home/gilmar/Documents/algoritmos/logado-utfpr-ifam/logado-students/repos_logado/ericasilvacosta25/jogos1.json,jogos1.json,alert,2026-03-06 22:21:01,jogos1.js,4,5,2026-04-01T08:13:07.915086
ericasilvacosta25,/home/gilmar/Documents/algoritmos/logado-utfpr-ifam/logado-students/repos_logado/ericasilvacosta25/jogos1.json,jogos1.json,alert,2026-03-06 22:26:54,jogos1.js,7,1,2026-04-01T08:13:07.915088
ericasilvacosta25,/home/gilmar/Documents/algoritmos/logado-utfpr-ifam/logado-students/repos_logado/ericasilvacosta25/maiordetres.json,maiordetres.json,prompt,2026-03-19 21:44:58,maiordetres.js,2,18,2026-04-01T08:13:07.915116
ericasilvacosta25,/home/gilmar/Documents/algoritmos/logado-utfpr-ifam/logado-students/repos_logado/ericasilvacosta25/maiordetres.json,maiordetres.json,for,2026-03-19 21:45:54,maiordetres.js,3,1,2026-04-01T08:13:07.915118
ericasilvacosta25,/home/gilmar/Documents/algoritmos/logado-utfpr-ifam/logado-students/repos_logado/ericasilvacosta25/maiordetres.json,maiordetres.json,if,2026-03-19 21:51:32,maiordetres.js,3,1,2026-04-01T08:13:07.915119
ericasilvacosta25,/home/gilmar/Documents/algoritmos/logado-utfpr-ifam/logado-students/repos_logado/ericasilvacosta25/maiordetres.json,maiordetres.json,alert,2026-03-19 21:55:12,maiordetres.js,4,5,2026-04-01T08:13:07.915121
ericasilvacosta25,/home/gilmar/Documents/algoritmos/logado-utfpr-ifam/logado-students/repos_logado/ericasilvacosta25/maiordetres.json,maiordetres.json,else,2026-03-19 21:58:55,maiordetres.js,5,1,2026-04-01T08:13:07.915122
ericasilvacosta25,/home/gilmar/Documents/algoritmos/logado-utfpr-ifam/logado-students/repos_logado/ericasilvacosta25/maiordetres.json,maiordetres.json,alert,2026-03-19 22:00:24,maiordetres.js,6,5,2026-04-01T08:13:07.915124
ericasilvacosta25,/home/gilmar/Documents/algoritmos/logado-utfpr-ifam/logado-students/repos_logado/ericasilvacosta25/maiordetres.json,maiordetres.json,if,2026-03-19 22:00:45,maiordetres.js,7,6,2026-04-01T08:13:07.915126
ericasilvacosta25,/home/gilmar/Documents/algoritmos/logado-utfpr-ifam/logado-students/repos_logado/ericasilvacosta25/maiordetres.json,maiordetres.json,alert,2026-03-19 22:01:23,maiordetres.js,8,5,2026-04-01T08:13:07.915127
ericasilvacosta25,/home/gilmar/Documents/algoritmos/logado-utfpr-ifam/logado-students/repos_logado/ericasilvacosta25/maiordetres.json,maiordetres.json,else,2026-03-19 22:01:36,maiordetres.js,9,1,2026-04-01T08:13:07.915129
ericasilvacosta25,/home/gilmar/Documents/algoritmos/logado-utfpr-ifam/logado-students/repos_logado/ericasilvacosta25/maiordetres.json,maiordetres.json,alert,2026-03-19 22:01:43,maiordetres.js,10,5,2026-04-01T08:13:07.915132
ericasilvacosta25,/home/gilmar/Documents/algoritmos/logado-utfpr-ifam/logado-students/repos_logado/ericasilvacosta25/troca.json,troca.json,if,2026-03-20 20:05:18,troca.js,2,1,2026-04-01T08:13:07.915150
ericasilvacosta25,/home/gilmar/Documents/algoritmos/logado-utfpr-ifam/logado-students/repos_logado/ericasilvacosta25/troca.json,troca.json,alert,2026-03-20 20:08:04,troca.js,3,5,2026-04-01T08:13:07.915152
ericasilvacosta25,/home/gilmar/Documents/algoritmos/logado-utfpr-ifam/logado-students/repos_logado/ericasilvacosta25/troca.json,troca.json,else,2026-03-20 20:13:18,troca.js,4,1,2026-04-01T08:13:07.915153
ericasilvacosta25,/home/gilmar/Documents/algoritmos/logado-utfpr-ifam/logado-students/repos_logado/ericasilvacosta25/troca.json,troca.json,if,2026-03-20 20:27:20,troca.js,4,5,2026-04-01T08:13:07.915155
ericasilvacosta25,/home/gilmar/Documents/algoritmos/logado-utfpr-ifam/logado-students/repos_logado/ericasilvacosta25/troca.json,troca.json,let,2026-03-20 20:27:21,troca.js,3,1,2026-04-01T08:13:07.915157
ericasilvacosta25,/home/gilmar/Documents/algoritmos/logado-utfpr-ifam/logado-students/repos_logado/ericasilvacosta25/troca.json,troca.json,let,2026-03-20 20:27:22,troca.js,1,1,2026-04-01T08:13:07.915159
ericasilvacosta25,/home/gilmar/Documents/algoritmos/logado-utfpr-ifam/logado-students/repos_logado/ericasilvacosta25/troca.json,troca.json,alert,2026-03-20 20:34:25,troca.js,6,1,2026-04-01T08:13:07.915160
ericasilvacosta25,/home/gilmar/Documents/algoritmos/logado-utfpr-ifam/logado-students/repos_logado/ericasilvacosta25/inser.json,inser.json,let,2026-03-25 20:42:50,inser.js,1,1,2026-04-01T08:13:07.915180
ericasilvacosta25,/home/gilmar/Documents/algoritmos/logado-utfpr-ifam/logado-students/repos_logado/ericasilvacosta25/inser.json,inser.json,while,2026-03-25 20:42:50,inser.js,2,1,2026-04-01T08:13:07.915182
ericasilvacosta25,/home/gilmar/Documents/algoritmos/logado-utfpr-ifam/logado-students/repos_logado/ericasilvacosta25/inser.json,inser.json,undefined,2026-03-25 20:42:50,inser.js,2,21,2026-04-01T08:13:07.915184
ericasilvacosta25,/home/gilmar/Documents/algoritmos/logado-utfpr-ifam/logado-students/repos_logado/ericasilvacosta25/inser.json,inser.json,for,2026-03-25 20:43:01,inser.js,3,1,2026-04-01T08:13:07.915185
ericasilvacosta25,/home/gilmar/Documents/algoritmos/logado-utfpr-ifam/logado-students/repos_logado/ericasilvacosta25/inser.json,inser.json,let,2026-03-25 20:43:01,inser.js,3,6,2026-04-01T08:13:07.915189
ericasilvacosta25,/home/gilmar/Documents/algoritmos/logado-utfpr-ifam/logado-students/repos_logado/ericasilvacosta25/inser.json,inser.json,let,2026-03-25 20:43:01,inser.js,3,6,2026-04-01T08:13:07.915191
ericasilvacosta25,/home/gilmar/Documents/algoritmos/logado-utfpr-ifam/logado-students/repos_logado/ericasilvacosta25/inser.json,inser.json,while,2026-03-25 20:43:01,inser.js,5,5,2026-04-01T08:13:07.915192
ericasilvacosta25,/home/gilmar/Documents/algoritmos/logado-utfpr-ifam/logado-students/repos_logado/ericasilvacosta25/inser.json,inser.json,let,2026-03-25 20:43:19,inser.js,11,1,2026-04-01T08:13:07.915194
ericasilvacosta25,/home/gilmar/Documents/algoritmos/logado-utfpr-ifam/logado-students/repos_logado/ericasilvacosta25/inser.json,inser.json,while,2026-03-25 20:43:19,inser.js,12,1,2026-04-01T08:13:07.915195
ericasilvacosta25,/home/gilmar/Documents/algoritmos/logado-utfpr-ifam/logado-students/repos_logado/ericasilvacosta25/inser.json,inser.json,undefined,2026-03-25 20:43:19,inser.js,12,25,2026-04-01T08:13:07.915198
ericasilvacosta25,/home/gilmar/Documents/algoritmos/logado-utfpr-ifam/logado-students/repos_logado/ericasilvacosta25/inser.json,inser.json,alert,2026-03-25 20:43:39,inser.js,13,1,2026-04-01T08:13:07.915199
ericasilvacosta25,/home/gilmar/Documents/algoritmos/logado-utfpr-ifam/logado-students/repos_logado/ericasilvacosta25/inser.json,inser.json,alert,2026-03-25 20:43:55,inser.js,14,1,2026-04-01T08:13:07.915202
ericasilvacosta25,/home/gilmar/Documents/algoritmos/logado-utfpr-ifam/logado-students/repos_logado/ericasilvacosta25/inser.json,inser.json,join,2026-03-25 20:43:55,inser.js,14,38,2026-04-01T08:13:07.915204
ericasilvacosta25,/home/gilmar/Documents/algoritmos/logado-utfpr-ifam/logado-students/repos_logado/ericasilvacosta25/vetor_jogos.json,vetor_jogos.json,let,2026-03-12 20:23:06,vetor_jogos.js,2,4,2026-04-01T08:13:07.915228
ericasilvacosta25,/home/gilmar/Documents/algoritmos/logado-utfpr-ifam/logado-students/repos_logado/ericasilvacosta25/vetor_jogos.json,vetor_jogos.json,let,2026-03-12 20:24:46,vetor_jogos.js,3,8,2026-04-01T08:13:07.915229
ericasilvacosta25,/home/gilmar/Documents/algoritmos/logado-utfpr-ifam/logado-students/repos_logado/ericasilvacosta25/vetor_jogos.json,vetor_jogos.json,for,2026-03-12 20:25:05,vetor_jogos.js,6,1,2026-04-01T08:13:07.915231
ericasilvacosta25,/home/gilmar/Documents/algoritmos/logado-utfpr-ifam/logado-students/repos_logado/ericasilvacosta25/vetor_jogos.json,vetor_jogos.json,let,2026-03-12 20:25:05,vetor_jogos.js,6,5,2026-04-01T08:13:07.915232
ericasilvacosta25,/home/gilmar/Documents/algoritmos/logado-utfpr-ifam/logado-students/repos_logado/ericasilvacosta25/vetor_jogos.json,vetor_jogos.json,for,2026-03-12 20:42:53,vetor_jogos.js,8,1,2026-04-01T08:13:07.915234
